1.305033527670033932e+09 1.490599999999999925e+00 -1.168099999999999916e+00 6.610000000000000320e-01 -8.958911710360140113e-01 -7.129929734888668102e-02 4.599954667670114183e-02 4.360957022980307962e-01
1.305033527701983929e+09 1.494722947606003771e+00 -1.190126760295682873e+00 6.787743030155128920e-01 -8.988374701624255447e-01 -6.934677633024567689e-02 4.466811580010908445e-02 4.304497488389111837e-01
1.305033527733905077e+09 1.496750241638811874e+00 -1.198872690986605427e+00 6.735791661956079812e-01 -9.002883759586025603e-01 -6.815150593637443743e-02 4.403159720917984576e-02 4.276650918646912047e-01
1.305033527769942999e+09 1.496750241638811874e+00 -1.198872690986605427e+00 6.735791661956079812e-01 -9.002883759586025603e-01 -6.815150593637443743e-02 4.403159720917984576e-02 4.276650918646912047e-01
1.305033527801980972e+09 1.496506696171150397e+00 -1.200594432191976813e+00 6.581452735769826035e-01 -9.040215183151849576e-01 -6.793944999921719408e-02 4.473786744068688342e-02 4.196758853851040860e-01
1.305033527833906889e+09 1.496506696171150397e+00 -1.200594432191976813e+00 6.581452735769826035e-01 -9.040215183151849576e-01 -6.793944999921719408e-02 4.473786744068688342e-02 4.196758853851040860e-01
1.305033527869940996e+09 1.496506696171150397e+00 -1.200594432191976813e+00 6.581452735769826035e-01 -9.040215183151849576e-01 -6.793944999921719408e-02 4.473786744068688342e-02 4.196758853851040860e-01
1.305033527901959896e+09 1.496506696171150397e+00 -1.200594432191976813e+00 6.581452735769826035e-01 -9.040215183151849576e-01 -6.793944999921719408e-02 4.473786744068688342e-02 4.196758853851040860e-01
1.305033527933928967e+09 1.496506696171150397e+00 -1.200594432191976813e+00 6.581452735769826035e-01 -9.040215183151849576e-01 -6.793944999921719408e-02 4.473786744068688342e-02 4.196758853851040860e-01
1.305033527969980001e+09 1.502990002860774110e+00 -1.224911406216614207e+00 6.565469489338719988e-01 -9.107912089148285650e-01 -4.431893763180574930e-02 4.390837490755430950e-02 4.081265246754136600e-01
1.305033528002018929e+09 1.502990002860774110e+00 -1.224911406216614207e+00 6.565469489338719988e-01 -9.107912089148285650e-01 -4.431893763180574930e-02 4.390837490755430950e-02 4.081265246754136600e-01
1.305033528034008980e+09 1.502990002860774110e+00 -1.224911406216614207e+00 6.565469489338719988e-01 -9.107912089148285650e-01 -4.431893763180574930e-02 4.390837490755430950e-02 4.081265246754136600e-01
1.305033528070091009e+09 1.502990002860774110e+00 -1.224911406216614207e+00 6.565469489338719988e-01 -9.107912089148285650e-01 -4.431893763180574930e-02 4.390837490755430950e-02 4.081265246754136600e-01
1.305033528102035999e+09 1.502990002860774110e+00 -1.224911406216614207e+00 6.565469489338719988e-01 -9.107912089148285650e-01 -4.431893763180574930e-02 4.390837490755430950e-02 4.081265246754136600e-01
1.305033528133965015e+09 1.502990002860774110e+00 -1.224911406216614207e+00 6.565469489338719988e-01 -9.107912089148285650e-01 -4.431893763180574930e-02 4.390837490755430950e-02 4.081265246754136600e-01
1.305033528169886112e+09 1.502990002860774110e+00 -1.224911406216614207e+00 6.565469489338719988e-01 -9.107912089148285650e-01 -4.431893763180574930e-02 4.390837490755430950e-02 4.081265246754136600e-01
1.305033528202011108e+09 1.502990002860774110e+00 -1.224911406216614207e+00 6.565469489338719988e-01 -9.107912089148285650e-01 -4.431893763180574930e-02 4.390837490755430950e-02 4.081265246754136600e-01
1.305033528234025955e+09 1.497826645659447342e+00 -1.213067595594281789e+00 6.607547906158763862e-01 -9.127141228614775725e-01 -3.276899298631724688e-02 4.326095006301327456e-02 4.049785342799189780e-01
1.305033528269953012e+09 1.497826645659447342e+00 -1.213067595594281789e+00 6.607547906158763862e-01 -9.127141228614775725e-01 -3.276899298631724688e-02 4.326095006301327456e-02 4.049785342799189780e-01
1.305033528301989079e+09 1.503874656054033032e+00 -1.200636053001787218e+00 6.604755162435437255e-01 -9.120517429934374976e-01 -3.634586578913592825e-02 4.282530499636545696e-02 4.062100311349278181e-01
1.305033528333972931e+09 1.503874656054033032e+00 -1.200636053001787218e+00 6.604755162435437255e-01 -9.120517429934374976e-01 -3.634586578913592825e-02 4.282530499636545696e-02 4.062100311349278181e-01
1.305033528369960070e+09 1.504189038160408831e+00 -1.187253739754445592e+00 6.582740149055711365e-01 -9.117681377485022942e-01 -3.840347976779329153e-02 4.026063116613582543e-02 4.069190549807873980e-01
1.305033528402060986e+09 1.504189038160408831e+00 -1.187253739754445592e+00 6.582740149055711365e-01 -9.117681377485022942e-01 -3.840347976779329153e-02 4.026063116613582543e-02 4.069190549807873980e-01
1.305033528433943987e+09 1.507177411712305792e+00 -1.171137736687271502e+00 6.580469101947485910e-01 -9.107286549876193460e-01 -3.894140262073159109e-02 4.003138394004396305e-02 4.092118918680354156e-01
1.305033528470017910e+09 1.507177411712305792e+00 -1.171137736687271502e+00 6.580469101947485910e-01 -9.107286549876193460e-01 -3.894140262073159109e-02 4.003138394004396305e-02 4.092118918680354156e-01
1.305033528502259970e+09 1.507309439069979273e+00 -1.152969126372425102e+00 6.559454636186451415e-01 -9.100251374561871831e-01 -3.916391186505701477e-02 4.075862135486468113e-02 4.106813509164063958e-01
1.305033528534013987e+09 1.509134881736459155e+00 -1.140062621851809288e+00 6.570046833073068804e-01 -9.101919506583829866e-01 -4.083412488336454760e-02 4.266977505101628154e-02 4.099542382983657474e-01
1.305033528570000887e+09 1.509134881736459155e+00 -1.140062621851809288e+00 6.570046833073068804e-01 -9.101919506583829866e-01 -4.083412488336454760e-02 4.266977505101628154e-02 4.099542382983657474e-01
1.305033528601902008e+09 1.510738698271461899e+00 -1.119814025076556474e+00 6.559202185083177206e-01 -9.079597968223961368e-01 -4.623278923491926096e-02 4.458462143335396172e-02 4.141059623881755969e-01
1.305033528633991003e+09 1.512585387635262402e+00 -1.107777819070457248e+00 6.584147011833263452e-01 -9.074441889180631104e-01 -5.006771712270455948e-02 4.588920933693032417e-02 4.146473781026362992e-01
1.305033528669998884e+09 1.516816475418817145e+00 -1.096192524408025282e+00 6.623925494266023062e-01 -9.076905130844759029e-01 -5.312093927530654736e-02 4.877306444817285092e-02 4.133972501738302219e-01
1.305033528702008009e+09 1.521124205008120178e+00 -1.082344087113003672e+00 6.627806146496300066e-01 -9.079058332003302478e-01 -4.972646470249161843e-02 5.192544398873013417e-02 4.129624983162265006e-01
1.305033528734047890e+09 1.521124205008120178e+00 -1.082344087113003672e+00 6.627806146496300066e-01 -9.079058332003302478e-01 -4.972646470249161843e-02 5.192544398873013417e-02 4.129624983162265006e-01
1.305033528770045042e+09 1.529982178759202283e+00 -1.057870704622004610e+00 6.660489694638618285e-01 -9.078345538944009308e-01 -4.923481566371826212e-02 5.434159127396726019e-02 4.128672270109682851e-01
1.305033528801994085e+09 1.535843226358447611e+00 -1.043381946924912596e+00 6.659613274392296445e-01 -9.079730208079972442e-01 -4.775604360294022355e-02 5.598907935297835203e-02 4.125161533532960001e-01
1.305033528834357977e+09 1.536204765238216474e+00 -1.031927223742590050e+00 6.683855346414178111e-01 -9.084066030723778606e-01 -4.493732043467087850e-02 5.468504734310785514e-02 4.120529411662261499e-01
1.305033528870165110e+09 1.542352098084806666e+00 -1.018526574073217672e+00 6.680239205553498705e-01 -9.086331291420401968e-01 -4.294904207587446621e-02 5.733521020110476235e-02 4.114047764446889799e-01
1.305033528902091980e+09 1.548575188273457748e+00 -1.003060576102123846e+00 6.688808250954932921e-01 -9.089690063833958389e-01 -4.170656304300951467e-02 6.000482789666128358e-02 4.104087336578177148e-01
1.305033528934257984e+09 1.553284021193383158e+00 -9.923883819688941177e-01 6.698021788393996312e-01 -9.083946579324112536e-01 -4.172731051714446970e-02 6.050669166069208571e-02 4.116028635239814548e-01
1.305033528969917059e+09 1.559107142601963147e+00 -9.772276663097054783e-01 6.713745738548462239e-01 -9.084732167495294108e-01 -4.222711439009749212e-02 5.962697429805347699e-02 4.115068762428000793e-01
1.305033529002386093e+09 1.562495149552775242e+00 -9.645608578371100972e-01 6.754359576805122334e-01 -9.090440772927720348e-01 -4.101047170643226658e-02 5.746630045029629819e-02 4.106758223488508608e-01
1.305033529033895969e+09 1.565484515341303062e+00 -9.500932608604812923e-01 6.757328427947051352e-01 -9.093208223114739308e-01 -4.126283126786720046e-02 5.713952926952912265e-02 4.100830343496315589e-01
1.305033529069871902e+09 1.567611163191311219e+00 -9.356450585543072407e-01 6.795383657948865785e-01 -9.092788934453432947e-01 -4.311777802099803908e-02 5.620388790751720820e-02 4.101144646771471836e-01
1.305033529101938009e+09 1.569877801147215202e+00 -9.219251285036059729e-01 6.787326788131911037e-01 -9.080160449688505775e-01 -4.492491818392398140e-02 5.671902188462946831e-02 4.126397537341076616e-01
1.305033529133980036e+09 1.574403136869827913e+00 -9.059646605296560740e-01 6.786305459830336284e-01 -9.067291701466222431e-01 -4.721836487407526928e-02 5.829346950440403990e-02 4.149873605749642702e-01
1.305033529170049906e+09 1.575502634246131795e+00 -8.938558258983080318e-01 6.792268589517751476e-01 -9.054864273895869564e-01 -4.625839437635279744e-02 5.885454725798191372e-02 4.177207596349769014e-01
1.305033529201937914e+09 1.580227409525155613e+00 -8.774412227732023561e-01 6.844299705180617588e-01 -9.054790821635875231e-01 -4.631244775283167164e-02 5.906422703411666475e-02 4.177010965178217794e-01
1.305033529233932972e+09 1.580601772395878069e+00 -8.598043451908380375e-01 6.832602092517133796e-01 -9.045419750749024157e-01 -4.609159344981608730e-02 5.747599669326766691e-02 4.199712968108264000e-01
1.305033529270157099e+09 1.582874709819960923e+00 -8.446385588419420554e-01 6.865502996620920229e-01 -9.036347089957704748e-01 -4.555431274214304105e-02 5.714346870323627064e-02 4.220233894860364043e-01
1.305033529302066088e+09 1.586219923549280431e+00 -8.307442154650013233e-01 6.843733202812942729e-01 -9.024128100056972857e-01 -4.298618017192298163e-02 5.961656634400193389e-02 4.245576211413466527e-01
1.305033529333973885e+09 1.582545426782067555e+00 -8.197430899551811923e-01 6.896863019538267414e-01 -9.009309647429143419e-01 -4.316695118156373134e-02 5.406017992518652449e-02 4.284127776333784832e-01
1.305033529369872093e+09 1.579902407190740155e+00 -8.086041334254824298e-01 6.871775747054206240e-01 -8.987323393911826885e-01 -4.263827764772666618e-02 5.103882976294876056e-02 4.334249615194263883e-01
1.305033529402096033e+09 1.582090216515526171e+00 -7.956214436281754399e-01 6.864974516142837713e-01 -8.974798665173921997e-01 -4.168479919929515831e-02 5.156116621763591479e-02 4.360432465362987786e-01
1.305033529434346914e+09 1.580647623813338898e+00 -7.808827263530437879e-01 6.872390913489820896e-01 -8.967599526295132462e-01 -4.109310212327337702e-02 5.036374510313267050e-02 4.377173031729339470e-01
1.305033529470113039e+09 1.578434779254322518e+00 -7.633683114990890139e-01 6.905847369736265451e-01 -8.963672633468183770e-01 -4.140657382371910195e-02 4.902886898160004753e-02 4.386426733124599853e-01
1.305033529502275944e+09 1.576997281422908959e+00 -7.502808148455648585e-01 6.922953521505458285e-01 -8.950066252434986103e-01 -4.163748811857159726e-02 4.812598917649095476e-02 4.414899200652306899e-01
1.305033529534027100e+09 1.579191071603673668e+00 -7.359803315593298478e-01 6.935093956482658584e-01 -8.942037173295561692e-01 -4.054599656745449393e-02 4.889620963902791689e-02 4.431307874197994434e-01
1.305033529569931984e+09 1.578107671485771357e+00 -7.212867051954144904e-01 6.950177136530684141e-01 -8.937267154094450383e-01 -3.839564188888033164e-02 4.806647903150721574e-02 4.443736563309072518e-01
1.305033529601907969e+09 1.574047635276406565e+00 -7.067450961867066672e-01 6.942603699484933832e-01 -8.936032585817360596e-01 -3.607775960209801819e-02 4.734056566053627957e-02 4.448937877259435125e-01
1.305033529634597063e+09 1.579088747356005351e+00 -6.891013696167749281e-01 6.955686255601840617e-01 -8.936853818487814349e-01 -3.722458411121779692e-02 4.862209918743808090e-02 4.444959618243472521e-01
1.305033529670028925e+09 1.581154798741515544e+00 -6.741123258428535214e-01 6.946981083122251155e-01 -8.936615546669323118e-01 -3.619058921618656388e-02 4.580731577667390003e-02 4.449280355111409624e-01
1.305033529701927900e+09 1.578532187267411624e+00 -6.571060695192397771e-01 6.968530852265555353e-01 -8.947290704863367639e-01 -3.359809968749775944e-02 4.252413583798392988e-02 4.433088720015396222e-01
1.305033529735153913e+09 1.574708940567638882e+00 -6.389737112911189065e-01 6.995905011951729646e-01 -8.951719574517620348e-01 -3.143083002453533892e-02 3.936260384218210479e-02 4.428655043404408076e-01
1.305033529769984961e+09 1.571013252515593539e+00 -6.207933664980440636e-01 7.007568590272454934e-01 -8.948669475441473065e-01 -2.593702294378818357e-02 3.893027934823024838e-02 4.438748138650157049e-01
1.305033529801903963e+09 1.567335235573171559e+00 -6.048822406108083083e-01 7.023318796419891763e-01 -8.941905599938195781e-01 -1.983735318731330924e-02 4.072030583070714027e-02 4.453892438412884736e-01
1.305033529835175991e+09 1.565354743691309780e+00 -5.881694161529058551e-01 7.024369930186763478e-01 -8.939265215725388236e-01 -1.364766952999494493e-02 4.289529684681225863e-02 4.459474281280758623e-01
1.305033529870052099e+09 1.565994831310075552e+00 -5.735072485461518710e-01 6.999270837332506323e-01 -8.933608504087262592e-01 -9.393473994275649067e-03 4.378362005591884820e-02 4.471030621882556289e-01
1.305033529902039051e+09 1.561269099803318960e+00 -5.573236571231424685e-01 7.031153581900732030e-01 -8.940981519259795229e-01 -7.609665640140232321e-03 4.153416711000595257e-02 4.458761046231021208e-01
1.305033529934437990e+09 1.559954168396975316e+00 -5.442964366887000915e-01 7.019507501064670141e-01 -8.937330648320852555e-01 -8.653757268720571605e-03 4.123242376420586247e-02 4.466163997677545239e-01
1.305033529969974995e+09 1.558026072141455609e+00 -5.271577015661369492e-01 7.040244682388252517e-01 -8.943293544872932266e-01 -9.894415580625237280e-03 4.110412073956695722e-02 4.454071816898403369e-01
1.305033530002319098e+09 1.557329719047364947e+00 -5.089841917221500367e-01 7.029062134084586022e-01 -8.935525878019922041e-01 -1.171806751935651654e-02 4.098056177523220350e-02 4.469307029983074497e-01
1.305033530034538984e+09 1.556556539968484199e+00 -4.948959165227190260e-01 7.020932622341021778e-01 -8.929177961223691007e-01 -1.123077323460355478e-02 4.176975693932507422e-02 4.481372183893611028e-01
1.305033530070091963e+09 1.557938312562553662e+00 -4.779354784536479217e-01 7.024551332211574906e-01 -8.927333810363231592e-01 -1.168547135610033087e-02 4.319590946548631377e-02 4.483577517430588077e-01
1.305033530102639914e+09 1.559018744008393798e+00 -4.598716764938647339e-01 7.029026503702823225e-01 -8.924020674363186689e-01 -1.235160557789511879e-02 4.361980314274783999e-02 4.489580165770739595e-01
1.305033530133963108e+09 1.559555710829709341e+00 -4.441135554874943159e-01 7.030754699566629240e-01 -8.920327260114762069e-01 -1.388974837800439031e-02 4.281374064107658362e-02 4.497239978329473642e-01
1.305033530169975042e+09 1.557626362644052076e+00 -4.262006691069923914e-01 7.032468041151690441e-01 -8.919786011160173445e-01 -1.452864607626526763e-02 4.235652065130553201e-02 4.498544417393466888e-01
1.305033530202533007e+09 1.559477328609474078e+00 -4.088652547999854781e-01 7.027297324334528250e-01 -8.918960290713309202e-01 -1.598256010649001801e-02 4.373017557439188435e-02 4.498374182340405536e-01
1.305033530234343052e+09 1.560828534965861492e+00 -3.897828131902402182e-01 6.982124556841454721e-01 -8.917401571024140550e-01 -1.708730860493556589e-02 4.424087157832078815e-02 4.500558425102291205e-01
1.305033530270088911e+09 1.560183758684880351e+00 -3.719737773681190962e-01 6.964595674841240758e-01 -8.916443143274386252e-01 -1.780727885483319659e-02 4.369643736948342766e-02 4.502709616537057813e-01
1.305033530302540064e+09 1.561866080008218249e+00 -3.524014033027921267e-01 6.970943933349956767e-01 -8.916909091818359112e-01 -1.865115427886503835e-02 4.497174205528536861e-02 4.500188877625580508e-01
1.305033530334417105e+09 1.562323751009135009e+00 -3.340948035941764260e-01 6.952080036594485701e-01 -8.913725767131658317e-01 -1.891441151718971717e-02 4.635833714937932781e-02 4.504975905567465966e-01
1.305033530369991064e+09 1.566825797556389732e+00 -3.158043715416670727e-01 6.917660113349628492e-01 -8.910055235158139686e-01 -2.107919411752542244e-02 4.829618156304819887e-02 4.509238333533668319e-01
1.305033530402280092e+09 1.571307062356731565e+00 -2.979356077144970083e-01 6.889693982833089425e-01 -8.913414752518096229e-01 -2.271887097560379778e-02 4.712105334561755843e-02 4.503041569085509122e-01
1.305033530433938980e+09 1.571726580565195652e+00 -2.802057967075938238e-01 6.874657407965407696e-01 -8.920435077430804993e-01 -2.249380675798714341e-02 4.463355433425077873e-02 4.491773088418945514e-01
1.305033530470000982e+09 1.572118288757690996e+00 -2.623274296458159016e-01 6.871081424105792701e-01 -8.927522680421211554e-01 -2.184612140491159690e-02 4.462076809523436716e-02 4.478003148053846805e-01
1.305033530503175974e+09 1.577764491639030098e+00 -2.436512483517575545e-01 6.850704765594126666e-01 -8.932471561907294744e-01 -2.235771770471828290e-02 4.658113222710091178e-02 4.465868880035012145e-01
1.305033530534055948e+09 1.580838653553671369e+00 -2.266235221246672982e-01 6.810369136361249520e-01 -8.934693893823285604e-01 -2.228455630104607052e-02 4.654730351933311638e-02 4.461492993632443227e-01
1.305033530570010900e+09 1.583652888820587634e+00 -2.085220032723276162e-01 6.824863864744892261e-01 -8.944405920483144978e-01 -2.418684950597860261e-02 4.539382661935448954e-02 4.442188921152360748e-01
1.305033530603079081e+09 1.587756134996797019e+00 -1.905341459597119647e-01 6.798666062047866721e-01 -8.947302867521630398e-01 -2.741823348899414398e-02 4.465002416436453236e-02 4.435226372834387143e-01
1.305033530634562016e+09 1.589813297107772971e+00 -1.730828551505926294e-01 6.790491963343595616e-01 -8.950956748529601548e-01 -2.983624855293780243e-02 4.256112301821941141e-02 4.428341472145516655e-01
1.305033530670053005e+09 1.590841424438312890e+00 -1.552053787654066319e-01 6.817761246383317042e-01 -8.955789902946960090e-01 -3.252093444268479294e-02 4.152471157088163251e-02 4.417650498790757219e-01
1.305033530702903986e+09 1.591308988847132788e+00 -1.395385998134774930e-01 6.792516355921065507e-01 -8.950235610612078396e-01 -3.294299186915305988e-02 4.121539602410571185e-02 4.428869783168157270e-01
1.305033530733843088e+09 1.591582768503460033e+00 -1.237695807279097782e-01 6.822907733632637139e-01 -8.953221921267280337e-01 -3.297333136610450938e-02 4.087628296186528870e-02 4.423121761779034711e-01
1.305033530770068884e+09 1.592514799597817721e+00 -1.071327919805069584e-01 6.848829687930656496e-01 -8.951474994182772038e-01 -3.252643712215698424e-02 4.137538360171776758e-02 4.426523046423165852e-01
1.305033530802639961e+09 1.594463595282515467e+00 -9.137129831708801220e-02 6.855411171381047275e-01 -8.940999046253583771e-01 -3.263878894912843748e-02 4.205480173248569986e-02 4.446925495846548726e-01
1.305033530834043026e+09 1.593372650690856096e+00 -7.664882931907235353e-02 6.878620117209156559e-01 -8.930128075743853922e-01 -3.219916023501151470e-02 4.159186031735537942e-02 4.469468164598731086e-01
1.305033530869990110e+09 1.593036751649560934e+00 -6.169000172646343927e-02 6.891078307922988699e-01 -8.910703970284147291e-01 -3.281624752420789909e-02 4.158299331519368924e-02 4.507632373042436691e-01
1.305033530903177023e+09 1.593572168029726344e+00 -4.908334425546989621e-02 6.896542683146378305e-01 -8.889718449143001466e-01 -3.394312083699125432e-02 4.106909217697027326e-02 4.548519024531725852e-01
1.305033530935393095e+09 1.593946730386787358e+00 -3.665595295617896099e-02 6.902093650960955395e-01 -8.873701151889354932e-01 -3.239366674715632444e-02 4.070097980236037083e-02 4.581139151645334251e-01
1.305033530969918013e+09 1.593773594569118712e+00 -2.275829272697160732e-02 6.883214304560345553e-01 -8.857070230638732777e-01 -3.015986264313599841e-02 4.076213525766732987e-02 4.614671172574642544e-01
1.305033531001894951e+09 1.593773594569118712e+00 -2.275829272697160732e-02 6.883214304560345553e-01 -8.857070230638732777e-01 -3.015986264313599841e-02 4.076213525766732987e-02 4.614671172574642544e-01
1.305033531035070896e+09 1.592881839557167556e+00 -5.328930009113275190e-03 6.902073238956432100e-01 -8.833548238789298290e-01 -2.980737146315351471e-02 4.113437264640328050e-02 4.659439227238288406e-01
1.305033531070067883e+09 1.592881839557167556e+00 -5.328930009113275190e-03 6.902073238956432100e-01 -8.833548238789298290e-01 -2.980737146315351471e-02 4.113437264640328050e-02 4.659439227238288406e-01
1.305033531103063107e+09 1.591274056805886072e+00 6.151017851588669316e-03 6.904565077595834488e-01 -8.822347175131466379e-01 -3.029638084379764756e-02 4.197626462675690256e-02 4.679551535459889333e-01
1.305033531134773016e+09 1.591274056805886072e+00 6.151017851588669316e-03 6.904565077595834488e-01 -8.822347175131466379e-01 -3.029638084379764756e-02 4.197626462675690256e-02 4.679551535459889333e-01
1.305033531169951916e+09 1.591274056805886072e+00 6.151017851588669316e-03 6.904565077595834488e-01 -8.822347175131466379e-01 -3.029638084379764756e-02 4.197626462675690256e-02 4.679551535459889333e-01
1.305033531203418016e+09 1.591274056805886072e+00 6.151017851588669316e-03 6.904565077595834488e-01 -8.822347175131466379e-01 -3.029638084379764756e-02 4.197626462675690256e-02 4.679551535459889333e-01
1.305033531234206915e+09 1.591274056805886072e+00 6.151017851588669316e-03 6.904565077595834488e-01 -8.822347175131466379e-01 -3.029638084379764756e-02 4.197626462675690256e-02 4.679551535459889333e-01
1.305033531272670984e+09 1.591274056805886072e+00 6.151017851588669316e-03 6.904565077595834488e-01 -8.822347175131466379e-01 -3.029638084379764756e-02 4.197626462675690256e-02 4.679551535459889333e-01
1.305033531303205013e+09 1.591274056805886072e+00 6.151017851588669316e-03 6.904565077595834488e-01 -8.822347175131466379e-01 -3.029638084379764756e-02 4.197626462675690256e-02 4.679551535459889333e-01
1.305033531335000992e+09 1.581101964580036601e+00 3.570547963662296098e-03 6.847185667990707270e-01 -8.838592758548684536e-01 -2.418848251903702590e-02 4.367988461493869240e-02 4.650803860396174882e-01
1.305033531370503902e+09 1.581101964580036601e+00 3.570547963662296098e-03 6.847185667990707270e-01 -8.838592758548684536e-01 -2.418848251903702590e-02 4.367988461493869240e-02 4.650803860396174882e-01
1.305033531403347015e+09 1.581101964580036601e+00 3.570547963662296098e-03 6.847185667990707270e-01 -8.838592758548684536e-01 -2.418848251903702590e-02 4.367988461493869240e-02 4.650803860396174882e-01
1.305033531435426950e+09 1.580162017203867286e+00 -1.230950282189535727e-02 6.813325256516684636e-01 -8.874732893760031160e-01 -1.543152629602737372e-02 4.106787423256273023e-02 4.587662349675816209e-01
1.305033531470309973e+09 1.580162017203867286e+00 -1.230950282189535727e-02 6.813325256516684636e-01 -8.874732893760031160e-01 -1.543152629602737372e-02 4.106787423256273023e-02 4.587662349675816209e-01
1.305033531503808022e+09 1.579278921660705493e+00 -2.442527549822526289e-02 6.814346086937337343e-01 -8.896636125992614108e-01 -8.681490777764443167e-03 3.710819304436405175e-02 4.550233731839377072e-01
1.305033531534928083e+09 1.579278921660705493e+00 -2.442527549822526289e-02 6.814346086937337343e-01 -8.896636125992614108e-01 -8.681490777764443167e-03 3.710819304436405175e-02 4.550233731839377072e-01
1.305033531571451902e+09 1.582460622703376396e+00 -3.996010342556055583e-02 6.811273954090208971e-01 -8.910174769428870212e-01 -3.624006322475213995e-03 3.212129354034435474e-02 4.528166790896750449e-01
1.305033531603610992e+09 1.582460622703376396e+00 -3.996010342556055583e-02 6.811273954090208971e-01 -8.910174769428870212e-01 -3.624006322475213995e-03 3.212129354034435474e-02 4.528166790896750449e-01
1.305033531635605097e+09 1.582045258437787094e+00 -5.993465532930541961e-02 6.792073484994163302e-01 -8.921000984309123139e-01 4.164746009605759317e-03 2.473332858234783549e-02 4.511411439089429987e-01
1.305033531671649933e+09 1.582045258437787094e+00 -5.993465532930541961e-02 6.792073484994163302e-01 -8.921000984309123139e-01 4.164746009605759317e-03 2.473332858234783549e-02 4.511411439089429987e-01
1.305033531703406096e+09 1.581832231022155089e+00 -7.926406009082298532e-02 6.832158097928978657e-01 -8.933331886722843951e-01 1.602642661365952237e-02 1.434979224686372228e-02 4.488797735798279454e-01
1.305033531735411882e+09 1.579196127501768299e+00 -9.033819442016310930e-02 6.865318114684713091e-01 -8.938367123563188965e-01 2.695813737935776402e-02 1.154545317837422230e-02 4.474325569110821910e-01
1.305033531771384001e+09 1.577451228306397724e+00 -1.012703798587362147e-01 6.884004705639608090e-01 -8.936912725761694265e-01 3.796027694996550322e-02 1.027442273472998005e-02 4.469556610364576743e-01
1.305033531802700996e+09 1.577400137590742046e+00 -1.129918855692069179e-01 6.902845109579901495e-01 -8.930138108417264853e-01 4.682752267468508200e-02 7.615591205156670845e-03 4.475215296906784879e-01
1.305033531833841085e+09 1.574271542807076152e+00 -1.271129178314065467e-01 6.905008657063687050e-01 -8.919824251505164003e-01 5.546007596205991541e-02 3.812233484206867251e-03 4.486390532184508229e-01
1.305033531872625113e+09 1.569532006177343231e+00 -1.396665951323261545e-01 6.913814880101522009e-01 -8.916124755715094663e-01 6.173489926320514798e-02 5.964046880135576156e-04 4.485706632400903726e-01
1.305033531902834892e+09 1.568710680207012764e+00 -1.527890102990758781e-01 6.906803368045389968e-01 -8.913907870582233883e-01 6.478179270609293883e-02 -1.224588148564648843e-03 4.485802987931728492e-01
1.305033531933903933e+09 1.568193407532440631e+00 -1.637556982446715104e-01 6.918939276448822229e-01 -8.915165302068764897e-01 6.911941976887472916e-02 -4.935621571673504820e-03 4.476565891600466918e-01
1.305033531971524000e+09 1.563972430699857918e+00 -1.744574043951309106e-01 6.936024648867699094e-01 -8.909302595091392885e-01 7.514946908285094485e-02 -9.085430529157077773e-03 4.477870977815720521e-01
1.305033532003220081e+09 1.559903986899995543e+00 -1.884369072305668302e-01 6.918387298435072497e-01 -8.893640758425994663e-01 8.216361361304345967e-02 -1.191808023572625899e-02 4.495983102305662338e-01
1.305033532033792019e+09 1.557413497456068274e+00 -2.016126357848032624e-01 6.913826137865278776e-01 -8.889568449882256918e-01 9.031816602278887329e-02 -1.398351895595432992e-02 4.487792528988702179e-01
1.305033532071576118e+09 1.555290722285434413e+00 -2.150053543683715374e-01 6.902401044762361826e-01 -8.889747711093567428e-01 9.894078400546998942e-02 -1.645754886892712709e-02 4.468374723282242389e-01
1.305033532101891041e+09 1.547722770275646864e+00 -2.264822091005533888e-01 6.869920477144331183e-01 -8.888926286589328152e-01 1.066554817506463887e-01 -2.137207423892124175e-02 4.450143114227634866e-01
1.305033532135137081e+09 1.543234627334564735e+00 -2.397136213063384425e-01 6.857948968307834292e-01 -8.892187236352376845e-01 1.113084443482200148e-01 -2.558633405033728520e-02 4.429964235331507738e-01
1.305033532171224117e+09 1.541426596128200321e+00 -2.531214166375767016e-01 6.887365274031991280e-01 -8.898681913234697261e-01 1.151012640073491577e-01 -2.801348439465997653e-02 4.405695697465693006e-01
1.305033532203553915e+09 1.535981415331996613e+00 -2.649580491503653601e-01 6.881876442595801224e-01 -8.897988901151613339e-01 1.202785154980361287e-01 -3.036945240247784783e-02 4.391682026515459358e-01
1.305033532233902931e+09 1.536075896197602431e+00 -2.783352898779983819e-01 6.895198815542826765e-01 -8.903007293951552548e-01 1.237841556709093488e-01 -3.050819463678793725e-02 4.371628347690346694e-01
1.305033532271672010e+09 1.534473716649709774e+00 -2.900702078336792056e-01 6.903296636062115077e-01 -8.905903680682764056e-01 1.281141388076358356e-01 -3.291456752654668000e-02 4.351461765730340048e-01
1.305033532303369045e+09 1.531587297412475124e+00 -3.012848217525054828e-01 6.912203797344385059e-01 -8.906231980679989446e-01 1.323040598875992180e-01 -3.488047712314482768e-02 4.336695828808500019e-01
1.305033532335390091e+09 1.530020890136093437e+00 -3.120777545159293398e-01 6.915907757163098912e-01 -8.907846011755501392e-01 1.342635780565140380e-01 -3.588656792157598335e-02 4.326525628709352311e-01
1.305033532371840954e+09 1.531106846078440720e+00 -3.237844190683704104e-01 6.926015497212643091e-01 -8.907349450454532525e-01 1.355169155047806773e-01 -3.651567979323047664e-02 4.323112633464248344e-01
1.305033532403249979e+09 1.528834420990333509e+00 -3.349951880468273746e-01 6.932936824815683075e-01 -8.907425527273092891e-01 1.364960304116012157e-01 -3.831891304165389173e-02 4.318312162709153634e-01
1.305033532435086012e+09 1.532781985483756992e+00 -3.440893552948740552e-01 6.955536444465418855e-01 -8.910632140359394660e-01 1.364440416556727542e-01 -3.879631324155817518e-02 4.311429208133532587e-01
1.305033532471927881e+09 1.533434862347771377e+00 -3.564303001991734332e-01 6.957105825703761015e-01 -8.902185264130965114e-01 1.363617180567798515e-01 -4.203073587483355938e-02 4.326082226695630584e-01
1.305033532502026081e+09 1.532470980041038988e+00 -3.674972778342512347e-01 6.949181189158626371e-01 -8.890803690328002995e-01 1.384301014608054770e-01 -4.505595110062939751e-02 4.339852136657058601e-01
1.305033532539103031e+09 1.533534191460777407e+00 -3.797317599242667763e-01 6.960602359710589271e-01 -8.881307755924168212e-01 1.397431702556954369e-01 -4.643983517465414407e-02 4.353606706185696451e-01
1.305033532571563005e+09 1.533725697439189295e+00 -3.935991656232130653e-01 6.964270820116824634e-01 -8.872225451715742839e-01 1.412967666354666973e-01 -4.848528188651154286e-02 4.364866051988560702e-01
1.305033532603569031e+09 1.534281331466533560e+00 -4.064529933102883907e-01 6.971035482521030779e-01 -8.870075203135252551e-01 1.423835859430076511e-01 -4.998079825517395131e-02 4.364017566039771756e-01
1.305033532635683060e+09 1.535068468499489081e+00 -4.206283869580949020e-01 6.971352302669748813e-01 -8.870800727771004368e-01 1.427131787283701658e-01 -5.176674118637671074e-02 4.359381809453735102e-01
1.305033532672619104e+09 1.533550746315674118e+00 -4.332387661366284837e-01 6.991016811969623657e-01 -8.873005709353948278e-01 1.423871132517141314e-01 -5.444595122594537290e-02 4.352691640728388323e-01
1.305033532702116013e+09 1.534145773805358326e+00 -4.466067476153702254e-01 7.016980667909711311e-01 -8.871938575424862528e-01 1.412169307661153561e-01 -5.570467207865327508e-02 4.357084198319906010e-01
1.305033532739490986e+09 1.533914828328511115e+00 -4.605709918622041821e-01 7.016754633309215672e-01 -8.866805488649034395e-01 1.406387834460518516e-01 -5.757298892564863962e-02 4.366963336251122874e-01
1.305033532772109985e+09 1.534342305704269993e+00 -4.761791793571165110e-01 7.005476117264237690e-01 -8.861085176174137157e-01 1.413369244591961560e-01 -5.949433748000547417e-02 4.373739733890215087e-01
1.305033532802328110e+09 1.534780571629918100e+00 -4.907794819658697349e-01 7.008374353316875194e-01 -8.860981196798249915e-01 1.435521896019003041e-01 -6.254496247928538477e-02 4.362465115377350267e-01
1.305033532839648008e+09 1.537175250275934157e+00 -5.069872485359152581e-01 7.013876039289208553e-01 -8.860283964935116163e-01 1.476749986221200517e-01 -6.561875729632106469e-02 4.345571931057864989e-01
1.305033532871166945e+09 1.534765457475078421e+00 -5.212577965656222112e-01 6.992293271005864952e-01 -8.846283591359971332e-01 1.564880700732492191e-01 -6.929843037314981080e-02 4.337532451577980619e-01
1.305033532903404951e+09 1.536109202393444839e+00 -5.338501553193060190e-01 7.001307336658365577e-01 -8.841385753271644443e-01 1.646827837598121569e-01 -7.087561236867903625e-02 4.314570754118368101e-01
1.305033532936355114e+09 1.532930485696156087e+00 -5.480564280946544908e-01 6.997626390651165984e-01 -8.834095349680282094e-01 1.727894370903712840e-01 -7.548569997319123925e-02 4.289910407655643798e-01
1.305033532970791101e+09 1.534831825591436383e+00 -5.632717756201924830e-01 6.987102551422924579e-01 -8.832964591646713659e-01 1.799863423114590744e-01 -7.968980350081507347e-02 4.254900903975294413e-01
1.305033533003809929e+09 1.537834709390349719e+00 -5.768839495895142777e-01 6.989064611858755161e-01 -8.834417092712173458e-01 1.873648739697520993e-01 -8.402278685301198258e-02 4.211476244877824238e-01
1.305033533037900925e+09 1.536380263650015676e+00 -5.867732847975314359e-01 7.005155718924405139e-01 -8.832251206592690584e-01 1.975313486454503553e-01 -8.996614135779085197e-02 4.156932113324911526e-01
1.305033533069931984e+09 1.536380263650015676e+00 -5.867732847975314359e-01 7.005155718924405139e-01 -8.832251206592690584e-01 1.975313486454503553e-01 -8.996614135779085197e-02 4.156932113324911526e-01
1.305033533101969957e+09 1.536013907136015266e+00 -6.028171082502570277e-01 7.008606356663261705e-01 -8.801125896915004132e-01 2.221849005789562348e-01 -1.003329838042698735e-01 4.073929206333515296e-01
1.305033533137701988e+09 1.536013907136015266e+00 -6.028171082502570277e-01 7.008606356663261705e-01 -8.801125896915004132e-01 2.221849005789562348e-01 -1.003329838042698735e-01 4.073929206333515296e-01
1.305033533169878960e+09 1.535106605078603081e+00 -6.193439930950688233e-01 7.030666534241842847e-01 -8.737009119906987697e-01 2.471364928762035951e-01 -1.113611874739428298e-01 4.039417732791014126e-01
1.305033533202523947e+09 1.535106605078603081e+00 -6.193439930950688233e-01 7.030666534241842847e-01 -8.737009119906987697e-01 2.471364928762035951e-01 -1.113611874739428298e-01 4.039417732791014126e-01
1.305033533238626003e+09 1.533558720654199403e+00 -6.321624596779987781e-01 6.998857745938754649e-01 -8.645914477773164464e-01 2.757280944277523682e-01 -1.256431356917956932e-01 4.008359375443991679e-01
1.305033533270603895e+09 1.533558720654199403e+00 -6.321624596779987781e-01 6.998857745938754649e-01 -8.645914477773164464e-01 2.757280944277523682e-01 -1.256431356917956932e-01 4.008359375443991679e-01
1.305033533302453041e+09 1.533558720654199403e+00 -6.321624596779987781e-01 6.998857745938754649e-01 -8.645914477773164464e-01 2.757280944277523682e-01 -1.256431356917956932e-01 4.008359375443991679e-01
1.305033533338310957e+09 1.527381725105178445e+00 -6.470652524012799889e-01 7.031315830589933702e-01 -8.472293464223895620e-01 3.239283017600022574e-01 -1.478785292239395699e-01 3.942141936487520981e-01
1.305033533369923115e+09 1.527381725105178445e+00 -6.470652524012799889e-01 7.031315830589933702e-01 -8.472293464223895620e-01 3.239283017600022574e-01 -1.478785292239395699e-01 3.942141936487520981e-01
1.305033533402013063e+09 1.522149264231131616e+00 -6.527760776310840285e-01 7.115739829025153895e-01 -8.316292073334766721e-01 3.614694980807865443e-01 -1.623804969876181392e-01 3.890568565970422554e-01
1.305033533437813997e+09 1.522149264231131616e+00 -6.527760776310840285e-01 7.115739829025153895e-01 -8.316292073334766721e-01 3.614694980807865443e-01 -1.623804969876181392e-01 3.890568565970422554e-01
1.305033533469893932e+09 1.511366159615538995e+00 -6.602365605033739815e-01 7.137702672137880011e-01 -8.136992676173665506e-01 3.982182962487333944e-01 -1.696983727595096636e-01 3.879666901867890871e-01
1.305033533502496958e+09 1.511366159615538995e+00 -6.602365605033739815e-01 7.137702672137880011e-01 -8.136992676173665506e-01 3.982182962487333944e-01 -1.696983727595096636e-01 3.879666901867890871e-01
1.305033533537975073e+09 1.502628612027826049e+00 -6.703696759612354228e-01 7.137608417253349380e-01 -8.001499159640589331e-01 4.202985129933616837e-01 -1.822662468047179518e-01 3.871540871978496612e-01
1.305033533570826054e+09 1.495695278760941216e+00 -6.777733418704301460e-01 7.147137910485802381e-01 -7.946468016116738919e-01 4.286745465142682288e-01 -1.891294674332289760e-01 3.860111894848989866e-01
1.305033533602884054e+09 1.495695278760941216e+00 -6.777733418704301460e-01 7.147137910485802381e-01 -7.946468016116738919e-01 4.286745465142682288e-01 -1.891294674332289760e-01 3.860111894848989866e-01
1.305033533638668060e+09 1.486232028787720649e+00 -6.890527973583506771e-01 7.156578793034896746e-01 -7.852465129294847745e-01 4.473818434135073407e-01 -1.978056087525935647e-01 3.796186787580827504e-01
1.305033533669970036e+09 1.480833975718768292e+00 -6.976619304447286840e-01 7.155241610653768625e-01 -7.807324842312987068e-01 4.545052530976563254e-01 -2.032660034347948119e-01 3.775774024227429582e-01
1.305033533702207088e+09 1.480833975718768292e+00 -6.976619304447286840e-01 7.155241610653768625e-01 -7.807324842312987068e-01 4.545052530976563254e-01 -2.032660034347948119e-01 3.775774024227429582e-01
1.305033533738135099e+09 1.470402348734872522e+00 -7.098094367816449868e-01 7.133400587526412817e-01 -7.727190013072582353e-01 4.695813797375719134e-01 -2.127813572432197819e-01 3.703009138959894031e-01
1.305033533770018101e+09 1.470402348734872522e+00 -7.098094367816449868e-01 7.133400587526412817e-01 -7.727190013072582353e-01 4.695813797375719134e-01 -2.127813572432197819e-01 3.703009138959894031e-01
1.305033533805969954e+09 1.462124272459736529e+00 -7.237226554506441811e-01 7.146293849409406373e-01 -7.645415347278279317e-01 4.818012276788890547e-01 -2.225568271336310633e-01 3.658036049293991732e-01
1.305033533839051008e+09 1.462124272459736529e+00 -7.237226554506441811e-01 7.146293849409406373e-01 -7.645415347278279317e-01 4.818012276788890547e-01 -2.225568271336310633e-01 3.658036049293991732e-01
1.305033533871274948e+09 1.448147407018010480e+00 -7.314415357658607952e-01 7.169814129926489477e-01 -7.534552580331707050e-01 4.979255116371540946e-01 -2.331334986655044794e-01 3.605885893965972144e-01
1.305033533907675028e+09 1.448147407018010480e+00 -7.314415357658607952e-01 7.169814129926489477e-01 -7.534552580331707050e-01 4.979255116371540946e-01 -2.331334986655044794e-01 3.605885893965972144e-01
1.305033533939019918e+09 1.436289320681258141e+00 -7.439500140884833801e-01 7.179123268001149638e-01 -7.429203427318422648e-01 5.137011908228840129e-01 -2.405669937028698802e-01 3.553983292632596491e-01
1.305033533970792055e+09 1.436289320681258141e+00 -7.439500140884833801e-01 7.179123268001149638e-01 -7.429203427318422648e-01 5.137011908228840129e-01 -2.405669937028698802e-01 3.553983292632596491e-01
1.305033534006647110e+09 1.420676528622119017e+00 -7.570322746421336291e-01 7.188841589651628894e-01 -7.329507446019070116e-01 5.251121733169126227e-01 -2.493824053222525872e-01 3.533395354861760818e-01
1.305033534038451910e+09 1.420676528622119017e+00 -7.570322746421336291e-01 7.188841589651628894e-01 -7.329507446019070116e-01 5.251121733169126227e-01 -2.493824053222525872e-01 3.533395354861760818e-01
1.305033534070750952e+09 1.403903930523111576e+00 -7.678835084478718986e-01 7.234913051742739576e-01 -7.217887698145633024e-01 5.371544251544911885e-01 -2.595993645652143744e-01 3.508479232144096627e-01
1.305033534106542110e+09 1.395477880665959125e+00 -7.752980330911217743e-01 7.258521656823936352e-01 -7.163323459679851180e-01 5.432651518874633823e-01 -2.627340525314683095e-01 3.502881135652278211e-01
1.305033534138453960e+09 1.384125054406880384e+00 -7.808857660472360296e-01 7.259812870376225469e-01 -7.103867670155449288e-01 5.496278727076603365e-01 -2.677655561598956124e-01 3.486566358560177492e-01
1.305033534170552015e+09 1.371396944028312470e+00 -7.883578673303732742e-01 7.287807491869551235e-01 -7.051122529032350927e-01 5.561952546580734014e-01 -2.719506026643343510e-01 3.456970049220423613e-01
1.305033534206831932e+09 1.357516985215184047e+00 -7.920129062219276594e-01 7.334214940302257180e-01 -6.998796794907449215e-01 5.637536264625904181e-01 -2.758996073698312679e-01 3.409247564190420743e-01
1.305033534238661051e+09 1.346422916761971234e+00 -7.964595982444109268e-01 7.354154598717690394e-01 -6.947992827243921754e-01 5.719483149344277706e-01 -2.774140584448388513e-01 3.364082667630248769e-01
1.305033534269973993e+09 1.335356192287195709e+00 -8.021748652544266056e-01 7.390447898559215911e-01 -6.913551058043704289e-01 5.781956219827998344e-01 -2.783692649839645261e-01 3.320067660612331384e-01
1.305033534306394100e+09 1.321317653543359061e+00 -8.045887478207010002e-01 7.442700006437740212e-01 -6.873565618751431572e-01 5.842250640078165969e-01 -2.813124930302462468e-01 3.272389229559234947e-01
1.305033534338522911e+09 1.308661184486524576e+00 -8.110170788094328564e-01 7.453791706161284614e-01 -6.853543934208795596e-01 5.863533424266944571e-01 -2.833432796005241894e-01 3.258768159120269958e-01
1.305033534370488882e+09 1.295658449936350598e+00 -8.152358773539247760e-01 7.490860648071059336e-01 -6.830554588285018269e-01 5.895958788983977072e-01 -2.843781647095792731e-01 3.239459818967079241e-01
1.305033534406522036e+09 1.279948940027690441e+00 -8.213050678852863440e-01 7.494073436636148333e-01 -6.805926130229784654e-01 5.923744318745766124e-01 -2.873148632506357103e-01 3.214597905105635034e-01
1.305033534438478947e+09 1.265555954927567672e+00 -8.268706407282357951e-01 7.526577914365620847e-01 -6.777116140956047641e-01 5.973635919445111631e-01 -2.886134611995762600e-01 3.171213918257205222e-01
1.305033534470618963e+09 1.252140481259519600e+00 -8.304966746215993734e-01 7.538323437708407404e-01 -6.745699103039055622e-01 6.028232143161623702e-01 -2.898647011302258325e-01 3.123108442446330679e-01
1.305033534506416082e+09 1.242338492688911611e+00 -8.328218468256092244e-01 7.550411340793486970e-01 -6.706110097503455991e-01 6.097967619108659587e-01 -2.912247120451320059e-01 3.059688707350380898e-01
1.305033534538585901e+09 1.230127598880714324e+00 -8.353577588086243955e-01 7.568341906606513847e-01 -6.663563407673506189e-01 6.157672258749058436e-01 -2.926444845401146577e-01 3.019257463776808814e-01
1.305033534571041107e+09 1.219030554708432579e+00 -8.415737460628660571e-01 7.550442105576720131e-01 -6.626703837462836200e-01 6.200359465116244140e-01 -2.944561427942861687e-01 2.995312462994438318e-01
1.305033534607084036e+09 1.207943177650974587e+00 -8.479612034587346026e-01 7.566668308221632389e-01 -6.579232252734741326e-01 6.262125484466180003e-01 -2.953012178712844382e-01 2.962972570535835626e-01
1.305033534639611959e+09 1.198171416600729788e+00 -8.528444315889470717e-01 7.624721687114784929e-01 -6.527110561501171526e-01 6.330161146870149080e-01 -2.961205682870629019e-01 2.925260411712117814e-01
1.305033534671420097e+09 1.187181125674657389e+00 -8.512487198373704933e-01 7.648151644986220798e-01 6.460353908348032137e-01 -6.398835218711659278e-01 2.989971508134727785e-01 -2.894616659112247414e-01
1.305033534706998110e+09 1.172899396771176050e+00 -8.492072044272401810e-01 7.676080162594115519e-01 6.388957672205625160e-01 -6.467546014293117373e-01 3.023682624374731676e-01 -2.865207113424860785e-01
1.305033534737977028e+09 1.160228513287369756e+00 -8.478057926805642186e-01 7.691499087329556339e-01 6.320976381403230482e-01 -6.531811985119555519e-01 3.058964067164028355e-01 -2.832565729615181271e-01
1.305033534769898891e+09 1.146587002957800916e+00 -8.435065423374727978e-01 7.731882103969804909e-01 6.248424727726274996e-01 -6.597952056331757298e-01 3.101043360436238072e-01 -2.794234628835000067e-01
1.305033534806777000e+09 1.133091781787815444e+00 -8.445026051740105455e-01 7.742756363687274268e-01 6.180570922967665304e-01 -6.656019477982665355e-01 3.125537190097535389e-01 -2.780101625516448460e-01
1.305033534839366913e+09 1.118514540763880571e+00 -8.374761861723332146e-01 7.778063920413826882e-01 6.107106984677409534e-01 -6.719321932237187767e-01 3.172278702469728540e-01 -2.736896944080596250e-01
1.305033534871560097e+09 1.106376934011791269e+00 -8.346524287152270460e-01 7.803661244393905738e-01 6.043319551138989221e-01 -6.778847945732500158e-01 3.194456294815885555e-01 -2.705726947045966058e-01
1.305033534906881094e+09 1.091764872807130526e+00 -8.338631350138572262e-01 7.816562741195935970e-01 5.988427323783400702e-01 -6.824643837252483136e-01 3.216355198642055213e-01 -2.686639893730513040e-01
1.305033534939455032e+09 1.077241184257538897e+00 -8.303235411551753709e-01 7.845076648614159875e-01 5.941375317342910689e-01 -6.868480434528480005e-01 3.246021181563777946e-01 -2.643365723430493586e-01
1.305033534975302935e+09 1.060706159793443071e+00 -8.263310678625161998e-01 7.838387731458296148e-01 5.882817239738992177e-01 -6.918684927351562708e-01 3.272274026161143823e-01 -2.610839500539844371e-01
1.305033535007643938e+09 1.048034111873869412e+00 -8.203770861147198223e-01 7.877986509579342211e-01 5.820978266948270141e-01 -6.989024753525546751e-01 3.276082862648970195e-01 -2.556760858465420561e-01
1.305033535039541960e+09 1.029882291570058728e+00 -8.168467714054326034e-01 7.884513571289228917e-01 5.757744976895620148e-01 -7.055883633679664868e-01 3.265947407828227456e-01 -2.529123654214002759e-01
1.305033535075357914e+09 1.013835480977749226e+00 -8.127986773600597292e-01 7.871564026389814561e-01 5.711865365672782469e-01 -7.109983267434122345e-01 3.267264879902242458e-01 -2.479458042756910174e-01
1.305033535107726097e+09 9.985963923461451675e-01 -8.076013162433919312e-01 7.838897403361819727e-01 5.671664880923747987e-01 -7.154888961904213307e-01 3.281434539361705038e-01 -2.423214556163259537e-01
1.305033535137975931e+09 9.809684362607825614e-01 -8.049347415584577892e-01 7.862489795667475523e-01 5.638250071723599488e-01 -7.203196952952909404e-01 3.258167455097541465e-01 -2.389233061093444244e-01
1.305033535174375057e+09 9.695561562794297039e-01 -7.978164374930669656e-01 7.884185135548199552e-01 5.618295975971336897e-01 -7.244439587391845459e-01 3.235186331647286195e-01 -2.342309712770013486e-01
1.305033535206381083e+09 9.571103411742408751e-01 -7.921551439982985610e-01 7.850531688644064587e-01 5.591386115489082043e-01 -7.270217639693323797e-01 3.236539473370281805e-01 -2.324897635665706397e-01
1.305033535238647938e+09 9.434618004680316306e-01 -7.857060944323771556e-01 7.851626305537479089e-01 5.573225408304145478e-01 -7.290969124147687053e-01 3.230322988045748467e-01 -2.312129142557005357e-01
1.305033535274514914e+09 9.312267970602107203e-01 -7.838361603652262977e-01 7.859368207503797388e-01 5.569373923108958957e-01 -7.302683610693401217e-01 3.211005598900682489e-01 -2.311347925028243711e-01
1.305033535306554079e+09 9.170299699338363419e-01 -7.819858392720713258e-01 7.849881629801527261e-01 5.564833929759090969e-01 -7.312682106375246738e-01 3.202655256213686186e-01 -2.302238705075591585e-01
1.305033535338664055e+09 9.045743061768301008e-01 -7.820810442173120602e-01 7.832321678140772292e-01 5.564796676060004277e-01 -7.324311419918579924e-01 3.192513160021421270e-01 -2.279333214177305944e-01
1.305033535374612093e+09 8.949857360270901951e-01 -7.783475455095755224e-01 7.884050745131961913e-01 5.564413150315512535e-01 -7.341001375893413394e-01 3.186858543878077765e-01 -2.234040669512999400e-01
1.305033535406681061e+09 8.949857360270901951e-01 -7.783475455095755224e-01 7.884050745131961913e-01 5.564413150315512535e-01 -7.341001375893413394e-01 3.186858543878077765e-01 -2.234040669512999400e-01
1.305033535438750982e+09 8.764875934189395590e-01 -7.770051731976769238e-01 7.936577561616265930e-01 5.537109033450580142e-01 -7.382168061168199458e-01 3.157128889392167292e-01 -2.208292427219166743e-01
1.305033535474571943e+09 8.696969134996753725e-01 -7.719862482191655051e-01 7.869357149573711352e-01 5.508912620439355701e-01 -7.395029519278022434e-01 3.175288066074633542e-01 -2.209743389358744814e-01
1.305033535506535053e+09 8.696969134996753725e-01 -7.719862482191655051e-01 7.869357149573711352e-01 5.508912620439355701e-01 -7.395029519278022434e-01 3.175288066074633542e-01 -2.209743389358744814e-01
1.305033535538690090e+09 8.550620566635250830e-01 -7.715774092338618662e-01 7.906470380665004960e-01 5.502797832979084980e-01 -7.401123434679977020e-01 3.191952650436286065e-01 -2.180372947769328995e-01
1.305033535574683905e+09 8.550620566635250830e-01 -7.715774092338618662e-01 7.906470380665004960e-01 5.502797832979084980e-01 -7.401123434679977020e-01 3.191952650436286065e-01 -2.180372947769328995e-01
1.305033535606540918e+09 8.401509091955409181e-01 -7.729659605172103376e-01 7.955805839837298832e-01 5.480505375559274750e-01 -7.426545038115994757e-01 3.180448789229154971e-01 -2.166849123587376580e-01
1.305033535638674974e+09 8.401509091955409181e-01 -7.729659605172103376e-01 7.955805839837298832e-01 5.480505375559274750e-01 -7.426545038115994757e-01 3.180448789229154971e-01 -2.166849123587376580e-01
1.305033535674647093e+09 8.264194899098185054e-01 -7.733311865295706689e-01 7.935354254584148226e-01 5.455157147470258705e-01 -7.440307405511019656e-01 3.186718705378210892e-01 -2.174375795646794618e-01
1.305033535706589937e+09 8.264194899098185054e-01 -7.733311865295706689e-01 7.935354254584148226e-01 5.455157147470258705e-01 -7.440307405511019656e-01 3.186718705378210892e-01 -2.174375795646794618e-01
1.305033535739049911e+09 8.159365432405886187e-01 -7.728990245160627381e-01 7.944768429588046077e-01 5.441452787766617449e-01 -7.455227581209443732e-01 3.175079299238256492e-01 -2.174636685616607168e-01
1.305033535774483919e+09 8.159365432405886187e-01 -7.728990245160627381e-01 7.944768429588046077e-01 5.441452787766617449e-01 -7.455227581209443732e-01 3.175079299238256492e-01 -2.174636685616607168e-01
1.305033535806446075e+09 8.029722843155725487e-01 -7.773914349895438836e-01 7.954164689407206001e-01 5.445877923811754950e-01 -7.456181867082165571e-01 3.156578477855762621e-01 -2.187184929783642096e-01
1.305033535837735891e+09 8.029722843155725487e-01 -7.773914349895438836e-01 7.954164689407206001e-01 5.445877923811754950e-01 -7.456181867082165571e-01 3.156578477855762621e-01 -2.187184929783642096e-01
1.305033535874455929e+09 8.029722843155725487e-01 -7.773914349895438836e-01 7.954164689407206001e-01 5.445877923811754950e-01 -7.456181867082165571e-01 3.156578477855762621e-01 -2.187184929783642096e-01
1.305033535906797886e+09 7.871609342280203592e-01 -7.746618975197090418e-01 7.970534851939873322e-01 5.408676399164360493e-01 -7.491245046410575092e-01 3.153194444149538533e-01 -2.164447287677836729e-01
1.305033535939291954e+09 7.871609342280203592e-01 -7.746618975197090418e-01 7.970534851939873322e-01 5.408676399164360493e-01 -7.491245046410575092e-01 3.153194444149538533e-01 -2.164447287677836729e-01
1.305033535975404978e+09 7.770451448430496511e-01 -7.741804084482843962e-01 7.984610602860326978e-01 5.398381863447062612e-01 -7.502073775961884960e-01 3.140175025010695231e-01 -2.171557765460054024e-01
1.305033536008090973e+09 7.770451448430496511e-01 -7.741804084482843962e-01 7.984610602860326978e-01 5.398381863447062612e-01 -7.502073775961884960e-01 3.140175025010695231e-01 -2.171557765460054024e-01
1.305033536039419889e+09 7.625285945297644030e-01 -7.764468143391249910e-01 7.964573178537460718e-01 5.417368057800640013e-01 -7.495298246005042131e-01 3.124788497128183629e-01 -2.169867364142438193e-01
1.305033536075320005e+09 7.625285945297644030e-01 -7.764468143391249910e-01 7.964573178537460718e-01 5.417368057800640013e-01 -7.495298246005042131e-01 3.124788497128183629e-01 -2.169867364142438193e-01
1.305033536107441902e+09 7.553857016555710624e-01 -7.731775016683046786e-01 7.895461817665492266e-01 5.397504197699782846e-01 -7.510871273986671204e-01 3.136041055087013252e-01 -2.149187670312620035e-01
1.305033536137918949e+09 7.553857016555710624e-01 -7.731775016683046786e-01 7.895461817665492266e-01 5.397504197699782846e-01 -7.510871273986671204e-01 3.136041055087013252e-01 -2.149187670312620035e-01
1.305033536175220966e+09 7.553857016555710624e-01 -7.731775016683046786e-01 7.895461817665492266e-01 5.397504197699782846e-01 -7.510871273986671204e-01 3.136041055087013252e-01 -2.149187670312620035e-01
1.305033536203649998e+09 7.427088213782214732e-01 -7.760884084536564531e-01 7.907021108717753322e-01 5.372936184896544010e-01 -7.542008400942138424e-01 3.116722975195237444e-01 -2.129719213661208088e-01
1.305033536241699934e+09 7.427088213782214732e-01 -7.760884084536564531e-01 7.907021108717753322e-01 5.372936184896544010e-01 -7.542008400942138424e-01 3.116722975195237444e-01 -2.129719213661208088e-01
1.305033536275135994e+09 7.427088213782214732e-01 -7.760884084536564531e-01 7.907021108717753322e-01 5.372936184896544010e-01 -7.542008400942138424e-01 3.116722975195237444e-01 -2.129719213661208088e-01
1.305033536305855989e+09 7.427088213782214732e-01 -7.760884084536564531e-01 7.907021108717753322e-01 5.372936184896544010e-01 -7.542008400942138424e-01 3.116722975195237444e-01 -2.129719213661208088e-01
1.305033536343051910e+09 7.427088213782214732e-01 -7.760884084536564531e-01 7.907021108717753322e-01 5.372936184896544010e-01 -7.542008400942138424e-01 3.116722975195237444e-01 -2.129719213661208088e-01
1.305033536375071049e+09 7.427088213782214732e-01 -7.760884084536564531e-01 7.907021108717753322e-01 5.372936184896544010e-01 -7.542008400942138424e-01 3.116722975195237444e-01 -2.129719213661208088e-01
1.305033536404679060e+09 7.427088213782214732e-01 -7.760884084536564531e-01 7.907021108717753322e-01 5.372936184896544010e-01 -7.542008400942138424e-01 3.116722975195237444e-01 -2.129719213661208088e-01
1.305033536443576097e+09 7.427088213782214732e-01 -7.760884084536564531e-01 7.907021108717753322e-01 5.372936184896544010e-01 -7.542008400942138424e-01 3.116722975195237444e-01 -2.129719213661208088e-01
1.305033536474256039e+09 7.427088213782214732e-01 -7.760884084536564531e-01 7.907021108717753322e-01 5.372936184896544010e-01 -7.542008400942138424e-01 3.116722975195237444e-01 -2.129719213661208088e-01
1.305033536507268906e+09 7.427088213782214732e-01 -7.760884084536564531e-01 7.907021108717753322e-01 5.372936184896544010e-01 -7.542008400942138424e-01 3.116722975195237444e-01 -2.129719213661208088e-01
1.305033536542479038e+09 7.495056992900840376e-01 -7.843921677966569916e-01 7.939785088401505320e-01 5.248901198826478876e-01 -7.645543443364370972e-01 3.152336927347556550e-01 -2.014317144112865443e-01
1.305033536573337078e+09 7.495056992900840376e-01 -7.843921677966569916e-01 7.939785088401505320e-01 5.248901198826478876e-01 -7.645543443364370972e-01 3.152336927347556550e-01 -2.014317144112865443e-01
1.305033536604428053e+09 7.593282668600724872e-01 -7.870889246086059110e-01 7.946791423260288756e-01 5.218101565791138929e-01 -7.658386591599747328e-01 3.176672273837077842e-01 -2.007307681280574574e-01
1.305033536643163919e+09 7.593282668600724872e-01 -7.870889246086059110e-01 7.946791423260288756e-01 5.218101565791138929e-01 -7.658386591599747328e-01 3.176672273837077842e-01 -2.007307681280574574e-01
1.305033536675457954e+09 7.696228042599467800e-01 -7.876105282755405668e-01 7.947178691814167362e-01 5.172296700714796858e-01 -7.674325540645350330e-01 3.219295920233508079e-01 -1.997049852642932555e-01
1.305033536707439899e+09 7.696228042599467800e-01 -7.876105282755405668e-01 7.947178691814167362e-01 5.172296700714796858e-01 -7.674325540645350330e-01 3.219295920233508079e-01 -1.997049852642932555e-01
1.305033536743295908e+09 7.803417205955767155e-01 -7.952557978732269772e-01 7.982554435264440640e-01 5.131711161779894947e-01 -7.694875014085098552e-01 3.237373765765834133e-01 -1.993451822945223606e-01
1.305033536775275946e+09 7.803417205955767155e-01 -7.952557978732269772e-01 7.982554435264440640e-01 5.131711161779894947e-01 -7.694875014085098552e-01 3.237373765765834133e-01 -1.993451822945223606e-01
1.305033536808196068e+09 7.929609673299500283e-01 -7.989289376426360612e-01 8.008912704028736673e-01 5.076894950992276723e-01 -7.719486639190905608e-01 3.275293104347579143e-01 -1.976643307366157398e-01
1.305033536843462944e+09 7.929609673299500283e-01 -7.989289376426360612e-01 8.008912704028736673e-01 5.076894950992276723e-01 -7.719486639190905608e-01 3.275293104347579143e-01 -1.976643307366157398e-01
1.305033536871273994e+09 8.055495617062465863e-01 -8.034214362344296312e-01 8.007452216786272725e-01 5.018974823265298646e-01 -7.738528980214760544e-01 3.324124513431941930e-01 -1.968567287396146281e-01
1.305033536907651901e+09 8.055495617062465863e-01 -8.034214362344296312e-01 8.007452216786272725e-01 5.018974823265298646e-01 -7.738528980214760544e-01 3.324124513431941930e-01 -1.968567287396146281e-01
1.305033536943378925e+09 8.176675636212041853e-01 -8.048537034601330742e-01 7.990101276944204800e-01 4.941489182730205432e-01 -7.764029957162756901e-01 3.383247745344326596e-01 -1.963455671733425056e-01
1.305033536975402117e+09 8.176675636212041853e-01 -8.048537034601330742e-01 7.990101276944204800e-01 4.941489182730205432e-01 -7.764029957162756901e-01 3.383247745344326596e-01 -1.963455671733425056e-01
1.305033537007345915e+09 8.279365162683761659e-01 -8.070221073575798432e-01 7.971465987835799627e-01 4.870838228646866552e-01 -7.791160594860144784e-01 3.427665593370244901e-01 -1.955469282672720466e-01
1.305033537043379068e+09 8.279365162683761659e-01 -8.070221073575798432e-01 7.971465987835799627e-01 4.870838228646866552e-01 -7.791160594860144784e-01 3.427665593370244901e-01 -1.955469282672720466e-01
1.305033537075248957e+09 8.403143044682608309e-01 -8.084709364467095316e-01 8.006463063769369004e-01 4.812999855859039222e-01 -7.818499256290214472e-01 3.463008930503561622e-01 -1.927088714652958057e-01
1.305033537107490063e+09 8.464957702512170279e-01 -8.130658211335877184e-01 8.075403232501572326e-01 4.800684905450199325e-01 -7.831844864483099578e-01 3.455749894142871037e-01 -1.916617626545218112e-01
1.305033537143619061e+09 8.464957702512170279e-01 -8.130658211335877184e-01 8.075403232501572326e-01 4.800684905450199325e-01 -7.831844864483099578e-01 3.455749894142871037e-01 -1.916617626545218112e-01
1.305033537175494909e+09 8.568420887661297725e-01 -8.175962404386016846e-01 8.123058454788352201e-01 4.765795196409718937e-01 -7.841689874471206023e-01 3.486543902463360434e-01 -1.907644535727074098e-01
1.305033537207417965e+09 8.568420887661297725e-01 -8.175962404386016846e-01 8.123058454788352201e-01 4.765795196409718937e-01 -7.841689874471206023e-01 3.486543902463360434e-01 -1.907644535727074098e-01
1.305033537243686914e+09 8.660968151706140983e-01 -8.234808947600225082e-01 8.107492778366792718e-01 4.727839440854570419e-01 -7.849357938832786097e-01 3.517935853047594041e-01 -1.912914400443722074e-01
1.305033537275552034e+09 8.660968151706140983e-01 -8.234808947600225082e-01 8.107492778366792718e-01 4.727839440854570419e-01 -7.849357938832786097e-01 3.517935853047594041e-01 -1.912914400443722074e-01
1.305033537307573080e+09 8.791129867358624672e-01 -8.258984193610372504e-01 8.093836666541112113e-01 4.649676516136447280e-01 -7.894620712311830601e-01 3.534334862452580550e-01 -1.887842468024964471e-01
1.305033537343854904e+09 8.791129867358624672e-01 -8.258984193610372504e-01 8.093836666541112113e-01 4.649676516136447280e-01 -7.894620712311830601e-01 3.534334862452580550e-01 -1.887842468024964471e-01
1.305033537375637054e+09 8.922493553220949281e-01 -8.311180215062117238e-01 8.076226666674036769e-01 4.586050515622493995e-01 -7.929918108233066087e-01 3.544947649173270099e-01 -1.875602737654444852e-01
1.305033537407661915e+09 8.922493553220949281e-01 -8.311180215062117238e-01 8.076226666674036769e-01 4.586050515622493995e-01 -7.929918108233066087e-01 3.544947649173270099e-01 -1.875602737654444852e-01
1.305033537443628073e+09 9.084191646281712940e-01 -8.367727824413484505e-01 8.053478708372073802e-01 4.517509789737161330e-01 -7.970978965116278792e-01 3.544144673393272438e-01 -1.869395135160255295e-01
1.305033537475436926e+09 9.084191646281712940e-01 -8.367727824413484505e-01 8.053478708372073802e-01 4.517509789737161330e-01 -7.970978965116278792e-01 3.544144673393272438e-01 -1.869395135160255295e-01
1.305033537502234936e+09 9.249694669590203810e-01 -8.447561927753355349e-01 7.996518428430061665e-01 4.454781751053241146e-01 -7.996388678464845245e-01 3.561083566217171370e-01 -1.879194372016969872e-01
1.305033537543400049e+09 9.249694669590203810e-01 -8.447561927753355349e-01 7.996518428430061665e-01 4.454781751053241146e-01 -7.996388678464845245e-01 3.561083566217171370e-01 -1.879194372016969872e-01
1.305033537575726032e+09 9.397450023943108022e-01 -8.546759308984546166e-01 7.925525427140458490e-01 4.385784092622335706e-01 -8.017369408277050802e-01 3.590566963544344903e-01 -1.895920500555889621e-01
1.305033537602339983e+09 9.497970592048421423e-01 -8.539897968756595681e-01 7.905276359994470869e-01 4.338794133581546641e-01 -8.037636658584730309e-01 3.605422271951442270e-01 -1.890024510923002943e-01
1.305033537639756918e+09 9.586231386083617911e-01 -8.590336939246534520e-01 7.906846929590706230e-01 4.304466269277200663e-01 -8.053270329660080495e-01 3.604853302293057338e-01 -1.903008093261372435e-01
1.305033537674026966e+09 9.675683129690660911e-01 -8.641930313455626900e-01 7.928926133853343439e-01 4.269349441453107463e-01 -8.072166855773613703e-01 3.606729836802089473e-01 -1.898493477375034488e-01
1.305033537702286005e+09 9.675683129690660911e-01 -8.641930313455626900e-01 7.928926133853343439e-01 4.269349441453107463e-01 -8.072166855773613703e-01 3.606729836802089473e-01 -1.898493477375034488e-01
1.305033537743773937e+09 9.837654101238320070e-01 -8.721656748813138016e-01 7.891491496958238372e-01 4.202434884880508204e-01 -8.092542112703415835e-01 3.653060754450088154e-01 -1.872284785164275434e-01
1.305033537775789022e+09 9.902811456877882446e-01 -8.799651641980935635e-01 7.827717017373622133e-01 4.150105038273620428e-01 -8.109636679533506198e-01 3.677391403542079606e-01 -1.867408247388746279e-01
1.305033537802398920e+09 9.902811456877882446e-01 -8.799651641980935635e-01 7.827717017373622133e-01 4.150105038273620428e-01 -8.109636679533506198e-01 3.677391403542079606e-01 -1.867408247388746279e-01
1.305033537844739914e+09 1.004441467532884991e+00 -8.855030340664452604e-01 7.806186926826933492e-01 4.010741436505084190e-01 -8.181583384515165314e-01 3.695479809210122646e-01 -1.821832986705102519e-01
1.305033537875838995e+09 1.004441467532884991e+00 -8.855030340664452604e-01 7.806186926826933492e-01 4.010741436505084190e-01 -8.181583384515165314e-01 3.695479809210122646e-01 -1.821832986705102519e-01
1.305033537902446032e+09 1.017463139418323781e+00 -8.942219642389682699e-01 7.760595017681821695e-01 3.896222896338021324e-01 -8.242294686348925481e-01 3.713867371427431729e-01 -1.758185028056586385e-01
1.305033537944108009e+09 1.022375750874780831e+00 -9.032607979942116616e-01 7.742034437532194779e-01 3.851211592988073029e-01 -8.267542458813098571e-01 3.720304199966844583e-01 -1.724890610289813164e-01
1.305033537975959063e+09 1.022375750874780831e+00 -9.032607979942116616e-01 7.742034437532194779e-01 3.851211592988073029e-01 -8.267542458813098571e-01 3.720304199966844583e-01 -1.724890610289813164e-01
1.305033538002466917e+09 1.034438535612619781e+00 -9.165252259840948046e-01 7.762702451989444974e-01 3.736782010517442076e-01 -8.340841346156901981e-01 3.713849139495338791e-01 -1.635282976485258333e-01
1.305033538041599989e+09 1.039268587301170665e+00 -9.251292637324234347e-01 7.797400681074582174e-01 3.690439848250268717e-01 -8.373273307961206502e-01 3.707881151556830512e-01 -1.587628798731159363e-01
1.305033538074354887e+09 1.048015290947683642e+00 -9.328938641029933532e-01 7.825976617318124440e-01 3.648735431430258913e-01 -8.398043191004856967e-01 3.716563481727532259e-01 -1.531912595330339188e-01
1.305033538102510929e+09 1.056682334732839346e+00 -9.391624653881920359e-01 7.836433367373335512e-01 3.609869495372787784e-01 -8.411104201851828943e-01 3.740762586898704334e-01 -1.492937909099514848e-01
1.305033538144040108e+09 1.063802547508981178e+00 -9.490131515242810067e-01 7.829713412926236904e-01 3.576199875433521691e-01 -8.417665730148344849e-01 3.766213731169041345e-01 -1.472865315495327510e-01
1.305033538175946951e+09 1.063802547508981178e+00 -9.490131515242810067e-01 7.829713412926236904e-01 3.576199875433521691e-01 -8.417665730148344849e-01 3.766213731169041345e-01 -1.472865315495327510e-01
1.305033538202594995e+09 1.079130301033772721e+00 -9.614908509685196059e-01 7.868921817391407725e-01 3.460740035114555635e-01 -8.448789884708224340e-01 3.826491503623329349e-01 -1.413927390676689710e-01
1.305033538243994951e+09 1.079130301033772721e+00 -9.614908509685196059e-01 7.868921817391407725e-01 3.460740035114555635e-01 -8.448789884708224340e-01 3.826491503623329349e-01 -1.413927390676689710e-01
1.305033538275794029e+09 1.090213386514389926e+00 -9.758942609549450253e-01 7.868990238797208825e-01 3.321563686220303513e-01 -8.474176368929139391e-01 3.909756274052513803e-01 -1.367243732540959766e-01
1.305033538302690029e+09 1.095972537056305596e+00 -9.840006490171477882e-01 7.899687525337503180e-01 3.267680858588606352e-01 -8.488417464994448824e-01 3.935626634845426075e-01 -1.334119086695828016e-01
1.305033538344099998e+09 1.095972537056305596e+00 -9.840006490171477882e-01 7.899687525337503180e-01 3.267680858588606352e-01 -8.488417464994448824e-01 3.935626634845426075e-01 -1.334119086695828016e-01
1.305033538376149893e+09 1.108533737604653346e+00 -9.934078286450001016e-01 7.956502897766354332e-01 3.154433705135420984e-01 -8.514748871387213258e-01 4.001878993024111653e-01 -1.238371584908226075e-01
1.305033538402749062e+09 1.108533737604653346e+00 -9.934078286450001016e-01 7.956502897766354332e-01 3.154433705135420984e-01 -8.514748871387213258e-01 4.001878993024111653e-01 -1.238371584908226075e-01
1.305033538443205118e+09 1.122651515314320614e+00 -1.001995660109241681e+00 7.978447767380769662e-01 3.044212145214680310e-01 -8.533598881513667633e-01 4.074026568326886699e-01 -1.145761783671792322e-01
1.305033538471633911e+09 1.122651515314320614e+00 -1.001995660109241681e+00 7.978447767380769662e-01 3.044212145214680310e-01 -8.533598881513667633e-01 4.074026568326886699e-01 -1.145761783671792322e-01
1.305033538502753019e+09 1.136144425503395006e+00 -1.012754672875495032e+00 8.001017785340447386e-01 2.927834309326295403e-01 -8.552689950179441780e-01 4.136567744404605063e-01 -1.080781277216992936e-01
1.305033538543405056e+09 1.136144425503395006e+00 -1.012754672875495032e+00 8.001017785340447386e-01 2.927834309326295403e-01 -8.552689950179441780e-01 4.136567744404605063e-01 -1.080781277216992936e-01
1.305033538575516939e+09 1.148591094449111116e+00 -1.023701793221899248e+00 8.026169166536527566e-01 2.771247077387284374e-01 -8.583477117534822343e-01 4.192456506106637670e-01 -1.033159548778717768e-01
1.305033538602850914e+09 1.148591094449111116e+00 -1.023701793221899248e+00 8.026169166536527566e-01 2.771247077387284374e-01 -8.583477117534822343e-01 4.192456506106637670e-01 -1.033159548778717768e-01
1.305033538643531084e+09 1.160678677384155311e+00 -1.035220834982297999e+00 8.039511698136335704e-01 2.621640893803938721e-01 -8.605802139185941835e-01 4.259011013051173244e-01 -9.633243253579744370e-02
1.305033538670914888e+09 1.160678677384155311e+00 -1.035220834982297999e+00 8.039511698136335704e-01 2.621640893803938721e-01 -8.605802139185941835e-01 4.259011013051173244e-01 -9.633243253579744370e-02
1.305033538703005075e+09 1.171431429007039116e+00 -1.044603505870564053e+00 8.070994092420347155e-01 2.453945432658346526e-01 -8.630020546709147311e-01 4.322598385340665206e-01 -9.033495314458661607e-02
1.305033538743340015e+09 1.171431429007039116e+00 -1.044603505870564053e+00 8.070994092420347155e-01 2.453945432658346526e-01 -8.630020546709147311e-01 4.322598385340665206e-01 -9.033495314458661607e-02
1.305033538770881891e+09 1.185111109498268700e+00 -1.052119080668507456e+00 8.131801038623012179e-01 2.254486406896565043e-01 -8.659708830830747939e-01 4.386228692593491241e-01 -8.292960042229702289e-02
1.305033538802948952e+09 1.185111109498268700e+00 -1.052119080668507456e+00 8.131801038623012179e-01 2.254486406896565043e-01 -8.659708830830747939e-01 4.386228692593491241e-01 -8.292960042229702289e-02
1.305033538844388962e+09 1.192435668025469075e+00 -1.062265983603089659e+00 8.168035255348844448e-01 2.047082850978349799e-01 -8.682515340135497084e-01 4.448063398461414852e-01 -7.988186107058314889e-02
1.305033538870946884e+09 1.192435668025469075e+00 -1.062265983603089659e+00 8.168035255348844448e-01 2.047082850978349799e-01 -8.682515340135497084e-01 4.448063398461414852e-01 -7.988186107058314889e-02
1.305033538902976990e+09 1.199828651993955830e+00 -1.072022074935783609e+00 8.187910852145160456e-01 1.885735654068074751e-01 -8.682196192851129313e-01 4.530487989595323173e-01 -7.335863193587430220e-02
1.305033538944633961e+09 1.199828651993955830e+00 -1.072022074935783609e+00 8.187910852145160456e-01 1.885735654068074751e-01 -8.682196192851129313e-01 4.530487989595323173e-01 -7.335863193587430220e-02
1.305033538970999002e+09 1.210452328939953581e+00 -1.081465746341010004e+00 8.203803989335922697e-01 1.687489716306750098e-01 -8.693846310343680273e-01 4.597706469616588687e-01 -6.561326151993190914e-02
1.305033539003001928e+09 1.210452328939953581e+00 -1.081465746341010004e+00 8.203803989335922697e-01 1.687489716306750098e-01 -8.693846310343680273e-01 4.597706469616588687e-01 -6.561326151993190914e-02
1.305033539044576883e+09 1.217215087405011165e+00 -1.091635272192217121e+00 8.219934910517361359e-01 1.494782644930584270e-01 -8.711189751528649605e-01 4.636080137139043655e-01 -6.225423032223362241e-02
1.305033539071038008e+09 1.217215087405011165e+00 -1.091635272192217121e+00 8.219934910517361359e-01 1.494782644930584270e-01 -8.711189751528649605e-01 4.636080137139043655e-01 -6.225423032223362241e-02
1.305033539103072882e+09 1.223861673212991441e+00 -1.102972603948196628e+00 8.218030727949139358e-01 1.362070241047548813e-01 -8.714505748696643739e-01 4.679273488067245412e-01 -5.536730427398649929e-02
1.305033539144433022e+09 1.223861673212991441e+00 -1.102972603948196628e+00 8.218030727949139358e-01 1.362070241047548813e-01 -8.714505748696643739e-01 4.679273488067245412e-01 -5.536730427398649929e-02
1.305033539171128035e+09 1.231164509472436386e+00 -1.112782035049212803e+00 8.234887700235166141e-01 1.235401600213937301e-01 -8.721523968456105225e-01 4.707855385091763156e-01 -4.948739505136619254e-02
1.305033539202974081e+09 1.231164509472436386e+00 -1.112782035049212803e+00 8.234887700235166141e-01 1.235401600213937301e-01 -8.721523968456105225e-01 4.707855385091763156e-01 -4.948739505136619254e-02
1.305033539244401932e+09 1.232852144713324938e+00 -1.123165630688086170e+00 8.179138668616799945e-01 1.130023141060377267e-01 -8.717100828623517428e-01 4.744642122777226190e-01 -4.728339783129431595e-02
1.305033539271203041e+09 1.232852144713324938e+00 -1.123165630688086170e+00 8.179138668616799945e-01 1.130023141060377267e-01 -8.717100828623517428e-01 4.744642122777226190e-01 -4.728339783129431595e-02
1.305033539303420067e+09 1.233271257469436444e+00 -1.134494255707773291e+00 8.128458642092483144e-01 1.060141540402549098e-01 -8.713720960871792487e-01 4.771755749066537988e-01 -4.213241052051416857e-02
1.305033539344491005e+09 1.233271257469436444e+00 -1.134494255707773291e+00 8.128458642092483144e-01 1.060141540402549098e-01 -8.713720960871792487e-01 4.771755749066537988e-01 -4.213241052051416857e-02
1.305033539371428013e+09 1.237093151613760655e+00 -1.145135726487331862e+00 8.137292345047845155e-01 9.765291434751804944e-02 -8.726568354162309582e-01 4.772678135075903438e-01 -3.390265639222694860e-02
1.305033539403098106e+09 1.237093151613760655e+00 -1.145135726487331862e+00 8.137292345047845155e-01 9.765291434751804944e-02 -8.726568354162309582e-01 4.772678135075903438e-01 -3.390265639222694860e-02
1.305033539443552971e+09 1.235582779456001257e+00 -1.155844780556149365e+00 8.057594577183957441e-01 8.701467115359004523e-02 -8.736690147747472324e-01 4.777046001621278459e-01 -3.048302167595469750e-02
1.305033539471316099e+09 1.235582779456001257e+00 -1.155844780556149365e+00 8.057594577183957441e-01 8.701467115359004523e-02 -8.736690147747472324e-01 4.777046001621278459e-01 -3.048302167595469750e-02
1.305033539503331900e+09 1.236739477127133169e+00 -1.168242899697313320e+00 8.037903286791021618e-01 8.107356055916076221e-02 -8.753814413594068755e-01 4.760061519172246181e-01 -2.350645100272696561e-02
1.305033539542411089e+09 1.236739477127133169e+00 -1.168242899697313320e+00 8.037903286791021618e-01 8.107356055916076221e-02 -8.753814413594068755e-01 4.760061519172246181e-01 -2.350645100272696561e-02
1.305033539571542025e+09 1.233509680524738306e+00 -1.178907800687941876e+00 7.983547824675314430e-01 7.490411064127958096e-02 -8.763863783009600006e-01 4.754478242431715573e-01 -1.690137745864980778e-02
1.305033539603503942e+09 1.233509680524738306e+00 -1.178907800687941876e+00 7.983547824675314430e-01 7.490411064127958096e-02 -8.763863783009600006e-01 4.754478242431715573e-01 -1.690137745864980778e-02
1.305033539642471075e+09 1.227769076462750020e+00 -1.189744944622846523e+00 7.945653389769385955e-01 6.872182797756491712e-02 -8.777663060799266725e-01 4.739610220410559460e-01 -1.282855627186044525e-02
1.305033539671545029e+09 1.227769076462750020e+00 -1.189744944622846523e+00 7.945653389769385955e-01 6.872182797756491712e-02 -8.777663060799266725e-01 4.739610220410559460e-01 -1.282855627186044525e-02
1.305033539703341961e+09 1.223485230631581100e+00 -1.202878934823472745e+00 7.937087879270272595e-01 6.508760430558929722e-02 -8.799862443580935834e-01 4.704762589074261703e-01 -6.316906740548241389e-03
1.305033539743168116e+09 1.223485230631581100e+00 -1.202878934823472745e+00 7.937087879270272595e-01 6.508760430558929722e-02 -8.799862443580935834e-01 4.704762589074261703e-01 -6.316906740548241389e-03
1.305033539771214962e+09 1.212404144802744277e+00 -1.216522746961643309e+00 7.951340959261690156e-01 6.534238996260706422e-02 -8.810771931376220056e-01 4.684013907564664736e-01 -5.786963289357491963e-03
1.305033539803392887e+09 1.212404144802744277e+00 -1.216522746961643309e+00 7.951340959261690156e-01 6.534238996260706422e-02 -8.810771931376220056e-01 4.684013907564664736e-01 -5.786963289357491963e-03
1.305033539844495058e+09 1.208688993238609344e+00 -1.226153025346341519e+00 7.874639899976622059e-01 6.214202923100362735e-02 -8.802160798257296914e-01 4.704867039025752984e-01 5.314792266036816315e-04
1.305033539871406078e+09 1.208688993238609344e+00 -1.226153025346341519e+00 7.874639899976622059e-01 6.214202923100362735e-02 -8.802160798257296914e-01 4.704867039025752984e-01 5.314792266036816315e-04
1.305033539903595924e+09 1.208688993238609344e+00 -1.226153025346341519e+00 7.874639899976622059e-01 6.214202923100362735e-02 -8.802160798257296914e-01 4.704867039025752984e-01 5.314792266036816315e-04
1.305033539939496994e+09 1.200522187276593655e+00 -1.238262584295484858e+00 7.883092972641828622e-01 5.242316813101000061e-02 -8.810819831263489998e-01 4.700227270819941627e-01 4.998647782467603023e-03
1.305033539971508026e+09 1.200522187276593655e+00 -1.238262584295484858e+00 7.883092972641828622e-01 5.242316813101000061e-02 -8.810819831263489998e-01 4.700227270819941627e-01 4.998647782467603023e-03
1.305033540003525019e+09 1.200522187276593655e+00 -1.238262584295484858e+00 7.883092972641828622e-01 5.242316813101000061e-02 -8.810819831263489998e-01 4.700227270819941627e-01 4.998647782467603023e-03
1.305033540039518118e+09 1.200522187276593655e+00 -1.238262584295484858e+00 7.883092972641828622e-01 5.242316813101000061e-02 -8.810819831263489998e-01 4.700227270819941627e-01 4.998647782467603023e-03
1.305033540071556091e+09 1.191737563061644689e+00 -1.243901919438231474e+00 7.877957993519364432e-01 3.866348030851440160e-02 -8.807546127299731298e-01 4.718881360619147092e-01 9.901236757095702862e-03
1.305033540103574991e+09 1.191737563061644689e+00 -1.243901919438231474e+00 7.877957993519364432e-01 3.866348030851440160e-02 -8.807546127299731298e-01 4.718881360619147092e-01 9.901236757095702862e-03
1.305033540139564991e+09 1.191737563061644689e+00 -1.243901919438231474e+00 7.877957993519364432e-01 3.866348030851440160e-02 -8.807546127299731298e-01 4.718881360619147092e-01 9.901236757095702862e-03
1.305033540171613932e+09 1.191737563061644689e+00 -1.243901919438231474e+00 7.877957993519364432e-01 3.866348030851440160e-02 -8.807546127299731298e-01 4.718881360619147092e-01 9.901236757095702862e-03
1.305033540203599930e+09 1.181923167531338636e+00 -1.237827845052288600e+00 7.796264642823871327e-01 2.579957335919843067e-02 -8.809572697537086938e-01 4.723430188439030064e-01 1.186353370640255006e-02
1.305033540239618063e+09 1.181923167531338636e+00 -1.237827845052288600e+00 7.796264642823871327e-01 2.579957335919843067e-02 -8.809572697537086938e-01 4.723430188439030064e-01 1.186353370640255006e-02
1.305033540271677017e+09 1.181923167531338636e+00 -1.237827845052288600e+00 7.796264642823871327e-01 2.579957335919843067e-02 -8.809572697537086938e-01 4.723430188439030064e-01 1.186353370640255006e-02
1.305033540303649902e+09 1.175830382072725167e+00 -1.228078217939197803e+00 7.749467793398941984e-01 1.508026938376499926e-02 -8.810395061237744629e-01 4.725910240932220119e-01 1.413145679002562188e-02
1.305033540339663982e+09 1.175830382072725167e+00 -1.228078217939197803e+00 7.749467793398941984e-01 1.508026938376499926e-02 -8.810395061237744629e-01 4.725910240932220119e-01 1.413145679002562188e-02
1.305033540371701956e+09 1.171662461420415857e+00 -1.217696800072227248e+00 7.737348872650233744e-01 1.163014332439950282e-02 -8.811011366236708442e-01 4.725021812454056613e-01 1.634672826785773386e-02
1.305033540403697968e+09 1.171662461420415857e+00 -1.217696800072227248e+00 7.737348872650233744e-01 1.163014332439950282e-02 -8.811011366236708442e-01 4.725021812454056613e-01 1.634672826785773386e-02
1.305033540439718008e+09 1.166414162899791274e+00 -1.208167879201542005e+00 7.754610029104826996e-01 8.807591170806088055e-03 -8.817612176715864392e-01 4.712746337053194678e-01 1.788298000909917251e-02
1.305033540471744061e+09 1.166414162899791274e+00 -1.208167879201542005e+00 7.754610029104826996e-01 8.807591170806088055e-03 -8.817612176715864392e-01 4.712746337053194678e-01 1.788298000909917251e-02
1.305033540503736019e+09 1.164135222129265346e+00 -1.197601159935263615e+00 7.736260072004268462e-01 3.679580250763900100e-03 -8.817536414972457770e-01 4.712517481272662789e-01 2.046377977110166307e-02
1.305033540539756060e+09 1.164135222129265346e+00 -1.197601159935263615e+00 7.736260072004268462e-01 3.679580250763900100e-03 -8.817536414972457770e-01 4.712517481272662789e-01 2.046377977110166307e-02
1.305033540571669102e+09 1.161854388893869716e+00 -1.186638027632711090e+00 7.710639404558685683e-01 8.706495261935742053e-04 -8.809932312041162117e-01 4.725821924886725589e-01 2.272091293350967517e-02
1.305033540603777885e+09 1.161854388893869716e+00 -1.186638027632711090e+00 7.710639404558685683e-01 8.706495261935742053e-04 -8.809932312041162117e-01 4.725821924886725589e-01 2.272091293350967517e-02
1.305033540639801979e+09 1.157240670472952537e+00 -1.173342778291153632e+00 7.638461655146929763e-01 -4.178507886110904845e-04 -8.806417589349463393e-01 4.731278728224002084e-01 2.489846941546314252e-02
1.305033540671865940e+09 1.157240670472952537e+00 -1.173342778291153632e+00 7.638461655146929763e-01 -4.178507886110904845e-04 -8.806417589349463393e-01 4.731278728224002084e-01 2.489846941546314252e-02
1.305033540703705072e+09 1.151288603516435805e+00 -1.162035187168086514e+00 7.602149021650786986e-01 -4.702328652346852295e-03 -8.822629731753559579e-01 4.698737367135427112e-01 2.843599507452900313e-02
1.305033540739866018e+09 1.151288603516435805e+00 -1.162035187168086514e+00 7.602149021650786986e-01 -4.702328652346852295e-03 -8.822629731753559579e-01 4.698737367135427112e-01 2.843599507452900313e-02
1.305033540771871090e+09 1.151288603516435805e+00 -1.162035187168086514e+00 7.602149021650786986e-01 -4.702328652346852295e-03 -8.822629731753559579e-01 4.698737367135427112e-01 2.843599507452900313e-02
1.305033540803745031e+09 1.149985226722314735e+00 -1.149614566855740039e+00 7.598215204306507653e-01 -1.087961652158147760e-02 -8.848109790486046178e-01 4.646537434681119461e-01 3.298581483703311168e-02
1.305033540839890957e+09 1.149985226722314735e+00 -1.149614566855740039e+00 7.598215204306507653e-01 -1.087961652158147760e-02 -8.848109790486046178e-01 4.646537434681119461e-01 3.298581483703311168e-02
1.305033540871947050e+09 1.149985226722314735e+00 -1.149614566855740039e+00 7.598215204306507653e-01 -1.087961652158147760e-02 -8.848109790486046178e-01 4.646537434681119461e-01 3.298581483703311168e-02
1.305033540903964996e+09 1.145236599873176608e+00 -1.140023838263686029e+00 7.623245554910592636e-01 -1.571288949028426876e-02 -8.860101933517381401e-01 4.620827911729720738e-01 3.490754191399407513e-02
1.305033540940141916e+09 1.145236599873176608e+00 -1.140023838263686029e+00 7.623245554910592636e-01 -1.571288949028426876e-02 -8.860101933517381401e-01 4.620827911729720738e-01 3.490754191399407513e-02
1.305033540972017050e+09 1.145236599873176608e+00 -1.140023838263686029e+00 7.623245554910592636e-01 -1.571288949028426876e-02 -8.860101933517381401e-01 4.620827911729720738e-01 3.490754191399407513e-02
1.305033541003911018e+09 1.139626267580920116e+00 -1.130970266197357743e+00 7.677748593151169088e-01 2.104477786004458825e-02 8.849206435308659691e-01 -4.639394626319482406e-01 -3.511049687085995158e-02
1.305033541040004015e+09 1.139626267580920116e+00 -1.130970266197357743e+00 7.677748593151169088e-01 2.104477786004458825e-02 8.849206435308659691e-01 -4.639394626319482406e-01 -3.511049687085995158e-02
1.305033541071959019e+09 1.134925314421785014e+00 -1.122978628361774422e+00 7.718946838384759257e-01 2.579346614308735894e-02 8.840762009063906079e-01 -4.652201797635297509e-01 -3.625124047584718512e-02
1.305033541103979111e+09 1.134925314421785014e+00 -1.122978628361774422e+00 7.718946838384759257e-01 2.579346614308735894e-02 8.840762009063906079e-01 -4.652201797635297509e-01 -3.625124047584718512e-02
1.305033541140007019e+09 1.134608554212772624e+00 -1.112516145824291591e+00 7.732837998016784953e-01 3.157388976687874188e-02 8.825469301589128346e-01 -4.675165701446242217e-01 -3.927164616201542918e-02
1.305033541171937943e+09 1.134608554212772624e+00 -1.112516145824291591e+00 7.732837998016784953e-01 3.157388976687874188e-02 8.825469301589128346e-01 -4.675165701446242217e-01 -3.927164616201542918e-02
1.305033541203984976e+09 1.129339215803580210e+00 -1.101092852179344828e+00 7.770023396387349957e-01 3.476794889070205369e-02 8.812416105217574236e-01 -4.695622316489308501e-01 -4.142130157091111764e-02
1.305033541239962101e+09 1.129339215803580210e+00 -1.101092852179344828e+00 7.770023396387349957e-01 3.476794889070205369e-02 8.812416105217574236e-01 -4.695622316489308501e-01 -4.142130157091111764e-02
1.305033541271980047e+09 1.127102776542001195e+00 -1.090355910705775644e+00 7.797153423563636387e-01 3.865954660189468983e-02 8.803749349560845427e-01 -4.704872346816457163e-01 -4.568561435751911787e-02
1.305033541303932905e+09 1.126123024515677251e+00 -1.081118041948501141e+00 7.835863202670939609e-01 4.057495624083195390e-02 8.802863010629294882e-01 -4.702936214959119732e-01 -4.768239368215426710e-02
1.305033541339958906e+09 1.126123024515677251e+00 -1.081118041948501141e+00 7.835863202670939609e-01 4.057495624083195390e-02 8.802863010629294882e-01 -4.702936214959119732e-01 -4.768239368215426710e-02
1.305033541371973038e+09 1.124299131057590717e+00 -1.066106706015895966e+00 7.838545499255954452e-01 4.530814134420003275e-02 8.796240578598883975e-01 -4.705428978418063624e-01 -5.289679057063009088e-02
1.305033541404068947e+09 1.124299131057590717e+00 -1.066106706015895966e+00 7.838545499255954452e-01 4.530814134420003275e-02 8.796240578598883975e-01 -4.705428978418063624e-01 -5.289679057063009088e-02
1.305033541439965963e+09 1.117162507876775512e+00 -1.052543369227985970e+00 7.787336691267656708e-01 5.082706748322947388e-02 8.787540680505806501e-01 -4.713750829453576263e-01 -5.489470169212906647e-02
1.305033541472054958e+09 1.117162507876775512e+00 -1.052543369227985970e+00 7.787336691267656708e-01 5.082706748322947388e-02 8.787540680505806501e-01 -4.713750829453576263e-01 -5.489470169212906647e-02
1.305033541504009008e+09 1.117469492750245541e+00 -1.038203796212614494e+00 7.765465090878045373e-01 5.798548202176893179e-02 8.786350098852837576e-01 -4.702648393497299573e-01 -5.906931648464642387e-02
1.305033541539971113e+09 1.117469492750245541e+00 -1.038203796212614494e+00 7.765465090878045373e-01 5.798548202176893179e-02 8.786350098852837576e-01 -4.702648393497299573e-01 -5.906931648464642387e-02
1.305033541572082043e+09 1.112207533152942629e+00 -1.026956539526614254e+00 7.796735772866704162e-01 6.278923906165054247e-02 8.794681017929593114e-01 -4.676549871330484831e-01 -6.238735766432361440e-02
1.305033541604042053e+09 1.112207533152942629e+00 -1.026956539526614254e+00 7.796735772866704162e-01 6.278923906165054247e-02 8.794681017929593114e-01 -4.676549871330484831e-01 -6.238735766432361440e-02
1.305033541639980078e+09 1.106008876354425574e+00 -1.015976567361803973e+00 7.821255042692355497e-01 6.996582674337994967e-02 8.796930274686446394e-01 -4.660900585331704815e-01 -6.328521033947423491e-02
1.305033541672022104e+09 1.106008876354425574e+00 -1.015976567361803973e+00 7.821255042692355497e-01 6.996582674337994967e-02 8.796930274686446394e-01 -4.660900585331704815e-01 -6.328521033947423491e-02
1.305033541704000950e+09 1.103772501187813670e+00 -1.002698024996256043e+00 7.845625118337257176e-01 7.849362284056021766e-02 8.792673830953953162e-01 -4.651978200980174116e-01 -6.571611959018741622e-02
1.305033541739991903e+09 1.103772501187813670e+00 -1.002698024996256043e+00 7.845625118337257176e-01 7.849362284056021766e-02 8.792673830953953162e-01 -4.651978200980174116e-01 -6.571611959018741622e-02
1.305033541772023916e+09 1.093206217060321617e+00 -9.945935706248014707e-01 7.808312439065551169e-01 8.019750373285723655e-02 8.781866529974219349e-01 -4.666162864808844901e-01 -6.801326402249037451e-02
1.305033541803997040e+09 1.093206217060321617e+00 -9.945935706248014707e-01 7.808312439065551169e-01 8.019750373285723655e-02 8.781866529974219349e-01 -4.666162864808844901e-01 -6.801326402249037451e-02
1.305033541839993000e+09 1.087739599695015658e+00 -9.817169843988980960e-01 7.801043949818566858e-01 8.617539974615615050e-02 8.777766495300428629e-01 -4.660412426766766814e-01 -6.991075841944151270e-02
1.305033541872000933e+09 1.087739599695015658e+00 -9.817169843988980960e-01 7.801043949818566858e-01 8.617539974615615050e-02 8.777766495300428629e-01 -4.660412426766766814e-01 -6.991075841944151270e-02
1.305033541903964996e+09 1.078667755771099523e+00 -9.677327110445193004e-01 7.809333756744026855e-01 8.845924114264715199e-02 8.775215692492339681e-01 -4.653076901545742938e-01 -7.496406900538191143e-02
1.305033541939960957e+09 1.078667755771099523e+00 -9.677327110445193004e-01 7.809333756744026855e-01 8.845924114264715199e-02 8.775215692492339681e-01 -4.653076901545742938e-01 -7.496406900538191143e-02
1.305033541971944094e+09 1.067945962982733699e+00 -9.533779664559645095e-01 7.785998470257350368e-01 9.503571553686365747e-02 8.776095663590995910e-01 -4.634561708211342168e-01 -7.731778278766994472e-02
1.305033542003968000e+09 1.067945962982733699e+00 -9.533779664559645095e-01 7.785998470257350368e-01 9.503571553686365747e-02 8.776095663590995910e-01 -4.634561708211342168e-01 -7.731778278766994472e-02
1.305033542039922953e+09 1.060347466357413504e+00 -9.374514385129426586e-01 7.797428135592935350e-01 1.022385514668461282e-01 8.782232149667756893e-01 -4.599320910341662683e-01 -8.205933782526386722e-02
1.305033542071937084e+09 1.060347466357413504e+00 -9.374514385129426586e-01 7.797428135592935350e-01 1.022385514668461282e-01 8.782232149667756893e-01 -4.599320910341662683e-01 -8.205933782526386722e-02
1.305033542103992939e+09 1.051477580348463725e+00 -9.232187800036171232e-01 7.811621674580299102e-01 1.097182366249586927e-01 8.789656718979288463e-01 -4.564063882403138206e-01 -8.410983860621940034e-02
1.305033542139985085e+09 1.051477580348463725e+00 -9.232187800036171232e-01 7.811621674580299102e-01 1.097182366249586927e-01 8.789656718979288463e-01 -4.564063882403138206e-01 -8.410983860621940034e-02
1.305033542172013044e+09 1.044773456053072813e+00 -9.074847908765057980e-01 7.772599883389539333e-01 1.159987482795619279e-01 8.781204449009171187e-01 -4.557572105923342054e-01 -8.794395736879709324e-02
1.305033542204179049e+09 1.034841506192811789e+00 -9.026141865975181311e-01 7.751282331102318235e-01 1.188818530361940573e-01 8.781867971948262852e-01 -4.551317085504714144e-01 -8.666130695588673827e-02
1.305033542240318060e+09 1.034841506192811789e+00 -9.026141865975181311e-01 7.751282331102318235e-01 1.188818530361940573e-01 8.781867971948262852e-01 -4.551317085504714144e-01 -8.666130695588673827e-02
1.305033542271975994e+09 1.031738964627295196e+00 -8.895373192049682576e-01 7.725220742813357910e-01 1.274543222942328413e-01 8.763858574065152007e-01 -4.549680079026826029e-01 -9.331310975114683048e-02
1.305033542304127932e+09 1.031738964627295196e+00 -8.895373192049682576e-01 7.725220742813357910e-01 1.274543222942328413e-01 8.763858574065152007e-01 -4.549680079026826029e-01 -9.331310975114683048e-02
1.305033542340007067e+09 1.024867398874947932e+00 -8.783286806627566001e-01 7.755448742091083369e-01 1.357571634998291921e-01 8.758320961508142544e-01 -4.533333946042444329e-01 -9.474684821746885699e-02
1.305033542372071028e+09 1.024867398874947932e+00 -8.783286806627566001e-01 7.755448742091083369e-01 1.357571634998291921e-01 8.758320961508142544e-01 -4.533333946042444329e-01 -9.474684821746885699e-02
1.305033542407881021e+09 1.021511166162813566e+00 -8.632277866965087920e-01 7.750230613236185340e-01 1.425817676966625869e-01 8.735739040871096650e-01 -4.552226448637787803e-01 -9.649568499019067769e-02
1.305033542439965963e+09 1.021511166162813566e+00 -8.632277866965087920e-01 7.750230613236185340e-01 1.425817676966625869e-01 8.735739040871096650e-01 -4.552226448637787803e-01 -9.649568499019067769e-02
1.305033542471999884e+09 1.012782371613938803e+00 -8.483877902639079815e-01 7.733573794298930215e-01 1.477622051554543237e-01 8.717263235888740303e-01 -4.569911402230561470e-01 -9.704970503537993509e-02
1.305033542507853985e+09 1.005592438805487543e+00 -8.398851000772233899e-01 7.707963232243689733e-01 1.488440056281242208e-01 8.708391132685908698e-01 -4.580585593255509513e-01 -9.832119313123588444e-02
1.305033542540011883e+09 1.002322837635622133e+00 -8.307347643189559872e-01 7.683972400460021834e-01 1.515271821999166491e-01 8.693098525859852543e-01 -4.597273874614463685e-01 -9.995310134937854252e-02
1.305033542571969032e+09 1.002322837635622133e+00 -8.307347643189559872e-01 7.683972400460021834e-01 1.515271821999166491e-01 8.693098525859852543e-01 -4.597273874614463685e-01 -9.995310134937854252e-02
1.305033542608015060e+09 9.926849067710870056e-01 -8.161049472925751003e-01 7.723809855060378426e-01 1.603034580569233092e-01 8.679884997791971202e-01 -4.591507198242953391e-01 -1.003961257762587406e-01
1.305033542639940977e+09 9.926849067710870056e-01 -8.161049472925751003e-01 7.723809855060378426e-01 1.603034580569233092e-01 8.679884997791971202e-01 -4.591507198242953391e-01 -1.003961257762587406e-01
1.305033542672238111e+09 9.908926299059901410e-01 -8.005812052191427775e-01 7.703739249598220429e-01 1.682722253644060584e-01 8.646606666241752892e-01 -4.615318599668140065e-01 -1.050463326324169999e-01
1.305033542707959890e+09 9.884785795957675703e-01 -7.904709176033716256e-01 7.718205291541705426e-01 1.715718071271835621e-01 8.639716360052887012e-01 -4.613961459649249530e-01 -1.059703905162710375e-01
1.305033542740019083e+09 9.864528574413168327e-01 -7.786743120185924960e-01 7.699741308738045076e-01 1.741158565356988597e-01 8.630264146172363926e-01 -4.616985572467360299e-01 -1.081828009067999086e-01
1.305033542771950006e+09 9.911193912845507326e-01 -7.698050694762694768e-01 7.700256003973795504e-01 1.777381495649050791e-01 8.622465772540879314e-01 -4.607630689414882186e-01 -1.124161220754162638e-01
1.305033542808027983e+09 9.911193912845507326e-01 -7.698050694762694768e-01 7.700256003973795504e-01 1.777381495649050791e-01 8.622465772540879314e-01 -4.607630689414882186e-01 -1.124161220754162638e-01
1.305033542839939117e+09 9.904360436348272900e-01 -7.519642227047611538e-01 7.686672883778612464e-01 1.814150833606568147e-01 8.614412110631094466e-01 -4.598473476389593473e-01 -1.163959805181576102e-01
1.305033542871963978e+09 9.904360436348272900e-01 -7.519642227047611538e-01 7.686672883778612464e-01 1.814150833606568147e-01 8.614412110631094466e-01 -4.598473476389593473e-01 -1.163959805181576102e-01
1.305033542908103943e+09 9.917614087892401287e-01 -7.341650689793670637e-01 7.686086047874739480e-01 1.870089682611444926e-01 8.596122743724564641e-01 -4.600707821757455407e-01 -1.201218503283737471e-01
1.305033542939843893e+09 9.917614087892401287e-01 -7.341650689793670637e-01 7.686086047874739480e-01 1.870089682611444926e-01 8.596122743724564641e-01 -4.600707821757455407e-01 -1.201218503283737471e-01
1.305033542971973896e+09 9.870561796115140396e-01 -7.181052954799230781e-01 7.645234388325948816e-01 1.906723194904905438e-01 8.587255554625492504e-01 -4.595821936979209155e-01 -1.225507821740006165e-01
1.305033543007967949e+09 9.870561796115140396e-01 -7.181052954799230781e-01 7.645234388325948816e-01 1.906723194904905438e-01 8.587255554625492504e-01 -4.595821936979209155e-01 -1.225507821740006165e-01
1.305033543039967060e+09 9.864370404503148837e-01 -7.031772721455673558e-01 7.617756617758636439e-01 1.945859404664599945e-01 8.582789957465446484e-01 -4.579844132166016601e-01 -1.254741187804528646e-01
1.305033543072134972e+09 9.864370404503148837e-01 -7.031772721455673558e-01 7.617756617758636439e-01 1.945859404664599945e-01 8.582789957465446484e-01 -4.579844132166016601e-01 -1.254741187804528646e-01
1.305033543107924938e+09 9.857349684014670155e-01 -6.899259650031301927e-01 7.615581208927816315e-01 1.995969226604633606e-01 8.570298575641361882e-01 -4.572202083527486249e-01 -1.288820110874223657e-01
1.305033543139950991e+09 9.857349684014670155e-01 -6.899259650031301927e-01 7.615581208927816315e-01 1.995969226604633606e-01 8.570298575641361882e-01 -4.572202083527486249e-01 -1.288820110874223657e-01
1.305033543172106028e+09 9.829389359376727864e-01 -6.767888261141750128e-01 7.559391912017801030e-01 2.057336512761490654e-01 8.545918889885664171e-01 -4.588360434443712887e-01 -1.296759547636057996e-01
1.305033543207931042e+09 9.829389359376727864e-01 -6.767888261141750128e-01 7.559391912017801030e-01 2.057336512761490654e-01 8.545918889885664171e-01 -4.588360434443712887e-01 -1.296759547636057996e-01
1.305033543240032911e+09 9.840427803579868682e-01 -6.644353268784950473e-01 7.537228032159993818e-01 2.136775215449678578e-01 8.520441905825985041e-01 -4.581335867899006820e-01 -1.359272994503502030e-01
1.305033543272003889e+09 9.840427803579868682e-01 -6.644353268784950473e-01 7.537228032159993818e-01 2.136775215449678578e-01 8.520441905825985041e-01 -4.581335867899006820e-01 -1.359272994503502030e-01
1.305033543308000088e+09 9.826348541038332218e-01 -6.498611942902420280e-01 7.610581199817922915e-01 2.235426963032380032e-01 8.504981772659138128e-01 -4.556246405768467622e-01 -1.381582436775155576e-01
1.305033543339972019e+09 9.826348541038332218e-01 -6.498611942902420280e-01 7.610581199817922915e-01 2.235426963032380032e-01 8.504981772659138128e-01 -4.556246405768467622e-01 -1.381582436775155576e-01
1.305033543371989965e+09 9.846303153770608052e-01 -6.386448275895628690e-01 7.622867031837392560e-01 2.341369317187702581e-01 8.477647516628050717e-01 -4.543511123303087262e-01 -1.415623176118329940e-01
1.305033543407963991e+09 9.846303153770608052e-01 -6.386448275895628690e-01 7.622867031837392560e-01 2.341369317187702581e-01 8.477647516628050717e-01 -4.543511123303087262e-01 -1.415623176118329940e-01
1.305033543440047979e+09 9.840391770196862398e-01 -6.272488405745653139e-01 7.627749979422573379e-01 2.446620631626489628e-01 8.448785720959895995e-01 -4.520378996488945700e-01 -1.482646638381975579e-01
1.305033543471987963e+09 9.840391770196862398e-01 -6.272488405745653139e-01 7.627749979422573379e-01 2.446620631626489628e-01 8.448785720959895995e-01 -4.520378996488945700e-01 -1.482646638381975579e-01
1.305033543507966042e+09 9.842907622946922563e-01 -6.168166706886516470e-01 7.633324660498885805e-01 2.593944324343863683e-01 8.408620814980025671e-01 -4.500678524786049239e-01 -1.520013700141733815e-01
1.305033543539942980e+09 9.842907622946922563e-01 -6.168166706886516470e-01 7.633324660498885805e-01 2.593944324343863683e-01 8.408620814980025671e-01 -4.500678524786049239e-01 -1.520013700141733815e-01
1.305033543572019100e+09 9.831552492741981730e-01 -6.056913967867976201e-01 7.618390937160488541e-01 2.723567864990400489e-01 8.360203978826646898e-01 -4.498389091093403791e-01 -1.566417282314831461e-01
1.305033543608011961e+09 9.831552492741981730e-01 -6.056913967867976201e-01 7.618390937160488541e-01 2.723567864990400489e-01 8.360203978826646898e-01 -4.498389091093403791e-01 -1.566417282314831461e-01
1.305033543640626907e+09 9.891134834986261559e-01 -5.933074349517500901e-01 7.609908797010779269e-01 2.815497478021437017e-01 8.318511181804745247e-01 -4.494531850537646367e-01 -1.635398762977082754e-01
1.305033543672030926e+09 9.891134834986261559e-01 -5.933074349517500901e-01 7.609908797010779269e-01 2.815497478021437017e-01 8.318511181804745247e-01 -4.494531850537646367e-01 -1.635398762977082754e-01
1.305033543707860947e+09 9.954395859728616403e-01 -5.785887431799201508e-01 7.548893083010201899e-01 2.923483778677419265e-01 8.277854201506947840e-01 -4.467223823295602969e-01 -1.724611181392487480e-01
1.305033543739958048e+09 9.954395859728616403e-01 -5.785887431799201508e-01 7.548893083010201899e-01 2.923483778677419265e-01 8.277854201506947840e-01 -4.467223823295602969e-01 -1.724611181392487480e-01
1.305033543771927118e+09 1.000901516932275692e+00 -5.644402004601984935e-01 7.522247413177679531e-01 3.057594156066881785e-01 8.252432478258642234e-01 -4.397379507440154489e-01 -1.792074115686335123e-01
1.305033543807900906e+09 1.000901516932275692e+00 -5.644402004601984935e-01 7.522247413177679531e-01 3.057594156066881785e-01 8.252432478258642234e-01 -4.397379507440154489e-01 -1.792074115686335123e-01
1.305033543840065956e+09 1.012641729164326820e+00 -5.548834230030782466e-01 7.503168759455611792e-01 3.189138880512835672e-01 8.208156594278761542e-01 -4.354458193837776880e-01 -1.869291941543227697e-01
1.305033543872061968e+09 1.015699118737748208e+00 -5.452821293588578921e-01 7.476085186991241471e-01 3.232388290548868226e-01 8.191969170129947964e-01 -4.348615691005232042e-01 -1.879587355433668672e-01
1.305033543907963037e+09 1.013059396597408846e+00 -5.355146530799793636e-01 7.465638519903000647e-01 3.262713523782973524e-01 8.192932312824757757e-01 -4.323040859307459294e-01 -1.881987860735001572e-01
1.305033543939939976e+09 1.013059396597408846e+00 -5.355146530799793636e-01 7.465638519903000647e-01 3.262713523782973524e-01 8.192932312824757757e-01 -4.323040859307459294e-01 -1.881987860735001572e-01
1.305033543971940994e+09 1.020786757219662277e+00 -5.232134270134118914e-01 7.464782507226773722e-01 3.371740685899081713e-01 8.165785646761480887e-01 -4.266634590505332669e-01 -1.935752770707143133e-01
1.305033544007958889e+09 1.020786757219662277e+00 -5.232134270134118914e-01 7.464782507226773722e-01 3.371740685899081713e-01 8.165785646761480887e-01 -4.266634590505332669e-01 -1.935752770707143133e-01
1.305033544039988995e+09 1.028641755425583115e+00 -5.109939968617069894e-01 7.442669074475740665e-01 3.458784251095886608e-01 8.136106145873853723e-01 -4.235620858657531684e-01 -1.974868154877686133e-01
1.305033544072098017e+09 1.028641755425583115e+00 -5.109939968617069894e-01 7.442669074475740665e-01 3.458784251095886608e-01 8.136106145873853723e-01 -4.235620858657531684e-01 -1.974868154877686133e-01
1.305033544107969999e+09 1.036128657124928854e+00 -4.997115366465584296e-01 7.365558484412337847e-01 3.532733992202766182e-01 8.100871957314174088e-01 -4.212342626135433532e-01 -2.037604886031239571e-01
1.305033544139946938e+09 1.036128657124928854e+00 -4.997115366465584296e-01 7.365558484412337847e-01 3.532733992202766182e-01 8.100871957314174088e-01 -4.212342626135433532e-01 -2.037604886031239571e-01
1.305033544172048092e+09 1.042665355555211448e+00 -4.873849426702897558e-01 7.338077552528718961e-01 3.610863685444364868e-01 8.070112520272934020e-01 -4.189736712843331601e-01 -2.069070717091596734e-01
1.305033544208165884e+09 1.042665355555211448e+00 -4.873849426702897558e-01 7.338077552528718961e-01 3.610863685444364868e-01 8.070112520272934020e-01 -4.189736712843331601e-01 -2.069070717091596734e-01
1.305033544239968061e+09 1.050481002815570886e+00 -4.764015200680979945e-01 7.289812138444560219e-01 3.700672382373130231e-01 8.035461522171543081e-01 -4.163153275961324340e-01 -2.098698845688409809e-01
1.305033544272203922e+09 1.050481002815570886e+00 -4.764015200680979945e-01 7.289812138444560219e-01 3.700672382373130231e-01 8.035461522171543081e-01 -4.163153275961324340e-01 -2.098698845688409809e-01
1.305033544307976961e+09 1.058978163774309866e+00 -4.650512287537701406e-01 7.246714676270858968e-01 3.789161629816511501e-01 8.002108154690095176e-01 -4.130527763454411305e-01 -2.132430448830832659e-01
1.305033544339998960e+09 1.058978163774309866e+00 -4.650512287537701406e-01 7.246714676270858968e-01 3.789161629816511501e-01 8.002108154690095176e-01 -4.130527763454411305e-01 -2.132430448830832659e-01
1.305033544372061968e+09 1.065182051966961252e+00 -4.541806359060243103e-01 7.224672178223633390e-01 3.879910569386536001e-01 7.974885589838813793e-01 -4.088863628215804180e-01 -2.151438596009134785e-01
1.305033544407927036e+09 1.065182051966961252e+00 -4.541806359060243103e-01 7.224672178223633390e-01 3.879910569386536001e-01 7.974885589838813793e-01 -4.088863628215804180e-01 -2.151438596009134785e-01
1.305033544439901114e+09 1.071362361152583542e+00 -4.455061251475238571e-01 7.218776373956792280e-01 3.982300113986109169e-01 7.940260904587491675e-01 -4.040804446488707735e-01 -2.182989233702886667e-01
1.305033544472184896e+09 1.071362361152583542e+00 -4.455061251475238571e-01 7.218776373956792280e-01 3.982300113986109169e-01 7.940260904587491675e-01 -4.040804446488707735e-01 -2.182989233702886667e-01
1.305033544507909060e+09 1.074759776103198616e+00 -4.318211647358803917e-01 7.202851163683886559e-01 4.075967032134418799e-01 7.899036285375886646e-01 -4.028352979418154955e-01 -2.182679726501651762e-01
1.305033544539983034e+09 1.074759776103198616e+00 -4.318211647358803917e-01 7.202851163683886559e-01 4.075967032134418799e-01 7.899036285375886646e-01 -4.028352979418154955e-01 -2.182679726501651762e-01
1.305033544572058916e+09 1.080485224699005098e+00 -4.232507707208669201e-01 7.193237799166847246e-01 4.165378792625509252e-01 7.852031351474287879e-01 -4.020097957209167738e-01 -2.198644033001520004e-01
1.305033544607959986e+09 1.080485224699005098e+00 -4.232507707208669201e-01 7.193237799166847246e-01 4.165378792625509252e-01 7.852031351474287879e-01 -4.020097957209167738e-01 -2.198644033001520004e-01
1.305033544640039921e+09 1.084548584637468061e+00 -4.135116322261331856e-01 7.200128453538371387e-01 4.247616594105252941e-01 7.810610858641151566e-01 -4.000529603971833548e-01 -2.224381750532850033e-01
1.305033544672142029e+09 1.084548584637468061e+00 -4.135116322261331856e-01 7.200128453538371387e-01 4.247616594105252941e-01 7.810610858641151566e-01 -4.000529603971833548e-01 -2.224381750532850033e-01
1.305033544708156109e+09 1.087408274775385930e+00 -4.011550911093312299e-01 7.206649932215606347e-01 4.334147059697234794e-01 7.767283986701446485e-01 -3.987685119662496280e-01 -2.232226718160905954e-01
1.305033544739928007e+09 1.087408274775385930e+00 -4.011550911093312299e-01 7.206649932215606347e-01 4.334147059697234794e-01 7.767283986701446485e-01 -3.987685119662496280e-01 -2.232226718160905954e-01
1.305033544772173882e+09 1.087803293232819435e+00 -3.885356154718851984e-01 7.203945532734107315e-01 4.431110797882058527e-01 7.720357578544079225e-01 -3.960225654178324284e-01 -2.253430434758940670e-01
1.305033544807982922e+09 1.087803293232819435e+00 -3.885356154718851984e-01 7.203945532734107315e-01 4.431110797882058527e-01 7.720357578544079225e-01 -3.960225654178324284e-01 -2.253430434758940670e-01
1.305033544840009928e+09 1.087803293232819435e+00 -3.885356154718851984e-01 7.203945532734107315e-01 4.431110797882058527e-01 7.720357578544079225e-01 -3.960225654178324284e-01 -2.253430434758940670e-01
1.305033544872116089e+09 1.088138360340517696e+00 -3.721912805322626916e-01 7.244781754205795732e-01 4.569978472499999778e-01 7.643718374187993270e-01 -3.918112866732937349e-01 -2.310250579597203369e-01
1.305033544907777071e+09 1.088138360340517696e+00 -3.721912805322626916e-01 7.244781754205795732e-01 4.569978472499999778e-01 7.643718374187993270e-01 -3.918112866732937349e-01 -2.310250579597203369e-01
1.305033544939847946e+09 1.088138360340517696e+00 -3.721912805322626916e-01 7.244781754205795732e-01 4.569978472499999778e-01 7.643718374187993270e-01 -3.918112866732937349e-01 -2.310250579597203369e-01
1.305033544971988916e+09 1.087882881680231506e+00 -3.593868578069409070e-01 7.280751033945472850e-01 4.725223502348773752e-01 7.554563871402220077e-01 -3.869523546067883402e-01 -2.372259490903415591e-01
1.305033545007915020e+09 1.087882881680231506e+00 -3.593868578069409070e-01 7.280751033945472850e-01 4.725223502348773752e-01 7.554563871402220077e-01 -3.869523546067883402e-01 -2.372259490903415591e-01
1.305033545040093899e+09 1.087882881680231506e+00 -3.593868578069409070e-01 7.280751033945472850e-01 4.725223502348773752e-01 7.554563871402220077e-01 -3.869523546067883402e-01 -2.372259490903415591e-01
1.305033545071928024e+09 1.087547218935990934e+00 -3.481287963293737686e-01 7.290991814228342527e-01 4.848008622426458469e-01 7.471147155277059193e-01 -3.849198447951818203e-01 -2.421248415458348568e-01
1.305033545108140945e+09 1.087547218935990934e+00 -3.481287963293737686e-01 7.290991814228342527e-01 4.848008622426458469e-01 7.471147155277059193e-01 -3.849198447951818203e-01 -2.421248415458348568e-01
1.305033545139997005e+09 1.087547218935990934e+00 -3.481287963293737686e-01 7.290991814228342527e-01 4.848008622426458469e-01 7.471147155277059193e-01 -3.849198447951818203e-01 -2.421248415458348568e-01
1.305033545171999931e+09 1.085720085630539344e+00 -3.380996503106415974e-01 7.312436763102597714e-01 4.909820567502276578e-01 7.430009275902017540e-01 -3.808701564644462190e-01 -2.486446570191366001e-01
1.305033545207995892e+09 1.085720085630539344e+00 -3.380996503106415974e-01 7.312436763102597714e-01 4.909820567502276578e-01 7.430009275902017540e-01 -3.808701564644462190e-01 -2.486446570191366001e-01
1.305033545240042925e+09 1.085720085630539344e+00 -3.380996503106415974e-01 7.312436763102597714e-01 4.909820567502276578e-01 7.430009275902017540e-01 -3.808701564644462190e-01 -2.486446570191366001e-01
1.305033545272058964e+09 1.085720085630539344e+00 -3.380996503106415974e-01 7.312436763102597714e-01 4.909820567502276578e-01 7.430009275902017540e-01 -3.808701564644462190e-01 -2.486446570191366001e-01
1.305033545308058023e+09 1.080750132418666798e+00 -3.286697303933016068e-01 7.353295964597844625e-01 5.027309947629557962e-01 7.357511290107308088e-01 -3.759708557747513669e-01 -2.541215037577203573e-01
1.305033545339931011e+09 1.080750132418666798e+00 -3.286697303933016068e-01 7.353295964597844625e-01 5.027309947629557962e-01 7.357511290107308088e-01 -3.759708557747513669e-01 -2.541215037577203573e-01
1.305033545372092962e+09 1.080750132418666798e+00 -3.286697303933016068e-01 7.353295964597844625e-01 5.027309947629557962e-01 7.357511290107308088e-01 -3.759708557747513669e-01 -2.541215037577203573e-01
1.305033545408030987e+09 1.080750132418666798e+00 -3.286697303933016068e-01 7.353295964597844625e-01 5.027309947629557962e-01 7.357511290107308088e-01 -3.759708557747513669e-01 -2.541215037577203573e-01
1.305033545440032005e+09 1.071445411814973214e+00 -3.210232179263616814e-01 7.362163300716443315e-01 5.153353528582489407e-01 7.271007147471463261e-01 -3.737860217126529605e-01 -2.569786658088198950e-01
1.305033545472172022e+09 1.071445411814973214e+00 -3.210232179263616814e-01 7.362163300716443315e-01 5.153353528582489407e-01 7.271007147471463261e-01 -3.737860217126529605e-01 -2.569786658088198950e-01
1.305033545508019924e+09 1.071445411814973214e+00 -3.210232179263616814e-01 7.362163300716443315e-01 5.153353528582489407e-01 7.271007147471463261e-01 -3.737860217126529605e-01 -2.569786658088198950e-01
1.305033545540000916e+09 1.071445411814973214e+00 -3.210232179263616814e-01 7.362163300716443315e-01 5.153353528582489407e-01 7.271007147471463261e-01 -3.737860217126529605e-01 -2.569786658088198950e-01
1.305033545572073936e+09 1.056978895456526901e+00 -3.206114255547389824e-01 7.396591243056276355e-01 5.262049709699906375e-01 7.179676328492954340e-01 -3.734557606654995698e-01 -2.610777691282880619e-01
1.305033545608000994e+09 1.056978895456526901e+00 -3.206114255547389824e-01 7.396591243056276355e-01 5.262049709699906375e-01 7.179676328492954340e-01 -3.734557606654995698e-01 -2.610777691282880619e-01
1.305033545640202999e+09 1.056978895456526901e+00 -3.206114255547389824e-01 7.396591243056276355e-01 5.262049709699906375e-01 7.179676328492954340e-01 -3.734557606654995698e-01 -2.610777691282880619e-01
1.305033545672133923e+09 1.042315662657007591e+00 -3.181557797034649804e-01 7.459992065286431551e-01 5.350337693290273533e-01 7.111460331027187332e-01 -3.733914394015820926e-01 -2.618950519988014758e-01
1.305033545708266020e+09 1.042315662657007591e+00 -3.181557797034649804e-01 7.459992065286431551e-01 5.350337693290273533e-01 7.111460331027187332e-01 -3.733914394015820926e-01 -2.618950519988014758e-01
1.305033545740135908e+09 1.030920887869643643e+00 -3.177161403252390937e-01 7.509048245180377501e-01 5.364410424753376372e-01 7.081845397476187465e-01 -3.757715599997593081e-01 -2.636311823471833016e-01
1.305033545771903038e+09 1.030920887869643643e+00 -3.177161403252390937e-01 7.509048245180377501e-01 5.364410424753376372e-01 7.081845397476187465e-01 -3.757715599997593081e-01 -2.636311823471833016e-01
1.305033545808008909e+09 1.016913070306680877e+00 -3.185518247792761271e-01 7.510948445046788935e-01 5.385915207236219304e-01 7.040267559721666846e-01 -3.792541367064513613e-01 -2.653899027298657343e-01
1.305033545840003014e+09 1.016913070306680877e+00 -3.185518247792761271e-01 7.510948445046788935e-01 5.385915207236219304e-01 7.040267559721666846e-01 -3.792541367064513613e-01 -2.653899027298657343e-01
1.305033545872067928e+09 1.001566636801293209e+00 -3.222191148898269075e-01 7.509073437104620830e-01 5.414270658482933651e-01 6.991512851329280132e-01 -3.822300371734813629e-01 -2.682245543313321878e-01
1.305033545907982111e+09 1.001566636801293209e+00 -3.222191148898269075e-01 7.509073437104620830e-01 5.414270658482933651e-01 6.991512851329280132e-01 -3.822300371734813629e-01 -2.682245543313321878e-01
1.305033545939975977e+09 9.886342157102593342e-01 -3.220029185295562035e-01 7.516719795200409449e-01 5.435621097217292474e-01 6.952931409460707535e-01 -3.845895694909827744e-01 -2.705522945142965208e-01
1.305033545972035885e+09 9.886342157102593342e-01 -3.220029185295562035e-01 7.516719795200409449e-01 5.435621097217292474e-01 6.952931409460707535e-01 -3.845895694909827744e-01 -2.705522945142965208e-01
1.305033546008052111e+09 9.742448968203664128e-01 -3.209851152195313251e-01 7.486189984305553491e-01 5.449267667758153078e-01 6.925036281107561642e-01 -3.881768247744720735e-01 -2.698375374418919281e-01
1.305033546039978981e+09 9.742448968203664128e-01 -3.209851152195313251e-01 7.486189984305553491e-01 5.449267667758153078e-01 6.925036281107561642e-01 -3.881768247744720735e-01 -2.698375374418919281e-01
1.305033546071991920e+09 9.603450486177631529e-01 -3.193182534535994321e-01 7.497795405178597772e-01 5.456485961038123333e-01 6.931191943371017850e-01 -3.868942512584544469e-01 -2.686377306980264335e-01
1.305033546107950926e+09 9.603450486177631529e-01 -3.193182534535994321e-01 7.497795405178597772e-01 5.456485961038123333e-01 6.931191943371017850e-01 -3.868942512584544469e-01 -2.686377306980264335e-01
1.305033546139986992e+09 9.428471375579796643e-01 -3.146778463056684183e-01 7.505814102585823822e-01 5.467443317681432990e-01 6.933107786883088153e-01 -3.854781574866614768e-01 -2.679503497566403381e-01
1.305033546172246933e+09 9.428471375579796643e-01 -3.146778463056684183e-01 7.505814102585823822e-01 5.467443317681432990e-01 6.933107786883088153e-01 -3.854781574866614768e-01 -2.679503497566403381e-01
1.305033546208142042e+09 9.261724775113646668e-01 -3.151128305000883145e-01 7.512969037211555401e-01 5.529048284420507997e-01 6.890621987576728280e-01 -3.847896834239391550e-01 -2.672572477206417441e-01
1.305033546240499020e+09 9.261724775113646668e-01 -3.151128305000883145e-01 7.512969037211555401e-01 5.529048284420507997e-01 6.890621987576728280e-01 -3.847896834239391550e-01 -2.672572477206417441e-01
1.305033546271986961e+09 9.034526862814764581e-01 -3.069109585030899146e-01 7.493223403086554102e-01 5.565996431096784658e-01 6.861428455951785743e-01 -3.848989120398671471e-01 -2.669413048579339365e-01
1.305033546308217049e+09 9.034526862814764581e-01 -3.069109585030899146e-01 7.493223403086554102e-01 5.565996431096784658e-01 6.861428455951785743e-01 -3.848989120398671471e-01 -2.669413048579339365e-01
1.305033546339927912e+09 8.854473107486589001e-01 -3.036829175306291484e-01 7.491475599094649107e-01 5.591614045806202471e-01 6.829643356109049712e-01 -3.836184758973270048e-01 -2.715420867217362422e-01
1.305033546372019053e+09 8.736072049321216282e-01 -3.024366151702617689e-01 7.500984389552354248e-01 5.601096757231837087e-01 6.826701024568732068e-01 -3.811909371243046296e-01 -2.737373774753581457e-01
1.305033546407778025e+09 8.627434408298707558e-01 -3.014312429967284102e-01 7.508050801625271164e-01 5.596820416978007806e-01 6.827017742670107303e-01 -3.794730445041170630e-01 -2.769016217150651604e-01
1.305033546439943075e+09 8.526107113627398038e-01 -2.979986136666609164e-01 7.444108939891876942e-01 5.593833607683229570e-01 6.806241143657922876e-01 -3.808699832971020882e-01 -2.806761950408015460e-01
1.305033546472094059e+09 8.526107113627398038e-01 -2.979986136666609164e-01 7.444108939891876942e-01 5.593833607683229570e-01 6.806241143657922876e-01 -3.808699832971020882e-01 -2.806761950408015460e-01
1.305033546507882118e+09 8.345966075920300264e-01 -3.003651646804537112e-01 7.471649669763634760e-01 5.667570563939202666e-01 6.765345276239685957e-01 -3.765578426861003747e-01 -2.815877537676353404e-01
1.305033546539973974e+09 8.220912701508145126e-01 -2.965696715389589677e-01 7.461170152727298888e-01 5.685353651847792067e-01 6.750712729842742732e-01 -3.770479528125640911e-01 -2.808578932582377341e-01
1.305033546572101116e+09 8.117654998166978775e-01 -2.970422193881110395e-01 7.468903653087192174e-01 5.692951731970309348e-01 6.744556781183717042e-01 -3.750755575052279189e-01 -2.834270103405681640e-01
1.305033546607955933e+09 8.016814103799909663e-01 -2.988439074760739222e-01 7.492915027829599728e-01 5.692048086273024943e-01 6.742876130298790516e-01 -3.738946942574169485e-01 -2.855606036486417199e-01
1.305033546640064001e+09 8.016814103799909663e-01 -2.988439074760739222e-01 7.492915027829599728e-01 5.692048086273024943e-01 6.742876130298790516e-01 -3.738946942574169485e-01 -2.855606036486417199e-01
1.305033546672139883e+09 7.829860666763959198e-01 -2.994060665490082540e-01 7.496034685287397137e-01 5.671364289787745872e-01 6.741965886266291230e-01 -3.765678182423553011e-01 -2.863772146550968567e-01
1.305033546707998037e+09 7.829860666763959198e-01 -2.994060665490082540e-01 7.496034685287397137e-01 5.671364289787745872e-01 6.741965886266291230e-01 -3.765678182423553011e-01 -2.863772146550968567e-01
1.305033546739974976e+09 7.662293764574434896e-01 -2.998853612032156279e-01 7.486184954776131661e-01 5.712979229809698190e-01 6.700537446050891521e-01 -3.770723259796200377e-01 -2.871639314375100671e-01
1.305033546771996975e+09 7.662293764574434896e-01 -2.998853612032156279e-01 7.486184954776131661e-01 5.712979229809698190e-01 6.700537446050891521e-01 -3.770723259796200377e-01 -2.871639314375100671e-01
1.305033546807960033e+09 7.487186124331528525e-01 -2.987034789846830796e-01 7.475919558576271662e-01 5.750477211453598470e-01 6.667105599511454761e-01 -3.747350624998152524e-01 -2.905009132316419551e-01
1.305033546839977980e+09 7.487186124331528525e-01 -2.987034789846830796e-01 7.475919558576271662e-01 5.750477211453598470e-01 6.667105599511454761e-01 -3.747350624998152524e-01 -2.905009132316419551e-01
1.305033546871990919e+09 7.335308188530481610e-01 -2.992164061502321504e-01 7.540050983131199036e-01 5.785976381126489709e-01 6.649786505922923308e-01 -3.701951410704182877e-01 -2.932298159375529845e-01
1.305033546907958984e+09 7.295379557697196926e-01 -3.093900017078878850e-01 7.592445073899003471e-01 5.806208463490363236e-01 6.635162470481219543e-01 -3.662068796615518540e-01 -2.975199892051862416e-01
1.305033546940042019e+09 7.295379557697196926e-01 -3.093900017078878850e-01 7.592445073899003471e-01 5.806208463490363236e-01 6.635162470481219543e-01 -3.662068796615518540e-01 -2.975199892051862416e-01
1.305033546972132921e+09 7.114019944584089039e-01 -3.102706096850206263e-01 7.582911660349808125e-01 5.809388975297888891e-01 6.613932886439239933e-01 -3.687553207215404361e-01 -2.984768475329406812e-01
1.305033547007986069e+09 7.114019944584089039e-01 -3.102706096850206263e-01 7.582911660349808125e-01 5.809388975297888891e-01 6.613932886439239933e-01 -3.687553207215404361e-01 -2.984768475329406812e-01
1.305033547039973021e+09 6.955320000550161419e-01 -3.079141186486461512e-01 7.613219555239356673e-01 5.810990033491951756e-01 6.601131233775452412e-01 -3.706408764356970975e-01 -2.986636123907502327e-01
1.305033547072051048e+09 6.955320000550161419e-01 -3.079141186486461512e-01 7.613219555239356673e-01 5.810990033491951756e-01 6.601131233775452412e-01 -3.706408764356970975e-01 -2.986636123907502327e-01
1.305033547107973099e+09 6.816063685271018802e-01 -3.057071025951970666e-01 7.663011377918944600e-01 5.817536835986599764e-01 6.598343308790896033e-01 -3.681124160710453896e-01 -3.011221621652447888e-01
1.305033547139964104e+09 6.816063685271018802e-01 -3.057071025951970666e-01 7.663011377918944600e-01 5.817536835986599764e-01 6.598343308790896033e-01 -3.681124160710453896e-01 -3.011221621652447888e-01
1.305033547171989918e+09 6.633968725009521394e-01 -3.037269557710590151e-01 7.710143609011322896e-01 5.823796682665495217e-01 6.606121750102544876e-01 -3.648226773660920852e-01 -3.022083557703212353e-01
1.305033547208019018e+09 6.633968725009521394e-01 -3.037269557710590151e-01 7.710143609011322896e-01 5.823796682665495217e-01 6.606121750102544876e-01 -3.648226773660920852e-01 -3.022083557703212353e-01
1.305033547240019083e+09 6.490754652397437985e-01 -3.078954879577480153e-01 7.721101246583786937e-01 5.858807207632855674e-01 6.573085173053859753e-01 -3.624346251234118466e-01 -3.055003054455757705e-01
1.305033547272007942e+09 6.490754652397437985e-01 -3.078954879577480153e-01 7.721101246583786937e-01 5.858807207632855674e-01 6.573085173053859753e-01 -3.624346251234118466e-01 -3.055003054455757705e-01
1.305033547307975054e+09 6.333829449266810130e-01 -3.094547377314952330e-01 7.740860704335622566e-01 5.897282626267166261e-01 6.542160544346177220e-01 -3.596742173339408932e-01 -3.079876422269124947e-01
1.305033547340020895e+09 6.333829449266810130e-01 -3.094547377314952330e-01 7.740860704335622566e-01 5.897282626267166261e-01 6.542160544346177220e-01 -3.596742173339408932e-01 -3.079876422269124947e-01
1.305033547372226954e+09 6.145274461975149816e-01 -3.091149560179666800e-01 7.778141457704732531e-01 5.944297226548691526e-01 6.516818584727175345e-01 -3.563710788467919222e-01 -3.081618313866495429e-01
1.305033547407923937e+09 6.045646634683572440e-01 -3.099473296968272562e-01 7.796846964104904298e-01 5.978975238504768974e-01 6.491746860558298415e-01 -3.540659488170734281e-01 -3.093995504942581576e-01
1.305033547440119028e+09 6.045646634683572440e-01 -3.099473296968272562e-01 7.796846964104904298e-01 5.978975238504768974e-01 6.491746860558298415e-01 -3.540659488170734281e-01 -3.093995504942581576e-01
1.305033547472121000e+09 5.883813043949525090e-01 -3.151340188878249959e-01 7.805559241397486137e-01 6.039166127528757810e-01 6.435849631319304764e-01 -3.520146231908857226e-01 -3.117191446339854788e-01
1.305033547508002043e+09 5.778949977639046276e-01 -3.130706464593672189e-01 7.786698185338173372e-01 6.038068999477459453e-01 6.434050851221334577e-01 -3.526430819632694891e-01 -3.115926519639381498e-01
1.305033547540002108e+09 5.683894739296602161e-01 -3.141500676065980269e-01 7.825655377449922678e-01 6.042121444139875175e-01 6.434153863891654002e-01 -3.498539692884401475e-01 -3.139212087028445120e-01
1.305033547571944952e+09 5.683894739296602161e-01 -3.141500676065980269e-01 7.825655377449922678e-01 6.042121444139875175e-01 6.434153863891654002e-01 -3.498539692884401475e-01 -3.139212087028445120e-01
1.305033547607867002e+09 5.521338440841018214e-01 -3.175397340221343123e-01 7.865822083479532267e-01 6.080392770402679448e-01 6.395117125126253965e-01 -3.472440243556272899e-01 -3.173871369240189311e-01
1.305033547639866114e+09 5.521338440841018214e-01 -3.175397340221343123e-01 7.865822083479532267e-01 6.080392770402679448e-01 6.395117125126253965e-01 -3.472440243556272899e-01 -3.173871369240189311e-01
1.305033547672080994e+09 5.345104391832258273e-01 -3.174240384104405344e-01 7.868090091171610068e-01 6.101243574293340188e-01 6.375038215216157766e-01 -3.463434743280109362e-01 -3.184075121714003975e-01
1.305033547707937002e+09 5.345104391832258273e-01 -3.174240384104405344e-01 7.868090091171610068e-01 6.101243574293340188e-01 6.375038215216157766e-01 -3.463434743280109362e-01 -3.184075121714003975e-01
1.305033547739860058e+09 5.186067105184601900e-01 -3.202363783640646000e-01 7.907162773052899274e-01 6.090843055812584783e-01 6.381260665243175811e-01 -3.434105608686550681e-01 -3.223051637822050841e-01
1.305033547771903038e+09 5.186067105184601900e-01 -3.202363783640646000e-01 7.907162773052899274e-01 6.090843055812584783e-01 6.381260665243175811e-01 -3.434105608686550681e-01 -3.223051637822050841e-01
1.305033547807956934e+09 5.017173085930406451e-01 -3.226162056282271262e-01 7.918270080797396027e-01 6.116625656775218633e-01 6.349331767754078371e-01 -3.446604953542006244e-01 -3.223940286681456491e-01
1.305033547839912891e+09 4.913924601932195824e-01 -3.228253990445555388e-01 7.925702989934648723e-01 6.127659073628879405e-01 6.338471359312920494e-01 -3.454957986727344443e-01 -3.215406726137833848e-01
1.305033547872133017e+09 4.913924601932195824e-01 -3.228253990445555388e-01 7.925702989934648723e-01 6.127659073628879405e-01 6.338471359312920494e-01 -3.454957986727344443e-01 -3.215406726137833848e-01
1.305033547907861948e+09 4.771668127204224952e-01 -3.266761321040312360e-01 7.926053465541587073e-01 6.128842108055115867e-01 6.326730851322146520e-01 -3.468455183113156592e-01 -3.221737076825879065e-01
1.305033547940012932e+09 4.771668127204224952e-01 -3.266761321040312360e-01 7.926053465541587073e-01 6.128842108055115867e-01 6.326730851322146520e-01 -3.468455183113156592e-01 -3.221737076825879065e-01
1.305033547972166061e+09 4.588561293178519129e-01 -3.272252908613795253e-01 7.906853711508905480e-01 6.124321356145339124e-01 6.346323545244548781e-01 -3.468995638172525653e-01 -3.191071081639635931e-01
1.305033548007950068e+09 4.489462431542332599e-01 -3.248886206144074862e-01 7.921980698192804260e-01 6.122186372813395172e-01 6.361977521876609476e-01 -3.470687802672967059e-01 -3.162025016354522156e-01
1.305033548040011883e+09 4.385359169282587732e-01 -3.252357308413212911e-01 7.946606254170232031e-01 6.113651525673238218e-01 6.379000445473339553e-01 -3.469594637867222664e-01 -3.145398446646663904e-01
1.305033548072058916e+09 4.286177803171833389e-01 -3.274304046197110685e-01 7.921055582137084272e-01 6.093335936649741935e-01 6.387554151070595765e-01 -3.492439359050377723e-01 -3.142177024553104436e-01
1.305033548107983112e+09 4.179916948020185874e-01 -3.244757982182051581e-01 7.898546158339945222e-01 6.066699579826259070e-01 6.403762867459139585e-01 -3.521995903901383174e-01 -3.127702383282219278e-01
1.305033548140062094e+09 4.179916948020185874e-01 -3.244757982182051581e-01 7.898546158339945222e-01 6.066699579826259070e-01 6.403762867459139585e-01 -3.521995903901383174e-01 -3.127702383282219278e-01
1.305033548172075987e+09 3.985682570217654597e-01 -3.264500208999390196e-01 7.892169944015369198e-01 6.053332641812186887e-01 6.421064765314425937e-01 -3.526224878301532084e-01 -3.113330903526967952e-01
1.305033548207984924e+09 3.885668939052548954e-01 -3.245758723001682666e-01 7.911421563083942399e-01 6.050444135015172753e-01 6.431834082009801890e-01 -3.542076882005897875e-01 -3.078526834789165889e-01
1.305033548239985943e+09 3.885668939052548954e-01 -3.245758723001682666e-01 7.911421563083942399e-01 6.050444135015172753e-01 6.431834082009801890e-01 -3.542076882005897875e-01 -3.078526834789165889e-01
1.305033548272093058e+09 3.695024491361686980e-01 -3.238563781521069940e-01 7.891110673336683146e-01 6.017262193629543399e-01 6.460879331343221121e-01 -3.575375119531598034e-01 -3.044057606809201233e-01
1.305033548308005095e+09 3.695024491361686980e-01 -3.238563781521069940e-01 7.891110673336683146e-01 6.017262193629543399e-01 6.460879331343221121e-01 -3.575375119531598034e-01 -3.044057606809201233e-01
1.305033548340012074e+09 3.497800552633112403e-01 -3.204802003324821458e-01 7.891833001652454049e-01 5.990134262882859106e-01 6.489592398054280231e-01 -3.602988456059910138e-01 -3.003657138431736207e-01
1.305033548371963024e+09 3.402750572247910110e-01 -3.227608646335744513e-01 7.919319578905430479e-01 5.992030969799453377e-01 6.492211046544854591e-01 -3.604814676809288132e-01 -2.992001291768693338e-01
1.305033548408013105e+09 3.402750572247910110e-01 -3.227608646335744513e-01 7.919319578905430479e-01 5.992030969799453377e-01 6.492211046544854591e-01 -3.604814676809288132e-01 -2.992001291768693338e-01
1.305033548439832926e+09 3.237865419803289679e-01 -3.213429927004106679e-01 7.933655420965612937e-01 5.987715768606589606e-01 6.489210097321054249e-01 -3.635557739937219646e-01 -2.969870722235067317e-01
1.305033548472090006e+09 3.237865419803289679e-01 -3.213429927004106679e-01 7.933655420965612937e-01 5.987715768606589606e-01 6.489210097321054249e-01 -3.635557739937219646e-01 -2.969870722235067317e-01
1.305033548507972002e+09 3.069387334971629411e-01 -3.183139556772125456e-01 7.904703503602397152e-01 5.984426747814578507e-01 6.485649329463010204e-01 -3.642572797379066696e-01 -2.975676845874138943e-01
1.305033548540004015e+09 2.984736150576834390e-01 -3.232059972741728737e-01 7.870034080329172399e-01 5.988791672794786525e-01 6.475265294150922557e-01 -3.630482086771661954e-01 -3.004149378419533889e-01
1.305033548572101116e+09 2.984736150576834390e-01 -3.232059972741728737e-01 7.870034080329172399e-01 5.988791672794786525e-01 6.475265294150922557e-01 -3.630482086771661954e-01 -3.004149378419533889e-01
1.305033548607940912e+09 2.806396354175904051e-01 -3.214700598227910877e-01 7.916790680695207083e-01 5.983552887551979449e-01 6.492988089583296984e-01 -3.625231459439691162e-01 -2.982599097412618194e-01
1.305033548639976978e+09 2.806396354175904051e-01 -3.214700598227910877e-01 7.916790680695207083e-01 5.983552887551979449e-01 6.492988089583296984e-01 -3.625231459439691162e-01 -2.982599097412618194e-01
1.305033548671979904e+09 2.633920255364359253e-01 -3.230167956325633583e-01 7.937664464409628362e-01 5.961208920461785743e-01 6.508638371979654780e-01 -3.615262322782291649e-01 -3.005244264094291129e-01
1.305033548708004951e+09 2.633920255364359253e-01 -3.230167956325633583e-01 7.937664464409628362e-01 5.961208920461785743e-01 6.508638371979654780e-01 -3.615262322782291649e-01 -3.005244264094291129e-01
1.305033548740008116e+09 2.474740451493084858e-01 -3.216013757203886048e-01 7.981723172563223168e-01 5.968569177920728386e-01 6.507006042282185154e-01 -3.605202040271776043e-01 -3.006255575113005452e-01
1.305033548772033930e+09 2.474740451493084858e-01 -3.216013757203886048e-01 7.981723172563223168e-01 5.968569177920728386e-01 6.507006042282185154e-01 -3.605202040271776043e-01 -3.006255575113005452e-01
1.305033548808013916e+09 2.313142835027335309e-01 -3.239732514026391064e-01 8.017477678448051703e-01 5.966010680747348971e-01 6.516674104051594085e-01 -3.590552674887587115e-01 -3.007923979699205774e-01
1.305033548839885950e+09 2.222316212923016732e-01 -3.178687049163658740e-01 8.008157115269629589e-01 5.943249411543117811e-01 6.540579556143184536e-01 -3.611192344807389043e-01 -2.976221656859368014e-01
1.305033548871998072e+09 2.222316212923016732e-01 -3.178687049163658740e-01 8.008157115269629589e-01 5.943249411543117811e-01 6.540579556143184536e-01 -3.611192344807389043e-01 -2.976221656859368014e-01
1.305033548907968044e+09 2.047695454253208869e-01 -3.195381630850520072e-01 8.006227275170341162e-01 5.910560214684379421e-01 6.578131227702908035e-01 -3.588847876146776250e-01 -2.985571707661153762e-01
1.305033548939893007e+09 2.047695454253208869e-01 -3.195381630850520072e-01 8.006227275170341162e-01 5.910560214684379421e-01 6.578131227702908035e-01 -3.588847876146776250e-01 -2.985571707661153762e-01
1.305033548972156048e+09 1.891256597124371108e-01 -3.180970192615367731e-01 8.025984243643773386e-01 5.890806378067139359e-01 6.603556291890793073e-01 -3.559589981586348539e-01 -3.003458619482402558e-01
1.305033549008413076e+09 1.891256597124371108e-01 -3.180970192615367731e-01 8.025984243643773386e-01 5.890806378067139359e-01 6.603556291890793073e-01 -3.559589981586348539e-01 -3.003458619482402558e-01
1.305033549040009022e+09 1.717235008756525794e-01 -3.212812105109129623e-01 8.061131442884365006e-01 5.908038191066549150e-01 6.610294376956898921e-01 -3.505061187894832342e-01 -3.018880430223160882e-01
1.305033549071865082e+09 1.717235008756525794e-01 -3.212812105109129623e-01 8.061131442884365006e-01 5.908038191066549150e-01 6.610294376956898921e-01 -3.505061187894832342e-01 -3.018880430223160882e-01
1.305033549108050108e+09 1.534722582486378606e-01 -3.240617677903347982e-01 8.074611678144956173e-01 5.938728904068453218e-01 6.601019220721965342e-01 -3.489339255874858714e-01 -2.997091224679652166e-01
1.305033549140011072e+09 1.428789890398973750e-01 -3.251327470613616377e-01 8.106640427685816164e-01 5.935235775864731167e-01 6.612968508647897314e-01 -3.477654451002898384e-01 -2.991244441356525341e-01
1.305033549171993971e+09 1.331471617776922578e-01 -3.276334051780473988e-01 8.160133565622534890e-01 5.929156925900470609e-01 6.629151078554778032e-01 -3.455211499376612538e-01 -2.993487534685611018e-01
1.305033549207990885e+09 1.223637160520658629e-01 -3.280201183804075660e-01 8.153029791106629620e-01 5.916996705406170065e-01 6.633010022998652166e-01 -3.463533303998259094e-01 -2.999377447922628726e-01
1.305033549240016937e+09 1.113985239881662981e-01 -3.350457325254073693e-01 8.160318944033572164e-01 5.931043893215605101e-01 6.617473667404425441e-01 -3.454651510498118472e-01 -3.016147134834763488e-01
1.305033549271996021e+09 1.113985239881662981e-01 -3.350457325254073693e-01 8.160318944033572164e-01 5.931043893215605101e-01 6.617473667404425441e-01 -3.454651510498118472e-01 -3.016147134834763488e-01
1.305033549307929993e+09 9.228193701210773980e-02 -3.357945168540681369e-01 8.149190416716721730e-01 5.947330911487360705e-01 6.575141979403048564e-01 -3.504265104054682944e-01 -3.019418662667252562e-01
1.305033549339823961e+09 8.027739318410120894e-02 -3.311790789971778004e-01 8.169725232636587675e-01 5.951519632684083572e-01 6.573647232360554371e-01 -3.518123363895203637e-01 -2.998230165058884955e-01
1.305033549371997118e+09 8.027739318410120894e-02 -3.311790789971778004e-01 8.169725232636587675e-01 5.951519632684083572e-01 6.573647232360554371e-01 -3.518123363895203637e-01 -2.998230165058884955e-01
1.305033549407979012e+09 6.376297901760263898e-02 -3.304581217322190012e-01 8.146096928717790897e-01 5.967849976874595175e-01 6.564088146251825240e-01 -3.501889393181156773e-01 -3.005708591942913843e-01
1.305033549440046072e+09 5.434914118998768195e-02 -3.259077087212634005e-01 8.145838796198143772e-01 5.963341812126579100e-01 6.573554525950193739e-01 -3.504812191499194207e-01 -2.990522835295066906e-01
1.305033549471996069e+09 5.434914118998768195e-02 -3.259077087212634005e-01 8.145838796198143772e-01 5.963341812126579100e-01 6.573554525950193739e-01 -3.504812191499194207e-01 -2.990522835295066906e-01
1.305033549507981062e+09 3.654981300069848338e-02 -3.278621350165060733e-01 8.126844955174676866e-01 5.966382851671084842e-01 6.569611093450524741e-01 -3.495696111618747937e-01 -3.003763380046865494e-01
1.305033549540004969e+09 2.678744500648089222e-02 -3.246935588208538226e-01 8.165002592342233134e-01 5.964048748048492721e-01 6.582401967512564456e-01 -3.487928501856017993e-01 -2.989391515832004464e-01
1.305033549572036028e+09 2.678744500648089222e-02 -3.246935588208538226e-01 8.165002592342233134e-01 5.964048748048492721e-01 6.582401967512564456e-01 -3.487928501856017993e-01 -2.989391515832004464e-01
1.305033549607937098e+09 9.430478919803864102e-03 -3.245584642620122917e-01 8.159015193736575133e-01 5.942362000793849353e-01 6.600117510791349007e-01 -3.489040014565747971e-01 -2.992220324779870100e-01
1.305033549640078068e+09 -5.737810004902144101e-07 -3.204434548399762717e-01 8.155453102825229728e-01 5.924392591925067286e-01 6.624470838923244287e-01 -3.496307874306203711e-01 -2.965432475890047992e-01
1.305033549672038078e+09 -5.737810004902144101e-07 -3.204434548399762717e-01 8.155453102825229728e-01 5.924392591925067286e-01 6.624470838923244287e-01 -3.496307874306203711e-01 -2.965432475890047992e-01
1.305033549707959890e+09 -1.956060203585296975e-02 -3.208376452817510716e-01 8.189187007019798070e-01 5.910837922262830446e-01 6.667180307695509400e-01 -3.492897665545678376e-01 -2.900063395762648155e-01
1.305033549739984035e+09 -3.315025865664389393e-02 -3.201395584009364415e-01 8.216961272077449863e-01 5.875619965390508348e-01 6.708868019686273776e-01 -3.500761667800263433e-01 -2.865806633741279086e-01
1.305033549772048950e+09 -4.154324056285840783e-02 -3.154629388073217910e-01 8.179305846018307680e-01 5.830568382963599028e-01 6.725725458746693031e-01 -3.558551364139340700e-01 -2.847068944359070208e-01
1.305033549807960033e+09 -5.212189725257898587e-02 -3.138959793436135737e-01 8.160926174638946096e-01 5.789383104403210689e-01 6.757362291221726824e-01 -3.596514042895214147e-01 -2.808235188669716553e-01
1.305033549839997053e+09 -6.856652371595850504e-02 -3.087783902080950549e-01 8.179503898493533098e-01 5.745993594404547045e-01 6.806673885963102633e-01 -3.618420880022512609e-01 -2.749505147881516898e-01
1.305033549871994019e+09 -7.890475161149179684e-02 -3.112043623537468218e-01 8.185902361539975081e-01 5.722964835186614696e-01 6.822751001861104836e-01 -3.624776753919951577e-01 -2.749315505005252014e-01
1.305033549907983065e+09 -9.281447859227598407e-02 -3.099951936386842188e-01 8.235044998848184417e-01 5.687187519048717554e-01 6.858652614467404263e-01 -3.638979807665027044e-01 -2.715254757226681637e-01
1.305033549939937115e+09 -1.062978140299706276e-01 -3.122863961220245788e-01 8.306489850105728268e-01 5.656633981003010847e-01 6.889455452195527574e-01 -3.647833535568451024e-01 -2.689090194463089056e-01
1.305033549971986055e+09 -1.183383538732378781e-01 -3.121976621917774697e-01 8.338832971806904304e-01 5.607801565921562981e-01 6.916099504777500906e-01 -3.677471991141565422e-01 -2.682597433763274641e-01
1.305033550007989883e+09 -1.282673965169889296e-01 -3.107401080917734371e-01 8.319951554406637140e-01 5.547566912837412767e-01 6.937299662670595168e-01 -3.728525288282361072e-01 -2.682624444930921670e-01
1.305033550040087938e+09 -1.411001307349599720e-01 -3.093138153255289291e-01 8.405226690332160411e-01 5.488380925983850078e-01 6.987836623899996713e-01 -3.729637023452809785e-01 -2.671632797049142694e-01
1.305033550072002888e+09 -1.520793577912704642e-01 -3.102206208428344159e-01 8.409901924474857404e-01 5.434701563313121264e-01 7.008591454975741097e-01 -3.758293485032567216e-01 -2.686800107065036580e-01
1.305033550107985973e+09 -1.654288393787726186e-01 -3.094314020072380655e-01 8.511410231951135330e-01 5.400768019631680961e-01 7.030488555416031238e-01 -3.767511377617486223e-01 -2.685105861937415184e-01
1.305033550139998913e+09 -1.790261792612914959e-01 -3.121427878903911823e-01 8.529769139803524691e-01 5.361356916271634576e-01 7.031971389340159195e-01 -3.806170937648790664e-01 -2.705604034082865206e-01
1.305033550172048092e+09 -1.790261792612914959e-01 -3.121427878903911823e-01 8.529769139803524691e-01 5.361356916271634576e-01 7.031971389340159195e-01 -3.806170937648790664e-01 -2.705604034082865206e-01
1.305033550207964897e+09 -2.006219019848098917e-01 -3.144518949613520631e-01 8.529278791408987370e-01 5.267972152710783673e-01 7.037674289702212649e-01 -3.883868307922248575e-01 -2.763182396629897397e-01
1.305033550240031004e+09 -2.114474512935371475e-01 -3.148463493456281626e-01 8.581000434194316906e-01 5.243595791791192395e-01 7.042320787793459047e-01 -3.897998645971126885e-01 -2.777773865909366480e-01
1.305033550271998882e+09 -2.233322984185794891e-01 -3.153565913724883929e-01 8.544630128866106400e-01 5.215966146791983782e-01 7.031619578474427312e-01 -3.941080251168017634e-01 -2.796052523288602987e-01
1.305033550307969093e+09 -2.303429702076233987e-01 -3.240520246262904580e-01 8.457661305512522709e-01 5.167727321893851311e-01 7.013180720746112762e-01 -3.980754489007460872e-01 -2.874627663359863305e-01
1.305033550339998960e+09 -2.431026096669517411e-01 -3.405502586192319381e-01 8.427214809592096234e-01 5.144561129211273620e-01 7.018395565027462091e-01 -3.956825761749197534e-01 -2.935837933498566810e-01
1.305033550372041941e+09 -2.517395042715497855e-01 -3.669562694002852510e-01 8.536923719780247222e-01 5.154849646445943678e-01 7.053068933028552312e-01 -3.823680979882332909e-01 -3.010183966565775360e-01
1.305033550407993078e+09 -2.642805831044363618e-01 -3.707420623103383495e-01 8.522920786511174462e-01 5.128879454756705147e-01 7.065312746177434544e-01 -3.828592323152891774e-01 -3.019574831060161113e-01
1.305033550439997911e+09 -2.655871361022315025e-01 -4.071795715939710014e-01 8.106456880706909285e-01 5.072425308590889914e-01 6.999411734969048782e-01 -3.871000376173475699e-01 -3.208440889405478336e-01
1.305033550471997976e+09 -2.741924258035484119e-01 -4.145658620414736095e-01 8.163460988444763977e-01 5.015507396883129854e-01 7.032335646532439366e-01 -3.860016922380359317e-01 -3.239013779726329090e-01
1.305033550507973909e+09 -2.850562705873704861e-01 -4.180173930413499939e-01 8.124349255296277050e-01 4.985848557602485798e-01 7.044348712062248330e-01 -3.887454395790701511e-01 -3.225858599530938564e-01
1.305033550540051937e+09 -2.923291567769743526e-01 -4.261084237163786925e-01 8.135887844253545387e-01 4.957392060270401357e-01 7.064826042312348786e-01 -3.888452537035919088e-01 -3.223729799448483702e-01
1.305033550572005987e+09 -2.986737240569266039e-01 -4.364976125760532399e-01 8.119968262714452045e-01 4.938547358813475396e-01 7.077178743015538620e-01 -3.893436849604054451e-01 -3.219540420977922146e-01
1.305033550608021021e+09 -3.064415289799622411e-01 -4.433296614231209132e-01 8.133953929323146648e-01 4.905023297821778372e-01 7.101786352381483924e-01 -3.925010971167808838e-01 -3.177997156884506680e-01
1.305033550640048981e+09 -3.158966666845763882e-01 -4.502292445124372877e-01 8.082267377834404520e-01 4.837480604163145737e-01 7.126291337629773182e-01 -3.971303792773746566e-01 -3.169148049723945482e-01
1.305033550671947002e+09 -3.158966666845763882e-01 -4.502292445124372877e-01 8.082267377834404520e-01 4.837480604163145737e-01 7.126291337629773182e-01 -3.971303792773746566e-01 -3.169148049723945482e-01
1.305033550708008051e+09 -3.262394831087878089e-01 -4.678240967112278215e-01 8.062302755965148338e-01 4.752453916343003515e-01 7.173955843044239611e-01 -4.050242299144886093e-01 -3.089348904430352927e-01
1.305033550739973068e+09 -3.361950556298929360e-01 -4.801024322080194029e-01 8.005176349350774379e-01 4.722172726706722057e-01 7.187940598928261871e-01 -4.097391655103634900e-01 -3.040719702654800516e-01
1.305033550940001965e+09 -4.007394548204699092e-01 -5.530379921798319609e-01 7.676314350966073619e-01 4.336654510435088983e-01 7.261315472045500874e-01 -4.430560522672319368e-01 -2.972685440387737854e-01
1.305033551071927071e+09 -4.155622428022547332e-01 -5.978212577898633917e-01 7.835772438836661191e-01 4.106605482400856877e-01 7.334439752506500820e-01 -4.600757029351206784e-01 -2.859164158568558989e-01
1.305033551107954025e+09 -4.141157784002666986e-01 -6.130464498142584873e-01 7.896342026576204098e-01 3.997705926517138297e-01 7.384748029290848503e-01 -4.620983588538155606e-01 -2.851377657104671171e-01
1.305033551139974117e+09 -4.241775718141014284e-01 -6.291244894139298438e-01 7.627713411843992652e-01 3.842113942555059891e-01 7.387658533099643599e-01 -4.736194763094818128e-01 -2.868644456320310066e-01
1.305033551172173023e+09 -4.241775718141014284e-01 -6.291244894139298438e-01 7.627713411843992652e-01 3.842113942555059891e-01 7.387658533099643599e-01 -4.736194763094818128e-01 -2.868644456320310066e-01
1.305033551208178043e+09 -4.241775718141014284e-01 -6.291244894139298438e-01 7.627713411843992652e-01 3.842113942555059891e-01 7.387658533099643599e-01 -4.736194763094818128e-01 -2.868644456320310066e-01
1.305033551239972115e+09 -4.241775718141014284e-01 -6.291244894139298438e-01 7.627713411843992652e-01 3.842113942555059891e-01 7.387658533099643599e-01 -4.736194763094818128e-01 -2.868644456320310066e-01
1.305033551272480011e+09 -4.241775718141014284e-01 -6.291244894139298438e-01 7.627713411843992652e-01 3.842113942555059891e-01 7.387658533099643599e-01 -4.736194763094818128e-01 -2.868644456320310066e-01
1.305033551307991982e+09 -4.241775718141014284e-01 -6.291244894139298438e-01 7.627713411843992652e-01 3.842113942555059891e-01 7.387658533099643599e-01 -4.736194763094818128e-01 -2.868644456320310066e-01
1.305033551339823008e+09 -4.241775718141014284e-01 -6.291244894139298438e-01 7.627713411843992652e-01 3.842113942555059891e-01 7.387658533099643599e-01 -4.736194763094818128e-01 -2.868644456320310066e-01
1.305033551372200966e+09 -4.241775718141014284e-01 -6.291244894139298438e-01 7.627713411843992652e-01 3.842113942555059891e-01 7.387658533099643599e-01 -4.736194763094818128e-01 -2.868644456320310066e-01
1.305033551407983065e+09 -4.241775718141014284e-01 -6.291244894139298438e-01 7.627713411843992652e-01 3.842113942555059891e-01 7.387658533099643599e-01 -4.736194763094818128e-01 -2.868644456320310066e-01
1.305033551440025091e+09 -4.241775718141014284e-01 -6.291244894139298438e-01 7.627713411843992652e-01 3.842113942555059891e-01 7.387658533099643599e-01 -4.736194763094818128e-01 -2.868644456320310066e-01
1.305033551471981049e+09 -4.241775718141014284e-01 -6.291244894139298438e-01 7.627713411843992652e-01 3.842113942555059891e-01 7.387658533099643599e-01 -4.736194763094818128e-01 -2.868644456320310066e-01
1.305033551508090019e+09 -4.241775718141014284e-01 -6.291244894139298438e-01 7.627713411843992652e-01 3.842113942555059891e-01 7.387658533099643599e-01 -4.736194763094818128e-01 -2.868644456320310066e-01
1.305033551539849043e+09 -4.241775718141014284e-01 -6.291244894139298438e-01 7.627713411843992652e-01 3.842113942555059891e-01 7.387658533099643599e-01 -4.736194763094818128e-01 -2.868644456320310066e-01
1.305033551572012901e+09 -4.241775718141014284e-01 -6.291244894139298438e-01 7.627713411843992652e-01 3.842113942555059891e-01 7.387658533099643599e-01 -4.736194763094818128e-01 -2.868644456320310066e-01
1.305033551607862949e+09 -4.241775718141014284e-01 -6.291244894139298438e-01 7.627713411843992652e-01 3.842113942555059891e-01 7.387658533099643599e-01 -4.736194763094818128e-01 -2.868644456320310066e-01
1.305033551640053988e+09 -4.241775718141014284e-01 -6.291244894139298438e-01 7.627713411843992652e-01 3.842113942555059891e-01 7.387658533099643599e-01 -4.736194763094818128e-01 -2.868644456320310066e-01
1.305033551672322989e+09 -4.241775718141014284e-01 -6.291244894139298438e-01 7.627713411843992652e-01 3.842113942555059891e-01 7.387658533099643599e-01 -4.736194763094818128e-01 -2.868644456320310066e-01
1.305033551708184958e+09 -4.241775718141014284e-01 -6.291244894139298438e-01 7.627713411843992652e-01 3.842113942555059891e-01 7.387658533099643599e-01 -4.736194763094818128e-01 -2.868644456320310066e-01
1.305033551740242958e+09 -4.241775718141014284e-01 -6.291244894139298438e-01 7.627713411843992652e-01 3.842113942555059891e-01 7.387658533099643599e-01 -4.736194763094818128e-01 -2.868644456320310066e-01
1.305033551775846958e+09 -4.241775718141014284e-01 -6.291244894139298438e-01 7.627713411843992652e-01 3.842113942555059891e-01 7.387658533099643599e-01 -4.736194763094818128e-01 -2.868644456320310066e-01
1.305033551808033943e+09 -4.241775718141014284e-01 -6.291244894139298438e-01 7.627713411843992652e-01 3.842113942555059891e-01 7.387658533099643599e-01 -4.736194763094818128e-01 -2.868644456320310066e-01
1.305033551840133905e+09 -4.241775718141014284e-01 -6.291244894139298438e-01 7.627713411843992652e-01 3.842113942555059891e-01 7.387658533099643599e-01 -4.736194763094818128e-01 -2.868644456320310066e-01
1.305033551875926971e+09 -4.241775718141014284e-01 -6.291244894139298438e-01 7.627713411843992652e-01 3.842113942555059891e-01 7.387658533099643599e-01 -4.736194763094818128e-01 -2.868644456320310066e-01
1.305033551908205986e+09 -4.241775718141014284e-01 -6.291244894139298438e-01 7.627713411843992652e-01 3.842113942555059891e-01 7.387658533099643599e-01 -4.736194763094818128e-01 -2.868644456320310066e-01
1.305033551940355062e+09 -4.241775718141014284e-01 -6.291244894139298438e-01 7.627713411843992652e-01 3.842113942555059891e-01 7.387658533099643599e-01 -4.736194763094818128e-01 -2.868644456320310066e-01
1.305033551975963116e+09 -4.241775718141014284e-01 -6.291244894139298438e-01 7.627713411843992652e-01 3.842113942555059891e-01 7.387658533099643599e-01 -4.736194763094818128e-01 -2.868644456320310066e-01
1.305033552007946014e+09 -4.241775718141014284e-01 -6.291244894139298438e-01 7.627713411843992652e-01 3.842113942555059891e-01 7.387658533099643599e-01 -4.736194763094818128e-01 -2.868644456320310066e-01
1.305033553240046024e+09 -4.241775718141014284e-01 -6.291244894139298438e-01 7.627713411843992652e-01 3.842113942555059891e-01 7.387658533099643599e-01 -4.736194763094818128e-01 -2.868644456320310066e-01
1.305033553275903940e+09 -4.241775718141014284e-01 -6.291244894139298438e-01 7.627713411843992652e-01 3.842113942555059891e-01 7.387658533099643599e-01 -4.736194763094818128e-01 -2.868644456320310066e-01
1.305033553307809114e+09 -4.241775718141014284e-01 -6.291244894139298438e-01 7.627713411843992652e-01 3.842113942555059891e-01 7.387658533099643599e-01 -4.736194763094818128e-01 -2.868644456320310066e-01
1.305033553340014935e+09 -4.241775718141014284e-01 -6.291244894139298438e-01 7.627713411843992652e-01 3.842113942555059891e-01 7.387658533099643599e-01 -4.736194763094818128e-01 -2.868644456320310066e-01
1.305033553375997066e+09 -4.241775718141014284e-01 -6.291244894139298438e-01 7.627713411843992652e-01 3.842113942555059891e-01 7.387658533099643599e-01 -4.736194763094818128e-01 -2.868644456320310066e-01
1.305033553407850027e+09 -4.241775718141014284e-01 -6.291244894139298438e-01 7.627713411843992652e-01 3.842113942555059891e-01 7.387658533099643599e-01 -4.736194763094818128e-01 -2.868644456320310066e-01
1.305033553440080881e+09 -4.241775718141014284e-01 -6.291244894139298438e-01 7.627713411843992652e-01 3.842113942555059891e-01 7.387658533099643599e-01 -4.736194763094818128e-01 -2.868644456320310066e-01
1.305033553475868940e+09 -4.241775718141014284e-01 -6.291244894139298438e-01 7.627713411843992652e-01 3.842113942555059891e-01 7.387658533099643599e-01 -4.736194763094818128e-01 -2.868644456320310066e-01
1.305033553507983923e+09 -4.241775718141014284e-01 -6.291244894139298438e-01 7.627713411843992652e-01 3.842113942555059891e-01 7.387658533099643599e-01 -4.736194763094818128e-01 -2.868644456320310066e-01
1.305033553540018082e+09 -4.241775718141014284e-01 -6.291244894139298438e-01 7.627713411843992652e-01 3.842113942555059891e-01 7.387658533099643599e-01 -4.736194763094818128e-01 -2.868644456320310066e-01
1.305033553576020956e+09 -4.241775718141014284e-01 -6.291244894139298438e-01 7.627713411843992652e-01 3.842113942555059891e-01 7.387658533099643599e-01 -4.736194763094818128e-01 -2.868644456320310066e-01
1.305033553607952118e+09 -4.241775718141014284e-01 -6.291244894139298438e-01 7.627713411843992652e-01 3.842113942555059891e-01 7.387658533099643599e-01 -4.736194763094818128e-01 -2.868644456320310066e-01
1.305033553639905930e+09 -4.241775718141014284e-01 -6.291244894139298438e-01 7.627713411843992652e-01 3.842113942555059891e-01 7.387658533099643599e-01 -4.736194763094818128e-01 -2.868644456320310066e-01
1.305033553676166058e+09 -4.241775718141014284e-01 -6.291244894139298438e-01 7.627713411843992652e-01 3.842113942555059891e-01 7.387658533099643599e-01 -4.736194763094818128e-01 -2.868644456320310066e-01
1.305033553707981110e+09 -4.241775718141014284e-01 -6.291244894139298438e-01 7.627713411843992652e-01 3.842113942555059891e-01 7.387658533099643599e-01 -4.736194763094818128e-01 -2.868644456320310066e-01
1.305033553740025997e+09 -4.241775718141014284e-01 -6.291244894139298438e-01 7.627713411843992652e-01 3.842113942555059891e-01 7.387658533099643599e-01 -4.736194763094818128e-01 -2.868644456320310066e-01
1.305033553775867939e+09 -4.241775718141014284e-01 -6.291244894139298438e-01 7.627713411843992652e-01 3.842113942555059891e-01 7.387658533099643599e-01 -4.736194763094818128e-01 -2.868644456320310066e-01
1.305033553807987928e+09 -4.241775718141014284e-01 -6.291244894139298438e-01 7.627713411843992652e-01 3.842113942555059891e-01 7.387658533099643599e-01 -4.736194763094818128e-01 -2.868644456320310066e-01
1.305033553839976072e+09 -4.241775718141014284e-01 -6.291244894139298438e-01 7.627713411843992652e-01 3.842113942555059891e-01 7.387658533099643599e-01 -4.736194763094818128e-01 -2.868644456320310066e-01
1.305033553875967026e+09 -4.241775718141014284e-01 -6.291244894139298438e-01 7.627713411843992652e-01 3.842113942555059891e-01 7.387658533099643599e-01 -4.736194763094818128e-01 -2.868644456320310066e-01
1.305033553907990932e+09 -4.241775718141014284e-01 -6.291244894139298438e-01 7.627713411843992652e-01 3.842113942555059891e-01 7.387658533099643599e-01 -4.736194763094818128e-01 -2.868644456320310066e-01
1.305033553940005064e+09 -4.241775718141014284e-01 -6.291244894139298438e-01 7.627713411843992652e-01 3.842113942555059891e-01 7.387658533099643599e-01 -4.736194763094818128e-01 -2.868644456320310066e-01
1.305033553975991011e+09 -4.241775718141014284e-01 -6.291244894139298438e-01 7.627713411843992652e-01 3.842113942555059891e-01 7.387658533099643599e-01 -4.736194763094818128e-01 -2.868644456320310066e-01
1.305033554007992983e+09 -4.241775718141014284e-01 -6.291244894139298438e-01 7.627713411843992652e-01 3.842113942555059891e-01 7.387658533099643599e-01 -4.736194763094818128e-01 -2.868644456320310066e-01
1.305033554040034056e+09 -5.174462668232979734e-01 -5.370461692678621946e-01 7.680361799258169642e-01 4.228518773117206364e-01 7.035071051446469825e-01 -4.480296668551100314e-01 -3.543211262155441243e-01
1.305033554076023102e+09 -5.033317748406245240e-01 -5.337844946069747465e-01 7.694636348565933037e-01 4.333899388947237141e-01 6.977823595078425090e-01 -4.440979022163588641e-01 -3.578407367412562712e-01
1.305033554108000040e+09 -4.877639538700369037e-01 -5.167332029160436324e-01 7.733685499260243290e-01 4.421399788230438443e-01 6.936139315956161289e-01 -4.406079096438852427e-01 -3.595505847333251848e-01
1.305033554140043974e+09 -4.771832768139430137e-01 -5.043279968347547104e-01 7.675124448290936430e-01 4.522393087223983144e-01 6.878601116862151921e-01 -4.405806484491654462e-01 -3.580736887980290328e-01
1.305033554176007032e+09 -4.714566756865781194e-01 -4.860387111387759473e-01 7.661759814952961989e-01 4.586588633787429536e-01 6.865974625522766051e-01 -4.397498236687948370e-01 -3.533214740773032991e-01
1.305033554208055019e+09 -4.714566756865781194e-01 -4.860387111387759473e-01 7.661759814952961989e-01 4.586588633787429536e-01 6.865974625522766051e-01 -4.397498236687948370e-01 -3.533214740773032991e-01
1.305033554240171909e+09 -4.522615111249128628e-01 -4.950080563716322546e-01 7.497217693122384397e-01 4.748036128634917641e-01 6.734153906868949324e-01 -4.305453556507368162e-01 -3.683801535443690378e-01
1.305033554276067019e+09 -4.423131083417635168e-01 -4.926485133731269839e-01 7.438716576791526425e-01 4.810274446181325714e-01 6.685432079485547074e-01 -4.268262041070240986e-01 -3.734728478987383582e-01
1.305033554308152914e+09 -4.306381056234016569e-01 -4.885839214238373307e-01 7.461645867737444204e-01 4.891530666338769762e-01 6.647090155936506983e-01 -4.220691707157374073e-01 -3.751650531732978466e-01
1.305033554340248108e+09 -4.178040711771979776e-01 -4.904994269860418754e-01 7.489735311856038358e-01 5.014427455984384885e-01 6.575432727296657287e-01 -4.173564937578785328e-01 -3.768362701396858472e-01
1.305033554375987053e+09 -4.098197720986360704e-01 -4.970058485671834392e-01 7.412441469670304484e-01 5.115802476200066451e-01 6.494197733173757703e-01 -4.144838203137142241e-01 -3.804507470982409489e-01
1.305033554407989979e+09 -4.018709309904116012e-01 -4.888109063149476130e-01 7.379127073942163273e-01 5.182550018510755363e-01 6.454105315962872513e-01 -4.133040368551918475e-01 -3.795217673337614728e-01
1.305033554440087080e+09 -4.018709309904116012e-01 -4.888109063149476130e-01 7.379127073942163273e-01 5.182550018510755363e-01 6.454105315962872513e-01 -4.133040368551918475e-01 -3.795217673337614728e-01
1.305033554476212978e+09 -3.848781801604856945e-01 -4.789385592628638832e-01 7.381707036700766444e-01 5.292027157885683675e-01 6.389079163203799094e-01 -4.048458093897773780e-01 -3.845010151933154208e-01
1.305033554508045912e+09 -3.762936376614496314e-01 -4.694935309490928521e-01 7.384703808296577687e-01 5.346396316844214125e-01 6.340011793693404174e-01 -4.012343186167022235e-01 -3.888624311434860648e-01
1.305033554540139914e+09 -3.681604501656543516e-01 -4.629846736881710889e-01 7.381305996281999349e-01 5.420893556361812138e-01 6.267507304057018391e-01 -3.994675277363800014e-01 -3.921075703503484888e-01
1.305033554576065063e+09 -3.586482496353342597e-01 -4.643328828771842165e-01 7.351753155459991307e-01 5.494249057153935967e-01 6.190577054364813092e-01 -3.969791714290145102e-01 -3.966199286103544996e-01
1.305033554608016014e+09 -3.449464062286620170e-01 -4.566330710866108866e-01 7.427805113312994090e-01 5.580405091213247459e-01 6.134848755965267575e-01 -3.959074038064462897e-01 -3.943151343851339918e-01
1.305033554639904976e+09 -3.361741322013791500e-01 -4.503358025832423506e-01 7.395972509603805367e-01 5.651339674754310982e-01 6.061523634391662307e-01 -3.938308837145811370e-01 -3.976180908047111107e-01
1.305033554676229954e+09 -3.243071467750451298e-01 -4.482885457375992422e-01 7.431058355365269819e-01 5.747920838160794910e-01 5.991499082499105455e-01 -3.903347748583973487e-01 -3.978344019346957694e-01
1.305033554708024979e+09 -3.132066022331470023e-01 -4.452921645669207784e-01 7.437929997636727464e-01 -5.817020655938903717e-01 -5.927967306762146338e-01 3.887555971909966157e-01 3.988531416901014981e-01
1.305033554740334034e+09 -3.012351395353158878e-01 -4.401693357239621074e-01 7.410027812854523832e-01 -5.885124104902202946e-01 -5.853629616982423123e-01 3.885558841320789214e-01 4.000345868511760994e-01
1.305033554776017904e+09 -2.910510381264639346e-01 -4.351705982263076589e-01 7.393324945765670231e-01 -5.936742312354442719e-01 -5.808621297239010550e-01 3.880195572480395483e-01 3.994883184933615272e-01
1.305033554807959080e+09 -2.771500127167620953e-01 -4.369865362245958229e-01 7.393513720137631084e-01 -5.983670008028860732e-01 -5.766528470373465387e-01 3.862927258624955784e-01 4.002578622583249368e-01
1.305033554840166092e+09 -2.673405506443033985e-01 -4.364891837770086269e-01 7.345949577776956785e-01 -6.013549791991444904e-01 -5.734471018803692921e-01 3.856692224922909085e-01 4.009861109310317029e-01
1.305033554875814915e+09 -2.547008390093308261e-01 -4.304391966781691004e-01 7.356687680260112217e-01 -6.052059246273879811e-01 -5.722756804964262978e-01 3.837449992713320435e-01 3.987055427787603024e-01
1.305033554907958984e+09 -2.430826907097236589e-01 -4.361000343953753688e-01 7.314743227031661466e-01 -6.074767349718889209e-01 -5.695109043884022393e-01 3.800623896426321147e-01 4.027181722119450580e-01
1.305033554940186024e+09 -2.306164099394474309e-01 -4.396136633807513627e-01 7.295242488133201197e-01 -6.100002259205320465e-01 -5.674042277815383173e-01 3.772512904687478352e-01 4.045165392319579611e-01
1.305033554975950956e+09 -2.188740415576093667e-01 -4.366312830202866424e-01 7.265873420510120528e-01 -6.130326729575733546e-01 -5.651108860882607665e-01 3.767075812614668617e-01 4.036483946842460702e-01
1.305033555007831097e+09 -2.081161082086837588e-01 -4.387480822490618104e-01 7.241558005848247603e-01 -6.152498471004440583e-01 -5.632880281953681623e-01 3.753075597809633068e-01 4.041267851874126849e-01
1.305033555039870024e+09 -1.957135687539088842e-01 -4.390082820432192889e-01 7.231853804630063998e-01 -6.160214040833709159e-01 -5.628154531586684328e-01 3.736434829682950265e-01 4.051505189831011156e-01
1.305033555075829983e+09 -1.849010963580806077e-01 -4.402780660984910721e-01 7.210542063411556901e-01 -6.163293963414570031e-01 -5.616917983302168738e-01 3.731371254013685079e-01 4.067051567673385382e-01
1.305033555107911110e+09 -1.849010963580806077e-01 -4.402780660984910721e-01 7.210542063411556901e-01 -6.163293963414570031e-01 -5.616917983302168738e-01 3.731371254013685079e-01 4.067051567673385382e-01
1.305033555139873028e+09 -1.649537545524109028e-01 -4.423662537645258741e-01 7.227854511810156701e-01 -6.157940871061616805e-01 -5.608345117941256897e-01 3.719657314897359957e-01 4.097606463083531825e-01
1.305033555175848007e+09 -1.547491696457665711e-01 -4.463521108950022631e-01 7.236609191330515278e-01 -6.160392155894559574e-01 -5.586517662312822097e-01 3.712331870352625907e-01 4.130251926774424209e-01
1.305033555211405993e+09 -1.451283650954500182e-01 -4.527589039169335194e-01 7.189376943061259739e-01 -6.162663246730146760e-01 -5.549448738399945791e-01 3.715300241103552947e-01 4.173936334652045277e-01
1.305033555239871979e+09 -1.340751959187418407e-01 -4.549597342908739961e-01 7.192079625166313273e-01 -6.161307623142492362e-01 -5.543007937649415684e-01 3.719806841553165988e-01 4.180477058625731157e-01
1.305033555275906086e+09 -1.340751959187418407e-01 -4.549597342908739961e-01 7.192079625166313273e-01 -6.161307623142492362e-01 -5.543007937649415684e-01 3.719806841553165988e-01 4.180477058625731157e-01
1.305033555307888985e+09 -1.132543626564512795e-01 -4.612657415620892154e-01 7.148144024511732253e-01 -6.163452794333599272e-01 -5.523909167425967714e-01 3.712762457436918906e-01 4.208761349458490786e-01
1.305033555340023994e+09 -1.049160449257597882e-01 -4.662903492668820649e-01 7.103351696229067702e-01 -6.162428497772599600e-01 -5.524323056075691740e-01 3.705848393096888849e-01 4.215805672624376998e-01
1.305033555376127005e+09 -9.491584018732979189e-02 -4.679530321338554177e-01 7.068373414630361173e-01 -6.160191988622488735e-01 -5.528763275260907273e-01 3.705846516598535478e-01 4.213254431535326527e-01
1.305033555407926083e+09 -8.337395376266587554e-02 -4.698043436204152323e-01 7.071145247477810258e-01 -6.168835391506463095e-01 -5.538021593129283104e-01 3.698062019887918273e-01 4.195250176520296526e-01
1.305033555439798117e+09 -7.401296312222349627e-02 -4.726217425177496878e-01 7.049293932598207357e-01 -6.169507829934708365e-01 -5.548458279100340063e-01 3.690342794895553058e-01 4.187260908711049612e-01
1.305033555475830078e+09 -7.401296312222349627e-02 -4.726217425177496878e-01 7.049293932598207357e-01 -6.169507829934708365e-01 -5.548458279100340063e-01 3.690342794895553058e-01 4.187260908711049612e-01
1.305033555508054018e+09 -5.647878031033393142e-02 -4.836134943642812489e-01 7.032873225479945312e-01 -6.186875941234659670e-01 -5.556250548983149296e-01 3.678490722353614517e-01 4.161652547997558571e-01
1.305033555540167093e+09 -4.718204944361592545e-02 -4.790676736216821219e-01 7.039188084177242510e-01 -6.191245099566646815e-01 -5.573721099678498048e-01 3.693689976865661140e-01 4.118102909701608083e-01
1.305033555576014996e+09 -4.718204944361592545e-02 -4.790676736216821219e-01 7.039188084177242510e-01 -6.191245099566646815e-01 -5.573721099678498048e-01 3.693689976865661140e-01 4.118102909701608083e-01
1.305033555607899904e+09 -3.105365161630069260e-02 -4.804753083822835835e-01 7.033489447241401127e-01 -6.200756008266929964e-01 -5.589010177063310492e-01 3.682549500055255498e-01 4.092971945453216520e-01
1.305033555640029907e+09 -3.105365161630069260e-02 -4.804753083822835835e-01 7.033489447241401127e-01 -6.200756008266929964e-01 -5.589010177063310492e-01 3.682549500055255498e-01 4.092971945453216520e-01
1.305033555676146984e+09 -1.970839047244932196e-02 -4.836031855096292187e-01 7.021253535883055230e-01 -6.214525272235994491e-01 -5.595312762125181916e-01 3.671842144314322876e-01 4.073048735526791364e-01
1.305033555707998991e+09 -1.970839047244932196e-02 -4.836031855096292187e-01 7.021253535883055230e-01 -6.214525272235994491e-01 -5.595312762125181916e-01 3.671842144314322876e-01 4.073048735526791364e-01
1.305033555740084887e+09 -9.412632656347064142e-03 -4.861880137899745602e-01 7.010718077594906283e-01 -6.229156410874228111e-01 -5.594339314959828613e-01 3.665747571136641625e-01 4.057495875865445023e-01
1.305033555776006937e+09 -9.412632656347064142e-03 -4.861880137899745602e-01 7.010718077594906283e-01 -6.229156410874228111e-01 -5.594339314959828613e-01 3.665747571136641625e-01 4.057495875865445023e-01
1.305033555808005095e+09 -9.412632656347064142e-03 -4.861880137899745602e-01 7.010718077594906283e-01 -6.229156410874228111e-01 -5.594339314959828613e-01 3.665747571136641625e-01 4.057495875865445023e-01
1.305033555839876890e+09 -9.412632656347064142e-03 -4.861880137899745602e-01 7.010718077594906283e-01 -6.229156410874228111e-01 -5.594339314959828613e-01 3.665747571136641625e-01 4.057495875865445023e-01
1.305033555876036882e+09 -9.412632656347064142e-03 -4.861880137899745602e-01 7.010718077594906283e-01 -6.229156410874228111e-01 -5.594339314959828613e-01 3.665747571136641625e-01 4.057495875865445023e-01
1.305033555908152103e+09 -1.551338088026099626e-04 -4.820135218849950220e-01 7.008406805267830553e-01 -6.326575606907105520e-01 -5.515164809743018370e-01 3.686310993545747206e-01 3.996061745059004688e-01
1.305033555940116882e+09 -1.551338088026099626e-04 -4.820135218849950220e-01 7.008406805267830553e-01 -6.326575606907105520e-01 -5.515164809743018370e-01 3.686310993545747206e-01 3.996061745059004688e-01
1.305033556040213108e+09 -1.551338088026099626e-04 -4.820135218849950220e-01 7.008406805267830553e-01 -6.326575606907105520e-01 -5.515164809743018370e-01 3.686310993545747206e-01 3.996061745059004688e-01
1.305033556076013088e+09 -3.472283934192299526e-03 -4.706812584500416063e-01 7.028566764877839379e-01 -6.396872696423080429e-01 -5.461050087007233156e-01 3.638684269042049557e-01 4.002115495982234150e-01
1.305033556108100891e+09 -3.472283934192299526e-03 -4.706812584500416063e-01 7.028566764877839379e-01 -6.396872696423080429e-01 -5.461050087007233156e-01 3.638684269042049557e-01 4.002115495982234150e-01
1.305033556140059948e+09 -3.472283934192299526e-03 -4.706812584500416063e-01 7.028566764877839379e-01 -6.396872696423080429e-01 -5.461050087007233156e-01 3.638684269042049557e-01 4.002115495982234150e-01
1.305033556176121950e+09 -1.114216946184476420e-02 -4.628921486628237991e-01 7.017488438382457616e-01 -6.446957826254507973e-01 -5.408106759996333945e-01 3.627060524189658075e-01 4.004191305724881245e-01
1.305033556207982063e+09 -1.114216946184476420e-02 -4.628921486628237991e-01 7.017488438382457616e-01 -6.446957826254507973e-01 -5.408106759996333945e-01 3.627060524189658075e-01 4.004191305724881245e-01
1.305033556239929914e+09 -1.114216946184476420e-02 -4.628921486628237991e-01 7.017488438382457616e-01 -6.446957826254507973e-01 -5.408106759996333945e-01 3.627060524189658075e-01 4.004191305724881245e-01
1.305033556275993109e+09 -2.329810674836463313e-02 -4.522176706589439155e-01 7.032136676897396965e-01 -6.498578597426480918e-01 -5.365176394264796755e-01 3.602874044690200783e-01 4.000332122410830693e-01
1.305033556307938099e+09 -2.329810674836463313e-02 -4.522176706589439155e-01 7.032136676897396965e-01 -6.498578597426480918e-01 -5.365176394264796755e-01 3.602874044690200783e-01 4.000332122410830693e-01
1.305033556340038061e+09 -3.437525266999696960e-02 -4.445915564172383538e-01 7.040425083105997794e-01 -6.531525055453897277e-01 -5.329626888778909999e-01 3.588109068980883665e-01 4.007459417820712355e-01
1.305033556375885963e+09 -3.437525266999696960e-02 -4.445915564172383538e-01 7.040425083105997794e-01 -6.531525055453897277e-01 -5.329626888778909999e-01 3.588109068980883665e-01 4.007459417820712355e-01
1.305033556407970905e+09 -4.828124102766917503e-02 -4.379880839890616384e-01 7.061823479721309749e-01 -6.579506999857919203e-01 -5.279530241751648756e-01 3.549222066641730677e-01 4.029847489287133322e-01
1.305033556439968109e+09 -4.828124102766917503e-02 -4.379880839890616384e-01 7.061823479721309749e-01 -6.579506999857919203e-01 -5.279530241751648756e-01 3.549222066641730677e-01 4.029847489287133322e-01
1.305033556475858927e+09 -6.329338708624998588e-02 -4.329846997659715369e-01 7.101320466435457890e-01 -6.639492327689298090e-01 -5.215609211385334731e-01 3.508336072046879806e-01 4.050449381271419291e-01
1.305033556507904053e+09 -7.323966744432208742e-02 -4.317908105361727422e-01 7.096318838002971807e-01 -6.666258529319776249e-01 -5.180675816026611979e-01 3.491121685552073250e-01 4.066160927235464850e-01
1.305033556540024996e+09 -8.260352400594594968e-02 -4.275381118332510777e-01 7.115335254591949044e-01 -6.690071293398303087e-01 -5.152200571416492014e-01 3.479234954428162552e-01 4.073413739485444163e-01
1.305033556575851917e+09 -9.186422203705535416e-02 -4.207455671784111617e-01 7.127338478614491102e-01 -6.708980373018207377e-01 -5.128978674311944763e-01 3.473141748038944265e-01 4.076818184680149892e-01
1.305033556607872009e+09 -1.013483074050474109e-01 -4.173167197852170052e-01 7.156487548346770478e-01 -6.733306386665193211e-01 -5.101158211619394311e-01 3.459004479509423247e-01 4.083632943110275804e-01
1.305033556640041113e+09 -1.131969867084730019e-01 -4.119866382801333771e-01 7.149762366459944118e-01 -6.748250616426990645e-01 -5.068399847054503304e-01 3.453263650438287979e-01 4.104559266088412262e-01
1.305033556675955057e+09 -1.179873065184662284e-01 -4.074925290745166073e-01 7.257508375793169098e-01 -6.788542533241397336e-01 -5.043893850148244429e-01 3.410772506222311540e-01 4.103834306305158552e-01
1.305033556707983017e+09 -1.278228134785035497e-01 -4.037207395297258694e-01 7.286961856210464328e-01 -6.825846063856433332e-01 -5.005584341292529382e-01 3.381888444980076791e-01 4.112758376133093252e-01
1.305033556739979982e+09 -1.386463605180525693e-01 -3.971666467418915047e-01 7.294290173246923414e-01 -6.858787334447131734e-01 -4.968239108128037484e-01 3.368550625409187371e-01 4.114183169154007613e-01
1.305033556775974035e+09 -1.487120081365629343e-01 -3.903538293799148073e-01 7.308940855815247994e-01 -6.896917289916634219e-01 -4.927231268440876999e-01 3.343512907824855440e-01 4.120175403857955221e-01
1.305033556808044910e+09 -1.592545598322776534e-01 -3.855643912938115925e-01 7.316459667130764677e-01 -6.938691797186850030e-01 -4.881947654683262972e-01 3.294484813998310169e-01 4.143369769996279040e-01
1.305033556839919090e+09 -1.711536110739895200e-01 -3.797145918356145122e-01 7.339538860913956686e-01 -6.981402419253049940e-01 -4.843943217252889011e-01 3.243875380591446644e-01 4.156140864271814506e-01
1.305033556876019001e+09 -1.826542473752135187e-01 -3.757880104598200210e-01 7.348243784817486413e-01 -7.025992242947823874e-01 -4.790413555217742925e-01 3.200347033763277782e-01 4.176739139030080095e-01
1.305033556907886982e+09 -1.936713880524303377e-01 -3.670590544767966534e-01 7.351321272112444349e-01 -7.070553973212519994e-01 -4.738890145056238179e-01 3.171808044889753431e-01 4.182083264516641141e-01
1.305033556939975023e+09 -2.033643248600129905e-01 -3.567988318201023024e-01 7.434581081040888551e-01 -7.119135676012660063e-01 -4.700401305492918902e-01 3.127113905480697342e-01 4.176756327102827959e-01
1.305033556975893021e+09 -2.132770362117930585e-01 -3.457051535165460709e-01 7.483489352947758633e-01 -7.155931480846406956e-01 -4.661764659578278569e-01 3.090042438345580456e-01 4.184761956116700987e-01
1.305033557007877111e+09 -2.204125021660079398e-01 -3.344008269799121358e-01 7.553550109741951069e-01 -7.202065406454294383e-01 -4.608048026538164033e-01 3.060065439688004485e-01 4.187140643816391616e-01
1.305033557040035009e+09 -2.293878323553935061e-01 -3.273180492135318032e-01 7.607344134917815026e-01 -7.250285841587181812e-01 -4.540374188492452556e-01 3.023561299609928144e-01 4.204335204435189488e-01
1.305033557075946093e+09 -2.293878323553935061e-01 -3.273180492135318032e-01 7.607344134917815026e-01 -7.250285841587181812e-01 -4.540374188492452556e-01 3.023561299609928144e-01 4.204335204435189488e-01
1.305033557207974911e+09 -2.741372441844944774e-01 -2.970041889566483739e-01 7.718192180512238876e-01 -7.408830974241989997e-01 -4.265925868142836919e-01 2.936685834390886929e-01 4.276327442176307003e-01
1.305033557240011930e+09 -2.741372441844944774e-01 -2.970041889566483739e-01 7.718192180512238876e-01 -7.408830974241989997e-01 -4.265925868142836919e-01 2.936685834390886929e-01 4.276327442176307003e-01
1.305033557276050091e+09 -2.937857944970101443e-01 -2.910572072516885989e-01 7.770544804719139442e-01 -7.453627116712974177e-01 -4.170765881460931634e-01 2.910449990852241320e-01 4.310154941274225715e-01
1.305033557307888985e+09 -3.020330245492381938e-01 -2.848910338264760700e-01 7.764489584717189086e-01 -7.463086817412782903e-01 -4.129974186556580884e-01 2.924656087394353343e-01 4.323428632995230947e-01
1.305033557340044975e+09 -3.020330245492381938e-01 -2.848910338264760700e-01 7.764489584717189086e-01 -7.463086817412782903e-01 -4.129974186556580884e-01 2.924656087394353343e-01 4.323428632995230947e-01
1.305033557376085997e+09 -3.160964355201116849e-01 -2.748547466363269187e-01 7.812684160976022252e-01 -7.485777034659211182e-01 -4.081018876076967228e-01 2.904642157191366647e-01 4.344131795783700567e-01
1.305033557408417940e+09 -3.160964355201116849e-01 -2.748547466363269187e-01 7.812684160976022252e-01 -7.485777034659211182e-01 -4.081018876076967228e-01 2.904642157191366647e-01 4.344131795783700567e-01
1.305033557440157890e+09 -3.320181335217855523e-01 -2.683937650871359715e-01 7.807113006205086414e-01 -7.530974031253787615e-01 -4.008027441677727842e-01 2.888679286899633603e-01 4.344614844238370854e-01
1.305033557476006985e+09 -3.379519000153174968e-01 -2.602385234794172275e-01 7.806709897652741592e-01 -7.543616763641018963e-01 -3.991127666474145741e-01 2.892853577861426162e-01 4.335452023754061690e-01
1.305033557508956909e+09 -3.455720028578253000e-01 -2.534468138382001134e-01 7.784192684104143112e-01 -7.553672418794057375e-01 -3.978910848221108854e-01 2.880845452044485944e-01 4.337168538677381724e-01
1.305033557540147066e+09 -3.520168694880054794e-01 -2.483323980688368904e-01 7.861581874254952584e-01 -7.586867373068290066e-01 -3.971661059652983883e-01 2.843346590504288729e-01 4.310537328103727917e-01
1.305033557576010942e+09 -3.615524286848459390e-01 -2.415405629550619881e-01 7.840027427676797833e-01 -7.606322980906833342e-01 -3.938140568924945462e-01 2.841533958935861248e-01 4.308199662240643768e-01
1.305033557608076096e+09 -3.681782839935088258e-01 -2.317676271793557286e-01 7.817163030884595187e-01 -7.623194240685279288e-01 -3.914220465842455088e-01 2.849495845660499072e-01 4.294899432946762685e-01
1.305033557640067101e+09 -3.734242574612653964e-01 -2.219731682062534572e-01 7.859063972625350836e-01 -7.650514692987128162e-01 -3.903215482589050822e-01 2.823978849977627492e-01 4.273134362940653741e-01
1.305033557675920963e+09 -3.841328048756906810e-01 -2.187841695569341383e-01 7.863091795316665689e-01 -7.684221131459773035e-01 -3.857884734328046461e-01 2.778101218083780521e-01 4.283879620337988081e-01
1.305033557708017111e+09 -3.841328048756906810e-01 -2.187841695569341383e-01 7.863091795316665689e-01 -7.684221131459773035e-01 -3.857884734328046461e-01 2.778101218083780521e-01 4.283879620337988081e-01
1.305033557739933968e+09 -4.006627202541583888e-01 -2.055546431112835748e-01 7.872969830332520180e-01 -7.723482384910635989e-01 -3.820377479066647819e-01 2.736188640898730706e-01 4.273851598831227561e-01
1.305033557775893927e+09 -4.066017927311553759e-01 -1.965619164214007508e-01 7.874547082432536982e-01 -7.740846038496006498e-01 -3.808570256586223390e-01 2.705832212598554554e-01 4.272302335534254314e-01
1.305033557807892084e+09 -4.124226238007111522e-01 -1.867223601805554356e-01 7.886589401170807090e-01 -7.764364984985970830e-01 -3.797459764424921946e-01 2.681930453235903400e-01 4.254548714200307447e-01
1.305033557839884043e+09 -4.187297594252517019e-01 -1.786004739408371123e-01 7.889206432698574467e-01 -7.785157576368147980e-01 -3.779663274557407693e-01 2.653867086636538808e-01 4.249994885708322512e-01
1.305033557875991106e+09 -4.238985000690691507e-01 -1.689497716473626898e-01 7.894944525993794482e-01 -7.811461840306004323e-01 -3.744923261509960355e-01 2.631263368813465675e-01 4.246535854880436611e-01
1.305033557908090115e+09 -4.281062152898407192e-01 -1.596634210755067951e-01 7.919879489276271389e-01 -7.843236613269372048e-01 -3.710337305198654345e-01 2.613637944398716773e-01 4.229176421659567309e-01
1.305033557940083981e+09 -4.338976556068143697e-01 -1.519092880272980839e-01 7.956020715912823782e-01 -7.881710391677679839e-01 -3.669087621579425473e-01 2.578524665901109070e-01 4.215168783599572144e-01
1.305033557976015091e+09 -4.382728674873910268e-01 -1.430804241919119146e-01 7.984658241487976316e-01 -7.922282137246057232e-01 -3.625364838437301618e-01 2.548893739101456557e-01 4.194915521540796277e-01
1.305033558008090973e+09 -4.415099912636539781e-01 -1.317453693913213097e-01 8.009588296963399134e-01 -7.960382560472732960e-01 -3.581041366445080198e-01 2.532958881433275966e-01 4.170440207903596819e-01
1.305033558039891958e+09 -4.484364509813334454e-01 -1.229372371511143758e-01 8.000925010990181940e-01 -7.993836631581443530e-01 -3.531720436127864238e-01 2.500455757120040867e-01 4.168122799931484046e-01
1.305033558075871944e+09 -4.543280441556620808e-01 -1.129443578849245178e-01 8.021714196659698315e-01 -8.029457664458177213e-01 -3.478412558182136793e-01 2.477173531409191942e-01 4.158373117583407663e-01
1.305033558108006954e+09 -4.543280441556620808e-01 -1.129443578849245178e-01 8.021714196659698315e-01 -8.029457664458177213e-01 -3.478412558182136793e-01 2.477173531409191942e-01 4.158373117583407663e-01
1.305033558139982939e+09 -4.661835695007769953e-01 -9.604729751025908868e-02 8.053392099690639405e-01 -8.095524517245155094e-01 -3.364017842495736765e-01 2.410346934848397182e-01 4.163663579075507770e-01
1.305033558175960064e+09 -4.736342034891207753e-01 -8.736425668864233884e-02 8.058450323208778965e-01 -8.130170980669851888e-01 -3.297836605932697451e-01 2.368889263266057421e-01 4.172883559845268486e-01
1.305033558576013088e+09 -4.950783982813511397e-01 3.841216362312871446e-02 8.034078966434690106e-01 -8.431414262069520937e-01 -2.486859457429759779e-01 2.017327148727746933e-01 4.319395183977590147e-01
1.305033558608046055e+09 -4.950783982813511397e-01 3.841216362312871446e-02 8.034078966434690106e-01 -8.431414262069520937e-01 -2.486859457429759779e-01 2.017327148727746933e-01 4.319395183977590147e-01
1.305033558640091896e+09 -4.888530340827197396e-01 5.860729589204605183e-02 8.098972117178658836e-01 -8.482022862103828498e-01 -2.360419548435371273e-01 1.939021408796919310e-01 4.327112628339982447e-01
1.305033558676023006e+09 -4.840579340914321627e-01 6.675331183516552969e-02 8.225199650861314549e-01 -8.517639061913311327e-01 -2.313639793075830675e-01 1.860324213592005060e-01 4.316953733732603604e-01
1.305033558708029985e+09 -4.821178041208937781e-01 7.741442212149918234e-02 8.229105093476825061e-01 -8.533866215151624246e-01 -2.251153996858991646e-01 1.813585954912180220e-01 4.337780433408860992e-01
1.305033558740101099e+09 -4.763381693730996957e-01 9.055961230252029814e-02 8.222350345048716758e-01 -8.547449509564681858e-01 -2.183355009906286504e-01 1.790452160095497569e-01 4.355266793730205865e-01
1.305033558776016951e+09 -4.729484162576982342e-01 1.006494354961171567e-01 8.232919190122476305e-01 -8.575149686125708159e-01 -2.079949228258275995e-01 1.753654368350518467e-01 4.366384708746023913e-01
1.305033558807982922e+09 -4.675048172971529858e-01 1.111849520427912186e-01 8.244153492769799030e-01 -8.603475087066815297e-01 -1.974602061332507708e-01 1.729504275304017680e-01 4.369207947363822342e-01
1.305033558839870930e+09 -4.675048172971529858e-01 1.111849520427912186e-01 8.244153492769799030e-01 -8.603475087066815297e-01 -1.974602061332507708e-01 1.729504275304017680e-01 4.369207947363822342e-01
1.305033558876550913e+09 -4.655442725602862986e-01 1.277693374461339459e-01 8.241138244420005421e-01 -8.670503631486289331e-01 -1.695772476353382130e-01 1.642892477565002785e-01 4.387211733206605180e-01
1.305033558908104897e+09 -4.614047476631513156e-01 1.385082427370230018e-01 8.251643380818500795e-01 -8.697238773002607948e-01 -1.573643140498416360e-01 1.624010829624990826e-01 4.386829586045383200e-01
1.305033558939966917e+09 -4.614047476631513156e-01 1.385082427370230018e-01 8.251643380818500795e-01 -8.697238773002607948e-01 -1.573643140498416360e-01 1.624010829624990826e-01 4.386829586045383200e-01
1.305033558976272106e+09 -4.593743926810265332e-01 1.512922215452217056e-01 8.274789091000489538e-01 -8.713703594402447683e-01 -1.423871898021589755e-01 1.516207632657655957e-01 4.443542832199651738e-01
1.305033559007999897e+09 -4.593743926810265332e-01 1.512922215452217056e-01 8.274789091000489538e-01 -8.713703594402447683e-01 -1.423871898021589755e-01 1.516207632657655957e-01 4.443542832199651738e-01
1.305033559040381908e+09 -4.593743926810265332e-01 1.512922215452217056e-01 8.274789091000489538e-01 -8.713703594402447683e-01 -1.423871898021589755e-01 1.516207632657655957e-01 4.443542832199651738e-01
1.305033559076769114e+09 -4.523900664208713174e-01 1.684439431484310301e-01 8.320578075351398040e-01 -8.730798987191261684e-01 -1.304049220338180382e-01 1.382298731698743122e-01 4.490195418079205303e-01
1.305033559109646082e+09 -4.523900664208713174e-01 1.684439431484310301e-01 8.320578075351398040e-01 -8.730798987191261684e-01 -1.304049220338180382e-01 1.382298731698743122e-01 4.490195418079205303e-01
1.305033559139919996e+09 -4.456145081358238169e-01 1.794961730016473300e-01 8.342094920627377563e-01 -8.724703681579250025e-01 -1.217380773364881985e-01 1.302885421821844969e-01 4.549727387314885796e-01
1.305033559175997019e+09 -4.456145081358238169e-01 1.794961730016473300e-01 8.342094920627377563e-01 -8.724703681579250025e-01 -1.217380773364881985e-01 1.302885421821844969e-01 4.549727387314885796e-01
1.305033559776010990e+09 -4.337634804382590747e-01 1.405974030388081886e-01 8.180665762804006924e-01 -8.775171565244124228e-01 -1.190935842246187149e-01 1.251974780483107175e-01 4.473320351731877587e-01
1.305033559808037996e+09 -4.327626816448548741e-01 1.303592971148639368e-01 8.168621098402825131e-01 -8.775983238575677525e-01 -1.212152425388686866e-01 1.269132191547977240e-01 4.461177890898288534e-01
1.305033559840056896e+09 -4.327626816448548741e-01 1.303592971148639368e-01 8.168621098402825131e-01 -8.775983238575677525e-01 -1.212152425388686866e-01 1.269132191547977240e-01 4.461177890898288534e-01
1.305033559875881910e+09 -4.310373670853753225e-01 1.130871713620384966e-01 8.205834070507208589e-01 -8.786232041993474740e-01 -1.308599872952165288e-01 1.309777268143658968e-01 4.401610657999058818e-01
1.305033559908072948e+09 -4.310373670853753225e-01 1.130871713620384966e-01 8.205834070507208589e-01 -8.786232041993474740e-01 -1.308599872952165288e-01 1.309777268143658968e-01 4.401610657999058818e-01
1.305033559940078974e+09 -4.235573263926504239e-01 9.467250022441642265e-02 8.240200277418271435e-01 -8.773463423831673325e-01 -1.462432944848737204e-01 1.363029031311292771e-01 4.362313754455479642e-01
1.305033559976032972e+09 -4.235573263926504239e-01 9.467250022441642265e-02 8.240200277418271435e-01 -8.773463423831673325e-01 -1.462432944848737204e-01 1.363029031311292771e-01 4.362313754455479642e-01
1.305033560008053064e+09 -4.224418025269518484e-01 7.781150405895420619e-02 8.221610255022787639e-01 -8.766921411365291572e-01 -1.575715966555488179e-01 1.400687946368638914e-01 4.323919684335560398e-01
1.305033560040021896e+09 -4.224418025269518484e-01 7.781150405895420619e-02 8.221610255022787639e-01 -8.766921411365291572e-01 -1.575715966555488179e-01 1.400687946368638914e-01 4.323919684335560398e-01
1.305033560076066017e+09 -4.159803158469370654e-01 6.204441840130825447e-02 8.180441300711913666e-01 -8.756422949946482959e-01 -1.697843437733836669e-01 1.466234775074310992e-01 4.276977947915736045e-01
1.305033560107877970e+09 -4.137766789800125800e-01 5.015431823885774243e-02 8.170062905590991242e-01 -8.745237321322165691e-01 -1.766325545143533626e-01 1.488313856008198210e-01 4.264485916067880522e-01
1.305033560139985085e+09 -4.137766789800125800e-01 5.015431823885774243e-02 8.170062905590991242e-01 -8.745237321322165691e-01 -1.766325545143533626e-01 1.488313856008198210e-01 4.264485916067880522e-01
1.305033560240149021e+09 -4.000784825364491759e-01 9.061985220233603755e-03 8.172391056246357532e-01 -8.668593452042956393e-01 -2.117641623047863408e-01 1.615709941035191333e-01 4.214328286450076400e-01
1.305033560275875092e+09 -3.947100993560217486e-01 -6.288995141396913624e-04 8.180445275975236630e-01 -8.651853330323735491e-01 -2.194898707640347835e-01 1.660027665029796817e-01 4.191916240229585644e-01
1.305033560308068037e+09 -3.900328205457701536e-01 -1.485478469426149140e-02 8.188462653617563092e-01 -8.630689819190717760e-01 -2.271077755897974448e-01 1.688387611529923449e-01 4.183628370782400130e-01
1.305033560676023960e+09 -3.214890563806032109e-01 -1.566433371707434130e-01 8.392920919972841620e-01 -8.293574047093426049e-01 -3.132227376619499126e-01 2.249456008945844299e-01 4.042985141000537963e-01
1.305033560708281994e+09 -3.145644171696493352e-01 -1.673458717963345332e-01 8.393034569920535537e-01 -8.257840525180621949e-01 -3.199655741293396249e-01 2.301377028162086280e-01 4.034096772778349438e-01
1.305033560740039110e+09 -3.107975812959484774e-01 -1.846729317201951659e-01 8.415081714064532870e-01 -8.228571031837221827e-01 -3.255717073349192470e-01 2.324832522596955720e-01 4.035601424098687606e-01
1.305033560776129961e+09 -3.035467202663559849e-01 -1.937297359864531554e-01 8.403604446606938172e-01 -8.175516702675498237e-01 -3.347083845274697600e-01 2.389973179649843571e-01 4.030630791517562650e-01
1.305033560808007002e+09 -2.951744805871976407e-01 -2.008492549490276113e-01 8.388687821765051789e-01 -8.133741780324206250e-01 -3.416211078006726742e-01 2.455962980365618553e-01 4.017460934543874429e-01
1.305033560840109110e+09 -2.887709389929109527e-01 -2.151675977301884535e-01 8.404477797470056855e-01 -8.108108793743007414e-01 -3.456641443020089799e-01 2.481321241237227637e-01 4.019110177764257941e-01
1.305033561175991058e+09 -2.059837343959181055e-01 -3.242628805510063827e-01 8.417388843234825391e-01 -7.892294955096387232e-01 -4.105309235122516776e-01 2.721998417964775485e-01 3.667266153195750666e-01
1.305033561207947016e+09 -2.059837343959181055e-01 -3.242628805510063827e-01 8.417388843234825391e-01 -7.892294955096387232e-01 -4.105309235122516776e-01 2.721998417964775485e-01 3.667266153195750666e-01
1.305033561244096041e+09 -1.860810295696238015e-01 -3.314543963118645742e-01 8.480795143634275446e-01 -7.792855913869792817e-01 -4.293946224136375167e-01 2.825943115489534252e-01 3.584336485028556951e-01
1.305033561276017904e+09 -1.794766738815076756e-01 -3.421822360110600147e-01 8.543173445962294332e-01 -7.772523970300064811e-01 -4.364141256685502013e-01 2.844080007452123859e-01 3.528930593539286731e-01
1.305033561308037996e+09 -1.693710514536184153e-01 -3.423710387946298228e-01 8.613594676024738384e-01 -7.724684911570028900e-01 -4.470614190338273453e-01 2.908844143357255940e-01 3.446951918400457116e-01
1.305033561344315052e+09 -1.693710514536184153e-01 -3.423710387946298228e-01 8.613594676024738384e-01 -7.724684911570028900e-01 -4.470614190338273453e-01 2.908844143357255940e-01 3.446951918400457116e-01
1.305033561376023054e+09 -1.583236649764943049e-01 -3.493070194581939791e-01 8.706104861722859800e-01 -7.622353860360165934e-01 -4.614419698981340745e-01 3.030785423222603359e-01 3.379525438206795185e-01
1.305033561408071041e+09 -1.583236649764943049e-01 -3.493070194581939791e-01 8.706104861722859800e-01 -7.622353860360165934e-01 -4.614419698981340745e-01 3.030785423222603359e-01 3.379525438206795185e-01
1.305033561444166899e+09 -1.513953851358316172e-01 -3.603445552720563327e-01 8.697606337704000268e-01 -7.512602055748931473e-01 -4.713049104437602721e-01 3.135435829894308024e-01 3.393673621274124197e-01
1.305033561475883007e+09 -1.513953851358316172e-01 -3.603445552720563327e-01 8.697606337704000268e-01 -7.512602055748931473e-01 -4.713049104437602721e-01 3.135435829894308024e-01 3.393673621274124197e-01
1.305033561508996964e+09 -1.428205880147812579e-01 -3.673790938164660513e-01 8.649657875055479783e-01 -7.420382903501754335e-01 -4.774213379265922486e-01 3.270416915752762388e-01 3.383663306508986612e-01
1.305033561544442892e+09 -1.428205880147812579e-01 -3.673790938164660513e-01 8.649657875055479783e-01 -7.420382903501754335e-01 -4.774213379265922486e-01 3.270416915752762388e-01 3.383663306508986612e-01
1.305033561576172113e+09 -1.390373357186607262e-01 -3.788895811908803424e-01 8.689345435253067462e-01 -7.384757387925969807e-01 -4.799117851676022450e-01 3.324131380964620019e-01 3.374014927246704598e-01
1.305033561608227968e+09 -1.390373357186607262e-01 -3.788895811908803424e-01 8.689345435253067462e-01 -7.384757387925969807e-01 -4.799117851676022450e-01 3.324131380964620019e-01 3.374014927246704598e-01
1.305033561643843889e+09 -1.288411719951263468e-01 -3.805149788377719666e-01 8.632161129276406664e-01 -7.293403101209883221e-01 -4.847243598546891463e-01 3.445335785186977584e-01 3.382330857104060562e-01
1.305033561676177025e+09 -1.260906720944461323e-01 -3.897708728249017485e-01 8.660544943833734521e-01 -7.276516547341230767e-01 -4.844150101778143536e-01 3.463887699287857558e-01 3.404114970801418449e-01
1.305033561708200932e+09 -1.198850890897149579e-01 -3.978666036998613764e-01 8.663250970798528350e-01 -7.246656928346861815e-01 -4.849066666987971175e-01 3.506734625922032778e-01 3.416917921944871983e-01
1.305033561744330883e+09 -1.198850890897149579e-01 -3.978666036998613764e-01 8.663250970798528350e-01 -7.246656928346861815e-01 -4.849066666987971175e-01 3.506734625922032778e-01 3.416917921944871983e-01
1.305033561776129961e+09 -1.145175962907598599e-01 -4.076676269877120840e-01 8.645087431141020851e-01 -7.162292734073525402e-01 -4.927744628011799799e-01 3.582331246611963338e-01 3.403791784478891747e-01
1.305033561808115005e+09 -1.145175962907598599e-01 -4.076676269877120840e-01 8.645087431141020851e-01 -7.162292734073525402e-01 -4.927744628011799799e-01 3.582331246611963338e-01 3.403791784478891747e-01
1.305033561843975067e+09 -1.029758156381515022e-01 -4.181945143161880374e-01 8.628719120841003010e-01 -7.056832828138790425e-01 -4.992784106140172873e-01 3.679167760731022474e-01 3.425922050131061658e-01
1.305033561876179934e+09 -1.029758156381515022e-01 -4.181945143161880374e-01 8.628719120841003010e-01 -7.056832828138790425e-01 -4.992784106140172873e-01 3.679167760731022474e-01 3.425922050131061658e-01
1.305033561908054113e+09 -9.261759368325761521e-02 -4.234415339970076797e-01 8.619419266072249064e-01 -7.006311712078319154e-01 -5.021295140398756018e-01 3.742899197998183491e-01 3.418902879554572283e-01
1.305033561944175005e+09 -9.261759368325761521e-02 -4.234415339970076797e-01 8.619419266072249064e-01 -7.006311712078319154e-01 -5.021295140398756018e-01 3.742899197998183491e-01 3.418902879554572283e-01
1.305033561976031065e+09 -8.327689147052330654e-02 -4.295063386387785176e-01 8.699267768051753835e-01 -6.971840917477493127e-01 -5.070147286936382836e-01 3.770027130624576395e-01 3.387319905841911782e-01
1.305033562008339882e+09 -7.693807542985209302e-02 -4.340544783463514689e-01 8.765055128978634924e-01 -6.958456847691671943e-01 -5.063162894216779453e-01 3.806950282130694418e-01 3.383990152885240077e-01
1.305033562043859005e+09 -7.693807542985209302e-02 -4.340544783463514689e-01 8.765055128978634924e-01 -6.958456847691671943e-01 -5.063162894216779453e-01 3.806950282130694418e-01 3.383990152885240077e-01
1.305033562408174038e+09 -4.458712933865349726e-02 -4.717195810513914456e-01 9.609414484662865963e-01 -6.592871043052793700e-01 -5.066069764345233484e-01 4.263824425630053372e-01 3.562132762807073139e-01
1.305033562444036961e+09 -4.458712933865349726e-02 -4.717195810513914456e-01 9.609414484662865963e-01 -6.592871043052793700e-01 -5.066069764345233484e-01 4.263824425630053372e-01 3.562132762807073139e-01
1.305033562476159096e+09 -4.458712933865349726e-02 -4.717195810513914456e-01 9.609414484662865963e-01 -6.592871043052793700e-01 -5.066069764345233484e-01 4.263824425630053372e-01 3.562132762807073139e-01
1.305033562508225918e+09 -4.458712933865349726e-02 -4.717195810513914456e-01 9.609414484662865963e-01 -6.592871043052793700e-01 -5.066069764345233484e-01 4.263824425630053372e-01 3.562132762807073139e-01
1.305033562544074059e+09 -4.458712933865349726e-02 -4.717195810513914456e-01 9.609414484662865963e-01 -6.592871043052793700e-01 -5.066069764345233484e-01 4.263824425630053372e-01 3.562132762807073139e-01
1.305033562575998068e+09 -4.458712933865349726e-02 -4.717195810513914456e-01 9.609414484662865963e-01 -6.592871043052793700e-01 -5.066069764345233484e-01 4.263824425630053372e-01 3.562132762807073139e-01
1.305033562608171940e+09 -2.939359479228231820e-02 -4.796946611295520579e-01 9.680934529489038098e-01 -6.487957795770877834e-01 -5.089399192529241445e-01 4.324546441975646305e-01 3.647289071430227514e-01
1.305033562643989086e+09 -2.939359479228231820e-02 -4.796946611295520579e-01 9.680934529489038098e-01 -6.487957795770877834e-01 -5.089399192529241445e-01 4.324546441975646305e-01 3.647289071430227514e-01
1.305033562676122904e+09 -2.939359479228231820e-02 -4.796946611295520579e-01 9.680934529489038098e-01 -6.487957795770877834e-01 -5.089399192529241445e-01 4.324546441975646305e-01 3.647289071430227514e-01
1.305033562709352970e+09 -2.939359479228231820e-02 -4.796946611295520579e-01 9.680934529489038098e-01 -6.487957795770877834e-01 -5.089399192529241445e-01 4.324546441975646305e-01 3.647289071430227514e-01
1.305033562744034052e+09 -1.724673688066258315e-02 -4.794509352712826855e-01 9.683567886562647331e-01 -6.411775224197322487e-01 -5.123666690457102657e-01 4.355612790896794539e-01 3.696730357389620414e-01
1.305033562775949001e+09 -1.724673688066258315e-02 -4.794509352712826855e-01 9.683567886562647331e-01 -6.411775224197322487e-01 -5.123666690457102657e-01 4.355612790896794539e-01 3.696730357389620414e-01
1.305033562808427095e+09 -1.724673688066258315e-02 -4.794509352712826855e-01 9.683567886562647331e-01 -6.411775224197322487e-01 -5.123666690457102657e-01 4.355612790896794539e-01 3.696730357389620414e-01
1.305033562844181061e+09 -4.500297257312046995e-03 -4.781578756511175587e-01 9.636850869704580713e-01 -6.425302137223030119e-01 -5.081353019591676734e-01 4.384741442847061577e-01 3.697213331018807669e-01
1.305033562876075983e+09 -4.500297257312046995e-03 -4.781578756511175587e-01 9.636850869704580713e-01 -6.425302137223030119e-01 -5.081353019591676734e-01 4.384741442847061577e-01 3.697213331018807669e-01
1.305033562907917976e+09 4.566177886263345087e-03 -4.760146436893573085e-01 9.590922168293374295e-01 -6.468531847215340802e-01 -5.054438457302106169e-01 4.337880711239132658e-01 3.713965341513820739e-01
1.305033562943994999e+09 4.566177886263345087e-03 -4.760146436893573085e-01 9.590922168293374295e-01 -6.468531847215340802e-01 -5.054438457302106169e-01 4.337880711239132658e-01 3.713965341513820739e-01
1.305033562975903988e+09 4.566177886263345087e-03 -4.760146436893573085e-01 9.590922168293374295e-01 -6.468531847215340802e-01 -5.054438457302106169e-01 4.337880711239132658e-01 3.713965341513820739e-01
1.305033563008047104e+09 1.832864765604003132e-02 -4.813818858236085241e-01 9.562577877801419213e-01 -6.540894272296324807e-01 -5.010084646649158868e-01 4.309638363743177325e-01 3.680050424356242633e-01
1.305033563044009924e+09 1.832864765604003132e-02 -4.813818858236085241e-01 9.562577877801419213e-01 -6.540894272296324807e-01 -5.010084646649158868e-01 4.309638363743177325e-01 3.680050424356242633e-01
1.305033563075835943e+09 2.800765737324617533e-02 -4.833306577596105935e-01 9.487288712593444640e-01 -6.547120162185546821e-01 -5.023820888160734910e-01 4.298620328701988624e-01 3.663100399286566833e-01
1.305033563108021021e+09 2.800765737324617533e-02 -4.833306577596105935e-01 9.487288712593444640e-01 -6.547120162185546821e-01 -5.023820888160734910e-01 4.298620328701988624e-01 3.663100399286566833e-01
1.305033563143879890e+09 3.901672439671766135e-02 -4.772056373013765507e-01 9.472942712534782039e-01 -6.539188731198914972e-01 -5.065956945126468547e-01 4.265351058946368346e-01 3.658124015370601279e-01
1.305033563175944090e+09 3.901672439671766135e-02 -4.772056373013765507e-01 9.472942712534782039e-01 -6.539188731198914972e-01 -5.065956945126468547e-01 4.265351058946368346e-01 3.658124015370601279e-01
1.305033563208079100e+09 3.901672439671766135e-02 -4.772056373013765507e-01 9.472942712534782039e-01 -6.539188731198914972e-01 -5.065956945126468547e-01 4.265351058946368346e-01 3.658124015370601279e-01
1.305033563243967056e+09 5.667102820947711450e-02 -4.732927975857647018e-01 9.478039925282828460e-01 -6.590668941536507175e-01 -5.030699271120510074e-01 4.222508060740718383e-01 3.664092442009790895e-01
1.305033563276047945e+09 6.256552532518955267e-02 -4.744346599659083896e-01 9.332191872068624772e-01 -6.592468488607138299e-01 -5.001179961137429686e-01 4.218838784352546556e-01 3.705260791723308245e-01
1.305033563308044910e+09 6.758968392044173434e-02 -4.676811083793452894e-01 9.210631378644008604e-01 -6.615960704999208630e-01 -4.983301501455928983e-01 4.190133760622181125e-01 3.720020048815287916e-01
1.305033563343985081e+09 8.125664104441177038e-02 -4.693117894539967638e-01 9.144689348020902386e-01 -6.665309961601773026e-01 -4.945359788291872061e-01 4.124267617347936454e-01 3.755992052788863500e-01
1.305033563376120090e+09 8.819128007073495645e-02 -4.782721185436686895e-01 9.053320286421409069e-01 -6.726409695068854555e-01 -4.902102916719881520e-01 4.050450813320331522e-01 3.783998918715860138e-01
1.305033563407991886e+09 9.805001806358859540e-02 -4.714585950775632694e-01 9.000504965103804933e-01 -6.788243473214915502e-01 -4.858899221084634346e-01 4.020529813634879934e-01 3.761141970914061439e-01
1.305033563443962097e+09 1.129106330456866036e-01 -4.663551419400941977e-01 9.055510768898220597e-01 -6.858994386072245764e-01 -4.824644578342599521e-01 3.973198941047446642e-01 3.727021717049447402e-01
1.305033564807990074e+09 1.213680017493934393e-01 -4.722635239575808663e-01 9.028050991561180627e-01 -6.905167254749284833e-01 -4.779068589620915630e-01 3.923798264156846405e-01 3.752729111171854703e-01
1.305033564843977928e+09 1.213680017493934393e-01 -4.722635239575808663e-01 9.028050991561180627e-01 -6.905167254749284833e-01 -4.779068589620915630e-01 3.923798264156846405e-01 3.752729111171854703e-01
1.305033564876058102e+09 1.213680017493934393e-01 -4.722635239575808663e-01 9.028050991561180627e-01 -6.905167254749284833e-01 -4.779068589620915630e-01 3.923798264156846405e-01 3.752729111171854703e-01
1.305033564908056974e+09 1.213680017493934393e-01 -4.722635239575808663e-01 9.028050991561180627e-01 -6.905167254749284833e-01 -4.779068589620915630e-01 3.923798264156846405e-01 3.752729111171854703e-01
1.305033564943989992e+09 1.213680017493934393e-01 -4.722635239575808663e-01 9.028050991561180627e-01 -6.905167254749284833e-01 -4.779068589620915630e-01 3.923798264156846405e-01 3.752729111171854703e-01
1.305033564976037025e+09 1.213680017493934393e-01 -4.722635239575808663e-01 9.028050991561180627e-01 -6.905167254749284833e-01 -4.779068589620915630e-01 3.923798264156846405e-01 3.752729111171854703e-01
1.305033565007937908e+09 1.213680017493934393e-01 -4.722635239575808663e-01 9.028050991561180627e-01 -6.905167254749284833e-01 -4.779068589620915630e-01 3.923798264156846405e-01 3.752729111171854703e-01
1.305033565043916941e+09 1.213680017493934393e-01 -4.722635239575808663e-01 9.028050991561180627e-01 -6.905167254749284833e-01 -4.779068589620915630e-01 3.923798264156846405e-01 3.752729111171854703e-01
1.305033565075900078e+09 1.213680017493934393e-01 -4.722635239575808663e-01 9.028050991561180627e-01 -6.905167254749284833e-01 -4.779068589620915630e-01 3.923798264156846405e-01 3.752729111171854703e-01
1.305033565107858896e+09 1.213680017493934393e-01 -4.722635239575808663e-01 9.028050991561180627e-01 -6.905167254749284833e-01 -4.779068589620915630e-01 3.923798264156846405e-01 3.752729111171854703e-01
1.305033565143986940e+09 1.213680017493934393e-01 -4.722635239575808663e-01 9.028050991561180627e-01 -6.905167254749284833e-01 -4.779068589620915630e-01 3.923798264156846405e-01 3.752729111171854703e-01
1.305033565175899982e+09 1.213680017493934393e-01 -4.722635239575808663e-01 9.028050991561180627e-01 -6.905167254749284833e-01 -4.779068589620915630e-01 3.923798264156846405e-01 3.752729111171854703e-01
1.305033565207978010e+09 1.213680017493934393e-01 -4.722635239575808663e-01 9.028050991561180627e-01 -6.905167254749284833e-01 -4.779068589620915630e-01 3.923798264156846405e-01 3.752729111171854703e-01
1.305033565244952917e+09 1.213680017493934393e-01 -4.722635239575808663e-01 9.028050991561180627e-01 -6.905167254749284833e-01 -4.779068589620915630e-01 3.923798264156846405e-01 3.752729111171854703e-01
1.305033565276355982e+09 1.213680017493934393e-01 -4.722635239575808663e-01 9.028050991561180627e-01 -6.905167254749284833e-01 -4.779068589620915630e-01 3.923798264156846405e-01 3.752729111171854703e-01
1.305033565307938099e+09 1.213680017493934393e-01 -4.722635239575808663e-01 9.028050991561180627e-01 -6.905167254749284833e-01 -4.779068589620915630e-01 3.923798264156846405e-01 3.752729111171854703e-01
1.305033565344986916e+09 1.213680017493934393e-01 -4.722635239575808663e-01 9.028050991561180627e-01 -6.905167254749284833e-01 -4.779068589620915630e-01 3.923798264156846405e-01 3.752729111171854703e-01
1.305033565376574039e+09 1.213680017493934393e-01 -4.722635239575808663e-01 9.028050991561180627e-01 -6.905167254749284833e-01 -4.779068589620915630e-01 3.923798264156846405e-01 3.752729111171854703e-01
1.305033565407876015e+09 1.213680017493934393e-01 -4.722635239575808663e-01 9.028050991561180627e-01 -6.905167254749284833e-01 -4.779068589620915630e-01 3.923798264156846405e-01 3.752729111171854703e-01
1.305033565444288969e+09 1.213680017493934393e-01 -4.722635239575808663e-01 9.028050991561180627e-01 -6.905167254749284833e-01 -4.779068589620915630e-01 3.923798264156846405e-01 3.752729111171854703e-01
1.305033565476052999e+09 1.213680017493934393e-01 -4.722635239575808663e-01 9.028050991561180627e-01 -6.905167254749284833e-01 -4.779068589620915630e-01 3.923798264156846405e-01 3.752729111171854703e-01
1.305033565507905006e+09 1.213680017493934393e-01 -4.722635239575808663e-01 9.028050991561180627e-01 -6.905167254749284833e-01 -4.779068589620915630e-01 3.923798264156846405e-01 3.752729111171854703e-01
1.305033565544076920e+09 1.213680017493934393e-01 -4.722635239575808663e-01 9.028050991561180627e-01 -6.905167254749284833e-01 -4.779068589620915630e-01 3.923798264156846405e-01 3.752729111171854703e-01
1.305033565575974941e+09 1.213680017493934393e-01 -4.722635239575808663e-01 9.028050991561180627e-01 -6.905167254749284833e-01 -4.779068589620915630e-01 3.923798264156846405e-01 3.752729111171854703e-01
1.305033565608072042e+09 1.213680017493934393e-01 -4.722635239575808663e-01 9.028050991561180627e-01 -6.905167254749284833e-01 -4.779068589620915630e-01 3.923798264156846405e-01 3.752729111171854703e-01
1.305033565644232988e+09 1.213680017493934393e-01 -4.722635239575808663e-01 9.028050991561180627e-01 -6.905167254749284833e-01 -4.779068589620915630e-01 3.923798264156846405e-01 3.752729111171854703e-01
1.305033565676064014e+09 1.213680017493934393e-01 -4.722635239575808663e-01 9.028050991561180627e-01 -6.905167254749284833e-01 -4.779068589620915630e-01 3.923798264156846405e-01 3.752729111171854703e-01
1.305033565709167957e+09 1.213680017493934393e-01 -4.722635239575808663e-01 9.028050991561180627e-01 -6.905167254749284833e-01 -4.779068589620915630e-01 3.923798264156846405e-01 3.752729111171854703e-01
1.305033565744012117e+09 1.213680017493934393e-01 -4.722635239575808663e-01 9.028050991561180627e-01 -6.905167254749284833e-01 -4.779068589620915630e-01 3.923798264156846405e-01 3.752729111171854703e-01
1.305033565776027918e+09 1.213680017493934393e-01 -4.722635239575808663e-01 9.028050991561180627e-01 -6.905167254749284833e-01 -4.779068589620915630e-01 3.923798264156846405e-01 3.752729111171854703e-01
1.305033565808428049e+09 1.213680017493934393e-01 -4.722635239575808663e-01 9.028050991561180627e-01 -6.905167254749284833e-01 -4.779068589620915630e-01 3.923798264156846405e-01 3.752729111171854703e-01
1.305033565844024897e+09 1.213680017493934393e-01 -4.722635239575808663e-01 9.028050991561180627e-01 -6.905167254749284833e-01 -4.779068589620915630e-01 3.923798264156846405e-01 3.752729111171854703e-01
1.305033565875916958e+09 1.213680017493934393e-01 -4.722635239575808663e-01 9.028050991561180627e-01 -6.905167254749284833e-01 -4.779068589620915630e-01 3.923798264156846405e-01 3.752729111171854703e-01
1.305033565907963991e+09 1.213680017493934393e-01 -4.722635239575808663e-01 9.028050991561180627e-01 -6.905167254749284833e-01 -4.779068589620915630e-01 3.923798264156846405e-01 3.752729111171854703e-01
1.305033565944075108e+09 1.213680017493934393e-01 -4.722635239575808663e-01 9.028050991561180627e-01 -6.905167254749284833e-01 -4.779068589620915630e-01 3.923798264156846405e-01 3.752729111171854703e-01
1.305033565975827932e+09 1.213680017493934393e-01 -4.722635239575808663e-01 9.028050991561180627e-01 -6.905167254749284833e-01 -4.779068589620915630e-01 3.923798264156846405e-01 3.752729111171854703e-01
1.305033566007889986e+09 1.213680017493934393e-01 -4.722635239575808663e-01 9.028050991561180627e-01 -6.905167254749284833e-01 -4.779068589620915630e-01 3.923798264156846405e-01 3.752729111171854703e-01
1.305033566043972969e+09 1.213680017493934393e-01 -4.722635239575808663e-01 9.028050991561180627e-01 -6.905167254749284833e-01 -4.779068589620915630e-01 3.923798264156846405e-01 3.752729111171854703e-01
1.305033566075880051e+09 1.213680017493934393e-01 -4.722635239575808663e-01 9.028050991561180627e-01 -6.905167254749284833e-01 -4.779068589620915630e-01 3.923798264156846405e-01 3.752729111171854703e-01
1.305033566107857943e+09 1.213680017493934393e-01 -4.722635239575808663e-01 9.028050991561180627e-01 -6.905167254749284833e-01 -4.779068589620915630e-01 3.923798264156846405e-01 3.752729111171854703e-01
1.305033566143990993e+09 1.213680017493934393e-01 -4.722635239575808663e-01 9.028050991561180627e-01 -6.905167254749284833e-01 -4.779068589620915630e-01 3.923798264156846405e-01 3.752729111171854703e-01
1.305033566177030087e+09 1.213680017493934393e-01 -4.722635239575808663e-01 9.028050991561180627e-01 -6.905167254749284833e-01 -4.779068589620915630e-01 3.923798264156846405e-01 3.752729111171854703e-01
1.305033566208029985e+09 1.213680017493934393e-01 -4.722635239575808663e-01 9.028050991561180627e-01 -6.905167254749284833e-01 -4.779068589620915630e-01 3.923798264156846405e-01 3.752729111171854703e-01
1.305033566244045973e+09 1.213680017493934393e-01 -4.722635239575808663e-01 9.028050991561180627e-01 -6.905167254749284833e-01 -4.779068589620915630e-01 3.923798264156846405e-01 3.752729111171854703e-01
1.305033566276005030e+09 1.213680017493934393e-01 -4.722635239575808663e-01 9.028050991561180627e-01 -6.905167254749284833e-01 -4.779068589620915630e-01 3.923798264156846405e-01 3.752729111171854703e-01
1.305033566307955980e+09 1.213680017493934393e-01 -4.722635239575808663e-01 9.028050991561180627e-01 -6.905167254749284833e-01 -4.779068589620915630e-01 3.923798264156846405e-01 3.752729111171854703e-01
1.305033566344211102e+09 1.213680017493934393e-01 -4.722635239575808663e-01 9.028050991561180627e-01 -6.905167254749284833e-01 -4.779068589620915630e-01 3.923798264156846405e-01 3.752729111171854703e-01
1.305033566375967026e+09 1.213680017493934393e-01 -4.722635239575808663e-01 9.028050991561180627e-01 -6.905167254749284833e-01 -4.779068589620915630e-01 3.923798264156846405e-01 3.752729111171854703e-01
1.305033566408257008e+09 1.213680017493934393e-01 -4.722635239575808663e-01 9.028050991561180627e-01 -6.905167254749284833e-01 -4.779068589620915630e-01 3.923798264156846405e-01 3.752729111171854703e-01
1.305033566443909883e+09 1.213680017493934393e-01 -4.722635239575808663e-01 9.028050991561180627e-01 -6.905167254749284833e-01 -4.779068589620915630e-01 3.923798264156846405e-01 3.752729111171854703e-01
1.305033566476031065e+09 1.213680017493934393e-01 -4.722635239575808663e-01 9.028050991561180627e-01 -6.905167254749284833e-01 -4.779068589620915630e-01 3.923798264156846405e-01 3.752729111171854703e-01
1.305033566508093119e+09 1.213680017493934393e-01 -4.722635239575808663e-01 9.028050991561180627e-01 -6.905167254749284833e-01 -4.779068589620915630e-01 3.923798264156846405e-01 3.752729111171854703e-01
1.305033566544035912e+09 1.213680017493934393e-01 -4.722635239575808663e-01 9.028050991561180627e-01 -6.905167254749284833e-01 -4.779068589620915630e-01 3.923798264156846405e-01 3.752729111171854703e-01
1.305033566576145887e+09 1.213680017493934393e-01 -4.722635239575808663e-01 9.028050991561180627e-01 -6.905167254749284833e-01 -4.779068589620915630e-01 3.923798264156846405e-01 3.752729111171854703e-01
1.305033566608192921e+09 1.213680017493934393e-01 -4.722635239575808663e-01 9.028050991561180627e-01 -6.905167254749284833e-01 -4.779068589620915630e-01 3.923798264156846405e-01 3.752729111171854703e-01
1.305033566644799948e+09 1.213680017493934393e-01 -4.722635239575808663e-01 9.028050991561180627e-01 -6.905167254749284833e-01 -4.779068589620915630e-01 3.923798264156846405e-01 3.752729111171854703e-01
1.305033566675986052e+09 1.213680017493934393e-01 -4.722635239575808663e-01 9.028050991561180627e-01 -6.905167254749284833e-01 -4.779068589620915630e-01 3.923798264156846405e-01 3.752729111171854703e-01
1.305033566707979918e+09 1.213680017493934393e-01 -4.722635239575808663e-01 9.028050991561180627e-01 -6.905167254749284833e-01 -4.779068589620915630e-01 3.923798264156846405e-01 3.752729111171854703e-01
1.305033566743879080e+09 1.213680017493934393e-01 -4.722635239575808663e-01 9.028050991561180627e-01 -6.905167254749284833e-01 -4.779068589620915630e-01 3.923798264156846405e-01 3.752729111171854703e-01
1.305033566775928020e+09 1.213680017493934393e-01 -4.722635239575808663e-01 9.028050991561180627e-01 -6.905167254749284833e-01 -4.779068589620915630e-01 3.923798264156846405e-01 3.752729111171854703e-01
1.305033566816359997e+09 1.213680017493934393e-01 -4.722635239575808663e-01 9.028050991561180627e-01 -6.905167254749284833e-01 -4.779068589620915630e-01 3.923798264156846405e-01 3.752729111171854703e-01
1.305033566844888926e+09 1.213680017493934393e-01 -4.722635239575808663e-01 9.028050991561180627e-01 -6.905167254749284833e-01 -4.779068589620915630e-01 3.923798264156846405e-01 3.752729111171854703e-01
1.305033566876228094e+09 1.213680017493934393e-01 -4.722635239575808663e-01 9.028050991561180627e-01 -6.905167254749284833e-01 -4.779068589620915630e-01 3.923798264156846405e-01 3.752729111171854703e-01
1.305033566907957077e+09 1.213680017493934393e-01 -4.722635239575808663e-01 9.028050991561180627e-01 -6.905167254749284833e-01 -4.779068589620915630e-01 3.923798264156846405e-01 3.752729111171854703e-01
1.305033566944006920e+09 1.213680017493934393e-01 -4.722635239575808663e-01 9.028050991561180627e-01 -6.905167254749284833e-01 -4.779068589620915630e-01 3.923798264156846405e-01 3.752729111171854703e-01
1.305033566975857019e+09 1.213680017493934393e-01 -4.722635239575808663e-01 9.028050991561180627e-01 -6.905167254749284833e-01 -4.779068589620915630e-01 3.923798264156846405e-01 3.752729111171854703e-01
1.305033567007985115e+09 1.213680017493934393e-01 -4.722635239575808663e-01 9.028050991561180627e-01 -6.905167254749284833e-01 -4.779068589620915630e-01 3.923798264156846405e-01 3.752729111171854703e-01
1.305033567043992996e+09 1.213680017493934393e-01 -4.722635239575808663e-01 9.028050991561180627e-01 -6.905167254749284833e-01 -4.779068589620915630e-01 3.923798264156846405e-01 3.752729111171854703e-01
1.305033567076391935e+09 1.213680017493934393e-01 -4.722635239575808663e-01 9.028050991561180627e-01 -6.905167254749284833e-01 -4.779068589620915630e-01 3.923798264156846405e-01 3.752729111171854703e-01
1.305033567108916044e+09 1.213680017493934393e-01 -4.722635239575808663e-01 9.028050991561180627e-01 -6.905167254749284833e-01 -4.779068589620915630e-01 3.923798264156846405e-01 3.752729111171854703e-01
1.305033567143956900e+09 1.213680017493934393e-01 -4.722635239575808663e-01 9.028050991561180627e-01 -6.905167254749284833e-01 -4.779068589620915630e-01 3.923798264156846405e-01 3.752729111171854703e-01
1.305033567177098989e+09 1.213680017493934393e-01 -4.722635239575808663e-01 9.028050991561180627e-01 -6.905167254749284833e-01 -4.779068589620915630e-01 3.923798264156846405e-01 3.752729111171854703e-01
1.305033567208105087e+09 1.213680017493934393e-01 -4.722635239575808663e-01 9.028050991561180627e-01 -6.905167254749284833e-01 -4.779068589620915630e-01 3.923798264156846405e-01 3.752729111171854703e-01
1.305033567244018078e+09 1.213680017493934393e-01 -4.722635239575808663e-01 9.028050991561180627e-01 -6.905167254749284833e-01 -4.779068589620915630e-01 3.923798264156846405e-01 3.752729111171854703e-01
1.305033567275923967e+09 1.213680017493934393e-01 -4.722635239575808663e-01 9.028050991561180627e-01 -6.905167254749284833e-01 -4.779068589620915630e-01 3.923798264156846405e-01 3.752729111171854703e-01
1.305033567308111906e+09 1.213680017493934393e-01 -4.722635239575808663e-01 9.028050991561180627e-01 -6.905167254749284833e-01 -4.779068589620915630e-01 3.923798264156846405e-01 3.752729111171854703e-01
1.305033567343977928e+09 1.213680017493934393e-01 -4.722635239575808663e-01 9.028050991561180627e-01 -6.905167254749284833e-01 -4.779068589620915630e-01 3.923798264156846405e-01 3.752729111171854703e-01
1.305033567375906944e+09 1.213680017493934393e-01 -4.722635239575808663e-01 9.028050991561180627e-01 -6.905167254749284833e-01 -4.779068589620915630e-01 3.923798264156846405e-01 3.752729111171854703e-01
1.305033567408015013e+09 1.213680017493934393e-01 -4.722635239575808663e-01 9.028050991561180627e-01 -6.905167254749284833e-01 -4.779068589620915630e-01 3.923798264156846405e-01 3.752729111171854703e-01
1.305033567443932056e+09 1.213680017493934393e-01 -4.722635239575808663e-01 9.028050991561180627e-01 -6.905167254749284833e-01 -4.779068589620915630e-01 3.923798264156846405e-01 3.752729111171854703e-01
1.305033567476033926e+09 1.213680017493934393e-01 -4.722635239575808663e-01 9.028050991561180627e-01 -6.905167254749284833e-01 -4.779068589620915630e-01 3.923798264156846405e-01 3.752729111171854703e-01
1.305033567507956028e+09 1.213680017493934393e-01 -4.722635239575808663e-01 9.028050991561180627e-01 -6.905167254749284833e-01 -4.779068589620915630e-01 3.923798264156846405e-01 3.752729111171854703e-01
1.305033567544076920e+09 1.213680017493934393e-01 -4.722635239575808663e-01 9.028050991561180627e-01 -6.905167254749284833e-01 -4.779068589620915630e-01 3.923798264156846405e-01 3.752729111171854703e-01
1.305033567576039076e+09 1.213680017493934393e-01 -4.722635239575808663e-01 9.028050991561180627e-01 -6.905167254749284833e-01 -4.779068589620915630e-01 3.923798264156846405e-01 3.752729111171854703e-01
1.305033567608081102e+09 1.213680017493934393e-01 -4.722635239575808663e-01 9.028050991561180627e-01 -6.905167254749284833e-01 -4.779068589620915630e-01 3.923798264156846405e-01 3.752729111171854703e-01
1.305033567643847942e+09 1.213680017493934393e-01 -4.722635239575808663e-01 9.028050991561180627e-01 -6.905167254749284833e-01 -4.779068589620915630e-01 3.923798264156846405e-01 3.752729111171854703e-01
1.305033567676067114e+09 1.213680017493934393e-01 -4.722635239575808663e-01 9.028050991561180627e-01 -6.905167254749284833e-01 -4.779068589620915630e-01 3.923798264156846405e-01 3.752729111171854703e-01
1.305033567708106041e+09 1.213680017493934393e-01 -4.722635239575808663e-01 9.028050991561180627e-01 -6.905167254749284833e-01 -4.779068589620915630e-01 3.923798264156846405e-01 3.752729111171854703e-01
1.305033567743851900e+09 1.213680017493934393e-01 -4.722635239575808663e-01 9.028050991561180627e-01 -6.905167254749284833e-01 -4.779068589620915630e-01 3.923798264156846405e-01 3.752729111171854703e-01
1.305033567776099920e+09 1.213680017493934393e-01 -4.722635239575808663e-01 9.028050991561180627e-01 -6.905167254749284833e-01 -4.779068589620915630e-01 3.923798264156846405e-01 3.752729111171854703e-01
1.305033567807986021e+09 1.213680017493934393e-01 -4.722635239575808663e-01 9.028050991561180627e-01 -6.905167254749284833e-01 -4.779068589620915630e-01 3.923798264156846405e-01 3.752729111171854703e-01
1.305033567843854904e+09 1.213680017493934393e-01 -4.722635239575808663e-01 9.028050991561180627e-01 -6.905167254749284833e-01 -4.779068589620915630e-01 3.923798264156846405e-01 3.752729111171854703e-01
1.305033567876013041e+09 1.213680017493934393e-01 -4.722635239575808663e-01 9.028050991561180627e-01 -6.905167254749284833e-01 -4.779068589620915630e-01 3.923798264156846405e-01 3.752729111171854703e-01
1.305033567907932997e+09 1.213680017493934393e-01 -4.722635239575808663e-01 9.028050991561180627e-01 -6.905167254749284833e-01 -4.779068589620915630e-01 3.923798264156846405e-01 3.752729111171854703e-01
1.305033567944056034e+09 1.213680017493934393e-01 -4.722635239575808663e-01 9.028050991561180627e-01 -6.905167254749284833e-01 -4.779068589620915630e-01 3.923798264156846405e-01 3.752729111171854703e-01
1.305033567975899935e+09 1.213680017493934393e-01 -4.722635239575808663e-01 9.028050991561180627e-01 -6.905167254749284833e-01 -4.779068589620915630e-01 3.923798264156846405e-01 3.752729111171854703e-01
1.305033568007972956e+09 1.213680017493934393e-01 -4.722635239575808663e-01 9.028050991561180627e-01 -6.905167254749284833e-01 -4.779068589620915630e-01 3.923798264156846405e-01 3.752729111171854703e-01
1.305033568044689894e+09 1.213680017493934393e-01 -4.722635239575808663e-01 9.028050991561180627e-01 -6.905167254749284833e-01 -4.779068589620915630e-01 3.923798264156846405e-01 3.752729111171854703e-01
1.305033568076513052e+09 1.213680017493934393e-01 -4.722635239575808663e-01 9.028050991561180627e-01 -6.905167254749284833e-01 -4.779068589620915630e-01 3.923798264156846405e-01 3.752729111171854703e-01
1.305033568107876062e+09 1.213680017493934393e-01 -4.722635239575808663e-01 9.028050991561180627e-01 -6.905167254749284833e-01 -4.779068589620915630e-01 3.923798264156846405e-01 3.752729111171854703e-01
1.305033568144794941e+09 1.213680017493934393e-01 -4.722635239575808663e-01 9.028050991561180627e-01 -6.905167254749284833e-01 -4.779068589620915630e-01 3.923798264156846405e-01 3.752729111171854703e-01
1.305033568175928116e+09 1.213680017493934393e-01 -4.722635239575808663e-01 9.028050991561180627e-01 -6.905167254749284833e-01 -4.779068589620915630e-01 3.923798264156846405e-01 3.752729111171854703e-01
1.305033568208754063e+09 1.213680017493934393e-01 -4.722635239575808663e-01 9.028050991561180627e-01 -6.905167254749284833e-01 -4.779068589620915630e-01 3.923798264156846405e-01 3.752729111171854703e-01
1.305033568244908094e+09 1.213680017493934393e-01 -4.722635239575808663e-01 9.028050991561180627e-01 -6.905167254749284833e-01 -4.779068589620915630e-01 3.923798264156846405e-01 3.752729111171854703e-01
1.305033568276767015e+09 1.213680017493934393e-01 -4.722635239575808663e-01 9.028050991561180627e-01 -6.905167254749284833e-01 -4.779068589620915630e-01 3.923798264156846405e-01 3.752729111171854703e-01
1.305033568308996916e+09 1.213680017493934393e-01 -4.722635239575808663e-01 9.028050991561180627e-01 -6.905167254749284833e-01 -4.779068589620915630e-01 3.923798264156846405e-01 3.752729111171854703e-01
1.305033568344489098e+09 1.213680017493934393e-01 -4.722635239575808663e-01 9.028050991561180627e-01 -6.905167254749284833e-01 -4.779068589620915630e-01 3.923798264156846405e-01 3.752729111171854703e-01
1.305033568376266956e+09 1.213680017493934393e-01 -4.722635239575808663e-01 9.028050991561180627e-01 -6.905167254749284833e-01 -4.779068589620915630e-01 3.923798264156846405e-01 3.752729111171854703e-01
1.305033568408097029e+09 1.213680017493934393e-01 -4.722635239575808663e-01 9.028050991561180627e-01 -6.905167254749284833e-01 -4.779068589620915630e-01 3.923798264156846405e-01 3.752729111171854703e-01
1.305033568443928957e+09 1.213680017493934393e-01 -4.722635239575808663e-01 9.028050991561180627e-01 -6.905167254749284833e-01 -4.779068589620915630e-01 3.923798264156846405e-01 3.752729111171854703e-01
1.305033568477600098e+09 1.213680017493934393e-01 -4.722635239575808663e-01 9.028050991561180627e-01 -6.905167254749284833e-01 -4.779068589620915630e-01 3.923798264156846405e-01 3.752729111171854703e-01
1.305033568510550022e+09 1.213680017493934393e-01 -4.722635239575808663e-01 9.028050991561180627e-01 -6.905167254749284833e-01 -4.779068589620915630e-01 3.923798264156846405e-01 3.752729111171854703e-01
1.305033568544549942e+09 1.213680017493934393e-01 -4.722635239575808663e-01 9.028050991561180627e-01 -6.905167254749284833e-01 -4.779068589620915630e-01 3.923798264156846405e-01 3.752729111171854703e-01
1.305033568577212095e+09 1.213680017493934393e-01 -4.722635239575808663e-01 9.028050991561180627e-01 -6.905167254749284833e-01 -4.779068589620915630e-01 3.923798264156846405e-01 3.752729111171854703e-01
1.305033568612361908e+09 1.213680017493934393e-01 -4.722635239575808663e-01 9.028050991561180627e-01 -6.905167254749284833e-01 -4.779068589620915630e-01 3.923798264156846405e-01 3.752729111171854703e-01
1.305033568676707983e+09 1.213680017493934393e-01 -4.722635239575808663e-01 9.028050991561180627e-01 -6.905167254749284833e-01 -4.779068589620915630e-01 3.923798264156846405e-01 3.752729111171854703e-01
1.305033568712397099e+09 1.213680017493934393e-01 -4.722635239575808663e-01 9.028050991561180627e-01 -6.905167254749284833e-01 -4.779068589620915630e-01 3.923798264156846405e-01 3.752729111171854703e-01
1.305033568844115973e+09 1.213680017493934393e-01 -4.722635239575808663e-01 9.028050991561180627e-01 -6.905167254749284833e-01 -4.779068589620915630e-01 3.923798264156846405e-01 3.752729111171854703e-01
1.305033568875957012e+09 1.213680017493934393e-01 -4.722635239575808663e-01 9.028050991561180627e-01 -6.905167254749284833e-01 -4.779068589620915630e-01 3.923798264156846405e-01 3.752729111171854703e-01
1.305033568912607908e+09 1.213680017493934393e-01 -4.722635239575808663e-01 9.028050991561180627e-01 -6.905167254749284833e-01 -4.779068589620915630e-01 3.923798264156846405e-01 3.752729111171854703e-01
1.305033568945159912e+09 1.213680017493934393e-01 -4.722635239575808663e-01 9.028050991561180627e-01 -6.905167254749284833e-01 -4.779068589620915630e-01 3.923798264156846405e-01 3.752729111171854703e-01
1.305033568976138115e+09 1.213680017493934393e-01 -4.722635239575808663e-01 9.028050991561180627e-01 -6.905167254749284833e-01 -4.779068589620915630e-01 3.923798264156846405e-01 3.752729111171854703e-01
1.305033569010126114e+09 1.213680017493934393e-01 -4.722635239575808663e-01 9.028050991561180627e-01 -6.905167254749284833e-01 -4.779068589620915630e-01 3.923798264156846405e-01 3.752729111171854703e-01
1.305033569044015884e+09 1.213680017493934393e-01 -4.722635239575808663e-01 9.028050991561180627e-01 -6.905167254749284833e-01 -4.779068589620915630e-01 3.923798264156846405e-01 3.752729111171854703e-01
1.305033569910414934e+09 1.213680017493934393e-01 -4.722635239575808663e-01 9.028050991561180627e-01 -6.905167254749284833e-01 -4.779068589620915630e-01 3.923798264156846405e-01 3.752729111171854703e-01
1.305033569944824934e+09 1.213680017493934393e-01 -4.722635239575808663e-01 9.028050991561180627e-01 -6.905167254749284833e-01 -4.779068589620915630e-01 3.923798264156846405e-01 3.752729111171854703e-01
1.305033569981683016e+09 1.213680017493934393e-01 -4.722635239575808663e-01 9.028050991561180627e-01 -6.905167254749284833e-01 -4.779068589620915630e-01 3.923798264156846405e-01 3.752729111171854703e-01
1.305033570011029959e+09 1.213680017493934393e-01 -4.722635239575808663e-01 9.028050991561180627e-01 -6.905167254749284833e-01 -4.779068589620915630e-01 3.923798264156846405e-01 3.752729111171854703e-01
1.305033570045351982e+09 1.213680017493934393e-01 -4.722635239575808663e-01 9.028050991561180627e-01 -6.905167254749284833e-01 -4.779068589620915630e-01 3.923798264156846405e-01 3.752729111171854703e-01
1.305033570081549883e+09 1.213680017493934393e-01 -4.722635239575808663e-01 9.028050991561180627e-01 -6.905167254749284833e-01 -4.779068589620915630e-01 3.923798264156846405e-01 3.752729111171854703e-01
1.305033570109750986e+09 1.213680017493934393e-01 -4.722635239575808663e-01 9.028050991561180627e-01 -6.905167254749284833e-01 -4.779068589620915630e-01 3.923798264156846405e-01 3.752729111171854703e-01
1.305033570145930052e+09 1.213680017493934393e-01 -4.722635239575808663e-01 9.028050991561180627e-01 -6.905167254749284833e-01 -4.779068589620915630e-01 3.923798264156846405e-01 3.752729111171854703e-01
1.305033570181416988e+09 1.213680017493934393e-01 -4.722635239575808663e-01 9.028050991561180627e-01 -6.905167254749284833e-01 -4.779068589620915630e-01 3.923798264156846405e-01 3.752729111171854703e-01
1.305033570210844040e+09 1.213680017493934393e-01 -4.722635239575808663e-01 9.028050991561180627e-01 -6.905167254749284833e-01 -4.779068589620915630e-01 3.923798264156846405e-01 3.752729111171854703e-01
1.305033570244499922e+09 1.213680017493934393e-01 -4.722635239575808663e-01 9.028050991561180627e-01 -6.905167254749284833e-01 -4.779068589620915630e-01 3.923798264156846405e-01 3.752729111171854703e-01
1.305033570281941891e+09 1.213680017493934393e-01 -4.722635239575808663e-01 9.028050991561180627e-01 -6.905167254749284833e-01 -4.779068589620915630e-01 3.923798264156846405e-01 3.752729111171854703e-01
1.305033570312552929e+09 1.213680017493934393e-01 -4.722635239575808663e-01 9.028050991561180627e-01 -6.905167254749284833e-01 -4.779068589620915630e-01 3.923798264156846405e-01 3.752729111171854703e-01
1.305033570344475985e+09 1.213680017493934393e-01 -4.722635239575808663e-01 9.028050991561180627e-01 -6.905167254749284833e-01 -4.779068589620915630e-01 3.923798264156846405e-01 3.752729111171854703e-01
1.305033570380954981e+09 1.213680017493934393e-01 -4.722635239575808663e-01 9.028050991561180627e-01 -6.905167254749284833e-01 -4.779068589620915630e-01 3.923798264156846405e-01 3.752729111171854703e-01
1.305033570413393974e+09 1.213680017493934393e-01 -4.722635239575808663e-01 9.028050991561180627e-01 -6.905167254749284833e-01 -4.779068589620915630e-01 3.923798264156846405e-01 3.752729111171854703e-01
1.305033570444547892e+09 1.213680017493934393e-01 -4.722635239575808663e-01 9.028050991561180627e-01 -6.905167254749284833e-01 -4.779068589620915630e-01 3.923798264156846405e-01 3.752729111171854703e-01
1.305033570481286049e+09 1.213680017493934393e-01 -4.722635239575808663e-01 9.028050991561180627e-01 -6.905167254749284833e-01 -4.779068589620915630e-01 3.923798264156846405e-01 3.752729111171854703e-01
1.305033570513264894e+09 1.213680017493934393e-01 -4.722635239575808663e-01 9.028050991561180627e-01 -6.905167254749284833e-01 -4.779068589620915630e-01 3.923798264156846405e-01 3.752729111171854703e-01
1.305033570545142889e+09 1.213680017493934393e-01 -4.722635239575808663e-01 9.028050991561180627e-01 -6.905167254749284833e-01 -4.779068589620915630e-01 3.923798264156846405e-01 3.752729111171854703e-01
1.305033570580146074e+09 1.213680017493934393e-01 -4.722635239575808663e-01 9.028050991561180627e-01 -6.905167254749284833e-01 -4.779068589620915630e-01 3.923798264156846405e-01 3.752729111171854703e-01
1.305033570615300894e+09 1.213680017493934393e-01 -4.722635239575808663e-01 9.028050991561180627e-01 -6.905167254749284833e-01 -4.779068589620915630e-01 3.923798264156846405e-01 3.752729111171854703e-01
1.305033570644853115e+09 1.213680017493934393e-01 -4.722635239575808663e-01 9.028050991561180627e-01 -6.905167254749284833e-01 -4.779068589620915630e-01 3.923798264156846405e-01 3.752729111171854703e-01
1.305033570678623915e+09 1.213680017493934393e-01 -4.722635239575808663e-01 9.028050991561180627e-01 -6.905167254749284833e-01 -4.779068589620915630e-01 3.923798264156846405e-01 3.752729111171854703e-01
1.305033570712814093e+09 1.213680017493934393e-01 -4.722635239575808663e-01 9.028050991561180627e-01 -6.905167254749284833e-01 -4.779068589620915630e-01 3.923798264156846405e-01 3.752729111171854703e-01
1.305033570744520903e+09 1.213680017493934393e-01 -4.722635239575808663e-01 9.028050991561180627e-01 -6.905167254749284833e-01 -4.779068589620915630e-01 3.923798264156846405e-01 3.752729111171854703e-01
1.305033570777858019e+09 1.213680017493934393e-01 -4.722635239575808663e-01 9.028050991561180627e-01 -6.905167254749284833e-01 -4.779068589620915630e-01 3.923798264156846405e-01 3.752729111171854703e-01
1.305033570812773943e+09 1.213680017493934393e-01 -4.722635239575808663e-01 9.028050991561180627e-01 -6.905167254749284833e-01 -4.779068589620915630e-01 3.923798264156846405e-01 3.752729111171854703e-01
1.305033570844871998e+09 1.213680017493934393e-01 -4.722635239575808663e-01 9.028050991561180627e-01 -6.905167254749284833e-01 -4.779068589620915630e-01 3.923798264156846405e-01 3.752729111171854703e-01
1.305033570881244898e+09 1.213680017493934393e-01 -4.722635239575808663e-01 9.028050991561180627e-01 -6.905167254749284833e-01 -4.779068589620915630e-01 3.923798264156846405e-01 3.752729111171854703e-01
1.305033570912861109e+09 1.213680017493934393e-01 -4.722635239575808663e-01 9.028050991561180627e-01 -6.905167254749284833e-01 -4.779068589620915630e-01 3.923798264156846405e-01 3.752729111171854703e-01
1.305033570949081898e+09 1.213680017493934393e-01 -4.722635239575808663e-01 9.028050991561180627e-01 -6.905167254749284833e-01 -4.779068589620915630e-01 3.923798264156846405e-01 3.752729111171854703e-01
1.305033570980633020e+09 1.213680017493934393e-01 -4.722635239575808663e-01 9.028050991561180627e-01 -6.905167254749284833e-01 -4.779068589620915630e-01 3.923798264156846405e-01 3.752729111171854703e-01
1.305033571012823105e+09 1.213680017493934393e-01 -4.722635239575808663e-01 9.028050991561180627e-01 -6.905167254749284833e-01 -4.779068589620915630e-01 3.923798264156846405e-01 3.752729111171854703e-01
1.305033571046469927e+09 1.213680017493934393e-01 -4.722635239575808663e-01 9.028050991561180627e-01 -6.905167254749284833e-01 -4.779068589620915630e-01 3.923798264156846405e-01 3.752729111171854703e-01
1.305033571077804089e+09 1.213680017493934393e-01 -4.722635239575808663e-01 9.028050991561180627e-01 -6.905167254749284833e-01 -4.779068589620915630e-01 3.923798264156846405e-01 3.752729111171854703e-01
1.305033571112750053e+09 1.213680017493934393e-01 -4.722635239575808663e-01 9.028050991561180627e-01 -6.905167254749284833e-01 -4.779068589620915630e-01 3.923798264156846405e-01 3.752729111171854703e-01
1.305033571147699118e+09 1.213680017493934393e-01 -4.722635239575808663e-01 9.028050991561180627e-01 -6.905167254749284833e-01 -4.779068589620915630e-01 3.923798264156846405e-01 3.752729111171854703e-01
1.305033571177870989e+09 1.213680017493934393e-01 -4.722635239575808663e-01 9.028050991561180627e-01 -6.905167254749284833e-01 -4.779068589620915630e-01 3.923798264156846405e-01 3.752729111171854703e-01
1.305033571212793112e+09 1.213680017493934393e-01 -4.722635239575808663e-01 9.028050991561180627e-01 -6.905167254749284833e-01 -4.779068589620915630e-01 3.923798264156846405e-01 3.752729111171854703e-01
1.305033571246885061e+09 1.213680017493934393e-01 -4.722635239575808663e-01 9.028050991561180627e-01 -6.905167254749284833e-01 -4.779068589620915630e-01 3.923798264156846405e-01 3.752729111171854703e-01
1.305033571277797937e+09 1.213680017493934393e-01 -4.722635239575808663e-01 9.028050991561180627e-01 -6.905167254749284833e-01 -4.779068589620915630e-01 3.923798264156846405e-01 3.752729111171854703e-01
1.305033571312823057e+09 1.213680017493934393e-01 -4.722635239575808663e-01 9.028050991561180627e-01 -6.905167254749284833e-01 -4.779068589620915630e-01 3.923798264156846405e-01 3.752729111171854703e-01
1.305033571345834017e+09 1.213680017493934393e-01 -4.722635239575808663e-01 9.028050991561180627e-01 -6.905167254749284833e-01 -4.779068589620915630e-01 3.923798264156846405e-01 3.752729111171854703e-01
1.305033571377887964e+09 1.213680017493934393e-01 -4.722635239575808663e-01 9.028050991561180627e-01 -6.905167254749284833e-01 -4.779068589620915630e-01 3.923798264156846405e-01 3.752729111171854703e-01
1.305033571412843943e+09 1.213680017493934393e-01 -4.722635239575808663e-01 9.028050991561180627e-01 -6.905167254749284833e-01 -4.779068589620915630e-01 3.923798264156846405e-01 3.752729111171854703e-01
1.305033571446208000e+09 1.213680017493934393e-01 -4.722635239575808663e-01 9.028050991561180627e-01 -6.905167254749284833e-01 -4.779068589620915630e-01 3.923798264156846405e-01 3.752729111171854703e-01
1.305033571479710102e+09 1.213680017493934393e-01 -4.722635239575808663e-01 9.028050991561180627e-01 -6.905167254749284833e-01 -4.779068589620915630e-01 3.923798264156846405e-01 3.752729111171854703e-01
1.305033571513549089e+09 1.213680017493934393e-01 -4.722635239575808663e-01 9.028050991561180627e-01 -6.905167254749284833e-01 -4.779068589620915630e-01 3.923798264156846405e-01 3.752729111171854703e-01
1.305033571546864033e+09 1.213680017493934393e-01 -4.722635239575808663e-01 9.028050991561180627e-01 -6.905167254749284833e-01 -4.779068589620915630e-01 3.923798264156846405e-01 3.752729111171854703e-01
1.305033571577893019e+09 1.213680017493934393e-01 -4.722635239575808663e-01 9.028050991561180627e-01 -6.905167254749284833e-01 -4.779068589620915630e-01 3.923798264156846405e-01 3.752729111171854703e-01
1.305033571612860918e+09 1.213680017493934393e-01 -4.722635239575808663e-01 9.028050991561180627e-01 -6.905167254749284833e-01 -4.779068589620915630e-01 3.923798264156846405e-01 3.752729111171854703e-01
1.305033571646121979e+09 1.213680017493934393e-01 -4.722635239575808663e-01 9.028050991561180627e-01 -6.905167254749284833e-01 -4.779068589620915630e-01 3.923798264156846405e-01 3.752729111171854703e-01
1.305033571678643942e+09 1.213680017493934393e-01 -4.722635239575808663e-01 9.028050991561180627e-01 -6.905167254749284833e-01 -4.779068589620915630e-01 3.923798264156846405e-01 3.752729111171854703e-01
1.305033571712929964e+09 1.213680017493934393e-01 -4.722635239575808663e-01 9.028050991561180627e-01 -6.905167254749284833e-01 -4.779068589620915630e-01 3.923798264156846405e-01 3.752729111171854703e-01
1.305033571747704983e+09 1.213680017493934393e-01 -4.722635239575808663e-01 9.028050991561180627e-01 -6.905167254749284833e-01 -4.779068589620915630e-01 3.923798264156846405e-01 3.752729111171854703e-01
1.305033571780914068e+09 1.213680017493934393e-01 -4.722635239575808663e-01 9.028050991561180627e-01 -6.905167254749284833e-01 -4.779068589620915630e-01 3.923798264156846405e-01 3.752729111171854703e-01
1.305033571812886000e+09 1.213680017493934393e-01 -4.722635239575808663e-01 9.028050991561180627e-01 -6.905167254749284833e-01 -4.779068589620915630e-01 3.923798264156846405e-01 3.752729111171854703e-01
1.305033571848721027e+09 1.213680017493934393e-01 -4.722635239575808663e-01 9.028050991561180627e-01 -6.905167254749284833e-01 -4.779068589620915630e-01 3.923798264156846405e-01 3.752729111171854703e-01
1.305033571878866911e+09 1.213680017493934393e-01 -4.722635239575808663e-01 9.028050991561180627e-01 -6.905167254749284833e-01 -4.779068589620915630e-01 3.923798264156846405e-01 3.752729111171854703e-01
1.305033571914169073e+09 1.213680017493934393e-01 -4.722635239575808663e-01 9.028050991561180627e-01 -6.905167254749284833e-01 -4.779068589620915630e-01 3.923798264156846405e-01 3.752729111171854703e-01
1.305033571947545052e+09 1.213680017493934393e-01 -4.722635239575808663e-01 9.028050991561180627e-01 -6.905167254749284833e-01 -4.779068589620915630e-01 3.923798264156846405e-01 3.752729111171854703e-01
1.305033571978986979e+09 1.213680017493934393e-01 -4.722635239575808663e-01 9.028050991561180627e-01 -6.905167254749284833e-01 -4.779068589620915630e-01 3.923798264156846405e-01 3.752729111171854703e-01
1.305033572013000011e+09 1.213680017493934393e-01 -4.722635239575808663e-01 9.028050991561180627e-01 -6.905167254749284833e-01 -4.779068589620915630e-01 3.923798264156846405e-01 3.752729111171854703e-01
1.305033572050296068e+09 1.213680017493934393e-01 -4.722635239575808663e-01 9.028050991561180627e-01 -6.905167254749284833e-01 -4.779068589620915630e-01 3.923798264156846405e-01 3.752729111171854703e-01
1.305033572078119040e+09 1.213680017493934393e-01 -4.722635239575808663e-01 9.028050991561180627e-01 -6.905167254749284833e-01 -4.779068589620915630e-01 3.923798264156846405e-01 3.752729111171854703e-01
1.305033572112771988e+09 1.213680017493934393e-01 -4.722635239575808663e-01 9.028050991561180627e-01 -6.905167254749284833e-01 -4.779068589620915630e-01 3.923798264156846405e-01 3.752729111171854703e-01
1.305033572148148060e+09 1.213680017493934393e-01 -4.722635239575808663e-01 9.028050991561180627e-01 -6.905167254749284833e-01 -4.779068589620915630e-01 3.923798264156846405e-01 3.752729111171854703e-01
1.305033572182204008e+09 1.213680017493934393e-01 -4.722635239575808663e-01 9.028050991561180627e-01 -6.905167254749284833e-01 -4.779068589620915630e-01 3.923798264156846405e-01 3.752729111171854703e-01
1.305033572217214108e+09 1.213680017493934393e-01 -4.722635239575808663e-01 9.028050991561180627e-01 -6.905167254749284833e-01 -4.779068589620915630e-01 3.923798264156846405e-01 3.752729111171854703e-01
1.305033572250147104e+09 1.213680017493934393e-01 -4.722635239575808663e-01 9.028050991561180627e-01 -6.905167254749284833e-01 -4.779068589620915630e-01 3.923798264156846405e-01 3.752729111171854703e-01
1.305033572278115034e+09 1.213680017493934393e-01 -4.722635239575808663e-01 9.028050991561180627e-01 -6.905167254749284833e-01 -4.779068589620915630e-01 3.923798264156846405e-01 3.752729111171854703e-01
1.305033572317979097e+09 1.213680017493934393e-01 -4.722635239575808663e-01 9.028050991561180627e-01 -6.905167254749284833e-01 -4.779068589620915630e-01 3.923798264156846405e-01 3.752729111171854703e-01
1.305033572350194931e+09 1.213680017493934393e-01 -4.722635239575808663e-01 9.028050991561180627e-01 -6.905167254749284833e-01 -4.779068589620915630e-01 3.923798264156846405e-01 3.752729111171854703e-01
1.305033572378518105e+09 1.213680017493934393e-01 -4.722635239575808663e-01 9.028050991561180627e-01 -6.905167254749284833e-01 -4.779068589620915630e-01 3.923798264156846405e-01 3.752729111171854703e-01
1.305033572418247938e+09 1.213680017493934393e-01 -4.722635239575808663e-01 9.028050991561180627e-01 -6.905167254749284833e-01 -4.779068589620915630e-01 3.923798264156846405e-01 3.752729111171854703e-01
1.305033572450331926e+09 1.213680017493934393e-01 -4.722635239575808663e-01 9.028050991561180627e-01 -6.905167254749284833e-01 -4.779068589620915630e-01 3.923798264156846405e-01 3.752729111171854703e-01
1.305033572482120991e+09 1.213680017493934393e-01 -4.722635239575808663e-01 9.028050991561180627e-01 -6.905167254749284833e-01 -4.779068589620915630e-01 3.923798264156846405e-01 3.752729111171854703e-01
1.305033572517832041e+09 1.213680017493934393e-01 -4.722635239575808663e-01 9.028050991561180627e-01 -6.905167254749284833e-01 -4.779068589620915630e-01 3.923798264156846405e-01 3.752729111171854703e-01
1.305033572550497055e+09 1.213680017493934393e-01 -4.722635239575808663e-01 9.028050991561180627e-01 -6.905167254749284833e-01 -4.779068589620915630e-01 3.923798264156846405e-01 3.752729111171854703e-01
1.305033572582154036e+09 1.213680017493934393e-01 -4.722635239575808663e-01 9.028050991561180627e-01 -6.905167254749284833e-01 -4.779068589620915630e-01 3.923798264156846405e-01 3.752729111171854703e-01
1.305033572616678953e+09 1.213680017493934393e-01 -4.722635239575808663e-01 9.028050991561180627e-01 -6.905167254749284833e-01 -4.779068589620915630e-01 3.923798264156846405e-01 3.752729111171854703e-01
1.305033572650227070e+09 1.213680017493934393e-01 -4.722635239575808663e-01 9.028050991561180627e-01 -6.905167254749284833e-01 -4.779068589620915630e-01 3.923798264156846405e-01 3.752729111171854703e-01
1.305033572680315018e+09 1.213680017493934393e-01 -4.722635239575808663e-01 9.028050991561180627e-01 -6.905167254749284833e-01 -4.779068589620915630e-01 3.923798264156846405e-01 3.752729111171854703e-01
1.305033572718259096e+09 1.213680017493934393e-01 -4.722635239575808663e-01 9.028050991561180627e-01 -6.905167254749284833e-01 -4.779068589620915630e-01 3.923798264156846405e-01 3.752729111171854703e-01
1.305033572750165939e+09 1.213680017493934393e-01 -4.722635239575808663e-01 9.028050991561180627e-01 -6.905167254749284833e-01 -4.779068589620915630e-01 3.923798264156846405e-01 3.752729111171854703e-01
1.305033572780966997e+09 1.213680017493934393e-01 -4.722635239575808663e-01 9.028050991561180627e-01 -6.905167254749284833e-01 -4.779068589620915630e-01 3.923798264156846405e-01 3.752729111171854703e-01
1.305033572816626072e+09 1.213680017493934393e-01 -4.722635239575808663e-01 9.028050991561180627e-01 -6.905167254749284833e-01 -4.779068589620915630e-01 3.923798264156846405e-01 3.752729111171854703e-01
1.305033572847583055e+09 1.213680017493934393e-01 -4.722635239575808663e-01 9.028050991561180627e-01 -6.905167254749284833e-01 -4.779068589620915630e-01 3.923798264156846405e-01 3.752729111171854703e-01
1.305033572879278898e+09 1.213680017493934393e-01 -4.722635239575808663e-01 9.028050991561180627e-01 -6.905167254749284833e-01 -4.779068589620915630e-01 3.923798264156846405e-01 3.752729111171854703e-01
1.305033572915302992e+09 1.213680017493934393e-01 -4.722635239575808663e-01 9.028050991561180627e-01 -6.905167254749284833e-01 -4.779068589620915630e-01 3.923798264156846405e-01 3.752729111171854703e-01
1.305033572951889038e+09 1.213680017493934393e-01 -4.722635239575808663e-01 9.028050991561180627e-01 -6.905167254749284833e-01 -4.779068589620915630e-01 3.923798264156846405e-01 3.752729111171854703e-01
1.305033572978188992e+09 1.213680017493934393e-01 -4.722635239575808663e-01 9.028050991561180627e-01 -6.905167254749284833e-01 -4.779068589620915630e-01 3.923798264156846405e-01 3.752729111171854703e-01
1.305033573015418053e+09 1.213680017493934393e-01 -4.722635239575808663e-01 9.028050991561180627e-01 -6.905167254749284833e-01 -4.779068589620915630e-01 3.923798264156846405e-01 3.752729111171854703e-01
1.305033573047133923e+09 1.213680017493934393e-01 -4.722635239575808663e-01 9.028050991561180627e-01 -6.905167254749284833e-01 -4.779068589620915630e-01 3.923798264156846405e-01 3.752729111171854703e-01
1.305033573080128908e+09 1.213680017493934393e-01 -4.722635239575808663e-01 9.028050991561180627e-01 -6.905167254749284833e-01 -4.779068589620915630e-01 3.923798264156846405e-01 3.752729111171854703e-01
1.305033573115330935e+09 1.213680017493934393e-01 -4.722635239575808663e-01 9.028050991561180627e-01 -6.905167254749284833e-01 -4.779068589620915630e-01 3.923798264156846405e-01 3.752729111171854703e-01
1.305033573146193981e+09 1.213680017493934393e-01 -4.722635239575808663e-01 9.028050991561180627e-01 -6.905167254749284833e-01 -4.779068589620915630e-01 3.923798264156846405e-01 3.752729111171854703e-01
1.305033573177561045e+09 1.213680017493934393e-01 -4.722635239575808663e-01 9.028050991561180627e-01 -6.905167254749284833e-01 -4.779068589620915630e-01 3.923798264156846405e-01 3.752729111171854703e-01
1.305033573215744019e+09 1.213680017493934393e-01 -4.722635239575808663e-01 9.028050991561180627e-01 -6.905167254749284833e-01 -4.779068589620915630e-01 3.923798264156846405e-01 3.752729111171854703e-01
1.305033573245662928e+09 1.213680017493934393e-01 -4.722635239575808663e-01 9.028050991561180627e-01 -6.905167254749284833e-01 -4.779068589620915630e-01 3.923798264156846405e-01 3.752729111171854703e-01
1.305033573277719975e+09 1.213680017493934393e-01 -4.722635239575808663e-01 9.028050991561180627e-01 -6.905167254749284833e-01 -4.779068589620915630e-01 3.923798264156846405e-01 3.752729111171854703e-01
1.305033573314326048e+09 1.213680017493934393e-01 -4.722635239575808663e-01 9.028050991561180627e-01 -6.905167254749284833e-01 -4.779068589620915630e-01 3.923798264156846405e-01 3.752729111171854703e-01
1.305033573346700907e+09 1.213680017493934393e-01 -4.722635239575808663e-01 9.028050991561180627e-01 -6.905167254749284833e-01 -4.779068589620915630e-01 3.923798264156846405e-01 3.752729111171854703e-01
1.305033573379446983e+09 1.213680017493934393e-01 -4.722635239575808663e-01 9.028050991561180627e-01 -6.905167254749284833e-01 -4.779068589620915630e-01 3.923798264156846405e-01 3.752729111171854703e-01
1.305033573413474083e+09 1.213680017493934393e-01 -4.722635239575808663e-01 9.028050991561180627e-01 -6.905167254749284833e-01 -4.779068589620915630e-01 3.923798264156846405e-01 3.752729111171854703e-01
1.305033573445595980e+09 1.213680017493934393e-01 -4.722635239575808663e-01 9.028050991561180627e-01 -6.905167254749284833e-01 -4.779068589620915630e-01 3.923798264156846405e-01 3.752729111171854703e-01
1.305033573476821899e+09 1.213680017493934393e-01 -4.722635239575808663e-01 9.028050991561180627e-01 -6.905167254749284833e-01 -4.779068589620915630e-01 3.923798264156846405e-01 3.752729111171854703e-01
1.305033573515495062e+09 1.213680017493934393e-01 -4.722635239575808663e-01 9.028050991561180627e-01 -6.905167254749284833e-01 -4.779068589620915630e-01 3.923798264156846405e-01 3.752729111171854703e-01
1.305033573546940088e+09 1.213680017493934393e-01 -4.722635239575808663e-01 9.028050991561180627e-01 -6.905167254749284833e-01 -4.779068589620915630e-01 3.923798264156846405e-01 3.752729111171854703e-01
1.305033573576905966e+09 1.213680017493934393e-01 -4.722635239575808663e-01 9.028050991561180627e-01 -6.905167254749284833e-01 -4.779068589620915630e-01 3.923798264156846405e-01 3.752729111171854703e-01
1.305033573612730026e+09 1.213680017493934393e-01 -4.722635239575808663e-01 9.028050991561180627e-01 -6.905167254749284833e-01 -4.779068589620915630e-01 3.923798264156846405e-01 3.752729111171854703e-01
1.305033573644867897e+09 1.213680017493934393e-01 -4.722635239575808663e-01 9.028050991561180627e-01 -6.905167254749284833e-01 -4.779068589620915630e-01 3.923798264156846405e-01 3.752729111171854703e-01
1.305033573676914930e+09 1.213680017493934393e-01 -4.722635239575808663e-01 9.028050991561180627e-01 -6.905167254749284833e-01 -4.779068589620915630e-01 3.923798264156846405e-01 3.752729111171854703e-01
1.305033573712810993e+09 1.213680017493934393e-01 -4.722635239575808663e-01 9.028050991561180627e-01 -6.905167254749284833e-01 -4.779068589620915630e-01 3.923798264156846405e-01 3.752729111171854703e-01
1.305033573746551991e+09 1.213680017493934393e-01 -4.722635239575808663e-01 9.028050991561180627e-01 -6.905167254749284833e-01 -4.779068589620915630e-01 3.923798264156846405e-01 3.752729111171854703e-01
1.305033573777048111e+09 1.213680017493934393e-01 -4.722635239575808663e-01 9.028050991561180627e-01 -6.905167254749284833e-01 -4.779068589620915630e-01 3.923798264156846405e-01 3.752729111171854703e-01
1.305033573812928915e+09 1.213680017493934393e-01 -4.722635239575808663e-01 9.028050991561180627e-01 -6.905167254749284833e-01 -4.779068589620915630e-01 3.923798264156846405e-01 3.752729111171854703e-01
1.305033573847554922e+09 1.213680017493934393e-01 -4.722635239575808663e-01 9.028050991561180627e-01 -6.905167254749284833e-01 -4.779068589620915630e-01 3.923798264156846405e-01 3.752729111171854703e-01
1.305033573876900911e+09 1.213680017493934393e-01 -4.722635239575808663e-01 9.028050991561180627e-01 -6.905167254749284833e-01 -4.779068589620915630e-01 3.923798264156846405e-01 3.752729111171854703e-01
1.305033573915599108e+09 1.213680017493934393e-01 -4.722635239575808663e-01 9.028050991561180627e-01 -6.905167254749284833e-01 -4.779068589620915630e-01 3.923798264156846405e-01 3.752729111171854703e-01
1.305033573945652962e+09 1.213680017493934393e-01 -4.722635239575808663e-01 9.028050991561180627e-01 -6.905167254749284833e-01 -4.779068589620915630e-01 3.923798264156846405e-01 3.752729111171854703e-01
1.305033573977056026e+09 1.213680017493934393e-01 -4.722635239575808663e-01 9.028050991561180627e-01 -6.905167254749284833e-01 -4.779068589620915630e-01 3.923798264156846405e-01 3.752729111171854703e-01
