1.305033527670033932e+09 1.490599999999999925e+00 -1.168099999999999916e+00 6.610000000000000320e-01 -8.958911710360140113e-01 -7.129929734888668102e-02 4.599954667670114183e-02 4.360957022980307962e-01
1.305033527701983929e+09 1.496245348657666563e+00 -1.193141772376661969e+00 6.797945481547125191e-01 -8.989267656946899887e-01 -6.750121277961401711e-02 4.569079492796211672e-02 4.304493088039710313e-01
1.305033527733905077e+09 1.496245348657666563e+00 -1.193141772376661969e+00 6.797945481547125191e-01 -8.989267656946899887e-01 -6.750121277961401711e-02 4.569079492796211672e-02 4.304493088039710313e-01
1.305033527769942999e+09 1.496601100025375608e+00 -1.209571760316014766e+00 6.767041718353058455e-01 -9.030335073455434403e-01 -6.614816776453731617e-02 4.221432530603047573e-02 4.223421068891398122e-01
1.305033527801980972e+09 1.496601100025375608e+00 -1.209571760316014766e+00 6.767041718353058455e-01 -9.030335073455434403e-01 -6.614816776453731617e-02 4.221432530603047573e-02 4.223421068891398122e-01
1.305033527833906889e+09 1.497982898452854705e+00 -1.221348018328930696e+00 6.753105192593837902e-01 -9.063616216754615262e-01 -6.472198850525606728e-02 3.805511999034022486e-02 4.157781653722015247e-01
1.305033527869940996e+09 1.497982898452854705e+00 -1.221348018328930696e+00 6.753105192593837902e-01 -9.063616216754615262e-01 -6.472198850525606728e-02 3.805511999034022486e-02 4.157781653722015247e-01
1.305033527901959896e+09 1.497982898452854705e+00 -1.221348018328930696e+00 6.753105192593837902e-01 -9.063616216754615262e-01 -6.472198850525606728e-02 3.805511999034022486e-02 4.157781653722015247e-01
1.305033527933928967e+09 1.501501654542133135e+00 -1.234052586042601707e+00 6.747849211045783280e-01 -9.101532431695664727e-01 -5.008962477445323691e-02 3.690245226040952953e-02 4.095733297653093574e-01
1.305033527969980001e+09 1.501501654542133135e+00 -1.234052586042601707e+00 6.747849211045783280e-01 -9.101532431695664727e-01 -5.008962477445323691e-02 3.690245226040952953e-02 4.095733297653093574e-01
1.305033528002018929e+09 1.501501654542133135e+00 -1.234052586042601707e+00 6.747849211045783280e-01 -9.101532431695664727e-01 -5.008962477445323691e-02 3.690245226040952953e-02 4.095733297653093574e-01
1.305033528034008980e+09 1.501501654542133135e+00 -1.234052586042601707e+00 6.747849211045783280e-01 -9.101532431695664727e-01 -5.008962477445323691e-02 3.690245226040952953e-02 4.095733297653093574e-01
1.305033528070091009e+09 1.501501654542133135e+00 -1.234052586042601707e+00 6.747849211045783280e-01 -9.101532431695664727e-01 -5.008962477445323691e-02 3.690245226040952953e-02 4.095733297653093574e-01
1.305033528102035999e+09 1.501501654542133135e+00 -1.234052586042601707e+00 6.747849211045783280e-01 -9.101532431695664727e-01 -5.008962477445323691e-02 3.690245226040952953e-02 4.095733297653093574e-01
1.305033528133965015e+09 1.501501654542133135e+00 -1.234052586042601707e+00 6.747849211045783280e-01 -9.101532431695664727e-01 -5.008962477445323691e-02 3.690245226040952953e-02 4.095733297653093574e-01
1.305033528169886112e+09 1.501501654542133135e+00 -1.234052586042601707e+00 6.747849211045783280e-01 -9.101532431695664727e-01 -5.008962477445323691e-02 3.690245226040952953e-02 4.095733297653093574e-01
1.305033528202011108e+09 1.498360778505302582e+00 -1.224033654396392556e+00 6.795941762286886734e-01 -9.121500945237175362e-01 -4.162926448738245300e-02 3.621752294122872196e-02 4.061249812934616399e-01
1.305033528234025955e+09 1.498360778505302582e+00 -1.224033654396392556e+00 6.795941762286886734e-01 -9.121500945237175362e-01 -4.162926448738245300e-02 3.621752294122872196e-02 4.061249812934616399e-01
1.305033528269953012e+09 1.498360778505302582e+00 -1.224033654396392556e+00 6.795941762286886734e-01 -9.121500945237175362e-01 -4.162926448738245300e-02 3.621752294122872196e-02 4.061249812934616399e-01
1.305033528301989079e+09 1.506124285384554007e+00 -1.212231561586885054e+00 6.765803834493611113e-01 -9.112119189389836782e-01 -4.498610692866401861e-02 3.743026044261206497e-02 4.077598123529784790e-01
1.305033528333972931e+09 1.506124285384554007e+00 -1.212231561586885054e+00 6.765803834493611113e-01 -9.112119189389836782e-01 -4.498610692866401861e-02 3.743026044261206497e-02 4.077598123529784790e-01
1.305033528369960070e+09 1.505666048759782827e+00 -1.199220944224670404e+00 6.754882533110834197e-01 -9.110121597499799551e-01 -4.675001743221568473e-02 3.424403645778846539e-02 4.082874313824054191e-01
1.305033528402060986e+09 1.505666048759782827e+00 -1.199220944224670404e+00 6.754882533110834197e-01 -9.110121597499799551e-01 -4.675001743221568473e-02 3.424403645778846539e-02 4.082874313824054191e-01
1.305033528433943987e+09 1.509254804026038066e+00 -1.181853995250383926e+00 6.759914760024267055e-01 -9.101476425747444532e-01 -4.799597347192238739e-02 3.445117999210549342e-02 4.100497182577612088e-01
1.305033528470017910e+09 1.509254804026038066e+00 -1.181853995250383926e+00 6.759914760024267055e-01 -9.101476425747444532e-01 -4.799597347192238739e-02 3.445117999210549342e-02 4.100497182577612088e-01
1.305033528502259970e+09 1.509168702453841826e+00 -1.164688822278656666e+00 6.765966984108546800e-01 -9.095438852959826237e-01 -4.884537656938309214e-02 3.478857692507120875e-02 4.112588051628950914e-01
1.305033528534013987e+09 1.510130404823563088e+00 -1.153297575735874991e+00 6.767328609037808196e-01 -9.094907850382036862e-01 -5.034334750437896577e-02 3.641020246875131816e-02 4.110551744581618649e-01
1.305033528570000887e+09 1.512185110959866519e+00 -1.141673340299652839e+00 6.775057745244674745e-01 -9.089101206697685065e-01 -5.296081726293137837e-02 3.826714281958283614e-02 4.118411953160285299e-01
1.305033528601902008e+09 1.513608037493190173e+00 -1.129208883633521898e+00 6.778874884545639246e-01 -9.079936461853694851e-01 -5.664540422629858046e-02 3.950753496407353321e-02 4.132529387047355063e-01
1.305033528633991003e+09 1.515357228252169008e+00 -1.118607036457445414e+00 6.777404742861933284e-01 -9.070075209394338200e-01 -5.979384890271320641e-02 4.132323900866840399e-02 4.147944581482912452e-01
1.305033528669998884e+09 1.520025587717521720e+00 -1.106911670432345174e+00 6.771121216837852064e-01 -9.069098182786724527e-01 -6.041713729507812436e-02 4.512138907354511924e-02 4.145219068745184532e-01
1.305033528702008009e+09 1.525479444935592399e+00 -1.091503877512346898e+00 6.792001277644317270e-01 -9.074302648017515960e-01 -5.891890386580490857e-02 4.810563611469895196e-02 4.132610858320383551e-01
1.305033528734047890e+09 1.526838282172453765e+00 -1.080016046710807531e+00 6.778948586302829815e-01 -9.068820742102021715e-01 -5.776747501561180220e-02 4.864825550851444025e-02 4.145614182995088215e-01
1.305033528770045042e+09 1.532702369631890438e+00 -1.066639976960583880e+00 6.775777908581936959e-01 -9.069028714814392211e-01 -5.770048165701067294e-02 5.096909929457978106e-02 4.142462878920800673e-01
1.305033528801994085e+09 1.537255855624993339e+00 -1.053577459315587328e+00 6.777835576677488927e-01 -9.068128848814017706e-01 -5.633495884271183529e-02 5.163166154945836306e-02 4.145490752020825065e-01
1.305033528834357977e+09 1.539526696161235053e+00 -1.040888700089144470e+00 6.775909911380296746e-01 -9.070467846169228965e-01 -5.313362044242209842e-02 5.217488655332826186e-02 4.143920005356392378e-01
1.305033528870165110e+09 1.543184206109741607e+00 -1.027112969356650085e+00 6.778935314175174032e-01 -9.074514364854782134e-01 -5.109966601076315618e-02 5.371787994467290550e-02 4.135639054950035476e-01
1.305033528902091980e+09 1.545621139357224560e+00 -1.011403089723085680e+00 6.808025774599930635e-01 -9.079683065085367710e-01 -5.048595731085474270e-02 5.418330276448462407e-02 4.124425926016351829e-01
1.305033528934257984e+09 1.550409541979888894e+00 -9.990390239031139430e-01 6.791136226905645223e-01 -9.071993744191765296e-01 -5.054435111076269888e-02 5.552527888964006036e-02 4.139462610393701558e-01
1.305033528969917059e+09 1.557895782955759145e+00 -9.828302363956143983e-01 6.799794062239533643e-01 -9.074423216055365060e-01 -5.046657480521984929e-02 5.622808506062156042e-02 4.133279088532473833e-01
1.305033529002386093e+09 1.559276103956860560e+00 -9.701883857856701265e-01 6.777503219733491679e-01 -9.068602874721861662e-01 -4.946948048541883330e-02 5.329623240955826124e-02 4.151104685710940712e-01
1.305033529033895969e+09 1.560700774350205045e+00 -9.559603162369461060e-01 6.785135328566149759e-01 -9.072026139303914771e-01 -4.930490638275966675e-02 5.211738004895756504e-02 4.145313283471886434e-01
1.305033529069871902e+09 1.563063253073900816e+00 -9.416116664714990758e-01 6.818988765263995777e-01 -9.071021305210992258e-01 -5.122552310967477818e-02 5.183305565876352577e-02 4.145539831280102838e-01
1.305033529101938009e+09 1.564219481603717821e+00 -9.263765529551311051e-01 6.841303841801971153e-01 -9.063701110256286997e-01 -5.343004601905117223e-02 5.132537632655292253e-02 4.159376849562073652e-01
1.305033529133980036e+09 1.566235255836965434e+00 -9.121413141037921779e-01 6.860640333309820926e-01 -9.053704569667470059e-01 -5.474956291181674872e-02 5.203009758527067652e-02 4.178512773201201735e-01
1.305033529170049906e+09 1.567735036116737701e+00 -8.978655935876258543e-01 6.858592429318920436e-01 -9.041384302353155933e-01 -5.478347204849523533e-02 5.291011255811209346e-02 4.203962299438697148e-01
1.305033529201937914e+09 1.572335467174115431e+00 -8.827594263539019215e-01 6.873660791444674567e-01 -9.036009377428717571e-01 -5.418051733621936927e-02 5.377764875398304001e-02 4.215184234951963038e-01
1.305033529233932972e+09 1.573658001493015268e+00 -8.661254839338481393e-01 6.904625207614263349e-01 -9.031077873613709839e-01 -5.349911750797065046e-02 5.231487701831416537e-02 4.228443241615948422e-01
1.305033529270157099e+09 1.572758706863052192e+00 -8.523233308944910824e-01 6.915050438369459984e-01 -9.018244458526210039e-01 -5.226241071360326895e-02 5.086914293501165751e-02 4.259033218772461660e-01
1.305033529302066088e+09 1.573751705884637087e+00 -8.364945646403685320e-01 6.940262959791473341e-01 -9.012934790724759226e-01 -5.134381201293958946e-02 5.127771724292988498e-02 4.270883670433630042e-01
1.305033529333973885e+09 1.576963611499079487e+00 -8.203030638471944247e-01 6.967940384266873011e-01 -9.001124664602370151e-01 -5.168494574398370400e-02 5.098684143371007282e-02 4.295655434353687907e-01
1.305033529369872093e+09 1.576999614301978658e+00 -8.066527345528267112e-01 6.961800664609719691e-01 -8.985691988262038965e-01 -5.090034129018107534e-02 4.945831620582606669e-02 4.330547599732180730e-01
1.305033529402096033e+09 1.576072493569919741e+00 -7.915488898814280194e-01 6.979350548864313719e-01 -8.977763902063052859e-01 -5.044195972644967274e-02 4.822919833618594110e-02 4.348874639661851615e-01
1.305033529434346914e+09 1.576152001642100897e+00 -7.770584829735229793e-01 6.992602898150499513e-01 -8.971240253549811472e-01 -4.976657709915119354e-02 4.789510858592424536e-02 4.363459974701863753e-01
1.305033529470113039e+09 1.575166202722561914e+00 -7.597708310910773477e-01 7.029892501187355869e-01 -8.968462619669773650e-01 -5.010930191746572337e-02 4.730347944122654386e-02 4.369418966978987351e-01
1.305033529502275944e+09 1.576512246453920296e+00 -7.443938466551369704e-01 7.055240512838445444e-01 -8.957962731361066577e-01 -5.099431926728210940e-02 4.729412048380701727e-02 4.389896156010885675e-01
1.305033529534027100e+09 1.576045705822499032e+00 -7.296026822380659027e-01 7.055465099545816798e-01 -8.949592554881264928e-01 -5.033344993063641748e-02 4.661052762819851980e-02 4.408423000897706001e-01
1.305033529569931984e+09 1.573559985328765842e+00 -7.149359843428315653e-01 7.068950853018073355e-01 -8.945268786457257759e-01 -4.803798953625888768e-02 4.540599444779759575e-02 4.420998875931274052e-01
1.305033529601907969e+09 1.570112770455461604e+00 -7.000938904786511152e-01 7.066317308389010732e-01 -8.944863842060400971e-01 -4.608890208919397269e-02 4.493962339472713785e-02 4.424368337100307857e-01
1.305033529634597063e+09 1.573345482132706863e+00 -6.827708962393257419e-01 7.072983171521243229e-01 -8.944859920197855141e-01 -4.675074936188340635e-02 4.566622427496520864e-02 4.422937637757864970e-01
1.305033529670028925e+09 1.575584829469742099e+00 -6.677554332139069571e-01 7.050524820680087457e-01 -8.941575106349288760e-01 -4.612658600780694673e-02 4.314672936401970499e-02 4.432753590981562963e-01
1.305033529701927900e+09 1.571559675044089444e+00 -6.496374920642945527e-01 7.076739697691872832e-01 -8.954224082198695145e-01 -4.374052271108413298e-02 3.907279221863593083e-02 4.413375062680824357e-01
1.305033529735153913e+09 1.569499269472533820e+00 -6.324754383535623470e-01 7.094078414867011073e-01 -8.956287863607602651e-01 -4.117207410421915709e-02 3.726239160089174496e-02 4.413223895612934378e-01
1.305033529769984961e+09 1.563897617299774501e+00 -6.141796281507343469e-01 7.111775125562882494e-01 -8.955675264699742844e-01 -3.590823186235021780e-02 3.597323213969832317e-02 4.420128176720614088e-01
1.305033529801903963e+09 1.561032088585445843e+00 -5.983073464566187605e-01 7.123151034260211123e-01 -8.948997557856450680e-01 -2.967769031512274003e-02 3.821638254682407920e-02 4.436363036287577222e-01
1.305033529835175991e+09 1.559379837831240234e+00 -5.816769304191647949e-01 7.117294354887343522e-01 -8.946627660561036199e-01 -2.318414692645526937e-02 4.070396152217010954e-02 4.442794367068274020e-01
1.305033529870052099e+09 1.559480314034812132e+00 -5.673219476028551478e-01 7.105406294052777350e-01 -8.943234020011604501e-01 -1.894603719114005755e-02 4.142031387584280133e-02 4.450966837735927384e-01
1.305033529902039051e+09 1.556826592331350456e+00 -5.508186217327541989e-01 7.124278148308932357e-01 -8.948248950038533156e-01 -1.753918524548469388e-02 3.992233341325581580e-02 4.442825582409331564e-01
1.305033529934437990e+09 1.553110892521831543e+00 -5.372103623472447298e-01 7.116199097175778254e-01 -8.946013495523883474e-01 -1.826539729099487322e-02 3.888482009457111532e-02 4.447952016457243363e-01
1.305033529969974995e+09 1.552951800594505771e+00 -5.195202851936452371e-01 7.134346028731717304e-01 -8.951786686588449893e-01 -2.015414782868462165e-02 3.945566000410154900e-02 4.434999576066701588e-01
1.305033530002319098e+09 1.552015196361837823e+00 -5.024510891476416941e-01 7.135749746399403515e-01 -8.944313158956649357e-01 -2.207413371676303707e-02 3.931328723412469417e-02 4.449267571327342741e-01
1.305033530034538984e+09 1.549815866194771408e+00 -4.871576603128084937e-01 7.118368737876077379e-01 -8.938191505594489383e-01 -2.154510310401614240e-02 3.945142974465807445e-02 4.461689358488828971e-01
1.305033530070091963e+09 1.548825702019447359e+00 -4.696681493457715018e-01 7.125880542813411989e-01 -8.938116555599052715e-01 -2.142747802478822336e-02 4.039511296099827786e-02 4.461051696849375192e-01
1.305033530102639914e+09 1.550220676655424068e+00 -4.525703557705634816e-01 7.127324019544108991e-01 -8.933526975586016938e-01 -2.226014532716839855e-02 4.104097435173453823e-02 4.469240227589511005e-01
1.305033530133963108e+09 1.550122260048887091e+00 -4.355170412953497383e-01 7.128914582763135055e-01 -8.931268310232065577e-01 -2.360496599870486045e-02 4.042591182562222524e-02 4.473622860051031935e-01
1.305033530169975042e+09 1.548964838840208413e+00 -4.177238277054119431e-01 7.126204246868150793e-01 -8.929983250699945474e-01 -2.449466369270306837e-02 4.021810366250488933e-02 4.475896636547335161e-01
1.305033530202533007e+09 1.549923285429301023e+00 -4.011448156081899308e-01 7.107367836904778802e-01 -8.927305955538366034e-01 -2.523803801126121502e-02 4.171320345803194996e-02 4.479454585735890837e-01
1.305033530234343052e+09 1.553177665315319311e+00 -3.817221619190209747e-01 7.090478315698913736e-01 -8.929348332143781652e-01 -2.665199858135973085e-02 4.305528772945133031e-02 4.473290699279042770e-01
1.305033530270088911e+09 1.552623128940079145e+00 -3.617962566677570546e-01 7.084400113982256553e-01 -8.931641111236621189e-01 -2.752298482995417864e-02 4.261801901684790506e-02 4.468602246360805497e-01
1.305033530302540064e+09 1.553358741731283077e+00 -3.425924883459011694e-01 7.066227488351758401e-01 -8.928649595372755154e-01 -2.797545451853455239e-02 4.377108294977705150e-02 4.473182650779914948e-01
1.305033530334417105e+09 1.554894335162064545e+00 -3.240826608163448475e-01 7.042312796879875991e-01 -8.924968827661724502e-01 -2.820326537544855933e-02 4.604944655503115380e-02 4.478094891209903894e-01
1.305033530369991064e+09 1.560101889413037624e+00 -3.059631570687780799e-01 7.008550178655781338e-01 -8.921863112386839711e-01 -3.014921977949577489e-02 4.826949722548525001e-02 4.480677027220291153e-01
1.305033530402280092e+09 1.565173997158827879e+00 -2.884367633774205242e-01 6.979000346500052743e-01 -8.924635573491938034e-01 -3.218985051609198761e-02 4.743391773616235929e-02 4.474624406311358826e-01
1.305033530433938980e+09 1.566322376547836903e+00 -2.695704046159627110e-01 6.962458754851422738e-01 -8.932478994404490225e-01 -3.170896906375064717e-02 4.552002980716002983e-02 4.461285221911895915e-01
1.305033530470000982e+09 1.566530721483989641e+00 -2.516815925103240703e-01 6.949099312374871218e-01 -8.938498346815094697e-01 -3.106559047511556204e-02 4.551630657823484832e-02 4.449670414353706915e-01
1.305033530503175974e+09 1.570397401729559883e+00 -2.330140549492242252e-01 6.931518288641941306e-01 -8.944146947558285765e-01 -3.117708053516209804e-02 4.685456771272045878e-02 4.436834377555647912e-01
1.305033530534055948e+09 1.573224137912432319e+00 -2.152961212729320728e-01 6.919602001813531800e-01 -8.951456731643410158e-01 -3.125655935882259984e-02 4.652682721648936093e-02 4.422358032332686095e-01
1.305033530570010900e+09 1.575461676750183004e+00 -1.970077399621459335e-01 6.917811226409960046e-01 -8.958865648346222565e-01 -3.301845760246414213e-02 4.544484400686821940e-02 4.407173817307024621e-01
1.305033530603079081e+09 1.578042084452977889e+00 -1.792803993646531202e-01 6.904431183254868820e-01 -8.962567832639777299e-01 -3.624963673128582531e-02 4.397710573963453662e-02 4.398587915012291960e-01
1.305033530634562016e+09 1.579515483159075639e+00 -1.623853645355148867e-01 6.882065222623232614e-01 -8.964309739427100965e-01 -3.892584914346169933e-02 4.184588246110135246e-02 4.394828885697783516e-01
1.305033530670053005e+09 1.579120169110609373e+00 -1.448597291472404347e-01 6.900353460019500451e-01 -8.967053296809851526e-01 -4.072481096855606886e-02 4.042920500712580273e-02 4.388923796055048676e-01
1.305033530702903986e+09 1.580389433436698354e+00 -1.297213103212844221e-01 6.881130001883830616e-01 -8.962936764091027353e-01 -4.123118154492957932e-02 4.075015478211181652e-02 4.396556154340552913e-01
1.305033530733843088e+09 1.581727574000301617e+00 -1.124874085618561281e-01 6.901192429672465822e-01 -8.965596864674796329e-01 -4.075177923561102561e-02 4.123717315355909796e-02 4.391121914053059960e-01
1.305033530770068884e+09 1.580393559914146984e+00 -9.608919514072433721e-02 6.912218700336244526e-01 -8.962515501520359473e-01 -4.047583770144745630e-02 4.069357111343777089e-02 4.398168922204717113e-01
1.305033530802639961e+09 1.582936109444533557e+00 -8.107744859314491848e-02 6.923366183706803900e-01 -8.951811346338064412e-01 -4.043777554480848524e-02 4.201904179004501555e-02 4.418709343595313421e-01
1.305033530834043026e+09 1.583050275891717540e+00 -6.743155032116998626e-02 6.953833872560560847e-01 -8.941038849465956506e-01 -4.057165537769938379e-02 4.209865221996179907e-02 4.440268991678101296e-01
1.305033530869990110e+09 1.582591385712479148e+00 -5.307332898256977849e-02 6.987176784800794849e-01 -8.925123728024784153e-01 -4.131763522353929657e-02 4.216603024353339502e-02 4.471426431325086770e-01
1.305033530903177023e+09 1.582474644727259960e+00 -4.031229013909576331e-02 6.983482626392375492e-01 -8.902996632482068629e-01 -4.199643906018296624e-02 4.155414768924986513e-02 4.515263685945862804e-01
1.305033530935393095e+09 1.581922136622365471e+00 -2.750390654464851536e-02 6.983132988148584852e-01 -8.886565219251211234e-01 -4.074407348021864828e-02 4.089645434905934962e-02 4.549252537921589790e-01
1.305033530969918013e+09 1.582345512820821254e+00 -1.649120922363489505e-02 6.995314951464721709e-01 -8.873610793033933630e-01 -3.878426969244906652e-02 4.115082908184461430e-02 4.575944761771245095e-01
1.305033531001894951e+09 1.581534777779562528e+00 -6.144574271558234102e-03 6.997837409280993626e-01 -8.860811299551588638e-01 -3.772276185200263560e-02 4.123242488524445776e-02 4.601490101192534099e-01
1.305033531035070896e+09 1.581534777779562528e+00 -6.144574271558234102e-03 6.997837409280993626e-01 -8.860811299551588638e-01 -3.772276185200263560e-02 4.123242488524445776e-02 4.601490101192534099e-01
1.305033531070067883e+09 1.578235883314829113e+00 8.064020264883842160e-03 6.990107160911317452e-01 -8.838167149232448727e-01 -3.860550169152422717e-02 4.101752126452611752e-02 4.644299652377560927e-01
1.305033531103063107e+09 1.578235883314829113e+00 8.064020264883842160e-03 6.990107160911317452e-01 -8.838167149232448727e-01 -3.860550169152422717e-02 4.101752126452611752e-02 4.644299652377560927e-01
1.305033531134773016e+09 1.578235883314829113e+00 8.064020264883842160e-03 6.990107160911317452e-01 -8.838167149232448727e-01 -3.860550169152422717e-02 4.101752126452611752e-02 4.644299652377560927e-01
1.305033531169951916e+09 1.578235883314829113e+00 8.064020264883842160e-03 6.990107160911317452e-01 -8.838167149232448727e-01 -3.860550169152422717e-02 4.101752126452611752e-02 4.644299652377560927e-01
1.305033531203418016e+09 1.578235883314829113e+00 8.064020264883842160e-03 6.990107160911317452e-01 -8.838167149232448727e-01 -3.860550169152422717e-02 4.101752126452611752e-02 4.644299652377560927e-01
1.305033531234206915e+09 1.578235883314829113e+00 8.064020264883842160e-03 6.990107160911317452e-01 -8.838167149232448727e-01 -3.860550169152422717e-02 4.101752126452611752e-02 4.644299652377560927e-01
1.305033531272670984e+09 1.578235883314829113e+00 8.064020264883842160e-03 6.990107160911317452e-01 -8.838167149232448727e-01 -3.860550169152422717e-02 4.101752126452611752e-02 4.644299652377560927e-01
1.305033531303205013e+09 1.578235883314829113e+00 8.064020264883842160e-03 6.990107160911317452e-01 -8.838167149232448727e-01 -3.860550169152422717e-02 4.101752126452611752e-02 4.644299652377560927e-01
1.305033531335000992e+09 1.578235883314829113e+00 8.064020264883842160e-03 6.990107160911317452e-01 -8.838167149232448727e-01 -3.860550169152422717e-02 4.101752126452611752e-02 4.644299652377560927e-01
1.305033531370503902e+09 1.577578034732102896e+00 -1.630086975165978558e-03 6.952783817350139950e-01 -8.859534941284479270e-01 -3.323724598761296223e-02 4.035981113433562140e-02 4.608175098300345551e-01
1.305033531403347015e+09 1.577578034732102896e+00 -1.630086975165978558e-03 6.952783817350139950e-01 -8.859534941284479270e-01 -3.323724598761296223e-02 4.035981113433562140e-02 4.608175098300345551e-01
1.305033531435426950e+09 1.577578034732102896e+00 -1.630086975165978558e-03 6.952783817350139950e-01 -8.859534941284479270e-01 -3.323724598761296223e-02 4.035981113433562140e-02 4.608175098300345551e-01
1.305033531470309973e+09 1.577501302718010923e+00 -1.743194876599885035e-02 6.932075700103822458e-01 -8.893743488390664087e-01 -2.495501175079418987e-02 3.563908654870676096e-02 4.551047907082259592e-01
1.305033531503808022e+09 1.577501302718010923e+00 -1.743194876599885035e-02 6.932075700103822458e-01 -8.893743488390664087e-01 -2.495501175079418987e-02 3.563908654870676096e-02 4.551047907082259592e-01
1.305033531534928083e+09 1.579153779299951932e+00 -3.196531131826230165e-02 6.930045198218411917e-01 -8.912662720360745583e-01 -1.876102680619371951e-02 3.237440665448008265e-02 4.519340150927625976e-01
1.305033531571451902e+09 1.579153779299951932e+00 -3.196531131826230165e-02 6.930045198218411917e-01 -8.912662720360745583e-01 -1.876102680619371951e-02 3.237440665448008265e-02 4.519340150927625976e-01
1.305033531603610992e+09 1.581229548581282174e+00 -4.898495561438820367e-02 6.940623801084286892e-01 -8.928123581114548735e-01 -1.251255463773200474e-02 2.573845162387737931e-02 4.495186995975879451e-01
1.305033531635605097e+09 1.581614791671308140e+00 -6.004523630613500806e-02 6.927049173669477256e-01 -8.931586123431997093e-01 -8.232983966330315387e-03 2.205816439684913505e-02 4.491250923246458138e-01
1.305033531671649933e+09 1.581614791671308140e+00 -6.004523630613500806e-02 6.927049173669477256e-01 -8.931586123431997093e-01 -8.232983966330315387e-03 2.205816439684913505e-02 4.491250923246458138e-01
1.305033531703406096e+09 1.580554152060178685e+00 -7.145297499125247143e-02 6.951418870585561738e-01 -8.935005826501691839e-01 -1.433192409159645200e-04 1.677692157883124008e-02 4.487485077030799463e-01
1.305033531735411882e+09 1.576877173505081497e+00 -8.353372846521178730e-02 6.960252032529297139e-01 -8.934984101605145668e-01 1.079951766330879137e-02 1.336057055402609800e-02 4.487376255824151450e-01
1.305033531771384001e+09 1.576276904905160592e+00 -9.414492664524831689e-02 6.984269899341699617e-01 -8.936338873892586410e-01 2.094891705311004854e-02 1.213007752319402582e-02 4.481433692504501742e-01
1.305033531802700996e+09 1.575764509077683506e+00 -1.049024790546577712e-01 6.992191744643732054e-01 -8.929612074032490243e-01 2.987778529768295513e-02 9.256041363351889817e-03 4.490455719823067127e-01
1.305033531833841085e+09 1.572161890314774491e+00 -1.180282063889395161e-01 7.002800306655874163e-01 -8.923216757832108659e-01 3.830666917295683094e-02 4.804448416461808841e-03 4.497460875869068730e-01
1.305033531872625113e+09 1.566910802904172728e+00 -1.301239962460074562e-01 7.009006326141201670e-01 -8.920533789457791851e-01 4.490250469204690870e-02 1.555703205818999291e-03 4.496911317463734847e-01
1.305033531902834892e+09 1.565576406427277467e+00 -1.423869079891364464e-01 7.013589975355812856e-01 -8.920596411336180198e-01 4.823979227534067743e-02 -5.386938428589317651e-04 4.493353190110215278e-01
1.305033531933903933e+09 1.565277652559236232e+00 -1.531501399275478903e-01 7.011548482587052211e-01 -8.919551648448038605e-01 5.275103330255022371e-02 -4.305674436626546336e-03 4.490153377779402266e-01
1.305033531971524000e+09 1.561509354548790807e+00 -1.638329082963980721e-01 7.021505238818597228e-01 -8.912887261440555209e-01 5.861527870959728354e-02 -8.354679807047189766e-03 4.495540624614847158e-01
1.305033532003220081e+09 1.558344682977526485e+00 -1.776440276039406019e-01 6.995242037223410314e-01 -8.897046051028938418e-01 6.483456577376423002e-02 -1.112217143965844174e-02 4.517726109915233268e-01
1.305033532033792019e+09 1.555645089527675884e+00 -1.914940171691604798e-01 6.969416541089706874e-01 -8.890023203670461838e-01 7.294808682319013637e-02 -1.358204312419490634e-02 4.518506159289998880e-01
1.305033532071576118e+09 1.553461459365091279e+00 -2.050734364841569901e-01 6.944677921046165103e-01 -8.889222421782115857e-01 8.207842405177723233e-02 -1.598162437620946272e-02 4.503609300864535037e-01
1.305033532101891041e+09 1.549678255126770932e+00 -2.182249122701168664e-01 6.934962114966528590e-01 -8.893076761347161741e-01 8.949449109465844321e-02 -1.934990761838863843e-02 4.480492989691411410e-01
1.305033532135137081e+09 1.547307301545926439e+00 -2.306465951518589241e-01 6.941690759502207042e-01 -8.901207213529215290e-01 9.383095350874884333e-02 -2.243599816640674816e-02 4.453958683778632688e-01
1.305033532171224117e+09 1.545146225973465404e+00 -2.429827025289912346e-01 6.955361029609167245e-01 -8.907046366149352634e-01 9.785411954673517432e-02 -2.562234223349855317e-02 4.431854207652355937e-01
1.305033532203553915e+09 1.540158054673204546e+00 -2.557958774535642466e-01 6.972758430624251824e-01 -8.910908788400121461e-01 1.027369272970370812e-01 -2.817367957464297218e-02 4.411444357542362860e-01
1.305033532233902931e+09 1.539058571171209699e+00 -2.691134250014479701e-01 6.977634891884005874e-01 -8.914133214700622476e-01 1.064091637549763325e-01 -2.889584950627022142e-02 4.395729860398487343e-01
1.305033532271672010e+09 1.540780661319267164e+00 -2.805734999731889223e-01 6.991523280937326223e-01 -8.920740346898214934e-01 1.102110585114227659e-01 -2.997876558535159108e-02 4.372170088502885799e-01
1.305033532303369045e+09 1.537392573185496936e+00 -2.924258474673904207e-01 7.009762849176082167e-01 -8.922241712808384184e-01 1.147149674762780736e-01 -3.201116177257165574e-02 4.356050848430351174e-01
1.305033532335390091e+09 1.537486253987817575e+00 -3.035367907958109734e-01 7.017354494216094807e-01 -8.925472523822006732e-01 1.168008087230064940e-01 -3.258585197932823557e-02 4.343444895442062359e-01
1.305033532371840954e+09 1.537425329797391660e+00 -3.149476814667910851e-01 7.035320893678463916e-01 -8.925248831205733202e-01 1.183630279587123274e-01 -3.369031782146515719e-02 4.338830362069261981e-01
1.305033532403249979e+09 1.537344828460039281e+00 -3.266035915252681887e-01 7.042429362415215666e-01 -8.925272189406144863e-01 1.191867540645663581e-01 -3.476297114626380330e-02 4.335680072869411150e-01
1.305033532435086012e+09 1.541321841931527548e+00 -3.360183228304015612e-01 7.065093007599609898e-01 -8.927911806197013078e-01 1.198530795407368177e-01 -3.495716189423629661e-02 4.328246110892747800e-01
1.305033532471927881e+09 1.541787790658509572e+00 -3.481199866793163178e-01 7.066176233485037539e-01 -8.918592866990682211e-01 1.202434905810837729e-01 -3.829298539476693602e-02 4.343525791002769698e-01
1.305033532502026081e+09 1.541650792396682235e+00 -3.588234533165076678e-01 7.067047493705754801e-01 -8.909610366550311245e-01 1.220450595548410871e-01 -4.116299175099791263e-02 4.354297218966052263e-01
1.305033532539103031e+09 1.542988101589359839e+00 -3.706542631286958711e-01 7.077018016144518420e-01 -8.900225898355376142e-01 1.233976973850118841e-01 -4.271170144711570332e-02 4.368163325953046683e-01
1.305033532571563005e+09 1.544679015110914433e+00 -3.850960121007925840e-01 7.058366888108571491e-01 -8.888263623583347872e-01 1.250224184558547669e-01 -4.400940739806693397e-02 4.386573429463711538e-01
1.305033532603569031e+09 1.543765978974938058e+00 -3.990982794155321089e-01 7.050087574758069353e-01 -8.883108118952283139e-01 1.262119493849896967e-01 -4.624451679546667110e-02 4.391308346823697972e-01
1.305033532635683060e+09 1.544472889730462484e+00 -4.124614717474541781e-01 7.043771164620730163e-01 -8.883108355539564016e-01 1.265480615988595625e-01 -4.834419619363636983e-02 4.388078010215796798e-01
1.305033532672619104e+09 1.544727331322444774e+00 -4.251881128969335899e-01 7.070604913792750690e-01 -8.886481477506584792e-01 1.262973961011877866e-01 -5.029531776011240962e-02 4.379769608652867019e-01
1.305033532702116013e+09 1.543852527295923371e+00 -4.385968003875023724e-01 7.077928317472591546e-01 -8.882177695055908373e-01 1.250971823300565666e-01 -5.261562458826107846e-02 4.389208185502039283e-01
1.305033532739490986e+09 1.544386754704360598e+00 -4.531218207720267843e-01 7.076532324274574792e-01 -8.875773166524627555e-01 1.242605915842076025e-01 -5.454129417333476726e-02 4.402170596115676515e-01
1.305033532772109985e+09 1.545492449997561302e+00 -4.687485025004716199e-01 7.060445890066386898e-01 -8.869868417690923712e-01 1.251499017233372035e-01 -5.618317325109702109e-02 4.409481779875810137e-01
1.305033532802328110e+09 1.548038204956357244e+00 -4.845080976868232359e-01 7.047019465083018686e-01 -8.867202377495150278e-01 1.268776437126992174e-01 -5.858995024642062871e-02 4.406773209747454900e-01
1.305033532839648008e+09 1.549263903427002820e+00 -4.983831369760564067e-01 7.048789769808527783e-01 -8.866044415024325609e-01 1.315408296573823410e-01 -6.263744197645676470e-02 4.389830581057236891e-01
1.305033532871166945e+09 1.546930654096660751e+00 -5.111188735852106868e-01 7.051936187486260721e-01 -8.860301429560304420e-01 1.393706006241237916e-01 -6.704183933742607904e-02 4.370718627791567168e-01
1.305033532903404951e+09 1.549683996352348103e+00 -5.261975036601560518e-01 7.044451889008437329e-01 -8.854497182116101150e-01 1.472445430437064051e-01 -6.781524128273987151e-02 4.355444111828254972e-01
1.305033532936355114e+09 1.550816261963769982e+00 -5.406136788563827844e-01 7.039534376037092089e-01 -8.849889626717255542e-01 1.548262795345779208e-01 -7.141864048595483738e-02 4.332698199803922678e-01
1.305033532970791101e+09 1.552880895123077920e+00 -5.553764505729056333e-01 7.034745140244260675e-01 -8.849789737949248503e-01 1.615263629638943876e-01 -7.611389989656365540e-02 4.300327013740629090e-01
1.305033533003809929e+09 1.552978809003892735e+00 -5.690226701711403878e-01 7.016928134591696731e-01 -8.847014029388473588e-01 1.692985960051397176e-01 -8.199168864178522920e-02 4.265193735604422831e-01
1.305033533037900925e+09 1.553723147463675902e+00 -5.796000324832338846e-01 7.037120161620705749e-01 -8.848819100658553705e-01 1.787387284224911665e-01 -8.747442209488401343e-02 4.211706277499421280e-01
1.305033533069931984e+09 1.556982123808758889e+00 -5.909276882453980972e-01 7.029752198655747630e-01 -8.839215617579315731e-01 1.906117637988935798e-01 -9.114680759573470792e-02 4.171835179222689871e-01
1.305033533101969957e+09 1.556982123808758889e+00 -5.909276882453980972e-01 7.029752198655747630e-01 -8.839215617579315731e-01 1.906117637988935798e-01 -9.114680759573470792e-02 4.171835179222689871e-01
1.305033533137701988e+09 1.556654301529894147e+00 -6.056745073648157618e-01 7.064799293599843821e-01 -8.795093756090320847e-01 2.169483086211365097e-01 -1.014642630563419301e-01 4.112197623226201415e-01
1.305033533169878960e+09 1.556654301529894147e+00 -6.056745073648157618e-01 7.064799293599843821e-01 -8.795093756090320847e-01 2.169483086211365097e-01 -1.014642630563419301e-01 4.112197623226201415e-01
1.305033533202523947e+09 1.558266685402749596e+00 -6.203255269612830691e-01 7.029079795905583961e-01 -8.720463719934248292e-01 2.422764743737253479e-01 -1.145217017094062317e-01 4.095387831399178724e-01
1.305033533238626003e+09 1.558266685402749596e+00 -6.203255269612830691e-01 7.029079795905583961e-01 -8.720463719934248292e-01 2.422764743737253479e-01 -1.145217017094062317e-01 4.095387831399178724e-01
1.305033533270603895e+09 1.556444739186292558e+00 -6.311852656745490231e-01 7.024600000495078156e-01 -8.626725127348372490e-01 2.747066288795736444e-01 -1.282141699539680602e-01 4.048376593702680548e-01
1.305033533302453041e+09 1.556444739186292558e+00 -6.311852656745490231e-01 7.024600000495078156e-01 -8.626725127348372490e-01 2.747066288795736444e-01 -1.282141699539680602e-01 4.048376593702680548e-01
1.305033533338310957e+09 1.551250869347429839e+00 -6.435557602876541550e-01 7.026986264437562468e-01 -8.506493287188562347e-01 3.058085757247462344e-01 -1.441295411927160097e-01 4.026208016470816387e-01
1.305033533369923115e+09 1.551250869347429839e+00 -6.435557602876541550e-01 7.026986264437562468e-01 -8.506493287188562347e-01 3.058085757247462344e-01 -1.441295411927160097e-01 4.026208016470816387e-01
1.305033533402013063e+09 1.541820856684263052e+00 -6.485805037449631216e-01 7.084921249370268459e-01 -8.354797423429956016e-01 3.423215217448658532e-01 -1.613390415188863947e-01 3.984460936770849449e-01
1.305033533437813997e+09 1.541820856684263052e+00 -6.485805037449631216e-01 7.084921249370268459e-01 -8.354797423429956016e-01 3.423215217448658532e-01 -1.613390415188863947e-01 3.984460936770849449e-01
1.305033533469893932e+09 1.541820856684263052e+00 -6.485805037449631216e-01 7.084921249370268459e-01 -8.354797423429956016e-01 3.423215217448658532e-01 -1.613390415188863947e-01 3.984460936770849449e-01
1.305033533502496958e+09 1.531201061993656243e+00 -6.576144953843003904e-01 7.079316360078691250e-01 -8.201572748528102030e-01 3.728892223821558272e-01 -1.724071652772330432e-01 3.982102983328181800e-01
1.305033533537975073e+09 1.531201061993656243e+00 -6.576144953843003904e-01 7.079316360078691250e-01 -8.201572748528102030e-01 3.728892223821558272e-01 -1.724071652772330432e-01 3.982102983328181800e-01
1.305033533570826054e+09 1.517880464554931086e+00 -6.701212572305215165e-01 7.074826100582277677e-01 -8.089421402762941860e-01 3.906401373588130332e-01 -1.877147771659288811e-01 3.972103462940529961e-01
1.305033533602884054e+09 1.517880464554931086e+00 -6.701212572305215165e-01 7.074826100582277677e-01 -8.089421402762941860e-01 3.906401373588130332e-01 -1.877147771659288811e-01 3.972103462940529961e-01
1.305033533638668060e+09 1.506907612748506819e+00 -6.827757255870232633e-01 7.061411071892925717e-01 -7.996753423363406332e-01 4.087734445262031224e-01 -1.982319103655504344e-01 3.925910437366902928e-01
1.305033533669970036e+09 1.506907612748506819e+00 -6.827757255870232633e-01 7.061411071892925717e-01 -7.996753423363406332e-01 4.087734445262031224e-01 -1.982319103655504344e-01 3.925910437366902928e-01
1.305033533702207088e+09 1.497468315536990113e+00 -6.980066328571152834e-01 7.018623540608374123e-01 -7.911724136898493631e-01 4.235418464597087151e-01 -2.093107602172996351e-01 3.883909393522645415e-01
1.305033533738135099e+09 1.497468315536990113e+00 -6.980066328571152834e-01 7.018623540608374123e-01 -7.911724136898493631e-01 4.235418464597087151e-01 -2.093107602172996351e-01 3.883909393522645415e-01
1.305033533770018101e+09 1.493393967211316342e+00 -7.129982458467720718e-01 7.041576137336145180e-01 -7.845903753327869712e-01 4.380852498743672552e-01 -2.172289780876273391e-01 3.811965737735255599e-01
1.305033533805969954e+09 1.493393967211316342e+00 -7.129982458467720718e-01 7.041576137336145180e-01 -7.845903753327869712e-01 4.380852498743672552e-01 -2.172289780876273391e-01 3.811965737735255599e-01
1.305033533839051008e+09 1.493393967211316342e+00 -7.129982458467720718e-01 7.041576137336145180e-01 -7.845903753327869712e-01 4.380852498743672552e-01 -2.172289780876273391e-01 3.811965737735255599e-01
1.305033533871274948e+09 1.482078603682347895e+00 -7.273160219904919455e-01 7.048153758508866051e-01 -7.745249243418104168e-01 4.532197746532917182e-01 -2.259576676122330430e-01 3.790067412115146750e-01
1.305033533907675028e+09 1.482078603682347895e+00 -7.273160219904919455e-01 7.048153758508866051e-01 -7.745249243418104168e-01 4.532197746532917182e-01 -2.259576676122330430e-01 3.790067412115146750e-01
1.305033533939019918e+09 1.470043838954933735e+00 -7.421084580387768970e-01 7.060154929018920278e-01 -7.643807767447640122e-01 4.699614599252415759e-01 -2.337896022980099631e-01 3.744338074818364670e-01
1.305033533970792055e+09 1.470043838954933735e+00 -7.421084580387768970e-01 7.060154929018920278e-01 -7.643807767447640122e-01 4.699614599252415759e-01 -2.337896022980099631e-01 3.744338074818364670e-01
1.305033534006647110e+09 1.455085297697374269e+00 -7.550082402317186414e-01 7.078433028712137753e-01 -7.547285761710655905e-01 4.826723426525653116e-01 -2.428689042371343643e-01 3.720576316966689445e-01
1.305033534038451910e+09 1.455085297697374269e+00 -7.550082402317186414e-01 7.078433028712137753e-01 -7.547285761710655905e-01 4.826723426525653116e-01 -2.428689042371343643e-01 3.720576316966689445e-01
1.305033534070750952e+09 1.437636736510953250e+00 -7.676336375060190953e-01 7.097702830409815533e-01 -7.432969093737912258e-01 4.950037151369717225e-01 -2.545061116774431365e-01 3.710898349925454420e-01
1.305033534106542110e+09 1.426905814231431036e+00 -7.737151447378493030e-01 7.102633527556688753e-01 -7.374046398074753927e-01 5.012259191448699136e-01 -2.594351363632684260e-01 3.710800253152413686e-01
1.305033534138453960e+09 1.419386878309831568e+00 -7.834157351135089264e-01 7.117462117006928546e-01 -7.324803830189481335e-01 5.079517267095003952e-01 -2.621265916794162099e-01 3.697934312015084268e-01
1.305033534170552015e+09 1.408752693286559721e+00 -7.892972299657268209e-01 7.144119517247743412e-01 -7.273722468680020592e-01 5.156715510387728241e-01 -2.664616268416347689e-01 3.660746745629501198e-01
1.305033534206831932e+09 1.394630514305972291e+00 -7.944322496971336633e-01 7.151924150250197343e-01 -7.219914161955292009e-01 5.227584805081538777e-01 -2.717194116210632782e-01 3.627954345703420236e-01
1.305033534238661051e+09 1.383324624749548981e+00 -8.018375522487739548e-01 7.184156886564851963e-01 -7.183232512862265384e-01 5.300929292656102465e-01 -2.730611462644484955e-01 3.584003395714556728e-01
1.305033534269973993e+09 1.373473112208801084e+00 -8.121165420228164677e-01 7.179061228090416469e-01 -7.149785102879260279e-01 5.354448490556878992e-01 -2.740130804339779291e-01 3.564005824872798489e-01
1.305033534306394100e+09 1.361402248115530345e+00 -8.175564731927669193e-01 7.219384742324971294e-01 -7.115430376213798258e-01 5.415214392184036774e-01 -2.762165249837378878e-01 3.523712074010536544e-01
1.305033534338522911e+09 1.351560814459820126e+00 -8.256460050554887964e-01 7.236598447170718984e-01 -7.097322942690363901e-01 5.445245081325870151e-01 -2.768953188776030472e-01 3.508591069051001377e-01
1.305033534370488882e+09 1.338148819834399816e+00 -8.322913218347479658e-01 7.239625446258360908e-01 -7.076396692743402994e-01 5.467779402097252550e-01 -2.788073990620467679e-01 3.500663034306057408e-01
1.305033534406522036e+09 1.322835039153353875e+00 -8.382957699658362127e-01 7.218843772111450674e-01 -7.051608939489785177e-01 5.493643078421778236e-01 -2.825483006947702158e-01 3.480135467027975493e-01
1.305033534438478947e+09 1.309957218717859195e+00 -8.441895577434219700e-01 7.249490770760264047e-01 -7.025849726074039348e-01 5.547890359073880395e-01 -2.837681635949484416e-01 3.435973097001122634e-01
1.305033534470618963e+09 1.296580945688960318e+00 -8.487280092302380563e-01 7.258859736147015296e-01 -6.991899797661023097e-01 5.611648033842122629e-01 -2.852033871588937619e-01 3.389490575153294438e-01
1.305033534506416082e+09 1.285473155291029013e+00 -8.550643165655082978e-01 7.244410079580838602e-01 -6.950598088032882149e-01 5.679994396628488262e-01 -2.865042735842329158e-01 3.349385017387476182e-01
1.305033534538585901e+09 1.274148458253218985e+00 -8.603669090433427868e-01 7.248247134710635864e-01 -6.908565418699628147e-01 5.743862818771148238e-01 -2.877015106657185295e-01 3.317008871069289655e-01
1.305033534571041107e+09 1.263546060844382479e+00 -8.664814703365888438e-01 7.262753557657718462e-01 -6.872233782212888720e-01 5.801407347621395649e-01 -2.886113621423813669e-01 3.284269141499878142e-01
1.305033534607084036e+09 1.252167050133089488e+00 -8.681273515626986015e-01 7.296375224772970736e-01 -6.826445767052546909e-01 5.873165957943895510e-01 -2.915470756462811841e-01 3.225769689260146733e-01
1.305033534639611959e+09 1.239002407159177199e+00 -8.707206456521887628e-01 7.313244221012495938e-01 -6.762207399900239668e-01 5.945776823731605543e-01 -2.950818548154938714e-01 3.195772041146758835e-01
1.305033534671420097e+09 1.227001373358077130e+00 -8.728205597072586919e-01 7.320526013890022998e-01 -6.697895751147051602e-01 6.014958730522519392e-01 -2.974668648742725408e-01 3.179592805229046193e-01
1.305033534706998110e+09 1.212579599002963748e+00 -8.742097634756311741e-01 7.360498413350130553e-01 -6.634597523512201223e-01 6.088178745821140048e-01 -2.997379216096078824e-01 3.151493787849308226e-01
1.305033534737977028e+09 1.200964336132735344e+00 -8.754094431650887298e-01 7.395113171256409990e-01 -6.579935260544265141e-01 6.152537968369744537e-01 -3.025146637560667817e-01 3.114356488276571189e-01
1.305033534769898891e+09 1.185706656597503628e+00 -8.738415497585193537e-01 7.381155545598035994e-01 -6.506701992959942338e-01 6.212759503930840310e-01 -3.078843878825990310e-01 3.095992391938947597e-01
1.305033534806777000e+09 1.172939051522596365e+00 -8.757680381386525603e-01 7.403572339971749017e-01 -6.443001834919217519e-01 6.278959837468000016e-01 -3.095043359105576486e-01 3.079463803967807389e-01
1.305033534839366913e+09 1.157660397752137582e+00 -8.713639395146823841e-01 7.402051454309767076e-01 6.369298669818471703e-01 -6.343299169739199383e-01 3.143752724885316430e-01 -3.051460126334729628e-01
1.305033534871560097e+09 1.142629816626091088e+00 -8.725115656478337200e-01 7.398322212547356891e-01 6.305500799146611657e-01 -6.400659277294028504e-01 3.162130711219856005e-01 -3.045184699342809442e-01
1.305033534906881094e+09 1.128742707784490040e+00 -8.710835336905733417e-01 7.426697565857285355e-01 6.255115117445371187e-01 -6.453964976957666799e-01 3.183215627100858258e-01 -3.014466655163245967e-01
1.305033534939455032e+09 1.113036342432250025e+00 -8.699457613114375265e-01 7.401943481366487498e-01 6.205064239170310358e-01 -6.493447524999241827e-01 3.223195531984046625e-01 -2.990539682139174427e-01
1.305033534975302935e+09 1.096755743530161364e+00 -8.679140016668571711e-01 7.382586992768226386e-01 6.148940425523568010e-01 -6.546625902767818639e-01 3.253223436845624761e-01 -2.957829982018880255e-01
1.305033535007643938e+09 1.080703461506468344e+00 -8.597669321857964730e-01 7.378783281676769557e-01 6.075685685005474124e-01 -6.620072016900637735e-01 3.281843980062864041e-01 -2.913793067222487654e-01
1.305033535039541960e+09 1.063838797696294414e+00 -8.568436092090788714e-01 7.369674449789062054e-01 6.019100113520302608e-01 -6.689191524723742122e-01 3.272786449281188115e-01 -2.883404138580887288e-01
1.305033535075357914e+09 1.047755189789818964e+00 -8.568050643902876962e-01 7.361383478965761729e-01 5.979268143318926532e-01 -6.748404240087367834e-01 3.262644010954656726e-01 -2.839462403421460501e-01
1.305033535107726097e+09 1.031776736264384597e+00 -8.518009284241645496e-01 7.318742344542399358e-01 5.932397982736111741e-01 -6.802932116019921871e-01 3.283815104184311107e-01 -2.782683446025476792e-01
1.305033535137975931e+09 1.014911252852212176e+00 -8.444564729127618241e-01 7.302518752083679843e-01 5.891218375008414609e-01 -6.856711788610374558e-01 3.283011259738699561e-01 -2.738774648327907402e-01
1.305033535174375057e+09 1.003106445273567626e+00 -8.419937274683262363e-01 7.300980671381077647e-01 5.869898337659290588e-01 -6.903452134412304542e-01 3.250759942249220602e-01 -2.705402360332141987e-01
1.305033535206381083e+09 9.894744589002167912e-01 -8.379104798295966550e-01 7.296024254591353397e-01 5.847144077465651346e-01 -6.934606964978262678e-01 3.245393590664135131e-01 -2.681334149319972715e-01
1.305033535238647938e+09 9.754811187873014822e-01 -8.332184540810119167e-01 7.289864816798579117e-01 5.831012639189464553e-01 -6.955563706738290275e-01 3.240166563158627944e-01 -2.668472552998550906e-01
1.305033535274514914e+09 9.618232885755848560e-01 -8.315288990421749737e-01 7.273696963883020672e-01 5.821649129247270515e-01 -6.967965272214997619e-01 3.230120772779841443e-01 -2.668741496360490517e-01
1.305033535306554079e+09 9.476649141068876903e-01 -8.304326031249376072e-01 7.263230925911505764e-01 5.814130321258798029e-01 -6.982338086090678075e-01 3.221357872466735772e-01 -2.658137866334859267e-01
1.305033535338664055e+09 9.352195874725811597e-01 -8.317540011813852052e-01 7.246534526683020561e-01 5.815050493424763767e-01 -6.992985045474758854e-01 3.211886387139736287e-01 -2.639532865639910297e-01
1.305033535374612093e+09 9.352195874725811597e-01 -8.317540011813852052e-01 7.246534526683020561e-01 5.815050493424763767e-01 -6.992985045474758854e-01 3.211886387139736287e-01 -2.639532865639910297e-01
1.305033535406681061e+09 9.150541416118436189e-01 -8.271756633383191559e-01 7.261774608323943170e-01 5.787339789133184587e-01 -7.040244320235051756e-01 3.205344501396372725e-01 -2.582135686574584810e-01
1.305033535438750982e+09 9.150541416118436189e-01 -8.271756633383191559e-01 7.261774608323943170e-01 5.787339789133184587e-01 -7.040244320235051756e-01 3.205344501396372725e-01 -2.582135686574584810e-01
1.305033535474571943e+09 9.150541416118436189e-01 -8.271756633383191559e-01 7.261774608323943170e-01 5.787339789133184587e-01 -7.040244320235051756e-01 3.205344501396372725e-01 -2.582135686574584810e-01
1.305033535506535053e+09 8.989883891171474017e-01 -8.278500852078115591e-01 7.291992238597104770e-01 5.772242187484010190e-01 -7.061148487751822689e-01 3.204088273006431287e-01 -2.560316484681655069e-01
1.305033535538690090e+09 8.989883891171474017e-01 -8.278500852078115591e-01 7.291992238597104770e-01 5.772242187484010190e-01 -7.061148487751822689e-01 3.204088273006431287e-01 -2.560316484681655069e-01
1.305033535574683905e+09 8.837649810963189578e-01 -8.277501047568350812e-01 7.305529695265362555e-01 5.754344490893184005e-01 -7.073153598458278291e-01 3.226948049059844559e-01 -2.538665779777413700e-01
1.305033535606540918e+09 8.837649810963189578e-01 -8.277501047568350812e-01 7.305529695265362555e-01 5.754344490893184005e-01 -7.073153598458278291e-01 3.226948049059844559e-01 -2.538665779777413700e-01
1.305033535638674974e+09 8.712967606877125570e-01 -8.273901067797415632e-01 7.304114464533796314e-01 5.725559673855955545e-01 -7.099941251687004184e-01 3.225343679094718197e-01 -2.530999564486606235e-01
1.305033535674647093e+09 8.712967606877125570e-01 -8.273901067797415632e-01 7.304114464533796314e-01 5.725559673855955545e-01 -7.099941251687004184e-01 3.225343679094718197e-01 -2.530999564486606235e-01
1.305033535706589937e+09 8.598702098902059054e-01 -8.248273324443169408e-01 7.330600784937677528e-01 5.709202257018415327e-01 -7.122647917779101334e-01 3.222109453191703832e-01 -2.508168036528961586e-01
1.305033535739049911e+09 8.598702098902059054e-01 -8.248273324443169408e-01 7.330600784937677528e-01 5.709202257018415327e-01 -7.122647917779101334e-01 3.222109453191703832e-01 -2.508168036528961586e-01
1.305033535774483919e+09 8.485104501811346900e-01 -8.258365960130247263e-01 7.321395931720010575e-01 5.702804994485138890e-01 -7.127539730221358338e-01 3.213390029893035682e-01 -2.519983552481137035e-01
1.305033535806446075e+09 8.485104501811346900e-01 -8.258365960130247263e-01 7.321395931720010575e-01 5.702804994485138890e-01 -7.127539730221358338e-01 3.213390029893035682e-01 -2.519983552481137035e-01
1.305033535837735891e+09 8.485104501811346900e-01 -8.258365960130247263e-01 7.321395931720010575e-01 5.702804994485138890e-01 -7.127539730221358338e-01 3.213390029893035682e-01 -2.519983552481137035e-01
1.305033535874455929e+09 8.485104501811346900e-01 -8.258365960130247263e-01 7.321395931720010575e-01 5.702804994485138890e-01 -7.127539730221358338e-01 3.213390029893035682e-01 -2.519983552481137035e-01
1.305033535906797886e+09 8.319448324476064194e-01 -8.269218369922890499e-01 7.330611051293458580e-01 5.673587444616959852e-01 -7.159645434719764667e-01 3.206937532472393659e-01 -2.503084980619136313e-01
1.305033535939291954e+09 8.319448324476064194e-01 -8.269218369922890499e-01 7.330611051293458580e-01 5.673587444616959852e-01 -7.159645434719764667e-01 3.206937532472393659e-01 -2.503084980619136313e-01
1.305033535975404978e+09 8.217926719952088899e-01 -8.267541212358570091e-01 7.342555550676816978e-01 5.661871732672187907e-01 -7.173273726795196259e-01 3.193298630730910803e-01 -2.508026391051230153e-01
1.305033536008090973e+09 8.217926719952088899e-01 -8.267541212358570091e-01 7.342555550676816978e-01 5.661871732672187907e-01 -7.173273726795196259e-01 3.193298630730910803e-01 -2.508026391051230153e-01
1.305033536039419889e+09 8.079818010480023238e-01 -8.296021102918649248e-01 7.302991869965775873e-01 5.680901227854524560e-01 -7.164131203990075081e-01 3.182797176287097685e-01 -2.504473490775167011e-01
1.305033536075320005e+09 8.079818010480023238e-01 -8.296021102918649248e-01 7.302991869965775873e-01 5.680901227854524560e-01 -7.164131203990075081e-01 3.182797176287097685e-01 -2.504473490775167011e-01
1.305033536107441902e+09 8.079818010480023238e-01 -8.296021102918649248e-01 7.302991869965775873e-01 5.680901227854524560e-01 -7.164131203990075081e-01 3.182797176287097685e-01 -2.504473490775167011e-01
1.305033536137918949e+09 8.079818010480023238e-01 -8.296021102918649248e-01 7.302991869965775873e-01 5.680901227854524560e-01 -7.164131203990075081e-01 3.182797176287097685e-01 -2.504473490775167011e-01
1.305033536175220966e+09 8.079818010480023238e-01 -8.296021102918649248e-01 7.302991869965775873e-01 5.680901227854524560e-01 -7.164131203990075081e-01 3.182797176287097685e-01 -2.504473490775167011e-01
1.305033536203649998e+09 7.961221958408875032e-01 -8.329256695402387223e-01 7.284297451432590886e-01 5.652638735570315598e-01 -7.198281152193186649e-01 3.172032819050650820e-01 -2.484075597476037012e-01
1.305033536241699934e+09 7.961221958408875032e-01 -8.329256695402387223e-01 7.284297451432590886e-01 5.652638735570315598e-01 -7.198281152193186649e-01 3.172032819050650820e-01 -2.484075597476037012e-01
1.305033536275135994e+09 7.961221958408875032e-01 -8.329256695402387223e-01 7.284297451432590886e-01 5.652638735570315598e-01 -7.198281152193186649e-01 3.172032819050650820e-01 -2.484075597476037012e-01
1.305033536305855989e+09 7.961221958408875032e-01 -8.329256695402387223e-01 7.284297451432590886e-01 5.652638735570315598e-01 -7.198281152193186649e-01 3.172032819050650820e-01 -2.484075597476037012e-01
1.305033536343051910e+09 7.961221958408875032e-01 -8.329256695402387223e-01 7.284297451432590886e-01 5.652638735570315598e-01 -7.198281152193186649e-01 3.172032819050650820e-01 -2.484075597476037012e-01
1.305033536375071049e+09 7.961221958408875032e-01 -8.329256695402387223e-01 7.284297451432590886e-01 5.652638735570315598e-01 -7.198281152193186649e-01 3.172032819050650820e-01 -2.484075597476037012e-01
1.305033536404679060e+09 7.961221958408875032e-01 -8.329256695402387223e-01 7.284297451432590886e-01 5.652638735570315598e-01 -7.198281152193186649e-01 3.172032819050650820e-01 -2.484075597476037012e-01
1.305033536443576097e+09 7.961221958408875032e-01 -8.329256695402387223e-01 7.284297451432590886e-01 5.652638735570315598e-01 -7.198281152193186649e-01 3.172032819050650820e-01 -2.484075597476037012e-01
1.305033536474256039e+09 7.961221958408875032e-01 -8.329256695402387223e-01 7.284297451432590886e-01 5.652638735570315598e-01 -7.198281152193186649e-01 3.172032819050650820e-01 -2.484075597476037012e-01
1.305033536507268906e+09 7.961221958408875032e-01 -8.329256695402387223e-01 7.284297451432590886e-01 5.652638735570315598e-01 -7.198281152193186649e-01 3.172032819050650820e-01 -2.484075597476037012e-01
1.305033536542479038e+09 8.094003912153974190e-01 -8.382668914387703119e-01 7.317499823584896479e-01 5.564077402463137867e-01 -7.271649700337423639e-01 3.200199693544035773e-01 -2.433695793730672463e-01
1.305033536573337078e+09 8.094003912153974190e-01 -8.382668914387703119e-01 7.317499823584896479e-01 5.564077402463137867e-01 -7.271649700337423639e-01 3.200199693544035773e-01 -2.433695793730672463e-01
1.305033536604428053e+09 8.094003912153974190e-01 -8.382668914387703119e-01 7.317499823584896479e-01 5.564077402463137867e-01 -7.271649700337423639e-01 3.200199693544035773e-01 -2.433695793730672463e-01
1.305033536643163919e+09 8.198055742127565715e-01 -8.424977374820513676e-01 7.323633169725177749e-01 5.529423182195583042e-01 -7.284686649321249208e-01 3.229275839536135950e-01 -2.435281758973072974e-01
1.305033536675457954e+09 8.198055742127565715e-01 -8.424977374820513676e-01 7.323633169725177749e-01 5.529423182195583042e-01 -7.284686649321249208e-01 3.229275839536135950e-01 -2.435281758973072974e-01
1.305033536707439899e+09 8.306723214180740111e-01 -8.469857827262234906e-01 7.318323899637987351e-01 5.488522748759023795e-01 -7.300957362763949021e-01 3.257477912321060654e-01 -2.441511268497038589e-01
1.305033536743295908e+09 8.306723214180740111e-01 -8.469857827262234906e-01 7.318323899637987351e-01 5.488522748759023795e-01 -7.300957362763949021e-01 3.257477912321060654e-01 -2.441511268497038589e-01
1.305033536775275946e+09 8.440825210875344542e-01 -8.506716019750628632e-01 7.345256741743239060e-01 5.440367984107379318e-01 -7.328523226518121048e-01 3.282900600845589101e-01 -2.432633790945835650e-01
1.305033536808196068e+09 8.440825210875344542e-01 -8.506716019750628632e-01 7.345256741743239060e-01 5.440367984107379318e-01 -7.328523226518121048e-01 3.282900600845589101e-01 -2.432633790945835650e-01
1.305033536843462944e+09 8.562976603959844280e-01 -8.547378161657701590e-01 7.355470305244404816e-01 5.384555986130855620e-01 -7.350880865246656182e-01 3.325547979917701791e-01 -2.431427146849812204e-01
1.305033536871273994e+09 8.562976603959844280e-01 -8.547378161657701590e-01 7.355470305244404816e-01 5.384555986130855620e-01 -7.350880865246656182e-01 3.325547979917701791e-01 -2.431427146849812204e-01
1.305033536907651901e+09 8.695250809030121708e-01 -8.564355436147292888e-01 7.387069514750727039e-01 5.321521456100858360e-01 -7.378968825915601659e-01 3.376118813567897670e-01 -2.415377861763416956e-01
1.305033536943378925e+09 8.695250809030121708e-01 -8.564355436147292888e-01 7.387069514750727039e-01 5.321521456100858360e-01 -7.378968825915601659e-01 3.376118813567897670e-01 -2.415377861763416956e-01
1.305033536975402117e+09 8.695250809030121708e-01 -8.564355436147292888e-01 7.387069514750727039e-01 5.321521456100858360e-01 -7.378968825915601659e-01 3.376118813567897670e-01 -2.415377861763416956e-01
1.305033537007345915e+09 8.799918453128557916e-01 -8.626319574763874343e-01 7.406292051506510044e-01 5.265378013528663192e-01 -7.407580682764483004e-01 3.402934948877658350e-01 -2.413208763594737738e-01
1.305033537043379068e+09 8.799918453128557916e-01 -8.626319574763874343e-01 7.406292051506510044e-01 5.265378013528663192e-01 -7.407580682764483004e-01 3.402934948877658350e-01 -2.413208763594737738e-01
1.305033537075248957e+09 8.923468042116854404e-01 -8.650361237885911825e-01 7.450203650000505329e-01 5.213803968958945489e-01 -7.438014469325301414e-01 3.428718660144137731e-01 -2.395010913744400338e-01
1.305033537107490063e+09 8.923468042116854404e-01 -8.650361237885911825e-01 7.450203650000505329e-01 5.213803968958945489e-01 -7.438014469325301414e-01 3.428718660144137731e-01 -2.395010913744400338e-01
1.305033537143619061e+09 9.049848799729366400e-01 -8.717699978918944659e-01 7.462896767622335670e-01 5.168715750591064140e-01 -7.456253949419985316e-01 3.449288031075734007e-01 -2.406463506897290328e-01
1.305033537175494909e+09 9.049848799729366400e-01 -8.717699978918944659e-01 7.462896767622335670e-01 5.168715750591064140e-01 -7.456253949419985316e-01 3.449288031075734007e-01 -2.406463506897290328e-01
1.305033537207417965e+09 9.153338983986667454e-01 -8.739643448505387546e-01 7.466493013040629290e-01 5.130668781771393627e-01 -7.462984695508273481e-01 3.491863469307072698e-01 -2.405615679630578874e-01
1.305033537243686914e+09 9.153338983986667454e-01 -8.739643448505387546e-01 7.466493013040629290e-01 5.130668781771393627e-01 -7.462984695508273481e-01 3.491863469307072698e-01 -2.405615679630578874e-01
1.305033537275552034e+09 9.255297687756613989e-01 -8.797163486335506377e-01 7.458169032796663211e-01 5.077917464754782007e-01 -7.492303359516228056e-01 3.506285676449745203e-01 -2.405432465325845204e-01
1.305033537307573080e+09 9.255297687756613989e-01 -8.797163486335506377e-01 7.458169032796663211e-01 5.077917464754782007e-01 -7.492303359516228056e-01 3.506285676449745203e-01 -2.405432465325845204e-01
1.305033537343854904e+09 9.255297687756613989e-01 -8.797163486335506377e-01 7.458169032796663211e-01 5.077917464754782007e-01 -7.492303359516228056e-01 3.506285676449745203e-01 -2.405432465325845204e-01
1.305033537375637054e+09 9.400065568201345645e-01 -8.817975983813828300e-01 7.468276854739753778e-01 5.018056718680239392e-01 -7.535304138196562418e-01 3.514779896021764105e-01 -2.384244239902257867e-01
1.305033537407661915e+09 9.400065568201345645e-01 -8.817975983813828300e-01 7.468276854739753778e-01 5.018056718680239392e-01 -7.535304138196562418e-01 3.514779896021764105e-01 -2.384244239902257867e-01
1.305033537443628073e+09 9.566452245987451253e-01 -8.845677480006981508e-01 7.449942074302504658e-01 4.952240365833129876e-01 -7.580396984142923067e-01 3.515246809253995686e-01 -2.378221350471693696e-01
1.305033537475436926e+09 9.566452245987451253e-01 -8.845677480006981508e-01 7.449942074302504658e-01 4.952240365833129876e-01 -7.580396984142923067e-01 3.515246809253995686e-01 -2.378221350471693696e-01
1.305033537502234936e+09 9.750679833404305441e-01 -8.882362822081246723e-01 7.438213207013391060e-01 4.898016882416289519e-01 -7.611149192319925927e-01 3.526914094754473594e-01 -2.375019065193998968e-01
1.305033537543400049e+09 9.834345487262904362e-01 -8.897960628845151820e-01 7.381561088537449411e-01 4.861747152037678155e-01 -7.618665021688814099e-01 3.550354037983326494e-01 -2.390469435471704873e-01
1.305033537575726032e+09 9.834345487262904362e-01 -8.897960628845151820e-01 7.381561088537449411e-01 4.861747152037678155e-01 -7.618665021688814099e-01 3.550354037983326494e-01 -2.390469435471704873e-01
1.305033537602339983e+09 1.003423984758379017e+00 -8.937493044793665131e-01 7.360580447152853534e-01 4.776406003830290237e-01 -7.666492223595845479e-01 3.563326928925534820e-01 -2.390302045707302925e-01
1.305033537639756918e+09 1.012961722700648437e+00 -8.976673802983557993e-01 7.343311783537893600e-01 4.736075275135715468e-01 -7.683858435515606988e-01 3.566279851594149064e-01 -2.410302585012394361e-01
1.305033537674026966e+09 1.021737193322732606e+00 -9.053609368336624774e-01 7.333769990902742064e-01 4.704144821497887041e-01 -7.698536679496873480e-01 3.566321199815617460e-01 -2.425882848070278763e-01
1.305033537702286005e+09 1.030389983899762996e+00 -9.105818117894559638e-01 7.330355491893474351e-01 4.673443275603521574e-01 -7.711127783918277911e-01 3.580563164692340261e-01 -2.424253219745868548e-01
1.305033537743773937e+09 1.038477906746768209e+00 -9.173418535888769876e-01 7.300455862210681879e-01 4.643384000663838274e-01 -7.720883696025412357e-01 3.601040190800118834e-01 -2.420629983923667516e-01
1.305033537775789022e+09 1.038477906746768209e+00 -9.173418535888769876e-01 7.300455862210681879e-01 4.643384000663838274e-01 -7.720883696025412357e-01 3.601040190800118834e-01 -2.420629983923667516e-01
1.305033537802398920e+09 1.055079054891216783e+00 -9.243946596532944815e-01 7.320473640526694581e-01 4.534497378331440176e-01 -7.792705783275648557e-01 3.616003248728978936e-01 -2.374150502051003420e-01
1.305033537844739914e+09 1.055079054891216783e+00 -9.243946596532944815e-01 7.320473640526694581e-01 4.534497378331440176e-01 -7.792705783275648557e-01 3.616003248728978936e-01 -2.374150502051003420e-01
1.305033537875838995e+09 1.055079054891216783e+00 -9.243946596532944815e-01 7.320473640526694581e-01 4.534497378331440176e-01 -7.792705783275648557e-01 3.616003248728978936e-01 -2.374150502051003420e-01
1.305033537902446032e+09 1.069249661075778679e+00 -9.369378940715761273e-01 7.311513965766014422e-01 4.438401459764426127e-01 -7.863956541872586525e-01 3.615582250452499258e-01 -2.320850055413573032e-01
1.305033537944108009e+09 1.069249661075778679e+00 -9.369378940715761273e-01 7.311513965766014422e-01 4.438401459764426127e-01 -7.863956541872586525e-01 3.615582250452499258e-01 -2.320850055413573032e-01
1.305033537975959063e+09 1.082924086588693102e+00 -9.476063170691068072e-01 7.294912375844988528e-01 4.334150895105097767e-01 -7.939488384296987666e-01 3.629315311862193472e-01 -2.237795920354563317e-01
1.305033538002466917e+09 1.090977160717061523e+00 -9.547956948973014280e-01 7.272622035504627824e-01 4.276628343614014560e-01 -7.977989446939206530e-01 3.635606109853001255e-01 -2.201023082369523431e-01
1.305033538041599989e+09 1.090977160717061523e+00 -9.547956948973014280e-01 7.272622035504627824e-01 4.276628343614014560e-01 -7.977989446939206530e-01 3.635606109853001255e-01 -2.201023082369523431e-01
1.305033538074354887e+09 1.107955278671758581e+00 -9.652759962499339874e-01 7.285279855032863461e-01 4.182848444748491490e-01 -8.041044145998059722e-01 3.664120878317459473e-01 -2.102285927140635780e-01
1.305033538102510929e+09 1.116614596486015243e+00 -9.722401713020365488e-01 7.315716435291962361e-01 4.151792250857944122e-01 -8.057426446117234020e-01 3.682538012003360728e-01 -2.068674445454594946e-01
1.305033538144040108e+09 1.123085033043619063e+00 -9.806845805510970848e-01 7.391118409425116997e-01 4.123732423355562227e-01 -8.074393304162670315e-01 3.691569545332641922e-01 -2.042380464612714164e-01
1.305033538175946951e+09 1.130143774043420368e+00 -9.892816174961999165e-01 7.400474860007911770e-01 4.081648109809281055e-01 -8.086890656099433583e-01 3.720914144917678579e-01 -2.024140842464660084e-01
1.305033538202594995e+09 1.139374184789115674e+00 -9.958134642887271903e-01 7.379626547087109190e-01 4.016667363444907934e-01 -8.105452405556113904e-01 3.762557819302577711e-01 -2.002793860861913910e-01
1.305033538243994951e+09 1.147129822292533463e+00 -1.003057910934092689e+00 7.405797531314590731e-01 3.951822292284162819e-01 -8.129450845143920690e-01 3.791156205502460019e-01 -1.980470689526844519e-01
1.305033538275794029e+09 1.147129822292533463e+00 -1.003057910934092689e+00 7.405797531314590731e-01 3.951822292284162819e-01 -8.129450845143920690e-01 3.791156205502460019e-01 -1.980470689526844519e-01
1.305033538302690029e+09 1.160315731441644793e+00 -1.016947103625190252e+00 7.427191805418649206e-01 3.831623825592540555e-01 -8.164274731120488848e-01 3.863671073139010037e-01 -1.932698324242018151e-01
1.305033538344099998e+09 1.160315731441644793e+00 -1.016947103625190252e+00 7.427191805418649206e-01 3.831623825592540555e-01 -8.164274731120488848e-01 3.863671073139010037e-01 -1.932698324242018151e-01
1.305033538376149893e+09 1.174540401791958288e+00 -1.030644615009981946e+00 7.467785435504233904e-01 3.720010194094060529e-01 -8.203468796191379919e-01 3.925283968604864060e-01 -1.859238992589246631e-01
1.305033538402749062e+09 1.174540401791958288e+00 -1.030644615009981946e+00 7.467785435504233904e-01 3.720010194094060529e-01 -8.203468796191379919e-01 3.925283968604864060e-01 -1.859238992589246631e-01
1.305033538443205118e+09 1.174540401791958288e+00 -1.030644615009981946e+00 7.467785435504233904e-01 3.720010194094060529e-01 -8.203468796191379919e-01 3.925283968604864060e-01 -1.859238992589246631e-01
1.305033538471633911e+09 1.189906889236209686e+00 -1.039066564622034505e+00 7.544211778783919131e-01 3.624698122704961278e-01 -8.237572100282604115e-01 3.977409692121679496e-01 -1.784427514056332598e-01
1.305033538502753019e+09 1.189906889236209686e+00 -1.039066564622034505e+00 7.544211778783919131e-01 3.624698122704961278e-01 -8.237572100282604115e-01 3.977409692121679496e-01 -1.784427514056332598e-01
1.305033538543405056e+09 1.205083808033586612e+00 -1.045855189018479070e+00 7.567027143626781083e-01 3.484793317388594769e-01 -8.274970280304915216e-01 4.050026657653385542e-01 -1.725794445306602642e-01
1.305033538575516939e+09 1.205083808033586612e+00 -1.045855189018479070e+00 7.567027143626781083e-01 3.484793317388594769e-01 -8.274970280304915216e-01 4.050026657653385542e-01 -1.725794445306602642e-01
1.305033538602850914e+09 1.217612511088779659e+00 -1.054094333434678621e+00 7.574959640057303822e-01 3.332941157050098857e-01 -8.314929966894438751e-01 4.115218051316862913e-01 -1.678816035007484331e-01
1.305033538643531084e+09 1.217612511088779659e+00 -1.054094333434678621e+00 7.574959640057303822e-01 3.332941157050098857e-01 -8.314929966894438751e-01 4.115218051316862913e-01 -1.678816035007484331e-01
1.305033538670914888e+09 1.231251281987495005e+00 -1.059390590773822138e+00 7.586730892133113358e-01 3.175539159042561344e-01 -8.349068327846917992e-01 4.195789647357228702e-01 -1.613802448089798891e-01
1.305033538703005075e+09 1.231251281987495005e+00 -1.059390590773822138e+00 7.586730892133113358e-01 3.175539159042561344e-01 -8.349068327846917992e-01 4.195789647357228702e-01 -1.613802448089798891e-01
1.305033538743340015e+09 1.243275695947792192e+00 -1.069306508503072184e+00 7.633876189619431818e-01 2.999266746919267423e-01 -8.398193426645977899e-01 4.249320806233243819e-01 -1.554998017740811811e-01
1.305033538770881891e+09 1.252129312827508612e+00 -1.073641217102883738e+00 7.690749910654572918e-01 2.905042403748068214e-01 -8.425883499663631149e-01 4.272265054516535265e-01 -1.520844234784959059e-01
1.305033538802948952e+09 1.252129312827508612e+00 -1.073641217102883738e+00 7.690749910654572918e-01 2.905042403748068214e-01 -8.425883499663631149e-01 4.272265054516535265e-01 -1.520844234784959059e-01
1.305033538844388962e+09 1.261080611385845929e+00 -1.078298501653964125e+00 7.760536505766928439e-01 2.806590866358815162e-01 -8.461211424653751756e-01 4.281618063423679454e-01 -1.482799951154628038e-01
1.305033538870946884e+09 1.261080611385845929e+00 -1.078298501653964125e+00 7.760536505766928439e-01 2.806590866358815162e-01 -8.461211424653751756e-01 4.281618063423679454e-01 -1.482799951154628038e-01
1.305033538902976990e+09 1.270084001415135555e+00 -1.088307214819987490e+00 7.763039269850338098e-01 2.647846979719842286e-01 -8.477198874487801294e-01 4.367308792282749152e-01 -1.432696592869920071e-01
1.305033538944633961e+09 1.270084001415135555e+00 -1.088307214819987490e+00 7.763039269850338098e-01 2.647846979719842286e-01 -8.477198874487801294e-01 4.367308792282749152e-01 -1.432696592869920071e-01
1.305033538970999002e+09 1.282639675955458136e+00 -1.093187948634551265e+00 7.784772461211442174e-01 2.445901543848867932e-01 -8.513048111624805792e-01 4.437673146936664259e-01 -1.361115178049352448e-01
1.305033539003001928e+09 1.282639675955458136e+00 -1.093187948634551265e+00 7.784772461211442174e-01 2.445901543848867932e-01 -8.513048111624805792e-01 4.437673146936664259e-01 -1.361115178049352448e-01
1.305033539044576883e+09 1.291187242701558269e+00 -1.102541896305355928e+00 7.799387543183511351e-01 2.261211187611260887e-01 -8.548898963687376895e-01 4.476041005138781670e-01 -1.329777197128453325e-01
1.305033539071038008e+09 1.291187242701558269e+00 -1.102541896305355928e+00 7.799387543183511351e-01 2.261211187611260887e-01 -8.548898963687376895e-01 4.476041005138781670e-01 -1.329777197128453325e-01
1.305033539103072882e+09 1.296910576517582792e+00 -1.112192334061163246e+00 7.796944725959137346e-01 2.125401785936316956e-01 -8.566429473481932400e-01 4.523703594431180419e-01 -1.278694300421016616e-01
1.305033539144433022e+09 1.296910576517582792e+00 -1.112192334061163246e+00 7.796944725959137346e-01 2.125401785936316956e-01 -8.566429473481932400e-01 4.523703594431180419e-01 -1.278694300421016616e-01
1.305033539171128035e+09 1.305938737100233338e+00 -1.121052272148884921e+00 7.804438114410605642e-01 2.008585643551562550e-01 -8.585531193989037746e-01 4.556426053907426388e-01 -1.221973585980203891e-01
1.305033539202974081e+09 1.305938737100233338e+00 -1.121052272148884921e+00 7.804438114410605642e-01 2.008585643551562550e-01 -8.585531193989037746e-01 4.556426053907426388e-01 -1.221973585980203891e-01
1.305033539244401932e+09 1.305938737100233338e+00 -1.121052272148884921e+00 7.804438114410605642e-01 2.008585643551562550e-01 -8.585531193989037746e-01 4.556426053907426388e-01 -1.221973585980203891e-01
1.305033539271203041e+09 1.308113295051222646e+00 -1.133520509497715212e+00 7.793100572436509887e-01 1.928032566088301869e-01 -8.599308961338854029e-01 4.572021060493277056e-01 -1.196327394130117794e-01
1.305033539303420067e+09 1.308113295051222646e+00 -1.133520509497715212e+00 7.793100572436509887e-01 1.928032566088301869e-01 -8.599308961338854029e-01 4.572021060493277056e-01 -1.196327394130117794e-01
1.305033539344491005e+09 1.309512738453539882e+00 -1.145874417800919698e+00 7.724392854954678089e-01 1.871263953554376802e-01 -8.602198802255704990e-01 4.605659843812650589e-01 -1.135096641564143499e-01
1.305033539371428013e+09 1.309512738453539882e+00 -1.145874417800919698e+00 7.724392854954678089e-01 1.871263953554376802e-01 -8.602198802255704990e-01 4.605659843812650589e-01 -1.135096641564143499e-01
1.305033539403098106e+09 1.314069734459737404e+00 -1.156063676777699278e+00 7.697224535632017917e-01 1.770751810461219933e-01 -8.630221779385930381e-01 4.604232461943693622e-01 -1.088463826107682608e-01
1.305033539443552971e+09 1.314069734459737404e+00 -1.156063676777699278e+00 7.697224535632017917e-01 1.770751810461219933e-01 -8.630221779385930381e-01 4.604232461943693622e-01 -1.088463826107682608e-01
1.305033539471316099e+09 1.316664081987440005e+00 -1.168589970495345964e+00 7.686603092663917280e-01 1.693817307070942246e-01 -8.666172846721272860e-01 4.580661902000350283e-01 -1.022725603757135004e-01
1.305033539503331900e+09 1.316664081987440005e+00 -1.168589970495345964e+00 7.686603092663917280e-01 1.693817307070942246e-01 -8.666172846721272860e-01 4.580661902000350283e-01 -1.022725603757135004e-01
1.305033539542411089e+09 1.314189096463053819e+00 -1.182030602800452357e+00 7.658887140290564499e-01 1.653864366888116999e-01 -8.681454123057349426e-01 4.576552682522523896e-01 -9.758342632251675031e-02
1.305033539571542025e+09 1.314189096463053819e+00 -1.182030602800452357e+00 7.658887140290564499e-01 1.653864366888116999e-01 -8.681454123057349426e-01 4.576552682522523896e-01 -9.758342632251675031e-02
1.305033539603503942e+09 1.314189096463053819e+00 -1.182030602800452357e+00 7.658887140290564499e-01 1.653864366888116999e-01 -8.681454123057349426e-01 4.576552682522523896e-01 -9.758342632251675031e-02
1.305033539642471075e+09 1.312030255621027042e+00 -1.192813817793235254e+00 7.585978074418798789e-01 1.588973015626971574e-01 -8.697866458390326461e-01 4.577448416078134241e-01 -9.323356829820642067e-02
1.305033539671545029e+09 1.312030255621027042e+00 -1.192813817793235254e+00 7.585978074418798789e-01 1.588973015626971574e-01 -8.697866458390326461e-01 4.577448416078134241e-01 -9.323356829820642067e-02
1.305033539703341961e+09 1.313135079685550322e+00 -1.206480174587388099e+00 7.562787849052645672e-01 1.559191953386976914e-01 -8.722934100207583308e-01 4.556275044209379677e-01 -8.483506689122438660e-02
1.305033539743168116e+09 1.313135079685550322e+00 -1.206480174587388099e+00 7.562787849052645672e-01 1.559191953386976914e-01 -8.722934100207583308e-01 4.556275044209379677e-01 -8.483506689122438660e-02
1.305033539771214962e+09 1.311790213693997620e+00 -1.219283825161165957e+00 7.563858570475281429e-01 1.552029309163876769e-01 -8.734971033231410109e-01 4.541576372177644760e-01 -8.158248143947552378e-02
1.305033539803392887e+09 1.311790213693997620e+00 -1.219283825161165957e+00 7.563858570475281429e-01 1.552029309163876769e-01 -8.734971033231410109e-01 4.541576372177644760e-01 -8.158248143947552378e-02
1.305033539844495058e+09 1.307283138662654665e+00 -1.229173200635357954e+00 7.540176245222953710e-01 1.522758289614321581e-01 -8.740746315297069913e-01 4.549230267485767087e-01 -7.648954284233483447e-02
1.305033539871406078e+09 1.307283138662654665e+00 -1.229173200635357954e+00 7.540176245222953710e-01 1.522758289614321581e-01 -8.740746315297069913e-01 4.549230267485767087e-01 -7.648954284233483447e-02
1.305033539903595924e+09 1.307283138662654665e+00 -1.229173200635357954e+00 7.540176245222953710e-01 1.522758289614321581e-01 -8.740746315297069913e-01 4.549230267485767087e-01 -7.648954284233483447e-02
1.305033539939496994e+09 1.307283138662654665e+00 -1.229173200635357954e+00 7.540176245222953710e-01 1.522758289614321581e-01 -8.740746315297069913e-01 4.549230267485767087e-01 -7.648954284233483447e-02
1.305033539971508026e+09 1.307283138662654665e+00 -1.229173200635357954e+00 7.540176245222953710e-01 1.522758289614321581e-01 -8.740746315297069913e-01 4.549230267485767087e-01 -7.648954284233483447e-02
1.305033540003525019e+09 1.300756257827138329e+00 -1.238089337083202235e+00 7.511154949256879654e-01 1.418928743697901451e-01 -8.746852917586364073e-01 4.576893711764463690e-01 -7.288684446659260407e-02
1.305033540039518118e+09 1.300756257827138329e+00 -1.238089337083202235e+00 7.511154949256879654e-01 1.418928743697901451e-01 -8.746852917586364073e-01 4.576893711764463690e-01 -7.288684446659260407e-02
1.305033540071556091e+09 1.300756257827138329e+00 -1.238089337083202235e+00 7.511154949256879654e-01 1.418928743697901451e-01 -8.746852917586364073e-01 4.576893711764463690e-01 -7.288684446659260407e-02
1.305033540103574991e+09 1.300756257827138329e+00 -1.238089337083202235e+00 7.511154949256879654e-01 1.418928743697901451e-01 -8.746852917586364073e-01 4.576893711764463690e-01 -7.288684446659260407e-02
1.305033540139564991e+09 1.300756257827138329e+00 -1.238089337083202235e+00 7.511154949256879654e-01 1.418928743697901451e-01 -8.746852917586364073e-01 4.576893711764463690e-01 -7.288684446659260407e-02
1.305033540171613932e+09 1.300756257827138329e+00 -1.238089337083202235e+00 7.511154949256879654e-01 1.418928743697901451e-01 -8.746852917586364073e-01 4.576893711764463690e-01 -7.288684446659260407e-02
1.305033540203599930e+09 1.300756257827138329e+00 -1.238089337083202235e+00 7.511154949256879654e-01 1.418928743697901451e-01 -8.746852917586364073e-01 4.576893711764463690e-01 -7.288684446659260407e-02
1.305033540239618063e+09 1.300756257827138329e+00 -1.238089337083202235e+00 7.511154949256879654e-01 1.418928743697901451e-01 -8.746852917586364073e-01 4.576893711764463690e-01 -7.288684446659260407e-02
1.305033540271677017e+09 1.289868857582961770e+00 -1.229922866751932187e+00 7.467304106995019675e-01 1.266078756956976192e-01 -8.781123055658844878e-01 4.561621935959540575e-01 -6.932011078552008376e-02
1.305033540303649902e+09 1.289868857582961770e+00 -1.229922866751932187e+00 7.467304106995019675e-01 1.266078756956976192e-01 -8.781123055658844878e-01 4.561621935959540575e-01 -6.932011078552008376e-02
1.305033540339663982e+09 1.289868857582961770e+00 -1.229922866751932187e+00 7.467304106995019675e-01 1.266078756956976192e-01 -8.781123055658844878e-01 4.561621935959540575e-01 -6.932011078552008376e-02
1.305033540371701956e+09 1.280805831470872347e+00 -1.218423759670881124e+00 7.436533891527612461e-01 1.200302587750487343e-01 -8.789027862739053898e-01 4.568961026736690911e-01 -6.609523901138833479e-02
1.305033540403697968e+09 1.280805831470872347e+00 -1.218423759670881124e+00 7.436533891527612461e-01 1.200302587750487343e-01 -8.789027862739053898e-01 4.568961026736690911e-01 -6.609523901138833479e-02
1.305033540439718008e+09 1.280805831470872347e+00 -1.218423759670881124e+00 7.436533891527612461e-01 1.200302587750487343e-01 -8.789027862739053898e-01 4.568961026736690911e-01 -6.609523901138833479e-02
1.305033540471744061e+09 1.271702720094921357e+00 -1.209114132534138797e+00 7.427754943308090274e-01 1.166442040369364275e-01 -8.795628066611588247e-01 4.565820394384485503e-01 -6.554570973878875995e-02
1.305033540503736019e+09 1.271702720094921357e+00 -1.209114132534138797e+00 7.427754943308090274e-01 1.166442040369364275e-01 -8.795628066611588247e-01 4.565820394384485503e-01 -6.554570973878875995e-02
1.305033540539756060e+09 1.267033995321829032e+00 -1.199273390604462142e+00 7.435965605246198651e-01 1.120370640854151667e-01 -8.801462450558391604e-01 4.569457594437716375e-01 -6.317322622426327361e-02
1.305033540571669102e+09 1.267033995321829032e+00 -1.199273390604462142e+00 7.435965605246198651e-01 1.120370640854151667e-01 -8.801462450558391604e-01 4.569457594437716375e-01 -6.317322622426327361e-02
1.305033540603777885e+09 1.260186981008472040e+00 -1.186121193835858234e+00 7.394940230305089290e-01 1.103382720478103540e-01 -8.797341171020933714e-01 4.585156284666964122e-01 -6.047121116609436436e-02
1.305033540639801979e+09 1.260186981008472040e+00 -1.186121193835858234e+00 7.394940230305089290e-01 1.103382720478103540e-01 -8.797341171020933714e-01 4.585156284666964122e-01 -6.047121116609436436e-02
1.305033540671865940e+09 1.251333138878552687e+00 -1.175840534670344661e+00 7.334236758629566477e-01 1.087013906403520302e-01 -8.809397223150717826e-01 4.569348320761833504e-01 -5.779076531599203898e-02
1.305033540703705072e+09 1.251333138878552687e+00 -1.175840534670344661e+00 7.334236758629566477e-01 1.087013906403520302e-01 -8.809397223150717826e-01 4.569348320761833504e-01 -5.779076531599203898e-02
1.305033540739866018e+09 1.247272442724128849e+00 -1.165585241232306890e+00 7.309382262141250752e-01 1.039361482914794160e-01 -8.834208045012219568e-01 4.538870757604115957e-01 -5.245456806044407339e-02
1.305033540771871090e+09 1.247272442724128849e+00 -1.165585241232306890e+00 7.309382262141250752e-01 1.039361482914794160e-01 -8.834208045012219568e-01 4.538870757604115957e-01 -5.245456806044407339e-02
1.305033540803745031e+09 1.247272442724128849e+00 -1.165585241232306890e+00 7.309382262141250752e-01 1.039361482914794160e-01 -8.834208045012219568e-01 4.538870757604115957e-01 -5.245456806044407339e-02
1.305033540839890957e+09 1.247272442724128849e+00 -1.165585241232306890e+00 7.309382262141250752e-01 1.039361482914794160e-01 -8.834208045012219568e-01 4.538870757604115957e-01 -5.245456806044407339e-02
1.305033540871947050e+09 1.239383177743162534e+00 -1.156008602450457889e+00 7.296281269496586175e-01 9.842385862039970679e-02 -8.852552671804028162e-01 4.517306957943278412e-01 -5.074676798376187570e-02
1.305033540903964996e+09 1.239383177743162534e+00 -1.156008602450457889e+00 7.296281269496586175e-01 9.842385862039970679e-02 -8.852552671804028162e-01 4.517306957943278412e-01 -5.074676798376187570e-02
1.305033540940141916e+09 1.239383177743162534e+00 -1.156008602450457889e+00 7.296281269496586175e-01 9.842385862039970679e-02 -8.852552671804028162e-01 4.517306957943278412e-01 -5.074676798376187570e-02
1.305033540972017050e+09 1.234951497673320464e+00 -1.148634916902605996e+00 7.363257200733009933e-01 9.357181850298540438e-02 -8.858455348851816957e-01 4.518356988541013530e-01 -4.864673007568531826e-02
1.305033541003911018e+09 1.234951497673320464e+00 -1.148634916902605996e+00 7.363257200733009933e-01 9.357181850298540438e-02 -8.858455348851816957e-01 4.518356988541013530e-01 -4.864673007568531826e-02
1.305033541040004015e+09 1.234951497673320464e+00 -1.148634916902605996e+00 7.363257200733009933e-01 9.357181850298540438e-02 -8.858455348851816957e-01 4.518356988541013530e-01 -4.864673007568531826e-02
1.305033541071959019e+09 1.234951497673320464e+00 -1.148634916902605996e+00 7.363257200733009933e-01 9.357181850298540438e-02 -8.858455348851816957e-01 4.518356988541013530e-01 -4.864673007568531826e-02
1.305033541103979111e+09 1.228455953790880795e+00 -1.141938611743708032e+00 7.404072215057126982e-01 8.919651615406523626e-02 -8.856819134876349198e-01 4.532974720465401397e-01 -4.618367095711761044e-02
1.305033541140007019e+09 1.228455953790880795e+00 -1.141938611743708032e+00 7.404072215057126982e-01 8.919651615406523626e-02 -8.856819134876349198e-01 4.532974720465401397e-01 -4.618367095711761044e-02
1.305033541171937943e+09 1.228455953790880795e+00 -1.141938611743708032e+00 7.404072215057126982e-01 8.919651615406523626e-02 -8.856819134876349198e-01 4.532974720465401397e-01 -4.618367095711761044e-02
1.305033541203984976e+09 1.219627392177325520e+00 -1.129664293218351601e+00 7.429409432460420959e-01 8.251462137570181321e-02 -8.845338294954805392e-01 4.570584718682643155e-01 -4.346026956579826517e-02
1.305033541239962101e+09 1.219627392177325520e+00 -1.129664293218351601e+00 7.429409432460420959e-01 8.251462137570181321e-02 -8.845338294954805392e-01 4.570584718682643155e-01 -4.346026956579826517e-02
1.305033541271980047e+09 1.213682834901381735e+00 -1.119993239643474192e+00 7.447260290471382493e-01 7.911698817362326774e-02 -8.841849229471031579e-01 4.586618737236907717e-01 -3.983478138050625117e-02
1.305033541303932905e+09 1.213682834901381735e+00 -1.119993239643474192e+00 7.447260290471382493e-01 7.911698817362326774e-02 -8.841849229471031579e-01 4.586618737236907717e-01 -3.983478138050625117e-02
1.305033541339958906e+09 1.203628191383460111e+00 -1.108658273486356372e+00 7.417017970155219686e-01 7.515459494253726169e-02 -8.836366009814329292e-01 4.605734805933787146e-01 -3.755280600838810379e-02
1.305033541371973038e+09 1.203628191383460111e+00 -1.108658273486356372e+00 7.417017970155219686e-01 7.515459494253726169e-02 -8.836366009814329292e-01 4.605734805933787146e-01 -3.755280600838810379e-02
1.305033541404068947e+09 1.203628191383460111e+00 -1.108658273486356372e+00 7.417017970155219686e-01 7.515459494253726169e-02 -8.836366009814329292e-01 4.605734805933787146e-01 -3.755280600838810379e-02
1.305033541439965963e+09 1.195453246828909410e+00 -1.095812250964817158e+00 7.394250728843541065e-01 6.890993874997662638e-02 -8.842082458555589053e-01 4.606861142042225077e-01 -3.457603913007230995e-02
1.305033541472054958e+09 1.195453246828909410e+00 -1.095812250964817158e+00 7.394250728843541065e-01 6.890993874997662638e-02 -8.842082458555589053e-01 4.606861142042225077e-01 -3.457603913007230995e-02
1.305033541504009008e+09 1.192188736468126509e+00 -1.083932828413273430e+00 7.414629196292303881e-01 6.298465701423706931e-02 -8.857864618164013049e-01 4.588891709665947061e-01 -2.891376511579678288e-02
1.305033541539971113e+09 1.192188736468126509e+00 -1.083932828413273430e+00 7.414629196292303881e-01 6.298465701423706931e-02 -8.857864618164013049e-01 4.588891709665947061e-01 -2.891376511579678288e-02
1.305033541572082043e+09 1.182899858461268439e+00 -1.073898754314463577e+00 7.390752751753869587e-01 5.830906377421014170e-02 -8.863895967466364212e-01 4.585102831384159083e-01 -2.611237479511102286e-02
1.305033541604042053e+09 1.182899858461268439e+00 -1.073898754314463577e+00 7.390752751753869587e-01 5.830906377421014170e-02 -8.863895967466364212e-01 4.585102831384159083e-01 -2.611237479511102286e-02
1.305033541639980078e+09 1.178056591450219459e+00 -1.063799215046311364e+00 7.399948671016631785e-01 5.060781458424310625e-02 -8.871578042265477748e-01 4.580928963360207939e-01 -2.325463027899276475e-02
1.305033541672022104e+09 1.178056591450219459e+00 -1.063799215046311364e+00 7.399948671016631785e-01 5.060781458424310625e-02 -8.871578042265477748e-01 4.580928963360207939e-01 -2.325463027899276475e-02
1.305033541704000950e+09 1.171655821701470535e+00 -1.054357212356608064e+00 7.407198763889297766e-01 4.228305542917619453e-02 -8.880015400760506994e-01 4.574094421602299398e-01 -2.102404025876655758e-02
1.305033541739991903e+09 1.171655821701470535e+00 -1.054357212356608064e+00 7.407198763889297766e-01 4.228305542917619453e-02 -8.880015400760506994e-01 4.574094421602299398e-01 -2.102404025876655758e-02
1.305033541772023916e+09 1.171655821701470535e+00 -1.054357212356608064e+00 7.407198763889297766e-01 4.228305542917619453e-02 -8.880015400760506994e-01 4.574094421602299398e-01 -2.102404025876655758e-02
1.305033541803997040e+09 1.164060524157788379e+00 -1.043954548094392365e+00 7.407653309884945081e-01 3.707300006698696637e-02 -8.877762428479262224e-01 4.584815891364825702e-01 -1.653988282119202985e-02
1.305033541839993000e+09 1.164060524157788379e+00 -1.043954548094392365e+00 7.407653309884945081e-01 3.707300006698696637e-02 -8.877762428479262224e-01 4.584815891364825702e-01 -1.653988282119202985e-02
1.305033541872000933e+09 1.150161738402158074e+00 -1.036532296185587176e+00 7.405811589185400390e-01 3.295310513987013967e-02 -8.888284784163589247e-01 4.567768020315666200e-01 -1.590540610974029018e-02
1.305033541903964996e+09 1.150161738402158074e+00 -1.036532296185587176e+00 7.405811589185400390e-01 3.295310513987013967e-02 -8.888284784163589247e-01 4.567768020315666200e-01 -1.590540610974029018e-02
1.305033541939960957e+09 1.138426657584648005e+00 -1.025483131057112640e+00 7.374524941795937982e-01 2.766017778965078333e-02 -8.893501534137796538e-01 4.562422983233524465e-01 -1.158379938346889952e-02
1.305033541971944094e+09 1.138426657584648005e+00 -1.025483131057112640e+00 7.374524941795937982e-01 2.766017778965078333e-02 -8.893501534137796538e-01 4.562422983233524465e-01 -1.158379938346889952e-02
1.305033542003968000e+09 1.125704973731015190e+00 -1.014973275538093578e+00 7.372268485098387725e-01 1.969343740949848140e-02 -8.909958196083209714e-01 4.535163817903442030e-01 -7.842793589616087538e-03
1.305033542039922953e+09 1.125704973731015190e+00 -1.014973275538093578e+00 7.372268485098387725e-01 1.969343740949848140e-02 -8.909958196083209714e-01 4.535163817903442030e-01 -7.842793589616087538e-03
1.305033542071937084e+09 1.115700896446563783e+00 -1.002854710008321604e+00 7.355073990941773943e-01 1.188770143182057114e-02 -8.924483143695232101e-01 4.509857727292481688e-01 -2.553728542267131273e-03
1.305033542103992939e+09 1.115700896446563783e+00 -1.002854710008321604e+00 7.355073990941773943e-01 1.188770143182057114e-02 -8.924483143695232101e-01 4.509857727292481688e-01 -2.553728542267131273e-03
1.305033542139985085e+09 1.115700896446563783e+00 -1.002854710008321604e+00 7.355073990941773943e-01 1.188770143182057114e-02 -8.924483143695232101e-01 4.509857727292481688e-01 -2.553728542267131273e-03
1.305033542172013044e+09 1.102598679950321792e+00 -9.929995613931589249e-01 7.327802599223474100e-01 5.404230574200065418e-03 -8.932391787421226637e-01 4.495488679386456243e-01 -6.157816831930998901e-04
1.305033542204179049e+09 1.102598679950321792e+00 -9.929995613931589249e-01 7.327802599223474100e-01 5.404230574200065418e-03 -8.932391787421226637e-01 4.495488679386456243e-01 -6.157816831930998901e-04
1.305033542240318060e+09 1.088325930676442788e+00 -9.838530043807323100e-01 7.291178300328021722e-01 -4.089186261042016641e-04 -8.935056962087555288e-01 4.490444458263764260e-01 2.547410557138364041e-03
1.305033542271975994e+09 1.088325930676442788e+00 -9.838530043807323100e-01 7.291178300328021722e-01 -4.089186261042016641e-04 -8.935056962087555288e-01 4.490444458263764260e-01 2.547410557138364041e-03
1.305033542304127932e+09 1.080058060934791619e+00 -9.734316170331184237e-01 7.279918752128889947e-01 9.614980542386731416e-03 8.935432115792486529e-01 -4.488313475583978751e-01 -6.205049453802301967e-03
1.305033542340007067e+09 1.080058060934791619e+00 -9.734316170331184237e-01 7.279918752128889947e-01 9.614980542386731416e-03 8.935432115792486529e-01 -4.488313475583978751e-01 -6.205049453802301967e-03
1.305033542372071028e+09 1.072643189404141495e+00 -9.632024183055072353e-01 7.284294716026339378e-01 1.748277529114618950e-02 8.931536822987024005e-01 -4.493299202048544605e-01 -8.571766042479299352e-03
1.305033542407881021e+09 1.072643189404141495e+00 -9.632024183055072353e-01 7.284294716026339378e-01 1.748277529114618950e-02 8.931536822987024005e-01 -4.493299202048544605e-01 -8.571766042479299352e-03
1.305033542439965963e+09 1.061921188156893958e+00 -9.512794979405546636e-01 7.288280902379046244e-01 2.305604937279819022e-02 8.922857261342620472e-01 -4.507962262150506660e-01 -8.795678179681186079e-03
1.305033542471999884e+09 1.061921188156893958e+00 -9.512794979405546636e-01 7.288280902379046244e-01 2.305604937279819022e-02 8.922857261342620472e-01 -4.507962262150506660e-01 -8.795678179681186079e-03
1.305033542507853985e+09 1.061921188156893958e+00 -9.512794979405546636e-01 7.288280902379046244e-01 2.305604937279819022e-02 8.922857261342620472e-01 -4.507962262150506660e-01 -8.795678179681186079e-03
1.305033542540011883e+09 1.052073190760802301e+00 -9.385844118663699831e-01 7.280042310398574523e-01 2.965035261776693271e-02 8.913208803864763885e-01 -4.522289587648396503e-01 -1.252651712119329068e-02
1.305033542571969032e+09 1.052073190760802301e+00 -9.385844118663699831e-01 7.280042310398574523e-01 2.965035261776693271e-02 8.913208803864763885e-01 -4.522289587648396503e-01 -1.252651712119329068e-02
1.305033542608015060e+09 1.040715469763761059e+00 -9.248964245728630296e-01 7.277836975529905494e-01 3.757872268401555443e-02 8.902384886964983535e-01 -4.536953205973321412e-01 -1.496091283633231399e-02
1.305033542639940977e+09 1.040715469763761059e+00 -9.248964245728630296e-01 7.277836975529905494e-01 3.757872268401555443e-02 8.902384886964983535e-01 -4.536953205973321412e-01 -1.496091283633231399e-02
1.305033542672238111e+09 1.030353659236515007e+00 -9.098522715421706319e-01 7.256729706802969027e-01 4.572399744905675245e-02 8.883207788919855741e-01 -4.566079538508387436e-01 -1.745526643065222622e-02
1.305033542707959890e+09 1.030353659236515007e+00 -9.098522715421706319e-01 7.256729706802969027e-01 4.572399744905675245e-02 8.883207788919855741e-01 -4.566079538508387436e-01 -1.745526643065222622e-02
1.305033542740019083e+09 1.020788860658915498e+00 -8.929513485336937340e-01 7.236977272467530753e-01 5.089853125190969829e-02 8.876324128292710780e-01 -4.572239697235266354e-01 -2.154717432854201878e-02
1.305033542771950006e+09 1.020788860658915498e+00 -8.929513485336937340e-01 7.236977272467530753e-01 5.089853125190969829e-02 8.876324128292710780e-01 -4.572239697235266354e-01 -2.154717432854201878e-02
1.305033542808027983e+09 1.016305673567907908e+00 -8.746561105471453157e-01 7.234260726364678540e-01 5.613453303610722867e-02 8.875053484536660209e-01 -4.566236898303127067e-01 -2.603798288472556136e-02
1.305033542839939117e+09 1.010740970469765410e+00 -8.661657020069903901e-01 7.236370184451820231e-01 5.767657310693381084e-02 8.875201098619653894e-01 -4.563212909955125518e-01 -2.742894255041639778e-02
1.305033542871963978e+09 1.010740970469765410e+00 -8.661657020069903901e-01 7.236370184451820231e-01 5.767657310693381084e-02 8.875201098619653894e-01 -4.563212909955125518e-01 -2.742894255041639778e-02
1.305033542908103943e+09 1.010740970469765410e+00 -8.661657020069903901e-01 7.236370184451820231e-01 5.767657310693381084e-02 8.875201098619653894e-01 -4.563212909955125518e-01 -2.742894255041639778e-02
1.305033542939843893e+09 1.003461813933888891e+00 -8.495184529876431689e-01 7.220456634466435597e-01 6.348778054128109694e-02 8.871189587125638543e-01 -4.562665602063428194e-01 -2.846191933356460174e-02
1.305033542971973896e+09 1.003461813933888891e+00 -8.495184529876431689e-01 7.220456634466435597e-01 6.348778054128109694e-02 8.871189587125638543e-01 -4.562665602063428194e-01 -2.846191933356460174e-02
1.305033543007967949e+09 9.997836437724390013e-01 -8.342907509008361533e-01 7.196934343833172321e-01 6.710146534205482793e-02 8.869006282705390598e-01 -4.557828426148561873e-01 -3.415654110405701854e-02
1.305033543039967060e+09 9.997836437724390013e-01 -8.342907509008361533e-01 7.196934343833172321e-01 6.710146534205482793e-02 8.869006282705390598e-01 -4.557828426148561873e-01 -3.415654110405701854e-02
1.305033543072134972e+09 9.925096761587700600e-01 -8.217403433305379146e-01 7.195173172218571889e-01 7.149720716238908147e-02 8.873702884495141552e-01 -4.540409598513951983e-01 -3.617910062769105761e-02
1.305033543107924938e+09 9.925096761587700600e-01 -8.217403433305379146e-01 7.195173172218571889e-01 7.149720716238908147e-02 8.873702884495141552e-01 -4.540409598513951983e-01 -3.617910062769105761e-02
1.305033543139950991e+09 9.901548875666693617e-01 -8.094853070324614652e-01 7.173269464158114062e-01 7.747683205002636742e-02 8.860266689622022795e-01 -4.554246564867912572e-01 -3.927422369855820827e-02
1.305033543172106028e+09 9.823942200303661387e-01 -8.033616553500031454e-01 7.150370062446429476e-01 7.978559416489036660e-02 8.857619326260165460e-01 -4.555997628286788115e-01 -3.858644561022621378e-02
1.305033543207931042e+09 9.823942200303661387e-01 -8.033616553500031454e-01 7.150370062446429476e-01 7.978559416489036660e-02 8.857619326260165460e-01 -4.555997628286788115e-01 -3.858644561022621378e-02
1.305033543240032911e+09 9.769551134939848946e-01 -7.912416924096974391e-01 7.147364743525569386e-01 8.798866968196672467e-02 8.850134721521940584e-01 -4.550839971797627226e-01 -4.367726671399090044e-02
1.305033543272003889e+09 9.769551134939848946e-01 -7.912416924096974391e-01 7.147364743525569386e-01 8.798866968196672467e-02 8.850134721521940584e-01 -4.550839971797627226e-01 -4.367726671399090044e-02
1.305033543308000088e+09 9.769551134939848946e-01 -7.912416924096974391e-01 7.147364743525569386e-01 8.798866968196672467e-02 8.850134721521940584e-01 -4.550839971797627226e-01 -4.367726671399090044e-02
1.305033543339972019e+09 9.745838413234576558e-01 -7.800210896082757639e-01 7.152554032794405936e-01 9.921527713933438186e-02 8.840648084570037479e-01 -4.542389166765504194e-01 -4.746314155805850254e-02
1.305033543371989965e+09 9.745838413234576558e-01 -7.800210896082757639e-01 7.152554032794405936e-01 9.921527713933438186e-02 8.840648084570037479e-01 -4.542389166765504194e-01 -4.746314155805850254e-02
1.305033543407963991e+09 9.663683546893755416e-01 -7.688008078605754747e-01 7.139725187647297799e-01 1.079018107294923423e-01 8.831130932627778707e-01 -4.536943503002784372e-01 -5.128255312241502412e-02
1.305033543440047979e+09 9.663683546893755416e-01 -7.688008078605754747e-01 7.139725187647297799e-01 1.079018107294923423e-01 8.831130932627778707e-01 -4.536943503002784372e-01 -5.128255312241502412e-02
1.305033543471987963e+09 9.636939614282112876e-01 -7.589464006980297661e-01 7.151796796166970394e-01 1.212040962337780220e-01 8.817192073947421882e-01 -4.522513459840358241e-01 -5.787509328691019944e-02
1.305033543507966042e+09 9.636939614282112876e-01 -7.589464006980297661e-01 7.151796796166970394e-01 1.212040962337780220e-01 8.817192073947421882e-01 -4.522513459840358241e-01 -5.787509328691019944e-02
1.305033543539942980e+09 9.600232540193602837e-01 -7.479240998630664050e-01 7.157551540641654553e-01 1.353975343637141837e-01 8.796427685824178555e-01 -4.517463855675154516e-01 -6.181674931255725508e-02
1.305033543572019100e+09 9.600232540193602837e-01 -7.479240998630664050e-01 7.157551540641654553e-01 1.353975343637141837e-01 8.796427685824178555e-01 -4.517463855675154516e-01 -6.181674931255725508e-02
1.305033543608011961e+09 9.613393272176833371e-01 -7.379690942989920455e-01 7.158828903093241713e-01 1.474487273462578851e-01 8.771453554969909083e-01 -4.518093309698454907e-01 -6.887108669541187889e-02
1.305033543640626907e+09 9.613393272176833371e-01 -7.379690942989920455e-01 7.158828903093241713e-01 1.474487273462578851e-01 8.771453554969909083e-01 -4.518093309698454907e-01 -6.887108669541187889e-02
1.305033543672030926e+09 9.613393272176833371e-01 -7.379690942989920455e-01 7.158828903093241713e-01 1.474487273462578851e-01 8.771453554969909083e-01 -4.518093309698454907e-01 -6.887108669541187889e-02
1.305033543707860947e+09 9.621515211385298638e-01 -7.220443993760696788e-01 7.093183297956661137e-01 1.576978736199360909e-01 8.750944572232484120e-01 -4.508359167613232854e-01 -7.802594280670950566e-02
1.305033543739958048e+09 9.621515211385298638e-01 -7.220443993760696788e-01 7.093183297956661137e-01 1.576978736199360909e-01 8.750944572232484120e-01 -4.508359167613232854e-01 -7.802594280670950566e-02
1.305033543771927118e+09 9.629894172415298659e-01 -7.065601810268615779e-01 7.059798360510820547e-01 1.706546572374956494e-01 8.746546030298005814e-01 -4.453917375633755782e-01 -8.650152294735674596e-02
1.305033543807900906e+09 9.629894172415298659e-01 -7.065601810268615779e-01 7.059798360510820547e-01 1.706546572374956494e-01 8.746546030298005814e-01 -4.453917375633755782e-01 -8.650152294735674596e-02
1.305033543840065956e+09 9.681163004061842381e-01 -6.932409389356521956e-01 7.054317886226628698e-01 1.849570660405801537e-01 8.728199390453786899e-01 -4.418701080332334552e-01 -9.341865634433180188e-02
1.305033543872061968e+09 9.681163004061842381e-01 -6.932409389356521956e-01 7.054317886226628698e-01 1.849570660405801537e-01 8.728199390453786899e-01 -4.418701080332334552e-01 -9.341865634433180188e-02
1.305033543907963037e+09 9.694008088769499043e-01 -6.746723814313253520e-01 7.033095474301326311e-01 1.929193379425209187e-01 8.722175419269392327e-01 -4.385294600207781945e-01 -9.854238325021369427e-02
1.305033543939939976e+09 9.694008088769499043e-01 -6.746723814313253520e-01 7.033095474301326311e-01 1.929193379425209187e-01 8.722175419269392327e-01 -4.385294600207781945e-01 -9.854238325021369427e-02
1.305033543971940994e+09 9.738507314444756480e-01 -6.605432297083616566e-01 7.003928318878467341e-01 2.034048864355155750e-01 8.708758815849412249e-01 -4.347360458454423982e-01 -1.058594421413418807e-01
1.305033544007958889e+09 9.738507314444756480e-01 -6.605432297083616566e-01 7.003928318878467341e-01 2.034048864355155750e-01 8.708758815849412249e-01 -4.347360458454423982e-01 -1.058594421413418807e-01
1.305033544039988995e+09 9.738507314444756480e-01 -6.605432297083616566e-01 7.003928318878467341e-01 2.034048864355155750e-01 8.708758815849412249e-01 -4.347360458454423982e-01 -1.058594421413418807e-01
1.305033544072098017e+09 9.756471563883730713e-01 -6.451676203000055176e-01 6.958995964294747427e-01 2.115231941511488134e-01 8.689640315601976361e-01 -4.334008255730609216e-01 -1.110097949882473539e-01
1.305033544107969999e+09 9.756471563883730713e-01 -6.451676203000055176e-01 6.958995964294747427e-01 2.115231941511488134e-01 8.689640315601976361e-01 -4.334008255730609216e-01 -1.110097949882473539e-01
1.305033544139946938e+09 9.784628863317827996e-01 -6.314619775131709023e-01 6.930362141238139984e-01 2.192005431664464932e-01 8.675167487997058613e-01 -4.311849973301418171e-01 -1.159539154359545549e-01
1.305033544172048092e+09 9.784628863317827996e-01 -6.314619775131709023e-01 6.930362141238139984e-01 2.192005431664464932e-01 8.675167487997058613e-01 -4.311849973301418171e-01 -1.159539154359545549e-01
1.305033544208165884e+09 9.821725996959957961e-01 -6.182152899707856752e-01 6.899527766064880163e-01 2.281232200071490190e-01 8.656325673261329179e-01 -4.291547548549758395e-01 -1.202757301507819676e-01
1.305033544239968061e+09 9.821725996959957961e-01 -6.182152899707856752e-01 6.899527766064880163e-01 2.281232200071490190e-01 8.656325673261329179e-01 -4.291547548549758395e-01 -1.202757301507819676e-01
1.305033544272203922e+09 9.837292314601389087e-01 -6.035402226907744527e-01 6.863299793028466711e-01 2.365200715414038646e-01 8.640173809069541244e-01 -4.270797629916697202e-01 -1.230247832418968346e-01
1.305033544307976961e+09 9.837292314601389087e-01 -6.035402226907744527e-01 6.863299793028466711e-01 2.365200715414038646e-01 8.640173809069541244e-01 -4.270797629916697202e-01 -1.230247832418968346e-01
1.305033544339998960e+09 9.859818413825652827e-01 -5.902359242635006886e-01 6.837566075107438524e-01 2.460980049964133221e-01 8.628828221145693478e-01 -4.232809690645882861e-01 -1.253085330858400015e-01
1.305033544372061968e+09 9.859818413825652827e-01 -5.902359242635006886e-01 6.837566075107438524e-01 2.460980049964133221e-01 8.628828221145693478e-01 -4.232809690645882861e-01 -1.253085330858400015e-01
1.305033544407927036e+09 9.859818413825652827e-01 -5.902359242635006886e-01 6.837566075107438524e-01 2.460980049964133221e-01 8.628828221145693478e-01 -4.232809690645882861e-01 -1.253085330858400015e-01
1.305033544439901114e+09 9.881710119329163433e-01 -5.801330375138715745e-01 6.825513462909617024e-01 2.568030913683854721e-01 8.612021532337660323e-01 -4.191995952633759681e-01 -1.290531784195466103e-01
1.305033544472184896e+09 9.881710119329163433e-01 -5.801330375138715745e-01 6.825513462909617024e-01 2.568030913683854721e-01 8.612021532337660323e-01 -4.191995952633759681e-01 -1.290531784195466103e-01
1.305033544507909060e+09 9.893199381945677606e-01 -5.693049561967931105e-01 6.799737898462535624e-01 2.670447224705567724e-01 8.586055926039508623e-01 -4.173085830960621134e-01 -1.316704181819080555e-01
1.305033544539983034e+09 9.893199381945677606e-01 -5.693049561967931105e-01 6.799737898462535624e-01 2.670447224705567724e-01 8.586055926039508623e-01 -4.173085830960621134e-01 -1.316704181819080555e-01
1.305033544572058916e+09 9.901962710509119026e-01 -5.583695920379637689e-01 6.790929601554002160e-01 2.761869524414949373e-01 8.557412856786059674e-01 -4.168794535204661811e-01 -1.328124260703170689e-01
1.305033544607959986e+09 9.901962710509119026e-01 -5.583695920379637689e-01 6.790929601554002160e-01 2.761869524414949373e-01 8.557412856786059674e-01 -4.168794535204661811e-01 -1.328124260703170689e-01
1.305033544640039921e+09 9.911070868048237337e-01 -5.480202062017445197e-01 6.790966818429405860e-01 2.850356730057426735e-01 8.529704964850353122e-01 -4.154107910511665724e-01 -1.364912888007132619e-01
1.305033544672142029e+09 9.911070868048237337e-01 -5.480202062017445197e-01 6.790966818429405860e-01 2.850356730057426735e-01 8.529704964850353122e-01 -4.154107910511665724e-01 -1.364912888007132619e-01
1.305033544708156109e+09 9.901327924826498483e-01 -5.371934391789692231e-01 6.780448678014053820e-01 2.941785536876680984e-01 8.500521965369954858e-01 -4.141758748688057490e-01 -1.390272864926885565e-01
1.305033544739928007e+09 9.901327924826498483e-01 -5.371934391789692231e-01 6.780448678014053820e-01 2.941785536876680984e-01 8.500521965369954858e-01 -4.141758748688057490e-01 -1.390272864926885565e-01
1.305033544772173882e+09 9.901327924826498483e-01 -5.371934391789692231e-01 6.780448678014053820e-01 2.941785536876680984e-01 8.500521965369954858e-01 -4.141758748688057490e-01 -1.390272864926885565e-01
1.305033544807982922e+09 9.866686032755537239e-01 -5.275324949553987786e-01 6.797691559347147638e-01 3.043467913454110385e-01 8.471634390718786323e-01 -4.114951480554978058e-01 -1.426845514568559348e-01
1.305033544840009928e+09 9.866686032755537239e-01 -5.275324949553987786e-01 6.797691559347147638e-01 3.043467913454110385e-01 8.471634390718786323e-01 -4.114951480554978058e-01 -1.426845514568559348e-01
1.305033544872116089e+09 9.835942748730681640e-01 -5.176491360174518830e-01 6.802840538831927963e-01 3.144184253853040678e-01 8.431490555878109472e-01 -4.101684303227834949e-01 -1.483326754499911249e-01
1.305033544907777071e+09 9.835942748730681640e-01 -5.176491360174518830e-01 6.802840538831927963e-01 3.144184253853040678e-01 8.431490555878109472e-01 -4.101684303227834949e-01 -1.483326754499911249e-01
1.305033544939847946e+09 9.791925236129651600e-01 -5.081065382111082940e-01 6.835004359982047584e-01 3.259047345673571905e-01 8.394399939217803697e-01 -4.074713838180654135e-01 -1.519660223884691241e-01
1.305033544971988916e+09 9.791925236129651600e-01 -5.081065382111082940e-01 6.835004359982047584e-01 3.259047345673571905e-01 8.394399939217803697e-01 -4.074713838180654135e-01 -1.519660223884691241e-01
1.305033545007915020e+09 9.791925236129651600e-01 -5.081065382111082940e-01 6.835004359982047584e-01 3.259047345673571905e-01 8.394399939217803697e-01 -4.074713838180654135e-01 -1.519660223884691241e-01
1.305033545040093899e+09 9.791925236129651600e-01 -5.081065382111082940e-01 6.835004359982047584e-01 3.259047345673571905e-01 8.394399939217803697e-01 -4.074713838180654135e-01 -1.519660223884691241e-01
1.305033545071928024e+09 9.791925236129651600e-01 -5.081065382111082940e-01 6.835004359982047584e-01 3.259047345673571905e-01 8.394399939217803697e-01 -4.074713838180654135e-01 -1.519660223884691241e-01
1.305033545108140945e+09 9.791925236129651600e-01 -5.081065382111082940e-01 6.835004359982047584e-01 3.259047345673571905e-01 8.394399939217803697e-01 -4.074713838180654135e-01 -1.519660223884691241e-01
1.305033545139997005e+09 9.731583067251916574e-01 -4.986667356885949864e-01 6.871225922268607844e-01 3.342049990167970108e-01 8.365880955064012303e-01 -4.041878201048484387e-01 -1.583021893975122552e-01
1.305033545171999931e+09 9.731583067251916574e-01 -4.986667356885949864e-01 6.871225922268607844e-01 3.342049990167970108e-01 8.365880955064012303e-01 -4.041878201048484387e-01 -1.583021893975122552e-01
1.305033545207995892e+09 9.731583067251916574e-01 -4.986667356885949864e-01 6.871225922268607844e-01 3.342049990167970108e-01 8.365880955064012303e-01 -4.041878201048484387e-01 -1.583021893975122552e-01
1.305033545240042925e+09 9.731583067251916574e-01 -4.986667356885949864e-01 6.871225922268607844e-01 3.342049990167970108e-01 8.365880955064012303e-01 -4.041878201048484387e-01 -1.583021893975122552e-01
1.305033545272058964e+09 9.636606737728660166e-01 -4.886454545847286335e-01 6.892787935170163749e-01 3.451597838644214766e-01 8.321827997490957030e-01 -4.015891212280390254e-01 -1.645074135585192776e-01
1.305033545308058023e+09 9.636606737728660166e-01 -4.886454545847286335e-01 6.892787935170163749e-01 3.451597838644214766e-01 8.321827997490957030e-01 -4.015891212280390254e-01 -1.645074135585192776e-01
1.305033545339931011e+09 9.636606737728660166e-01 -4.886454545847286335e-01 6.892787935170163749e-01 3.451597838644214766e-01 8.321827997490957030e-01 -4.015891212280390254e-01 -1.645074135585192776e-01
1.305033545372092962e+09 9.636606737728660166e-01 -4.886454545847286335e-01 6.892787935170163749e-01 3.451597838644214766e-01 8.321827997490957030e-01 -4.015891212280390254e-01 -1.645074135585192776e-01
1.305033545408030987e+09 9.636606737728660166e-01 -4.886454545847286335e-01 6.892787935170163749e-01 3.451597838644214766e-01 8.321827997490957030e-01 -4.015891212280390254e-01 -1.645074135585192776e-01
1.305033545440032005e+09 9.534641414541519255e-01 -4.856719273937737391e-01 6.890822340924399603e-01 3.586956798910525546e-01 8.262849470113423633e-01 -4.000773114553410892e-01 -1.689045305153915044e-01
1.305033545472172022e+09 9.534641414541519255e-01 -4.856719273937737391e-01 6.890822340924399603e-01 3.586956798910525546e-01 8.262849470113423633e-01 -4.000773114553410892e-01 -1.689045305153915044e-01
1.305033545508019924e+09 9.534641414541519255e-01 -4.856719273937737391e-01 6.890822340924399603e-01 3.586956798910525546e-01 8.262849470113423633e-01 -4.000773114553410892e-01 -1.689045305153915044e-01
1.305033545540000916e+09 9.423372514441166192e-01 -4.874261076910315627e-01 6.932568469018010049e-01 3.671888815471743284e-01 8.220602508880532344e-01 -3.997967549885446115e-01 -1.719064393169600358e-01
1.305033545572073936e+09 9.423372514441166192e-01 -4.874261076910315627e-01 6.932568469018010049e-01 3.671888815471743284e-01 8.220602508880532344e-01 -3.997967549885446115e-01 -1.719064393169600358e-01
1.305033545608000994e+09 9.423372514441166192e-01 -4.874261076910315627e-01 6.932568469018010049e-01 3.671888815471743284e-01 8.220602508880532344e-01 -3.997967549885446115e-01 -1.719064393169600358e-01
1.305033545640202999e+09 9.316148669988930653e-01 -4.892732206815684215e-01 6.966485030905951170e-01 3.746067429342037070e-01 8.187555970650597370e-01 -3.997903571664510047e-01 -1.716878875738942212e-01
1.305033545672133923e+09 9.316148669988930653e-01 -4.892732206815684215e-01 6.966485030905951170e-01 3.746067429342037070e-01 8.187555970650597370e-01 -3.997903571664510047e-01 -1.716878875738942212e-01
1.305033545708266020e+09 9.207222911825876377e-01 -4.970450714892475919e-01 7.008087482640654731e-01 3.782562282008398169e-01 8.163582039653002331e-01 -4.003784518141594306e-01 -1.737199009000413019e-01
1.305033545740135908e+09 9.207222911825876377e-01 -4.970450714892475919e-01 7.008087482640654731e-01 3.782562282008398169e-01 8.163582039653002331e-01 -4.003784518141594306e-01 -1.737199009000413019e-01
1.305033545771903038e+09 9.086788768214838496e-01 -5.027906255955084669e-01 7.034066764030371122e-01 3.803058945393016366e-01 8.137660852052903682e-01 -4.034727266290373260e-01 -1.742467905438944142e-01
1.305033545808008909e+09 9.086788768214838496e-01 -5.027906255955084669e-01 7.034066764030371122e-01 3.803058945393016366e-01 8.137660852052903682e-01 -4.034727266290373260e-01 -1.742467905438944142e-01
1.305033545840003014e+09 8.959689827059864609e-01 -5.101414137555939643e-01 7.051279480918374309e-01 3.846176331103454693e-01 8.101771163107174267e-01 -4.061583934981596866e-01 -1.752645882602647531e-01
1.305033545872067928e+09 8.959689827059864609e-01 -5.101414137555939643e-01 7.051279480918374309e-01 3.846176331103454693e-01 8.101771163107174267e-01 -4.061583934981596866e-01 -1.752645882602647531e-01
1.305033545907982111e+09 8.840526855483242796e-01 -5.166101352250992429e-01 7.059544535558379685e-01 3.872433825952976694e-01 8.066871584199774015e-01 -4.095892658765393213e-01 -1.775810360234774954e-01
1.305033545939975977e+09 8.840526855483242796e-01 -5.166101352250992429e-01 7.059544535558379685e-01 3.872433825952976694e-01 8.066871584199774015e-01 -4.095892658765393213e-01 -1.775810360234774954e-01
1.305033545972035885e+09 8.840526855483242796e-01 -5.166101352250992429e-01 7.059544535558379685e-01 3.872433825952976694e-01 8.066871584199774015e-01 -4.095892658765393213e-01 -1.775810360234774954e-01
1.305033546008052111e+09 8.697930359781194110e-01 -5.220729434502967559e-01 7.040818993577586671e-01 3.893870696039898327e-01 8.048023523729190831e-01 -4.119950729955692559e-01 -1.758719519070871540e-01
1.305033546039978981e+09 8.697930359781194110e-01 -5.220729434502967559e-01 7.040818993577586671e-01 3.893870696039898327e-01 8.048023523729190831e-01 -4.119950729955692559e-01 -1.758719519070871540e-01
1.305033546071991920e+09 8.578659667553932833e-01 -5.285325220283974001e-01 7.004097393400597893e-01 3.901203603957763000e-01 8.046281191768064334e-01 -4.113467556263557534e-01 -1.765603037784425344e-01
1.305033546107950926e+09 8.462012430919607642e-01 -5.294660102853138151e-01 7.001470266621249161e-01 3.899817352891805089e-01 8.056783687401500860e-01 -4.103412780226549095e-01 -1.744036921506668669e-01
1.305033546139986992e+09 8.462012430919607642e-01 -5.294660102853138151e-01 7.001470266621249161e-01 3.899817352891805089e-01 8.056783687401500860e-01 -4.103412780226549095e-01 -1.744036921506668669e-01
1.305033546172246933e+09 8.299652323292595613e-01 -5.355218455082014772e-01 7.015169471634497000e-01 3.943276137717210972e-01 8.042327302159806290e-01 -4.087888395102140526e-01 -1.749489450049435402e-01
1.305033546208142042e+09 8.299652323292595613e-01 -5.355218455082014772e-01 7.015169471634497000e-01 3.943276137717210972e-01 8.042327302159806290e-01 -4.087888395102140526e-01 -1.749489450049435402e-01
1.305033546240499020e+09 8.108606510398310707e-01 -5.403613085410545747e-01 7.019444304181970962e-01 4.011221432403980769e-01 8.015834267200334651e-01 -4.080844249640394050e-01 -1.732978312379224173e-01
1.305033546271986961e+09 7.998186810154594983e-01 -5.409144749126725271e-01 7.019624363499022968e-01 4.029473809308411481e-01 8.007808208114390869e-01 -4.071582211485677560e-01 -1.749447574883781220e-01
1.305033546308217049e+09 7.901568973901528237e-01 -5.453352773266895159e-01 7.024024616607850158e-01 4.040478372276863350e-01 8.000842716925609110e-01 -4.060927906049795477e-01 -1.780425478375149140e-01
1.305033546339927912e+09 7.901568973901528237e-01 -5.453352773266895159e-01 7.024024616607850158e-01 4.040478372276863350e-01 8.000842716925609110e-01 -4.060927906049795477e-01 -1.780425478375149140e-01
1.305033546372019053e+09 7.699284950879398126e-01 -5.491584298573329859e-01 7.005187431367686512e-01 4.058636200105449343e-01 7.987403535749308947e-01 -4.048183963353621517e-01 -1.827857639735548934e-01
1.305033546407778025e+09 7.591786473909436506e-01 -5.526071854828035201e-01 7.017290020291454544e-01 4.051403947323837795e-01 7.990280490736600960e-01 -4.034923989108421538e-01 -1.860358066900092977e-01
1.305033546439943075e+09 7.493927918065400595e-01 -5.539421092552556658e-01 6.988847320185477274e-01 4.056757892466891779e-01 7.975927832210286672e-01 -4.042972438498750876e-01 -1.892528593924110991e-01
1.305033546472094059e+09 7.493927918065400595e-01 -5.539421092552556658e-01 6.988847320185477274e-01 4.056757892466891779e-01 7.975927832210286672e-01 -4.042972438498750876e-01 -1.892528593924110991e-01
1.305033546507882118e+09 7.391841048119098811e-01 -5.577465497501112868e-01 6.996516077636026898e-01 4.095295442784574469e-01 7.965510322562717738e-01 -4.028924389939255168e-01 -1.883339798763700723e-01
1.305033546539973974e+09 7.283425502690465958e-01 -5.624732654503586948e-01 7.011349776951325552e-01 4.119492098943395852e-01 7.959759159381623039e-01 -4.013165296514173974e-01 -1.888524099459046035e-01
1.305033546572101116e+09 7.190491171547688243e-01 -5.665595242336738391e-01 7.018872660682637932e-01 4.129509202648137256e-01 7.956145316739854367e-01 -3.997518599068304312e-01 -1.914876104155519565e-01
1.305033546607955933e+09 7.109847935209329117e-01 -5.715935426599363378e-01 7.057699851408474334e-01 4.125547819960518336e-01 7.957821683298790250e-01 -3.989220516899129043e-01 -1.933662046374617360e-01
1.305033546640064001e+09 7.109847935209329117e-01 -5.715935426599363378e-01 7.057699851408474334e-01 4.125547819960518336e-01 7.957821683298790250e-01 -3.989220516899129043e-01 -1.933662046374617360e-01
1.305033546672139883e+09 6.959275199450788429e-01 -5.794683116320690219e-01 7.045957482596567623e-01 4.117435332254009150e-01 7.946097502895521636e-01 -4.018828322429148781e-01 -1.937854399593836874e-01
1.305033546707998037e+09 6.959275199450788429e-01 -5.794683116320690219e-01 7.045957482596567623e-01 4.117435332254009150e-01 7.946097502895521636e-01 -4.018828322429148781e-01 -1.937854399593836874e-01
1.305033546739974976e+09 6.772159332186816760e-01 -5.826759933559316762e-01 7.025000501845415357e-01 4.154726936863740172e-01 7.921042509051872127e-01 -4.037736443831249078e-01 -1.921461438605794048e-01
1.305033546771996975e+09 6.772159332186816760e-01 -5.826759933559316762e-01 7.025000501845415357e-01 4.154726936863740172e-01 7.921042509051872127e-01 -4.037736443831249078e-01 -1.921461438605794048e-01
1.305033546807960033e+09 6.603083043253222817e-01 -5.890029078635922177e-01 7.037800232563470315e-01 4.208369800057329968e-01 7.898224548393113498e-01 -4.013427401622854940e-01 -1.949377618889846508e-01
1.305033546839977980e+09 6.603083043253222817e-01 -5.890029078635922177e-01 7.037800232563470315e-01 4.208369800057329968e-01 7.898224548393113498e-01 -4.013427401622854940e-01 -1.949377618889846508e-01
1.305033546871990919e+09 6.460616061348695149e-01 -5.968438164366016707e-01 7.059603189509924270e-01 4.234712647318424339e-01 7.888106626643923702e-01 -3.982088085003622768e-01 -1.996987011627716080e-01
1.305033546907958984e+09 6.460616061348695149e-01 -5.968438164366016707e-01 7.059603189509924270e-01 4.234712647318424339e-01 7.888106626643923702e-01 -3.982088085003622768e-01 -1.996987011627716080e-01
1.305033546940042019e+09 6.342748851622893591e-01 -6.076026266903494788e-01 7.115549481707107438e-01 4.259263865864362231e-01 7.875886609848158360e-01 -3.972799893676369209e-01 -2.011452816886764583e-01
1.305033546972132921e+09 6.342748851622893591e-01 -6.076026266903494788e-01 7.115549481707107438e-01 4.259263865864362231e-01 7.875886609848158360e-01 -3.972799893676369209e-01 -2.011452816886764583e-01
1.305033547007986069e+09 6.342748851622893591e-01 -6.076026266903494788e-01 7.115549481707107438e-01 4.259263865864362231e-01 7.875886609848158360e-01 -3.972799893676369209e-01 -2.011452816886764583e-01
1.305033547039973021e+09 6.191310607210325223e-01 -6.149229610819711977e-01 7.120058647113111094e-01 4.272804267689642166e-01 7.857921885722176647e-01 -3.992079998769856308e-01 -2.014821235574826008e-01
1.305033547072051048e+09 6.191310607210325223e-01 -6.149229610819711977e-01 7.120058647113111094e-01 4.272804267689642166e-01 7.857921885722176647e-01 -3.992079998769856308e-01 -2.014821235574826008e-01
1.305033547107973099e+09 6.051642015844764799e-01 -6.214302287705967265e-01 7.134886887821515478e-01 4.280872106360029128e-01 7.852309192248760894e-01 -3.975662759639902455e-01 -2.051701727816859222e-01
1.305033547139964104e+09 6.051642015844764799e-01 -6.214302287705967265e-01 7.134886887821515478e-01 4.280872106360029128e-01 7.852309192248760894e-01 -3.975662759639902455e-01 -2.051701727816859222e-01
1.305033547171989918e+09 5.882975693432408448e-01 -6.267696490277278043e-01 7.155299892230472247e-01 4.286261719819540739e-01 7.855522523187905559e-01 -3.956128189449652499e-01 -2.065859652914239231e-01
1.305033547208019018e+09 5.882975693432408448e-01 -6.267696490277278043e-01 7.155299892230472247e-01 4.286261719819540739e-01 7.855522523187905559e-01 -3.956128189449652499e-01 -2.065859652914239231e-01
1.305033547240019083e+09 5.762270882454957333e-01 -6.365293582938665873e-01 7.166902328636126640e-01 4.332022358208138524e-01 7.832735077652800415e-01 -3.933795413727961821e-01 -2.099308727706581112e-01
1.305033547272007942e+09 5.762270882454957333e-01 -6.365293582938665873e-01 7.166902328636126640e-01 4.332022358208138524e-01 7.832735077652800415e-01 -3.933795413727961821e-01 -2.099308727706581112e-01
1.305033547307975054e+09 5.603052014773581835e-01 -6.431605149858912185e-01 7.170511307616621588e-01 4.366563192360645718e-01 7.816750297425772986e-01 -3.917451946053924772e-01 -2.117808047291736551e-01
1.305033547340020895e+09 5.603052014773581835e-01 -6.431605149858912185e-01 7.170511307616621588e-01 4.366563192360645718e-01 7.816750297425772986e-01 -3.917451946053924772e-01 -2.117808047291736551e-01
1.305033547372226954e+09 5.509172670924021853e-01 -6.480841951892675201e-01 7.172670550166884151e-01 4.395530307032444739e-01 7.805550953969977446e-01 -3.902024025771086424e-01 -2.127650377116231672e-01
1.305033547407923937e+09 5.509172670924021853e-01 -6.480841951892675201e-01 7.172670550166884151e-01 4.395530307032444739e-01 7.805550953969977446e-01 -3.902024025771086424e-01 -2.127650377116231672e-01
1.305033547440119028e+09 5.369466949134096279e-01 -6.599672448053209850e-01 7.205007053066673217e-01 4.477393600536017093e-01 7.767599816281121061e-01 -3.862396939273400331e-01 -2.167770634426090526e-01
1.305033547472121000e+09 5.369466949134096279e-01 -6.599672448053209850e-01 7.205007053066673217e-01 4.477393600536017093e-01 7.767599816281121061e-01 -3.862396939273400331e-01 -2.167770634426090526e-01
1.305033547508002043e+09 5.202136719001888565e-01 -6.691502648846808787e-01 7.223256734566845250e-01 4.504786279530593740e-01 7.759063076779563195e-01 -3.845279303327404641e-01 -2.172019296809052646e-01
1.305033547540002108e+09 5.102184506042335421e-01 -6.724525432941788061e-01 7.232790288138140067e-01 4.505550785235430955e-01 7.757238580339115286e-01 -3.838227564874047149e-01 -2.189353989103590692e-01
1.305033547571944952e+09 5.102184506042335421e-01 -6.724525432941788061e-01 7.232790288138140067e-01 4.505550785235430955e-01 7.757238580339115286e-01 -3.838227564874047149e-01 -2.189353989103590692e-01
1.305033547607867002e+09 4.971816604458724198e-01 -6.827762016619365326e-01 7.260683021500906609e-01 4.545574176549083134e-01 7.730450993768566148e-01 -3.820668822327966119e-01 -2.231674839335639204e-01
1.305033547639866114e+09 4.971816604458724198e-01 -6.827762016619365326e-01 7.260683021500906609e-01 4.545574176549083134e-01 7.730450993768566148e-01 -3.820668822327966119e-01 -2.231674839335639204e-01
1.305033547672080994e+09 4.815442375873781877e-01 -6.899439929413143657e-01 7.291405927813480181e-01 4.575414460443468778e-01 7.721152186105130211e-01 -3.798090195179295581e-01 -2.241406322702705067e-01
1.305033547707937002e+09 4.815442375873781877e-01 -6.899439929413143657e-01 7.291405927813480181e-01 4.575414460443468778e-01 7.721152186105130211e-01 -3.798090195179295581e-01 -2.241406322702705067e-01
1.305033547739860058e+09 4.673501343246264650e-01 -6.999253817028781022e-01 7.301282172373660950e-01 4.558936288592174146e-01 7.724398415130724338e-01 -3.785161679969409332e-01 -2.285239614870731295e-01
1.305033547771903038e+09 4.673501343246264650e-01 -6.999253817028781022e-01 7.301282172373660950e-01 4.558936288592174146e-01 7.724398415130724338e-01 -3.785161679969409332e-01 -2.285239614870731295e-01
1.305033547807956934e+09 4.673501343246264650e-01 -6.999253817028781022e-01 7.301282172373660950e-01 4.558936288592174146e-01 7.724398415130724338e-01 -3.785161679969409332e-01 -2.285239614870731295e-01
1.305033547839912891e+09 4.508804509335628818e-01 -7.084450387565857099e-01 7.316838191987160567e-01 4.595375878183552421e-01 7.702927542272209882e-01 -3.792316096265478942e-01 -2.272832251337242593e-01
1.305033547872133017e+09 4.508804509335628818e-01 -7.084450387565857099e-01 7.316838191987160567e-01 4.595375878183552421e-01 7.702927542272209882e-01 -3.792316096265478942e-01 -2.272832251337242593e-01
1.305033547907861948e+09 4.379567705302871428e-01 -7.168392975276587364e-01 7.282074453951290494e-01 4.592290406885084497e-01 7.693059372773194404e-01 -3.817785962150593293e-01 -2.269849478054351832e-01
1.305033547940012932e+09 4.379567705302871428e-01 -7.168392975276587364e-01 7.282074453951290494e-01 4.592290406885084497e-01 7.693059372773194404e-01 -3.817785962150593293e-01 -2.269849478054351832e-01
1.305033547972166061e+09 4.228882160036580018e-01 -7.255712233097608710e-01 7.257720059612625674e-01 4.589113661851652037e-01 7.707591679844570942e-01 -3.809530276012565997e-01 -2.240657352551009840e-01
1.305033548007950068e+09 4.131564566318250975e-01 -7.302326329226844770e-01 7.248918237817284504e-01 4.577287408568478932e-01 7.722471329349774871e-01 -3.803453663759615577e-01 -2.223874271258317881e-01
1.305033548040011883e+09 4.047061493012904521e-01 -7.393963637228873065e-01 7.233044210893337933e-01 4.569088819559069536e-01 7.729094064238973827e-01 -3.799669614878798951e-01 -2.224194938150196865e-01
1.305033548072058916e+09 4.047061493012904521e-01 -7.393963637228873065e-01 7.233044210893337933e-01 4.569088819559069536e-01 7.729094064238973827e-01 -3.799669614878798951e-01 -2.224194938150196865e-01
1.305033548107983112e+09 3.871479948712586161e-01 -7.475148264720269387e-01 7.217903317518951090e-01 4.530513783191446597e-01 7.747676078397272015e-01 -3.833092443447108089e-01 -2.180679381415730200e-01
1.305033548140062094e+09 3.780246851836206456e-01 -7.521558401703571928e-01 7.197156759001879234e-01 4.513012178222154391e-01 7.757636157122219656e-01 -3.837808103782562874e-01 -2.173253618763684170e-01
1.305033548172075987e+09 3.696346410815141148e-01 -7.577663627330956109e-01 7.189436307315769659e-01 4.512611261287783893e-01 7.760525648013356648e-01 -3.838230511524841626e-01 -2.162999725248548888e-01
1.305033548207984924e+09 3.599321066652090284e-01 -7.613827091549095760e-01 7.194471662608209472e-01 4.508743725583639894e-01 7.767867636791357944e-01 -3.845913251630534990e-01 -2.130824642065186070e-01
1.305033548239985943e+09 3.512501797153404492e-01 -7.664997263061085198e-01 7.160651564693155668e-01 4.500556069612173249e-01 7.768977734516318012e-01 -3.863933023605214956e-01 -2.111398023575800087e-01
1.305033548272093058e+09 3.512501797153404492e-01 -7.664997263061085198e-01 7.160651564693155668e-01 4.500556069612173249e-01 7.768977734516318012e-01 -3.863933023605214956e-01 -2.111398023575800087e-01
1.305033548308005095e+09 3.334130326884197082e-01 -7.739729044507541733e-01 7.180181238609972816e-01 4.463868477598084694e-01 7.803519056434332635e-01 -3.860922527080228872e-01 -2.066941167633178922e-01
1.305033548340012074e+09 3.238237004346040671e-01 -7.795484675410142561e-01 7.190322350459420475e-01 4.457089423480039003e-01 7.812896989000354120e-01 -3.858674348001004395e-01 -2.050274807544248401e-01
1.305033548371963024e+09 3.238237004346040671e-01 -7.795484675410142561e-01 7.190322350459420475e-01 4.457089423480039003e-01 7.812896989000354120e-01 -3.858674348001004395e-01 -2.050274807544248401e-01
1.305033548408013105e+09 3.140212287771080302e-01 -7.815024289749841202e-01 7.197501312894991621e-01 4.451428759516042888e-01 7.815500580294046928e-01 -3.872671066258303041e-01 -2.026117343823565786e-01
1.305033548439832926e+09 3.140212287771080302e-01 -7.815024289749841202e-01 7.197501312894991621e-01 4.451428759516042888e-01 7.815500580294046928e-01 -3.872671066258303041e-01 -2.026117343823565786e-01
1.305033548472090006e+09 2.963441729220352983e-01 -7.837830975348465401e-01 7.183061064220819247e-01 4.432028396769336909e-01 7.821435354260968253e-01 -3.894494667549667777e-01 -2.003792547589196560e-01
1.305033548507972002e+09 2.963441729220352983e-01 -7.837830975348465401e-01 7.183061064220819247e-01 4.432028396769336909e-01 7.821435354260968253e-01 -3.894494667549667777e-01 -2.003792547589196560e-01
1.305033548540004015e+09 2.806795039416283277e-01 -7.919149431504837189e-01 7.185644809719304860e-01 4.454728802254984132e-01 7.818143384668312379e-01 -3.874257078307460356e-01 -2.005531701647100540e-01
1.305033548572101116e+09 2.806795039416283277e-01 -7.919149431504837189e-01 7.185644809719304860e-01 4.454728802254984132e-01 7.818143384668312379e-01 -3.874257078307460356e-01 -2.005531701647100540e-01
1.305033548607940912e+09 2.642546888729184751e-01 -7.990883877677632530e-01 7.205597096552849301e-01 4.449476118417994286e-01 7.828822958695185186e-01 -3.865488609972590472e-01 -1.992408381634470371e-01
1.305033548639976978e+09 2.642546888729184751e-01 -7.990883877677632530e-01 7.205597096552849301e-01 4.449476118417994286e-01 7.828822958695185186e-01 -3.865488609972590472e-01 -1.992408381634470371e-01
1.305033548671979904e+09 2.476440460416833300e-01 -8.064890514924412113e-01 7.206213140299634334e-01 4.418355059233572413e-01 7.842499223007077802e-01 -3.866317101943353429e-01 -2.006224457756111690e-01
1.305033548708004951e+09 2.476440460416833300e-01 -8.064890514924412113e-01 7.206213140299634334e-01 4.418355059233572413e-01 7.842499223007077802e-01 -3.866317101943353429e-01 -2.006224457756111690e-01
1.305033548740008116e+09 2.310911500504069238e-01 -8.117056966022055953e-01 7.226297780907365853e-01 4.422562013142325998e-01 7.841882579191657987e-01 -3.863740846019626529e-01 -2.004327699973337817e-01
1.305033548772033930e+09 2.310911500504069238e-01 -8.117056966022055953e-01 7.226297780907365853e-01 4.422562013142325998e-01 7.841882579191657987e-01 -3.863740846019626529e-01 -2.004327699973337817e-01
1.305033548808013916e+09 2.310911500504069238e-01 -8.117056966022055953e-01 7.226297780907365853e-01 4.422562013142325998e-01 7.841882579191657987e-01 -3.863740846019626529e-01 -2.004327699973337817e-01
1.305033548839885950e+09 2.171823277958113696e-01 -8.191241840348880698e-01 7.241839092753978857e-01 4.402172697187791695e-01 7.863033001818514611e-01 -3.852460912655228387e-01 -1.987997100830617148e-01
1.305033548871998072e+09 2.171823277958113696e-01 -8.191241840348880698e-01 7.241839092753978857e-01 4.402172697187791695e-01 7.863033001818514611e-01 -3.852460912655228387e-01 -1.987997100830617148e-01
1.305033548907968044e+09 2.006873964619562134e-01 -8.266867877935555331e-01 7.252454621974347981e-01 4.364844030894145521e-01 7.896871845823562053e-01 -3.828095960943059817e-01 -1.983237996413523829e-01
1.305033548939893007e+09 2.006873964619562134e-01 -8.266867877935555331e-01 7.252454621974347981e-01 4.364844030894145521e-01 7.896871845823562053e-01 -3.828095960943059817e-01 -1.983237996413523829e-01
1.305033548972156048e+09 1.846872254619131848e-01 -8.330471849777254523e-01 7.241492993288036750e-01 4.335929421249419269e-01 7.918323940532570049e-01 -3.804161105738120829e-01 -2.007042677254702590e-01
1.305033549008413076e+09 1.846872254619131848e-01 -8.330471849777254523e-01 7.241492993288036750e-01 4.335929421249419269e-01 7.918323940532570049e-01 -3.804161105738120829e-01 -2.007042677254702590e-01
1.305033549040009022e+09 1.686608207130770865e-01 -8.419403730746349845e-01 7.258657505306111979e-01 4.350970025079213821e-01 7.927417760681465531e-01 -3.759355976981286762e-01 -2.022955789637853607e-01
1.305033549071865082e+09 1.686608207130770865e-01 -8.419403730746349845e-01 7.258657505306111979e-01 4.350970025079213821e-01 7.927417760681465531e-01 -3.759355976981286762e-01 -2.022955789637853607e-01
1.305033549108050108e+09 1.535446284427386399e-01 -8.533568886707747492e-01 7.236181886663276552e-01 4.381678033577144360e-01 7.920043244079529865e-01 -3.744254261540259643e-01 -2.013547279533147716e-01
1.305033549140011072e+09 1.435195754935001400e-01 -8.585617038641462084e-01 7.267216734955090907e-01 4.378043889614556816e-01 7.931032718145295535e-01 -3.731188084319037035e-01 -2.002420336431166847e-01
1.305033549171993971e+09 1.356252648485904988e-01 -8.647897706070091228e-01 7.285172010947419396e-01 4.367428297937828163e-01 7.939351965420414770e-01 -3.720232683907891413e-01 -2.012990116500915083e-01
1.305033549207990885e+09 1.356252648485904988e-01 -8.647897706070091228e-01 7.285172010947419396e-01 4.367428297937828163e-01 7.939351965420414770e-01 -3.720232683907891413e-01 -2.012990116500915083e-01
1.305033549240016937e+09 1.271862411072308685e-01 -8.713963080784430382e-01 7.305850419401866969e-01 4.378940299801518665e-01 7.934320436376885999e-01 -3.720402230390366105e-01 -2.007498021860210091e-01
1.305033549271996021e+09 1.178593766591331526e-01 -8.749286340092272685e-01 7.318459278414692903e-01 4.392469664072256030e-01 7.921314480401895342e-01 -3.743082727606429905e-01 -1.987037706505493939e-01
1.305033549307929993e+09 1.178593766591331526e-01 -8.749286340092272685e-01 7.318459278414692903e-01 4.392469664072256030e-01 7.921314480401895342e-01 -3.743082727606429905e-01 -1.987037706505493939e-01
1.305033549339823961e+09 9.998220493815002108e-02 -8.805307304052991668e-01 7.308183518981192783e-01 4.410844083337413513e-01 7.895852680256996159e-01 -3.775230447039100712e-01 -1.986856813138454247e-01
1.305033549371997118e+09 9.998220493815002108e-02 -8.805307304052991668e-01 7.308183518981192783e-01 4.410844083337413513e-01 7.895852680256996159e-01 -3.775230447039100712e-01 -1.986856813138454247e-01
1.305033549407979012e+09 8.271119288861883412e-02 -8.829938029565129742e-01 7.276997075676638893e-01 4.419553182253787571e-01 7.895400085174848481e-01 -3.771816371029823589e-01 -1.975755153728021851e-01
1.305033549440046072e+09 8.271119288861883412e-02 -8.829938029565129742e-01 7.276997075676638893e-01 4.419553182253787571e-01 7.895400085174848481e-01 -3.771816371029823589e-01 -1.975755153728021851e-01
1.305033549471996069e+09 6.523654186925464948e-02 -8.912158284670124164e-01 7.267640082182998951e-01 4.425985507544898390e-01 7.899582576602711681e-01 -3.754330491533828251e-01 -1.977940839048715205e-01
1.305033549507981062e+09 6.523654186925464948e-02 -8.912158284670124164e-01 7.267640082182998951e-01 4.425985507544898390e-01 7.899582576602711681e-01 -3.754330491533828251e-01 -1.977940839048715205e-01
1.305033549540004969e+09 4.693920057917999600e-02 -8.978272181875791569e-01 7.261454842522868658e-01 4.428582290616818185e-01 7.904747603908571785e-01 -3.745483545639740619e-01 -1.968242165760796525e-01
1.305033549572036028e+09 4.693920057917999600e-02 -8.978272181875791569e-01 7.261454842522868658e-01 4.428582290616818185e-01 7.904747603908571785e-01 -3.745483545639740619e-01 -1.968242165760796525e-01
1.305033549607937098e+09 3.041221096025803483e-02 -9.042217724792923628e-01 7.260342878132779454e-01 4.401603967390562144e-01 7.922589235829381460e-01 -3.743929117153269037e-01 -1.959963540554779948e-01
1.305033549640078068e+09 3.041221096025803483e-02 -9.042217724792923628e-01 7.260342878132779454e-01 4.401603967390562144e-01 7.922589235829381460e-01 -3.743929117153269037e-01 -1.959963540554779948e-01
1.305033549672038078e+09 2.129043084866877322e-02 -9.089542051064918304e-01 7.262534871348729215e-01 4.394089812938809514e-01 7.938739800827120385e-01 -3.729097467358390983e-01 -1.939643567651533340e-01
1.305033549707959890e+09 2.129043084866877322e-02 -9.089542051064918304e-01 7.262534871348729215e-01 4.394089812938809514e-01 7.938739800827120385e-01 -3.729097467358390983e-01 -1.939643567651533340e-01
1.305033549739984035e+09 -7.465361157648064960e-04 -9.191510338792294732e-01 7.293483533542403086e-01 4.337842361936010693e-01 7.992782866528250763e-01 -3.718572755944782871e-01 -1.862998215316126194e-01
1.305033549772048950e+09 -7.465361157648064960e-04 -9.191510338792294732e-01 7.293483533542403086e-01 4.337842361936010693e-01 7.992782866528250763e-01 -3.718572755944782871e-01 -1.862998215316126194e-01
1.305033549807960033e+09 -1.744128789463750273e-02 -9.296532868763840440e-01 7.264472704635819289e-01 4.264688878631621716e-01 8.025094691688680060e-01 -3.757695805374703379e-01 -1.813837421649269754e-01
1.305033549839997053e+09 -3.305623391936785005e-02 -9.322043180846856236e-01 7.282283725491378590e-01 4.216168532543059788e-01 8.060498919855946243e-01 -3.764223695533118752e-01 -1.755818908139968881e-01
1.305033549871994019e+09 -4.422769095221901203e-02 -9.372759112376678470e-01 7.281747088833465664e-01 4.174524179596137974e-01 8.082141403579019556e-01 -3.770181203172646711e-01 -1.743006569627487679e-01
1.305033549907983065e+09 -5.480029332120706087e-02 -9.457891352334938384e-01 7.305831845247404699e-01 4.138162578681258141e-01 8.102552052941004446e-01 -3.772788817936978401e-01 -1.729255688738156604e-01
1.305033549939937115e+09 -6.703871323728738396e-02 -9.517934634126580251e-01 7.319730983398935464e-01 4.090729335123961530e-01 8.120100858784038422e-01 -3.799402770624460413e-01 -1.701303657934756242e-01
1.305033549971986055e+09 -7.651928385800066401e-02 -9.578831034507631070e-01 7.334907783914631496e-01 4.026639293594047597e-01 8.136946794490773627e-01 -3.833258378013048029e-01 -1.697764138596269956e-01
1.305033550007989883e+09 -8.792892066638380300e-02 -9.618540757840757793e-01 7.340138838189614878e-01 3.962543329259650138e-01 8.157872672062441710e-01 -3.863064201946913578e-01 -1.680505519715105034e-01
1.305033550040087938e+09 -1.004311901103269733e-01 -9.669736867890810217e-01 7.345001795483541152e-01 3.903585312639413774e-01 8.177486940765498202e-01 -3.887256816679874327e-01 -1.667322248916349170e-01
1.305033550072002888e+09 -1.111373352728552977e-01 -9.749852075404308316e-01 7.357304989726359823e-01 3.839963091009978569e-01 8.198956756338119378e-01 -3.904226537159878330e-01 -1.669972069800921555e-01
1.305033550107985973e+09 -1.248149147985548879e-01 -9.830618165891158444e-01 7.364627195118470526e-01 3.786222828126780682e-01 8.207398241833110397e-01 -3.936714721947247586e-01 -1.674935220756383070e-01
1.305033550139998913e+09 -1.359185176943289441e-01 -9.910925332647793073e-01 7.366017831034892271e-01 3.733655778107775602e-01 8.207312840013205602e-01 -3.981142555518676907e-01 -1.688293348146285289e-01
1.305033550172048092e+09 -1.465485505313062209e-01 -9.996733688487406955e-01 7.338912994053393701e-01 3.700423383037078073e-01 8.195501510342892981e-01 -4.031511780109077181e-01 -1.699274712070280025e-01
1.305033550207964897e+09 -1.591524945758426846e-01 -1.005802481527122261e+00 7.336987444446745332e-01 3.668468952080626289e-01 8.193053797464018295e-01 -4.066165848016142781e-01 -1.697792777669887565e-01
1.305033550240031004e+09 -1.682570028718344268e-01 -1.014275131389864582e+00 7.291872857671358732e-01 3.632421497040055902e-01 8.182472485589451505e-01 -4.105446045490117046e-01 -1.731464945640662501e-01
1.305033550271998882e+09 -1.767893664535178377e-01 -1.023917793334282900e+00 7.267438999240775077e-01 3.582495653567689953e-01 8.185925620939805691e-01 -4.127200939155936110e-01 -1.767076407074751332e-01
1.305033550307969093e+09 -1.869967731944481848e-01 -1.034988948975508638e+00 7.244783974411307392e-01 3.531278601154332342e-01 8.190266733593027926e-01 -4.146440062255020154e-01 -1.804615494712232815e-01
1.305033550339998960e+09 -1.918515724713578674e-01 -1.044343128773637552e+00 7.217313886502657594e-01 3.508757793338948550e-01 8.180878549205674588e-01 -4.168416802124726983e-01 -1.840148438195654546e-01
1.305033550372041941e+09 -1.984952100948649267e-01 -1.054800900043281420e+00 7.191936404719859732e-01 3.484899521866493544e-01 8.180761049595968171e-01 -4.185423990985822074e-01 -1.847390047496318410e-01
1.305033550407993078e+09 -2.066258665899043390e-01 -1.062348808133763978e+00 7.174009333088853246e-01 3.432888324206748720e-01 8.189299504399267793e-01 -4.206169579487158972e-01 -1.859781935971978606e-01
1.305033550439997911e+09 -2.146216401293838949e-01 -1.070516364979706037e+00 7.142954436531184781e-01 3.373654933538708378e-01 8.196838338380534328e-01 -4.226829807305007014e-01 -1.887909802915089807e-01
1.305033550471997976e+09 -2.169112170755682634e-01 -1.080818485676495078e+00 7.124235099424961470e-01 3.324438036829480692e-01 8.199866164541737001e-01 -4.242591357070290004e-01 -1.926324271714764391e-01
1.305033550507973909e+09 -2.194864993591505442e-01 -1.091692694306832356e+00 7.102538450180836405e-01 3.294327899104824708e-01 8.202324258986821715e-01 -4.253860901225301472e-01 -1.942665147842655426e-01
1.305033550540051937e+09 -2.224307575120871849e-01 -1.102886912210975234e+00 7.083296971445501855e-01 3.259216619636147172e-01 8.211034318422902878e-01 -4.260617478781054679e-01 -1.950272070115925405e-01
1.305033550572005987e+09 -2.254552447896791545e-01 -1.114897330314596591e+00 7.082317678672087613e-01 3.230608220942152164e-01 8.226555491017397692e-01 -4.265485788776534615e-01 -1.921610330357825247e-01
1.305033550608021021e+09 -2.289637737761147651e-01 -1.125686609595730525e+00 7.071190250625065676e-01 3.176702581781334911e-01 8.240178609455505176e-01 -4.297368184044095818e-01 -1.881659874138070232e-01
1.305033550640048981e+09 -2.311506775107059486e-01 -1.138436373723983763e+00 7.046592789443418825e-01 3.130505092453524929e-01 8.251199969197434703e-01 -4.319301305168261607e-01 -1.860449722408679951e-01
1.305033550671947002e+09 -2.309474842683252316e-01 -1.151417270007753402e+00 7.024483080987382611e-01 3.076373756000488902e-01 8.262364123612230271e-01 -4.342511608025171332e-01 -1.847121148274685210e-01
1.305033550708008051e+09 -2.321173796419671032e-01 -1.161221494988474934e+00 6.994690635822200520e-01 3.035135985589572094e-01 8.272487796645888736e-01 -4.381313669385273890e-01 -1.777072236512014236e-01
1.305033550739973068e+09 -2.358210901362871592e-01 -1.174317692580974404e+00 6.982743484117636124e-01 3.029348979173321910e-01 8.280173919504763003e-01 -4.401471859806748710e-01 -1.699649991164070006e-01
1.305033550940001965e+09 -2.410547221581764710e-01 -1.258901751639768474e+00 6.887607544480031097e-01 2.729122546981641584e-01 8.282167406564879819e-01 -4.655261804608380460e-01 -1.511995603083923778e-01
1.305033551071927071e+09 -2.391404117882867109e-01 -1.315505570901371435e+00 6.921999690984262932e-01 2.464459808109414340e-01 8.292144344593905814e-01 -4.828950420027321444e-01 -1.359418207745717311e-01
1.305033551107954025e+09 -2.386539759573456099e-01 -1.326813948019264888e+00 6.896709113813400682e-01 2.343406179706691572e-01 8.299009879457829308e-01 -4.894740022038143734e-01 -1.294759674314844289e-01
1.305033551139974117e+09 -2.431942997655907046e-01 -1.336227424104562189e+00 6.899508333496148227e-01 2.214788650031102590e-01 8.320888482186021839e-01 -4.938252595798667266e-01 -1.212925143116888316e-01
1.305033551172173023e+09 -2.431942997655907046e-01 -1.336227424104562189e+00 6.899508333496148227e-01 2.214788650031102590e-01 8.320888482186021839e-01 -4.938252595798667266e-01 -1.212925143116888316e-01
1.305033551208178043e+09 -2.464422083579200784e-01 -1.355087106279211140e+00 6.899240816497914652e-01 1.951274877819166864e-01 8.350736597462729005e-01 -5.016620356914414103e-01 -1.136329540925642423e-01
1.305033551239972115e+09 -2.490917347188388309e-01 -1.362612802140958257e+00 6.987491558785579038e-01 1.835976019470470511e-01 8.370475770795322568e-01 -5.039841681099420656e-01 -1.079038116060215408e-01
1.305033551272480011e+09 -2.490917347188388309e-01 -1.362612802140958257e+00 6.987491558785579038e-01 1.835976019470470511e-01 8.370475770795322568e-01 -5.039841681099420656e-01 -1.079038116060215408e-01
1.305033551307991982e+09 -2.468507455933439676e-01 -1.375355449746647807e+00 7.053388104861016972e-01 1.678237488918069009e-01 8.394332170225026202e-01 -5.073308384852874831e-01 -9.900749360006572131e-02
1.305033551339823008e+09 -2.468507455933439676e-01 -1.375355449746647807e+00 7.053388104861016972e-01 1.678237488918069009e-01 8.394332170225026202e-01 -5.073308384852874831e-01 -9.900749360006572131e-02
1.305033551372200966e+09 -2.481590977737537784e-01 -1.388806119121437366e+00 7.083080517007164234e-01 1.537650053975814779e-01 8.405986862266843218e-01 -5.119935199693803618e-01 -8.725140307420564678e-02
1.305033551407983065e+09 -2.481590977737537784e-01 -1.388806119121437366e+00 7.083080517007164234e-01 1.537650053975814779e-01 8.405986862266843218e-01 -5.119935199693803618e-01 -8.725140307420564678e-02
1.305033551440025091e+09 -2.481590977737537784e-01 -1.388806119121437366e+00 7.083080517007164234e-01 1.537650053975814779e-01 8.405986862266843218e-01 -5.119935199693803618e-01 -8.725140307420564678e-02
1.305033551471981049e+09 -2.481590977737537784e-01 -1.388806119121437366e+00 7.083080517007164234e-01 1.537650053975814779e-01 8.405986862266843218e-01 -5.119935199693803618e-01 -8.725140307420564678e-02
1.305033551508090019e+09 -2.463007679858242316e-01 -1.401290513553695272e+00 7.150583809398826096e-01 1.412087248543799634e-01 8.419012232773950277e-01 -5.139693730558627660e-01 -8.424909393927879075e-02
1.305033551539849043e+09 -2.463007679858242316e-01 -1.401290513553695272e+00 7.150583809398826096e-01 1.412087248543799634e-01 8.419012232773950277e-01 -5.139693730558627660e-01 -8.424909393927879075e-02
1.305033551572012901e+09 -2.484990770354931211e-01 -1.410646316558979541e+00 7.217243748948638515e-01 1.347473186060610395e-01 8.437501298725056387e-01 -5.136240348716735182e-01 -7.822550268773206805e-02
1.305033551607862949e+09 -2.484990770354931211e-01 -1.410646316558979541e+00 7.217243748948638515e-01 1.347473186060610395e-01 8.437501298725056387e-01 -5.136240348716735182e-01 -7.822550268773206805e-02
1.305033551640053988e+09 -2.527805290297848728e-01 -1.423782939956890869e+00 7.269342052012779387e-01 1.196820354413795223e-01 8.450451134353514915e-01 -5.153963738746821788e-01 -7.708141441664805027e-02
1.305033551672322989e+09 -2.527805290297848728e-01 -1.423782939956890869e+00 7.269342052012779387e-01 1.196820354413795223e-01 8.450451134353514915e-01 -5.153963738746821788e-01 -7.708141441664805027e-02
1.305033551708184958e+09 -2.576803847139812476e-01 -1.431807238811096950e+00 7.359025737111574150e-01 1.096118653249202324e-01 8.443023491042568329e-01 -5.179243195600483629e-01 -8.302518584915014044e-02
1.305033551740242958e+09 -2.576803847139812476e-01 -1.431807238811096950e+00 7.359025737111574150e-01 1.096118653249202324e-01 8.443023491042568329e-01 -5.179243195600483629e-01 -8.302518584915014044e-02
1.305033551775846958e+09 -2.576803847139812476e-01 -1.431807238811096950e+00 7.359025737111574150e-01 1.096118653249202324e-01 8.443023491042568329e-01 -5.179243195600483629e-01 -8.302518584915014044e-02
1.305033551808033943e+09 -2.691588244648213113e-01 -1.440478317456496349e+00 7.317420693864271630e-01 1.094921807075721620e-01 8.426525894935281702e-01 -5.210195126119120390e-01 -8.054032071824522576e-02
1.305033551840133905e+09 -2.781342403174549283e-01 -1.443801621202500218e+00 7.348676393275662688e-01 1.094448781646210900e-01 8.434592796246441759e-01 -5.200634681807517756e-01 -7.830869250865815645e-02
1.305033551875926971e+09 -2.834428222741411929e-01 -1.452490870058162242e+00 7.306578824686218443e-01 1.074077966065697110e-01 8.435547318132413652e-01 -5.200296065349404584e-01 -8.030061015165032567e-02
1.305033551908205986e+09 -2.834428222741411929e-01 -1.452490870058162242e+00 7.306578824686218443e-01 1.074077966065697110e-01 8.435547318132413652e-01 -5.200296065349404584e-01 -8.030061015165032567e-02
1.305033551940355062e+09 -2.901017420636182731e-01 -1.466176118946866058e+00 7.283407003827946369e-01 9.956883117473375178e-02 8.447448505242733940e-01 -5.192419807879377069e-01 -8.294546858411835921e-02
1.305033551975963116e+09 -2.977529848010764812e-01 -1.473383511435112148e+00 7.333392368635399672e-01 9.572063903410030217e-02 8.465219031495933022e-01 -5.176204913144591968e-01 -7.941822034188443513e-02
1.305033552007946014e+09 -3.027356154476117389e-01 -1.483416588953516690e+00 7.273224321859492747e-01 9.002690994569119420e-02 8.459693565030549367e-01 -5.195255859760260497e-01 -7.952464309699332212e-02
1.305033552040169954e+09 -3.070099469228424471e-01 -1.492880861141866244e+00 7.298012169182498399e-01 8.712978451214425935e-02 8.467295105191610105e-01 -5.191737363941235639e-01 -7.691663087664957210e-02
1.305033553240046024e+09 -3.961859905869149490e-01 -1.548758981740929963e+00 7.049292390584976919e-01 5.445143093776894094e-02 8.608700951127461476e-01 -5.037348914133356059e-01 -4.678546977637301069e-02
1.305033553275903940e+09 -3.961859905869149490e-01 -1.548758981740929963e+00 7.049292390584976919e-01 5.445143093776894094e-02 8.608700951127461476e-01 -5.037348914133356059e-01 -4.678546977637301069e-02
1.305033553307809114e+09 -3.959959552349729961e-01 -1.526762308213204022e+00 7.086261660992315692e-01 6.582019693474661093e-02 8.627119849674161900e-01 -4.977486277184179353e-01 -6.034928560872740433e-02
1.305033553340014935e+09 -3.959959552349729961e-01 -1.526762308213204022e+00 7.086261660992315692e-01 6.582019693474661093e-02 8.627119849674161900e-01 -4.977486277184179353e-01 -6.034928560872740433e-02
1.305033553375997066e+09 -3.993946949002262770e-01 -1.503576429609971399e+00 7.094266726671554224e-01 7.988593360608800542e-02 8.629491163439536594e-01 -4.937931951012307086e-01 -7.145166677405984101e-02
1.305033553407850027e+09 -4.004665171465975337e-01 -1.493244478601574832e+00 7.109668195327800699e-01 8.901894551783440246e-02 8.630126641575448510e-01 -4.913337754675572988e-01 -7.665435361012190585e-02
1.305033553440080881e+09 -4.015002267966203409e-01 -1.483340151896864967e+00 7.071409309073013461e-01 9.828734039166006631e-02 8.613602375478032203e-01 -4.913065066029244643e-01 -8.376190339263267504e-02
1.305033553475868940e+09 -3.970216130609336425e-01 -1.469407756650253916e+00 7.131557514039152945e-01 1.105584389869281037e-01 8.615745601816272581e-01 -4.870913705992223619e-01 -9.059859548790005768e-02
1.305033553507983923e+09 -3.970216130609336425e-01 -1.469407756650253916e+00 7.131557514039152945e-01 1.105584389869281037e-01 8.615745601816272581e-01 -4.870913705992223619e-01 -9.059859548790005768e-02
1.305033553540018082e+09 -4.029101237933112589e-01 -1.447174026090642496e+00 7.136380605214334150e-01 1.320461843061446483e-01 8.600404462362600810e-01 -4.832358709624145487e-01 -9.683661013851661836e-02
1.305033553576020956e+09 -4.029101237933112589e-01 -1.447174026090642496e+00 7.136380605214334150e-01 1.320461843061446483e-01 8.600404462362600810e-01 -4.832358709624145487e-01 -9.683661013851661836e-02
1.305033553607952118e+09 -4.030234452802847755e-01 -1.436136893817040683e+00 7.073892860028916374e-01 1.420353119176109846e-01 8.567928859922320228e-01 -4.844204965941281693e-01 -1.052079044609630643e-01
1.305033553639905930e+09 -4.023931696326972229e-01 -1.425180681995979359e+00 7.074100999338901463e-01 1.518036914695575779e-01 8.546329616854746458e-01 -4.836389480163306720e-01 -1.124789225525680419e-01
1.305033553676166058e+09 -4.010322635638123856e-01 -1.411682570701713324e+00 7.101248705578585563e-01 1.623096707529453342e-01 8.521932603505479875e-01 -4.829407701504562223e-01 -1.191235926240387932e-01
1.305033553707981110e+09 -3.994277254662594867e-01 -1.398470941814922375e+00 7.133651093309435476e-01 1.750907289964167834e-01 8.491196358425771029e-01 -4.824043116767122164e-01 -1.250006428855061913e-01
1.305033553740025997e+09 -3.950192956931759536e-01 -1.387590694492949916e+00 7.126670754685860976e-01 1.872758191997491717e-01 8.452553161207914112e-01 -4.831319941671764484e-01 -1.305936228330124016e-01
1.305033553775867939e+09 -3.920722611137916758e-01 -1.375535363401371391e+00 7.131266288292770206e-01 1.972992872788402741e-01 8.420719283725890403e-01 -4.832424383832899517e-01 -1.358845260929409660e-01
1.305033553807987928e+09 -3.896530482947047069e-01 -1.363852949586334740e+00 7.137815005593272089e-01 2.072947683169917288e-01 8.391912821960703095e-01 -4.822420707991749156e-01 -1.422302923636293570e-01
1.305033553839976072e+09 -3.855618444717934246e-01 -1.349236921025047664e+00 7.136718383952619371e-01 2.170052347949139038e-01 8.361631454515467965e-01 -4.811727470944531238e-01 -1.490392891614727988e-01
1.305033553875967026e+09 -3.795107976298646157e-01 -1.334981279741330074e+00 7.164770188864691969e-01 2.270830564851116784e-01 8.335615332073189609e-01 -4.792096199725757733e-01 -1.548114851688425220e-01
1.305033553907990932e+09 -3.754122749240846879e-01 -1.323223028335571039e+00 7.138468580962242793e-01 2.376440399075738785e-01 8.300475077560006687e-01 -4.780632137378432178e-01 -1.612513839788821679e-01
1.305033553940005064e+09 -3.703388231896598271e-01 -1.311206122392641227e+00 7.109901794940336472e-01 2.488952036038843407e-01 8.260675721998065324e-01 -4.768330437723415915e-01 -1.682075864808196264e-01
1.305033553975991011e+09 -3.637400463826181429e-01 -1.300598785157806248e+00 7.109346073733616711e-01 2.607297195307788362e-01 8.219804178630240044e-01 -4.753201627469648138e-01 -1.744676155890513836e-01
1.305033554007992983e+09 -3.567631130043460441e-01 -1.290870583115477199e+00 7.074250486581574737e-01 2.727991796376654232e-01 8.174965010211605598e-01 -4.745352777764449415e-01 -1.791545381864734221e-01
1.305033554040034056e+09 -3.479062227567162324e-01 -1.279715845404903130e+00 7.047762811575458697e-01 2.841200384526987310e-01 8.130288048895137898e-01 -4.732229636206859436e-01 -1.852565595913436836e-01
1.305033554076023102e+09 -3.435282605364504693e-01 -1.263096224803356815e+00 7.073029950071753058e-01 2.941394405170902893e-01 8.106877154907379257e-01 -4.699091932808520111e-01 -1.882890531997026828e-01
1.305033554108000040e+09 -3.332037123853879290e-01 -1.253542575098678835e+00 7.067567325289372260e-01 3.045392272479571227e-01 8.070417421468275565e-01 -4.670627818612459459e-01 -1.944012430512335743e-01
1.305033554140043974e+09 -3.208424443435926587e-01 -1.244395317558531389e+00 6.984044834543547964e-01 3.141754173548073070e-01 8.030674452764486881e-01 -4.653707935883041324e-01 -1.995156884610397863e-01
1.305033554176007032e+09 -3.164595381943251517e-01 -1.232534552697034158e+00 6.989164328354852129e-01 3.220590423621000897e-01 8.024038956091407160e-01 -4.609300032122349844e-01 -1.999237196604024547e-01
1.305033554208055019e+09 -3.117872102910344001e-01 -1.220786344759159814e+00 7.006305260604690499e-01 3.281372162351581800e-01 8.012127072887129664e-01 -4.569683019901730203e-01 -2.038728426660846582e-01
1.305033554240171909e+09 -3.041130813955030820e-01 -1.211038538343611748e+00 6.976220069931401424e-01 3.340490490391516687e-01 7.984971935336607762e-01 -4.543047437650739040e-01 -2.107621041540828632e-01
1.305033554276067019e+09 -2.954440559708300107e-01 -1.202617939503683342e+00 6.954829918715439430e-01 3.410715415698559738e-01 7.957806765670931703e-01 -4.512873180220275948e-01 -2.162014683716709240e-01
1.305033554308152914e+09 -2.910555814015074461e-01 -1.192054721226147862e+00 6.953954391248541311e-01 3.492036665329518175e-01 7.936457293042081806e-01 -4.477837602520155502e-01 -2.183413833694836936e-01
1.305033554340248108e+09 -2.834397288296950368e-01 -1.182910256621042766e+00 6.943051607367540790e-01 3.577465496483140939e-01 7.902378024343612584e-01 -4.452096685903309536e-01 -2.221035182344605063e-01
1.305033554375987053e+09 -2.752295468648524590e-01 -1.175582730814682675e+00 6.905213513372291390e-01 3.668012686144219714e-01 7.866440313898340753e-01 -4.426238770771477316e-01 -2.252378757287378241e-01
1.305033554407989979e+09 -2.752295468648524590e-01 -1.175582730814682675e+00 6.905213513372291390e-01 3.668012686144219714e-01 7.866440313898340753e-01 -4.426238770771477316e-01 -2.252378757287378241e-01
1.305033554440087080e+09 -2.659068463222669099e-01 -1.158589467298650977e+00 6.894707718136128261e-01 3.819875027665433631e-01 7.822807822603580208e-01 -4.351787094175385562e-01 -2.296558649501202198e-01
1.305033554476212978e+09 -2.608202507017700622e-01 -1.148065221312048134e+00 6.915442969780500881e-01 3.867807864556174202e-01 7.803190597647469140e-01 -4.324544199896034335e-01 -2.334222843433998162e-01
1.305033554508045912e+09 -2.575967307163729014e-01 -1.137100846225792550e+00 6.920002142690302449e-01 3.929244210947979710e-01 7.768649187592752137e-01 -4.302828607010501516e-01 -2.386377109666100171e-01
1.305033554540139914e+09 -2.575967307163729014e-01 -1.137100846225792550e+00 6.920002142690302449e-01 3.929244210947979710e-01 7.768649187592752137e-01 -4.302828607010501516e-01 -2.386377109666100171e-01
1.305033554576065063e+09 -2.406016182630275058e-01 -1.126054475842569902e+00 6.924597825207232660e-01 4.103577672990542657e-01 7.662035192473261036e-01 -4.264173282344516647e-01 -2.504135221822885171e-01
1.305033554608016014e+09 -2.406016182630275058e-01 -1.126054475842569902e+00 6.924597825207232660e-01 4.103577672990542657e-01 7.662035192473261036e-01 -4.264173282344516647e-01 -2.504135221822885171e-01
1.305033554639904976e+09 -2.274072063623249207e-01 -1.105189937856499327e+00 6.971166823079097963e-01 4.289770676540396455e-01 7.565901702119122163e-01 -4.218521636957571763e-01 -2.561068951646155445e-01
1.305033554676229954e+09 -2.186491437877133848e-01 -1.100086630942880506e+00 6.932867281585157748e-01 4.377248221556759855e-01 7.510098188099527672e-01 -4.198449603575871159e-01 -2.609816878291648656e-01
1.305033554708024979e+09 -2.117132635800675899e-01 -1.091593970991523221e+00 6.955949278033437544e-01 4.454767759323652321e-01 7.471022450348725474e-01 -4.176706189311436557e-01 -2.625641476866821256e-01
1.305033554740334034e+09 -2.038130235220907416e-01 -1.083140383588237832e+00 6.946532477765238189e-01 4.535678105768886637e-01 7.420219962495918642e-01 -4.166987129710190141e-01 -2.646540778045079478e-01
1.305033554776017904e+09 -1.926914231285719037e-01 -1.082096650660363979e+00 6.950431953732411072e-01 4.617532474726384617e-01 7.374189769293807428e-01 -4.129989614792626273e-01 -2.691264549053998811e-01
1.305033554807959080e+09 -1.821580894785097549e-01 -1.078090523188700800e+00 6.921652576151239300e-01 4.671356089141112111e-01 7.335948731668751055e-01 -4.124983598725630030e-01 -2.710497888768119146e-01
1.305033554840166092e+09 -1.708539670116102638e-01 -1.070460302639121064e+00 6.908152911947700314e-01 4.714612151169698673e-01 7.309751300410430863e-01 -4.116582106392865370e-01 -2.719139560875305506e-01
1.305033554875814915e+09 -1.622197898657111725e-01 -1.063950298264037420e+00 6.884162247201579543e-01 4.751661074940279894e-01 7.291529390256255017e-01 -4.095957006735050365e-01 -2.734675918441650255e-01
1.305033554907958984e+09 -1.503154779749944492e-01 -1.055937497030018823e+00 6.898600673113129966e-01 4.788328714538644948e-01 7.274413849089232942e-01 -4.076637548361380370e-01 -2.745148005662640944e-01
1.305033554940186024e+09 -1.392996808983777424e-01 -1.052700645187556017e+00 6.890515898791143012e-01 4.817318453143746293e-01 7.262591835227253378e-01 -4.050367750250115639e-01 -2.764547674326671700e-01
1.305033554975950956e+09 -1.279259901543163824e-01 -1.044914863292810470e+00 6.893822758547537566e-01 4.847689589298592172e-01 7.245526958315605670e-01 -4.047457980581076198e-01 -2.760494274139764226e-01
1.305033555007831097e+09 -1.167230142950830274e-01 -1.040156897460963625e+00 6.918810869382870932e-01 4.869745728545579189e-01 7.242726092912831204e-01 -4.024719414209567692e-01 -2.762268799236655692e-01
1.305033555039870024e+09 -1.050014436721533606e-01 -1.037009563604218254e+00 6.933921367811608505e-01 4.880989190698830082e-01 7.238788568025545933e-01 -4.004844314713950637e-01 -2.781565494933956884e-01
1.305033555075829983e+09 -9.463708751488941751e-02 -1.031235708039492271e+00 6.954016164150458312e-01 4.885265448667346355e-01 7.234958659195824815e-01 -4.001417184849340725e-01 -2.788945178481784248e-01
1.305033555107911110e+09 -9.463708751488941751e-02 -1.031235708039492271e+00 6.954016164150458312e-01 4.885265448667346355e-01 7.234958659195824815e-01 -4.001417184849340725e-01 -2.788945178481784248e-01
1.305033555139873028e+09 -7.539576269719683310e-02 -1.023042760170586485e+00 7.012859347680513444e-01 4.880471458951780583e-01 7.228967886264029419e-01 -4.000184502123825814e-01 -2.814524042656029179e-01
1.305033555175848007e+09 -6.491905882756920931e-02 -1.020578160881434604e+00 7.031511095159570512e-01 4.880911570648005515e-01 7.212193421171161356e-01 -4.005389302934091456e-01 -2.849179676164875774e-01
1.305033555211405993e+09 -5.241748897927700490e-02 -1.021021887667153960e+00 7.034474097881451282e-01 4.889709856837238799e-01 7.188565863784152077e-01 -4.011541255089325908e-01 -2.884925492400506331e-01
1.305033555239871979e+09 -4.233815958708242455e-02 -1.018504008495802360e+00 7.040508659628996746e-01 4.889886276199124082e-01 7.180608325076788256e-01 -4.022467011102098811e-01 -2.889227480187865349e-01
1.305033555275906086e+09 -3.218164998715566938e-02 -1.016255715371550128e+00 7.028228840160228863e-01 4.881727203189871744e-01 7.175120343328864614e-01 -4.026843006435641970e-01 -2.910485006644876194e-01
1.305033555307888985e+09 -1.998278981137779908e-02 -1.015311639017539846e+00 6.996364046650643820e-01 4.888761379971882093e-01 7.161126690818958584e-01 -4.025834221743840868e-01 -2.934439555821840018e-01
1.305033555340023994e+09 -8.792249207237645692e-03 -1.015007749816595917e+00 6.998721730683720166e-01 4.896694377116496688e-01 7.162310702969031384e-01 -4.014176050685175356e-01 -2.934293817148598826e-01
1.305033555376127005e+09 1.424500766048719669e-03 -1.012567766583193141e+00 7.002957205000018837e-01 4.899935799172302486e-01 7.167431451403496467e-01 -4.008700407500501717e-01 -2.923846199157368320e-01
1.305033555407926083e+09 1.343538346788220039e-02 -1.011512933701750772e+00 7.006371039224517094e-01 4.903091015783387352e-01 7.173759351774412485e-01 -3.993441283414387866e-01 -2.923918940342744577e-01
1.305033555439798117e+09 2.456665571137683912e-02 -1.009965499686858337e+00 6.991828703968552272e-01 4.902667623633243377e-01 7.178460386690325157e-01 -3.989907695013563682e-01 -2.917909051729974390e-01
1.305033555475830078e+09 3.492180823851431803e-02 -1.010911959889339906e+00 6.982306115425161996e-01 4.906513900632377134e-01 7.182547636549706516e-01 -3.981749271157973835e-01 -2.912525284564656536e-01
1.305033555508054018e+09 4.660359740128794392e-02 -1.009091618224389419e+00 6.999169947247225743e-01 4.911589707363621105e-01 7.187469668158579239e-01 -3.981524136709255757e-01 -2.892063599684792097e-01
1.305033555540167093e+09 4.660359740128794392e-02 -1.009091618224389419e+00 6.999169947247225743e-01 4.911589707363621105e-01 7.187469668158579239e-01 -3.981524136709255757e-01 -2.892063599684792097e-01
1.305033555576014996e+09 6.292026349466617319e-02 -1.005032685982535590e+00 6.991620982902351233e-01 4.910186361160745472e-01 7.204750110862299106e-01 -3.966034971940898823e-01 -2.872666416422628433e-01
1.305033555607899904e+09 6.292026349466617319e-02 -1.005032685982535590e+00 6.991620982902351233e-01 4.910186361160745472e-01 7.204750110862299106e-01 -3.966034971940898823e-01 -2.872666416422628433e-01
1.305033555640029907e+09 6.292026349466617319e-02 -1.005032685982535590e+00 6.991620982902351233e-01 4.910186361160745472e-01 7.204750110862299106e-01 -3.966034971940898823e-01 -2.872666416422628433e-01
1.305033555676146984e+09 7.509640832222408413e-02 -1.000270620869527560e+00 6.974896679924106335e-01 4.919645636020193447e-01 7.205325416066481470e-01 -3.963606572404448913e-01 -2.858355366948991949e-01
1.305033555707998991e+09 7.509640832222408413e-02 -1.000270620869527560e+00 6.974896679924106335e-01 4.919645636020193447e-01 7.205325416066481470e-01 -3.963606572404448913e-01 -2.858355366948991949e-01
1.305033555740084887e+09 7.509640832222408413e-02 -1.000270620869527560e+00 6.974896679924106335e-01 4.919645636020193447e-01 7.205325416066481470e-01 -3.963606572404448913e-01 -2.858355366948991949e-01
1.305033555776006937e+09 8.733318885540186649e-02 -9.978473487182901724e-01 6.963878637506216718e-01 4.948356727991668480e-01 7.202853776628788118e-01 -3.945082020812994417e-01 -2.840596946788132016e-01
1.305033555808005095e+09 8.733318885540186649e-02 -9.978473487182901724e-01 6.963878637506216718e-01 4.948356727991668480e-01 7.202853776628788118e-01 -3.945082020812994417e-01 -2.840596946788132016e-01
1.305033555839876890e+09 8.733318885540186649e-02 -9.978473487182901724e-01 6.963878637506216718e-01 4.948356727991668480e-01 7.202853776628788118e-01 -3.945082020812994417e-01 -2.840596946788132016e-01
1.305033555876036882e+09 8.733318885540186649e-02 -9.978473487182901724e-01 6.963878637506216718e-01 4.948356727991668480e-01 7.202853776628788118e-01 -3.945082020812994417e-01 -2.840596946788132016e-01
1.305033555908152103e+09 8.733318885540186649e-02 -9.978473487182901724e-01 6.963878637506216718e-01 4.948356727991668480e-01 7.202853776628788118e-01 -3.945082020812994417e-01 -2.840596946788132016e-01
1.305033555940116882e+09 8.733318885540186649e-02 -9.978473487182901724e-01 6.963878637506216718e-01 4.948356727991668480e-01 7.202853776628788118e-01 -3.945082020812994417e-01 -2.840596946788132016e-01
1.305033556040213108e+09 7.988901583272745022e-02 -9.905729514405920977e-01 6.950471068049642875e-01 5.061388895074222516e-01 7.139256978197594528e-01 -3.918034735694375659e-01 -2.839428826712965259e-01
1.305033556076013088e+09 7.988901583272745022e-02 -9.905729514405920977e-01 6.950471068049642875e-01 5.061388895074222516e-01 7.139256978197594528e-01 -3.918034735694375659e-01 -2.839428826712965259e-01
1.305033556108100891e+09 7.988901583272745022e-02 -9.905729514405920977e-01 6.950471068049642875e-01 5.061388895074222516e-01 7.139256978197594528e-01 -3.918034735694375659e-01 -2.839428826712965259e-01
1.305033556140059948e+09 7.988901583272745022e-02 -9.905729514405920977e-01 6.950471068049642875e-01 5.061388895074222516e-01 7.139256978197594528e-01 -3.918034735694375659e-01 -2.839428826712965259e-01
1.305033556176121950e+09 6.677214026823996562e-02 -9.873896000568774811e-01 6.980888623871800425e-01 5.139931132761554888e-01 7.105097375939719573e-01 -3.867901305814218649e-01 -2.852724788226810859e-01
1.305033556207982063e+09 6.677214026823996562e-02 -9.873896000568774811e-01 6.980888623871800425e-01 5.139931132761554888e-01 7.105097375939719573e-01 -3.867901305814218649e-01 -2.852724788226810859e-01
1.305033556239929914e+09 6.677214026823996562e-02 -9.873896000568774811e-01 6.980888623871800425e-01 5.139931132761554888e-01 7.105097375939719573e-01 -3.867901305814218649e-01 -2.852724788226810859e-01
1.305033556275993109e+09 5.599153418062963183e-02 -9.851311371220703439e-01 6.989061837391384868e-01 5.179693452168688816e-01 7.086542701515674558e-01 -3.842128500201165697e-01 -2.861771631192416843e-01
1.305033556307938099e+09 5.599153418062963183e-02 -9.851311371220703439e-01 6.989061837391384868e-01 5.179693452168688816e-01 7.086542701515674558e-01 -3.842128500201165697e-01 -2.861771631192416843e-01
1.305033556340038061e+09 4.162168547898215110e-02 -9.824748982821875920e-01 6.967803266505702142e-01 5.220296870913314624e-01 7.056014781301462868e-01 -3.839752660119009620e-01 -2.866610453950263482e-01
1.305033556375885963e+09 4.162168547898215110e-02 -9.824748982821875920e-01 6.967803266505702142e-01 5.220296870913314624e-01 7.056014781301462868e-01 -3.839752660119009620e-01 -2.866610453950263482e-01
1.305033556407970905e+09 2.446581750810916667e-02 -9.807829123672737737e-01 6.957059405283264608e-01 5.270371987606481401e-01 7.022310248308114566e-01 -3.810039760901491879e-01 -2.897228832714018876e-01
1.305033556439968109e+09 2.446581750810916667e-02 -9.807829123672737737e-01 6.957059405283264608e-01 5.270371987606481401e-01 7.022310248308114566e-01 -3.810039760901491879e-01 -2.897228832714018876e-01
1.305033556475858927e+09 6.087156444087193918e-03 -9.829729416821706423e-01 6.956422080940273256e-01 5.342838161406535669e-01 6.970374577382119075e-01 -3.777103852602309297e-01 -2.932822040059686608e-01
1.305033556507904053e+09 -4.342885213410196954e-03 -9.839877463107242761e-01 6.955935884549647730e-01 5.372487448203916438e-01 6.949844772304257789e-01 -3.766135348883511980e-01 -2.941472555312492632e-01
1.305033556540024996e+09 -1.487351074889375901e-02 -9.847938377900052886e-01 6.957463472639908719e-01 5.395469089047312261e-01 6.931049513182672150e-01 -3.754373415062883801e-01 -2.958740646831733989e-01
1.305033556575851917e+09 -2.603937978629589090e-02 -9.856853070343363221e-01 6.959297578362894088e-01 5.424029409947122016e-01 6.909815673279812165e-01 -3.740626433875136048e-01 -2.973561198885927848e-01
1.305033556607872009e+09 -3.742360793578125566e-02 -9.879507907096511943e-01 6.972808717673765200e-01 5.452995695123166175e-01 6.890378297728907420e-01 -3.725419773511128296e-01 -2.984756669192147327e-01
1.305033556640041113e+09 -5.075382466281563865e-02 -9.867638526089688167e-01 6.981379297885705881e-01 5.478846457039064921e-01 6.866585754697351884e-01 -3.717328770061502641e-01 -3.002283862137439807e-01
1.305033556675955057e+09 -6.217168476872769745e-02 -9.857992902447130223e-01 6.961378176193072642e-01 5.506313839655959663e-01 6.836366054035718509e-01 -3.703855361294161042e-01 -3.037443421210320182e-01
1.305033556707983017e+09 -7.236648357526487274e-02 -9.888601693060460329e-01 6.993907464434964139e-01 5.554010036859289290e-01 6.808315046126618419e-01 -3.664557727982653001e-01 -3.061182026837808157e-01
1.305033556739979982e+09 -8.437440275531460365e-02 -9.883570133364643073e-01 6.985254034974931470e-01 5.595424928390612118e-01 6.776607076480015701e-01 -3.651535151911335930e-01 -3.071661999000173116e-01
1.305033556775974035e+09 -9.792830835152699365e-02 -9.852482352113685060e-01 6.968768165058415454e-01 5.635993348915402379e-01 6.747793933389578669e-01 -3.634533689687401425e-01 -3.081074627791323128e-01
1.305033556808044910e+09 -1.123134233840175078e-01 -9.850329085589234479e-01 6.934774326775505759e-01 5.680721315954122552e-01 6.712008791299092225e-01 -3.598024958874183610e-01 -3.119705068000270254e-01
1.305033556839919090e+09 -1.263249957846919180e-01 -9.838538418827781351e-01 6.959157664795772025e-01 5.729594504805886057e-01 6.687061407518719580e-01 -3.551147843533855042e-01 -3.137563630579753848e-01
1.305033556876019001e+09 -1.400337431917453301e-01 -9.822916751579893191e-01 6.929832687444295036e-01 5.772836760161743630e-01 6.649725097040311006e-01 -3.525963845574345279e-01 -3.165926536421854731e-01
1.305033556907886982e+09 -1.547071934792052517e-01 -9.795336813165718137e-01 6.927215451055543927e-01 5.829563953051495329e-01 6.610474247727101682e-01 -3.494286463256682240e-01 -3.179272943633582593e-01
1.305033556939975023e+09 -1.691828309529339602e-01 -9.769991511788693739e-01 6.958250877141852753e-01 5.883581948975401543e-01 6.572549734055940229e-01 -3.457532345832862730e-01 -3.198518957356903947e-01
1.305033556975893021e+09 -1.831119696143213016e-01 -9.745033325738354790e-01 6.953723972069079107e-01 5.925966085854568188e-01 6.529692154849759955e-01 -3.429882514196246901e-01 -3.237584323381525464e-01
1.305033557007877111e+09 -1.945806416227620073e-01 -9.738069593289879755e-01 6.970827888856817589e-01 5.979734108182109820e-01 6.478247300930604080e-01 -3.397677093849212904e-01 -3.275802538212770898e-01
1.305033557040035009e+09 -2.062432922537398294e-01 -9.746484532614363427e-01 6.998127848501665138e-01 6.040820900551860939e-01 6.418668923732544496e-01 -3.368886722009390988e-01 -3.310554991120783774e-01
1.305033557075946093e+09 -2.062432922537398294e-01 -9.746484532614363427e-01 6.998127848501665138e-01 6.040820900551860939e-01 6.418668923732544496e-01 -3.368886722009390988e-01 -3.310554991120783774e-01
1.305033557207974911e+09 -2.632198067599440527e-01 -9.715353443471524963e-01 7.043397776089810325e-01 -6.248845733666882341e-01 -6.195235698564572902e-01 3.280385487020393009e-01 3.436575721937506489e-01
1.305033557240011930e+09 -2.730644038422596065e-01 -9.733396712287318842e-01 7.054159046634210783e-01 -6.284577764001696432e-01 -6.150652458279473045e-01 3.264581437384938556e-01 3.466419579964001296e-01
1.305033557276050091e+09 -2.834448351095246732e-01 -9.747635728798531574e-01 7.068749544419916653e-01 -6.312432995931389623e-01 -6.113146392422347253e-01 3.265967868353063519e-01 3.480816677099736189e-01
1.305033557307888985e+09 -2.935471502509234831e-01 -9.740779045632023125e-01 7.075170291669998779e-01 -6.329782838899636888e-01 -6.085719000629403741e-01 3.273637236429964847e-01 3.490153678852706554e-01
1.305033557340044975e+09 -3.031686688805019791e-01 -9.708059868926441904e-01 7.085144670601327688e-01 -6.346623553470888135e-01 -6.061131164362866253e-01 3.280252104042191141e-01 3.496141389138113231e-01
1.305033557376085997e+09 -3.031686688805019791e-01 -9.708059868926441904e-01 7.085144670601327688e-01 -6.346623553470888135e-01 -6.061131164362866253e-01 3.280252104042191141e-01 3.496141389138113231e-01
1.305033557408417940e+09 -3.031686688805019791e-01 -9.708059868926441904e-01 7.085144670601327688e-01 -6.346623553470888135e-01 -6.061131164362866253e-01 3.280252104042191141e-01 3.496141389138113231e-01
1.305033557440157890e+09 -3.210730536385937306e-01 -9.715931244713356119e-01 7.054949268612455970e-01 -6.404078223770719447e-01 -6.001496043525690327e-01 3.267231963962750618e-01 3.506425906394038949e-01
1.305033557476006985e+09 -3.210730536385937306e-01 -9.715931244713356119e-01 7.054949268612455970e-01 -6.404078223770719447e-01 -6.001496043525690327e-01 3.267231963962750618e-01 3.506425906394038949e-01
1.305033557508956909e+09 -3.405439794577145296e-01 -9.685055822583303886e-01 7.019211591152691998e-01 -6.438825535852230608e-01 -5.975092848569596438e-01 3.236923588406765973e-01 3.515980212209046663e-01
1.305033557540147066e+09 -3.520689628137587679e-01 -9.688277225504248191e-01 7.023249421883559496e-01 -6.467457060577879169e-01 -5.962031299909593685e-01 3.199820298909936134e-01 3.519564178014596978e-01
1.305033557576010942e+09 -3.643428601941598455e-01 -9.692530351129312605e-01 6.995474023420762411e-01 -6.491767397175051135e-01 -5.938962177765448880e-01 3.178583519479539765e-01 3.533028604715732213e-01
1.305033557608076096e+09 -3.760384079194776241e-01 -9.645564405504627459e-01 6.954710885789791019e-01 -6.518234276997734167e-01 -5.913631472876323958e-01 3.180159787979256469e-01 3.525360752617831550e-01
1.305033557640067101e+09 -3.879485904496622339e-01 -9.588293893668923262e-01 6.912138347084321177e-01 -6.544690307549391184e-01 -5.886498903272128214e-01 3.169653624842286854e-01 3.531211596402748509e-01
1.305033557675920963e+09 -3.987388691055036016e-01 -9.575142200437737339e-01 6.906078523299059579e-01 -6.581657110743327488e-01 -5.855386552153323265e-01 3.135157062192919786e-01 3.545000450894990052e-01
1.305033557708017111e+09 -4.104540676880283900e-01 -9.568339750050396386e-01 6.907721943710444235e-01 -6.608416417361738793e-01 -5.840283408607689353e-01 3.110277940380350437e-01 3.542046484092066239e-01
1.305033557739933968e+09 -4.205778347143744877e-01 -9.497976851196472392e-01 6.889505737606124169e-01 -6.622738807423222962e-01 -5.827074584523870282e-01 3.109143955039767593e-01 3.538044140748679567e-01
1.305033557775893927e+09 -4.303961270046841037e-01 -9.443780841441040685e-01 6.892777093161749358e-01 -6.643280020198111258e-01 -5.817678061567468362e-01 3.076295978777312534e-01 3.543706477143910849e-01
1.305033557807892084e+09 -4.407952331813322910e-01 -9.418420914487358742e-01 6.855607449651663909e-01 -6.668217640405983415e-01 -5.795532880221782035e-01 3.046885176484854241e-01 3.558533807028330109e-01
1.305033557839884043e+09 -4.493361553152668275e-01 -9.350041692413495475e-01 6.890289722709816989e-01 -6.689270361110319918e-01 -5.795033085993754884e-01 3.020133405260560511e-01 3.542604660788155058e-01
1.305033557875991106e+09 -4.594500506532135375e-01 -9.304976119185137673e-01 6.881829664588859918e-01 -6.715246617354538872e-01 -5.772502283422750180e-01 2.989884628970339020e-01 3.555878254585560505e-01
1.305033557908090115e+09 -4.699641574171378178e-01 -9.253054675717014010e-01 6.855364754900612478e-01 -6.748059589009322012e-01 -5.738877073530643802e-01 2.968834725420803067e-01 3.565810159167096538e-01
1.305033557940083981e+09 -4.795023289646909159e-01 -9.203721925737398113e-01 6.845850011995451290e-01 -6.789040650863401583e-01 -5.700457841725452557e-01 2.948936818646396563e-01 3.566157466414894284e-01
1.305033557976015091e+09 -4.882945994146654645e-01 -9.125794861385838619e-01 6.856019080532519405e-01 -6.835878533721582162e-01 -5.662342992972890787e-01 2.929143668559511804e-01 3.553695804521400103e-01
1.305033558008090973e+09 -4.983016324799118824e-01 -9.072949713074200950e-01 6.844992664503852797e-01 -6.883142196898739407e-01 -5.614601640222012247e-01 2.902844181512385102e-01 3.559788979244131180e-01
1.305033558039891958e+09 -5.077261187417805299e-01 -9.015541116139343947e-01 6.870435344355680929e-01 -6.930509593915455957e-01 -5.580923081368718286e-01 2.863714457948935421e-01 3.552530623629576167e-01
1.305033558075871944e+09 -5.191835673433631282e-01 -8.960819690826707928e-01 6.888693971253381232e-01 -6.975092421478243931e-01 -5.540632107787524241e-01 2.827245663575815304e-01 3.557550212686038105e-01
1.305033558108006954e+09 -5.288945603179409094e-01 -8.910492102355336286e-01 6.861237444174876909e-01 -7.011458415662584764e-01 -5.490249904447763729e-01 2.812168283909541322e-01 3.576075560599759617e-01
1.305033558139982939e+09 -5.395879447147231556e-01 -8.853120739604205536e-01 6.880229547632470410e-01 -7.052087987027714222e-01 -5.451285566353788470e-01 2.777881283919887978e-01 3.582585137820155641e-01
1.305033558175960064e+09 -5.395879447147231556e-01 -8.853120739604205536e-01 6.880229547632470410e-01 -7.052087987027714222e-01 -5.451285566353788470e-01 2.777881283919887978e-01 3.582585137820155641e-01
1.305033558207948923e+09 -5.570390271357970047e-01 -8.715821736432922684e-01 6.895243623954656620e-01 -7.131770404032534705e-01 -5.350558237529325911e-01 2.734369109424056865e-01 3.610069670297266775e-01
1.305033558576013088e+09 -6.231165354408110257e-01 -7.819301952731814165e-01 6.930815112392774147e-01 -7.553566945710979974e-01 -4.687205993995169906e-01 2.432056325489456716e-01 3.880570627648073923e-01
1.305033558608046055e+09 -6.267183803232276862e-01 -7.714060184351433369e-01 6.900990281677695792e-01 -7.587532172456014079e-01 -4.611752974313795828e-01 2.418277640031005482e-01 3.913185823798667751e-01
1.305033558640091896e+09 -6.298357942616930050e-01 -7.588047456239124244e-01 6.935673945168949750e-01 -7.623036117385092458e-01 -4.560322743948845847e-01 2.387557527263398649e-01 3.923308027426999911e-01
1.305033558676023006e+09 -6.298357942616930050e-01 -7.588047456239124244e-01 6.935673945168949750e-01 -7.623036117385092458e-01 -4.560322743948845847e-01 2.387557527263398649e-01 3.923308027426999911e-01
1.305033558708029985e+09 -6.366894383166543658e-01 -7.410170820889825372e-01 6.955674730510081893e-01 -7.678855992675467368e-01 -4.441892315129647995e-01 2.303360531758357754e-01 3.999911694685533980e-01
1.305033558740101099e+09 -6.389504140525341658e-01 -7.306730444193698659e-01 6.951012611985604162e-01 -7.712826518393629538e-01 -4.362724935309123531e-01 2.273179576022525961e-01 4.038761301581224039e-01
1.305033558776016951e+09 -6.389504140525341658e-01 -7.306730444193698659e-01 6.951012611985604162e-01 -7.712826518393629538e-01 -4.362724935309123531e-01 2.273179576022525961e-01 4.038761301581224039e-01
1.305033558807982922e+09 -6.437989827636114715e-01 -7.148948536150072641e-01 6.979042349116069133e-01 -7.814649486876732443e-01 -4.161353616086789220e-01 2.194234238059786790e-01 4.098746831369899368e-01
1.305033558839870930e+09 -6.459035418176111154e-01 -7.049937292176203796e-01 6.982693022490047419e-01 -7.874766894664398942e-01 -4.041915782236080723e-01 2.166798687427090031e-01 4.117759902200801569e-01
1.305033558876550913e+09 -6.459035418176111154e-01 -7.049937292176203796e-01 6.982693022490047419e-01 -7.874766894664398942e-01 -4.041915782236080723e-01 2.166798687427090031e-01 4.117759902200801569e-01
1.305033558908104897e+09 -6.483181981386378911e-01 -6.937806284899392661e-01 6.984254930507201031e-01 -7.929562116858935861e-01 -3.920329323620856399e-01 2.152814342211498144e-01 4.137445230719379863e-01
1.305033558939966917e+09 -6.483181981386378911e-01 -6.937806284899392661e-01 6.984254930507201031e-01 -7.929562116858935861e-01 -3.920329323620856399e-01 2.152814342211498144e-01 4.137445230719379863e-01
1.305033558976272106e+09 -6.508733708159020193e-01 -6.822680063298247610e-01 7.048319836380175785e-01 -7.981411543132037600e-01 -3.781192142331422090e-01 2.072729637254858703e-01 4.207546507499961286e-01
1.305033559007999897e+09 -6.508733708159020193e-01 -6.822680063298247610e-01 7.048319836380175785e-01 -7.981411543132037600e-01 -3.781192142331422090e-01 2.072729637254858703e-01 4.207546507499961286e-01
1.305033559040381908e+09 -6.529477224843496241e-01 -6.702270309161466599e-01 7.039837144436117411e-01 -8.001698136953375728e-01 -3.695143963225413497e-01 1.997636701933789838e-01 4.281143027650763377e-01
1.305033559076769114e+09 -6.529477224843496241e-01 -6.702270309161466599e-01 7.039837144436117411e-01 -8.001698136953375728e-01 -3.695143963225413497e-01 1.997636701933789838e-01 4.281143027650763377e-01
1.305033559109646082e+09 -6.549784110409386795e-01 -6.554434294632097702e-01 7.065544545095107098e-01 -8.009413781736671734e-01 -3.628231333097263756e-01 1.945730266750891613e-01 4.347339645749734860e-01
1.305033559139919996e+09 -6.549784110409386795e-01 -6.554434294632097702e-01 7.065544545095107098e-01 -8.009413781736671734e-01 -3.628231333097263756e-01 1.945730266750891613e-01 4.347339645749734860e-01
1.305033559175997019e+09 -6.549784110409386795e-01 -6.554434294632097702e-01 7.065544545095107098e-01 -8.009413781736671734e-01 -3.628231333097263756e-01 1.945730266750891613e-01 4.347339645749734860e-01
1.305033559208039999e+09 -6.554429277194422365e-01 -6.389309401833560553e-01 7.059108872386675726e-01 -8.035042433572650022e-01 -3.477474337193652287e-01 1.875201740323211574e-01 4.452963480417873599e-01
1.305033559239862919e+09 -6.554429277194422365e-01 -6.389309401833560553e-01 7.059108872386675726e-01 -8.035042433572650022e-01 -3.477474337193652287e-01 1.875201740323211574e-01 4.452963480417873599e-01
1.305033559276036978e+09 -6.554429277194422365e-01 -6.389309401833560553e-01 7.059108872386675726e-01 -8.035042433572650022e-01 -3.477474337193652287e-01 1.875201740323211574e-01 4.452963480417873599e-01
1.305033559307898045e+09 -6.554429277194422365e-01 -6.389309401833560553e-01 7.059108872386675726e-01 -8.035042433572650022e-01 -3.477474337193652287e-01 1.875201740323211574e-01 4.452963480417873599e-01
1.305033559340097904e+09 -6.554429277194422365e-01 -6.389309401833560553e-01 7.059108872386675726e-01 -8.035042433572650022e-01 -3.477474337193652287e-01 1.875201740323211574e-01 4.452963480417873599e-01
1.305033559375961065e+09 -6.554429277194422365e-01 -6.389309401833560553e-01 7.059108872386675726e-01 -8.035042433572650022e-01 -3.477474337193652287e-01 1.875201740323211574e-01 4.452963480417873599e-01
1.305033559407979012e+09 -6.554429277194422365e-01 -6.389309401833560553e-01 7.059108872386675726e-01 -8.035042433572650022e-01 -3.477474337193652287e-01 1.875201740323211574e-01 4.452963480417873599e-01
1.305033559440041065e+09 -6.554429277194422365e-01 -6.389309401833560553e-01 7.059108872386675726e-01 -8.035042433572650022e-01 -3.477474337193652287e-01 1.875201740323211574e-01 4.452963480417873599e-01
1.305033559476020098e+09 -6.554429277194422365e-01 -6.389309401833560553e-01 7.059108872386675726e-01 -8.035042433572650022e-01 -3.477474337193652287e-01 1.875201740323211574e-01 4.452963480417873599e-01
1.305033559507931948e+09 -6.554429277194422365e-01 -6.389309401833560553e-01 7.059108872386675726e-01 -8.035042433572650022e-01 -3.477474337193652287e-01 1.875201740323211574e-01 4.452963480417873599e-01
1.305033559776010990e+09 -6.233620258459329211e-01 -6.826216541465884857e-01 6.959394969452512569e-01 -8.073909841905896334e-01 -3.643705981356757384e-01 1.951236308912063511e-01 4.210470692569100448e-01
1.305033559808037996e+09 -6.233620258459329211e-01 -6.826216541465884857e-01 6.959394969452512569e-01 -8.073909841905896334e-01 -3.643705981356757384e-01 1.951236308912063511e-01 4.210470692569100448e-01
1.305033559840056896e+09 -6.133136443897753143e-01 -6.966068780072638411e-01 6.958560135987554851e-01 -8.072480284431596820e-01 -3.700103922226099518e-01 1.972633237048809773e-01 4.153674413610257687e-01
1.305033559875881910e+09 -6.133136443897753143e-01 -6.966068780072638411e-01 6.958560135987554851e-01 -8.072480284431596820e-01 -3.700103922226099518e-01 1.972633237048809773e-01 4.153674413610257687e-01
1.305033559908072948e+09 -6.017070777723925179e-01 -7.108530907786116959e-01 6.962611151633641970e-01 -8.036162626607030735e-01 -3.817371071982255115e-01 2.008402373183824363e-01 4.100498536142530570e-01
1.305033559940078974e+09 -6.017070777723925179e-01 -7.108530907786116959e-01 6.962611151633641970e-01 -8.036162626607030735e-01 -3.817371071982255115e-01 2.008402373183824363e-01 4.100498536142530570e-01
1.305033559976032972e+09 -5.884179851303203979e-01 -7.249750198294144798e-01 6.950050287998867926e-01 -7.986055251194675852e-01 -3.944557872660840459e-01 2.038134050707763878e-01 4.063175396834461939e-01
1.305033560008053064e+09 -5.884179851303203979e-01 -7.249750198294144798e-01 6.950050287998867926e-01 -7.986055251194675852e-01 -3.944557872660840459e-01 2.038134050707763878e-01 4.063175396834461939e-01
1.305033560040021896e+09 -5.884179851303203979e-01 -7.249750198294144798e-01 6.950050287998867926e-01 -7.986055251194675852e-01 -3.944557872660840459e-01 2.038134050707763878e-01 4.063175396834461939e-01
1.305033560076066017e+09 -5.749489731549879412e-01 -7.395867095100630006e-01 6.947176567300895611e-01 -7.959594863299691569e-01 -4.049507888040561054e-01 2.063976124217211106e-01 3.998291889731381832e-01
1.305033560107877970e+09 -5.674978604742657584e-01 -7.468244489409099351e-01 6.945548216615575754e-01 -7.934723846265290259e-01 -4.118123410992576838e-01 2.082803541511286383e-01 3.967763408119470703e-01
1.305033560139985085e+09 -5.601059885754338108e-01 -7.547438352005908513e-01 6.949666599153000446e-01 -7.899786108836311938e-01 -4.198209212514292243e-01 2.103083327413030335e-01 3.942773054660171361e-01
1.305033560175952911e+09 -5.529625692623951760e-01 -7.622701779420945067e-01 6.930517178344148821e-01 -7.856726136943414929e-01 -4.279584789911862752e-01 2.130734116224487495e-01 3.926446301808075301e-01
1.305033560207885027e+09 -5.449189259995306234e-01 -7.703394963238248128e-01 6.902701009661176279e-01 -7.810579602917410158e-01 -4.353825956824228793e-01 2.157150578389822604e-01 3.922466977085535822e-01
1.305033560240149021e+09 -5.354404879063594525e-01 -7.780500227883155873e-01 6.910366579723584701e-01 -7.771011481571795665e-01 -4.432794945398957909e-01 2.181833261645638178e-01 3.898886141412891693e-01
1.305033560275875092e+09 -5.265060652909403505e-01 -7.854858575029143308e-01 6.920905125431171534e-01 -7.734204449740417209e-01 -4.510299653177833878e-01 2.208843440683611881e-01 3.867853309357586200e-01
1.305033560308068037e+09 -5.156033517006679556e-01 -7.906069862993128083e-01 6.931414608775807729e-01 -7.695911557178420903e-01 -4.586192146743675035e-01 2.247562942455593182e-01 3.832524979296890733e-01
1.305033560340794086e+09 -5.073829504829383552e-01 -7.988905320334761528e-01 6.946791088478962983e-01 -7.658253768486072977e-01 -4.664886076419169081e-01 2.267556114060540473e-01 3.801075687366156641e-01
1.305033560376140118e+09 -4.962226060529872917e-01 -8.099189649438787164e-01 6.968608792537930308e-01 -7.614205545499996841e-01 -4.739909506163529906e-01 2.304583321939519258e-01 3.774391010016834302e-01
1.305033560408222914e+09 -4.866815430744149129e-01 -8.193548819995132293e-01 7.004690574594176766e-01 -7.566478972606360820e-01 -4.827653208875127833e-01 2.334389309879836283e-01 3.740693385171016683e-01
1.305033560440133095e+09 -4.754497049466275271e-01 -8.300108916208324139e-01 7.013039611800830908e-01 -7.502758077927628166e-01 -4.917598299971071008e-01 2.374368156642262806e-01 3.726690762719196970e-01
1.305033560476175070e+09 -4.626205029252177248e-01 -8.391698290228448709e-01 7.033202912114159266e-01 -7.445530319541222575e-01 -4.994417420504290162e-01 2.419359812436939761e-01 3.710333002376033917e-01
1.305033560508009911e+09 -4.489672257336656536e-01 -8.502371801658950012e-01 7.040192325853122934e-01 -7.407394128794436705e-01 -5.041581623563116121e-01 2.475437330734731323e-01 3.685807506538736900e-01
1.305033560540071011e+09 -4.372002677831412498e-01 -8.617042605519420473e-01 7.059231425925186487e-01 -7.373273422866545301e-01 -5.088937968829190250e-01 2.526312391543070746e-01 3.654489715595652388e-01
1.305033560576121092e+09 -4.227066398728129837e-01 -8.665566364364920560e-01 7.117750472435023790e-01 -7.321785390108171976e-01 -5.170482880624513999e-01 2.579735326997988354e-01 3.605902262264735203e-01
1.305033560608124018e+09 -4.086847433987015332e-01 -8.727452265067776604e-01 7.160008441269973822e-01 -7.263374027268619804e-01 -5.253166508653150935e-01 2.623603169165338311e-01 3.572722460968675851e-01
1.305033560640090942e+09 -3.954400435675344827e-01 -8.807801103936656606e-01 7.177883806150677781e-01 -7.215175238627815624e-01 -5.310886959837501919e-01 2.660820718246088012e-01 3.557493370488886697e-01
1.305033560676023960e+09 -3.814604808516410817e-01 -8.875822119647860386e-01 7.199388095744587712e-01 -7.165705351271545176e-01 -5.375534667061144800e-01 2.707409201015404387e-01 3.525085712467045385e-01
1.305033560708281994e+09 -3.696499453876416208e-01 -8.943808213618729130e-01 7.228377915177982560e-01 -7.116624302574706684e-01 -5.440220825913304470e-01 2.741690478554234534e-01 3.498683927008451322e-01
1.305033560740039110e+09 -3.574765942140578634e-01 -9.040937706567432341e-01 7.258960491593576814e-01 -7.071850430351657169e-01 -5.498047636958723894e-01 2.770419522321705408e-01 3.476374453767378525e-01
1.305033560776129961e+09 -3.458974858679479958e-01 -9.123334344640352533e-01 7.285215413434884546e-01 -7.019368751040733212e-01 -5.561156816810294279e-01 2.814917501147080059e-01 3.446481779654890776e-01
1.305033560808007002e+09 -3.336056223522649855e-01 -9.182526457062795133e-01 7.293937190989113750e-01 -6.967603218996573089e-01 -5.619523343167152074e-01 2.854912281307731003e-01 3.423877720402168090e-01
1.305033560840109110e+09 -3.217883040665605598e-01 -9.249311833480607925e-01 7.274490733202533255e-01 -6.928587307494609160e-01 -5.650736934334313899e-01 2.898914223165102166e-01 3.414695645018119841e-01
1.305033561075980902e+09 -2.371528086657503920e-01 -9.731802282130350701e-01 7.248088177359831574e-01 -6.751356941784333321e-01 -5.978145659975327986e-01 2.931444146375678517e-01 3.176096523945457495e-01
1.305033561108011007e+09 -2.234860325783867285e-01 -9.789469794356169263e-01 7.216838062754288297e-01 -6.682801077481355101e-01 -6.048025132679668570e-01 2.956786421702778389e-01 3.165276577129276792e-01
1.305033561175991058e+09 -2.001277137082875246e-01 -9.923912509837328200e-01 7.229219266227869811e-01 -6.585787520682349072e-01 -6.187598107557266136e-01 2.994756426516272385e-01 3.061448405186316113e-01
1.305033561207947016e+09 -2.001277137082875246e-01 -9.923912509837328200e-01 7.229219266227869811e-01 -6.585787520682349072e-01 -6.187598107557266136e-01 2.994756426516272385e-01 3.061448405186316113e-01
1.305033561244096041e+09 -1.783929645855002466e-01 -9.991433737179072905e-01 7.236787203919831102e-01 6.453310363829525276e-01 6.323672795464561069e-01 -3.063189779872150242e-01 -2.997134647705815835e-01
1.305033561276017904e+09 -1.674838310310080569e-01 -1.008922484573526512e+00 7.251571600370586568e-01 6.418721673045105769e-01 6.373673183316781454e-01 -3.071253679240907308e-01 -2.956975325226566254e-01
1.305033561308037996e+09 -1.604443784587692434e-01 -1.014992712943009634e+00 7.309099020861176133e-01 6.372802561627336493e-01 6.443311501222802606e-01 -3.082076433401881865e-01 -2.893428635269017501e-01
1.305033561344315052e+09 -1.540800393570007643e-01 -1.022857309629823019e+00 7.348138550951666126e-01 6.328403491402081471e-01 6.487170197908828095e-01 -3.101720800434028535e-01 -2.871804336915795286e-01
1.305033561376023054e+09 -1.540800393570007643e-01 -1.022857309629823019e+00 7.348138550951666126e-01 6.328403491402081471e-01 6.487170197908828095e-01 -3.101720800434028535e-01 -2.871804336915795286e-01
1.305033561408071041e+09 -1.423542069443510805e-01 -1.028791583264399234e+00 7.376918251972064411e-01 6.187801434405850731e-01 6.591865500828471003e-01 -3.212394711295243344e-01 -2.817612969553248692e-01
1.305033561444166899e+09 -1.345320263259079940e-01 -1.038038050103606391e+00 7.403921705747766868e-01 6.150307049423903161e-01 6.613896089414476043e-01 -3.235809149365869719e-01 -2.821283549222707854e-01
1.305033561475883007e+09 -1.345320263259079940e-01 -1.038038050103606391e+00 7.403921705747766868e-01 6.150307049423903161e-01 6.613896089414476043e-01 -3.235809149365869719e-01 -2.821283549222707854e-01
1.305033561508996964e+09 -1.233816168237098498e-01 -1.039222096704823350e+00 7.375609584939617491e-01 6.064786837800252295e-01 6.653157654755722517e-01 -3.363069255886620423e-01 -2.764709571206416250e-01
1.305033561544442892e+09 -1.233816168237098498e-01 -1.039222096704823350e+00 7.375609584939617491e-01 6.064786837800252295e-01 6.653157654755722517e-01 -3.363069255886620423e-01 -2.764709571206416250e-01
1.305033561576172113e+09 -1.150048078112453354e-01 -1.047811094891255568e+00 7.401115914541432916e-01 6.022278996312506738e-01 6.674388934643071813e-01 -3.416840626663480984e-01 -2.740417517764267008e-01
1.305033561608227968e+09 -1.150048078112453354e-01 -1.047811094891255568e+00 7.401115914541432916e-01 6.022278996312506738e-01 6.674388934643071813e-01 -3.416840626663480984e-01 -2.740417517764267008e-01
1.305033561643843889e+09 -1.150048078112453354e-01 -1.047811094891255568e+00 7.401115914541432916e-01 6.022278996312506738e-01 6.674388934643071813e-01 -3.416840626663480984e-01 -2.740417517764267008e-01
1.305033561676177025e+09 -1.037010163459797241e-01 -1.051548767478280411e+00 7.416491301468711717e-01 5.956301213007026973e-01 6.694729127301752847e-01 -3.498937171387906386e-01 -2.731394596660928764e-01
1.305033561708200932e+09 -9.423016211331258773e-02 -1.058039225708868658e+00 7.410797420713329808e-01 5.922357289950201942e-01 6.697983881695053210e-01 -3.549652420667538943e-01 -2.731787646061836217e-01
1.305033561744330883e+09 -9.423016211331258773e-02 -1.058039225708868658e+00 7.410797420713329808e-01 5.922357289950201942e-01 6.697983881695053210e-01 -3.549652420667538943e-01 -2.731787646061836217e-01
1.305033561776129961e+09 -8.312474138642489407e-02 -1.059656393411975817e+00 7.404920993802877049e-01 5.823736417384643982e-01 6.759551122337401630e-01 -3.637371526217823003e-01 -2.676208352426036052e-01
1.305033561808115005e+09 -8.312474138642489407e-02 -1.059656393411975817e+00 7.404920993802877049e-01 5.823736417384643982e-01 6.759551122337401630e-01 -3.637371526217823003e-01 -2.676208352426036052e-01
1.305033561843975067e+09 -6.686614816458225086e-02 -1.063103643951529342e+00 7.426225906174377389e-01 5.718542421696777289e-01 6.804239112283776425e-01 -3.725432130511577844e-01 -2.668662233231100522e-01
1.305033561876179934e+09 -6.686614816458225086e-02 -1.063103643951529342e+00 7.426225906174377389e-01 5.718542421696777289e-01 6.804239112283776425e-01 -3.725432130511577844e-01 -2.668662233231100522e-01
1.305033561908054113e+09 -5.289876720779385089e-02 -1.067453893732085879e+00 7.452609427105344464e-01 5.670171498499620988e-01 6.824887340272044467e-01 -3.774308689253956239e-01 -2.650407872086674721e-01
1.305033561944175005e+09 -5.289876720779385089e-02 -1.067453893732085879e+00 7.452609427105344464e-01 5.670171498499620988e-01 6.824887340272044467e-01 -3.774308689253956239e-01 -2.650407872086674721e-01
1.305033561976031065e+09 -4.140031750350559037e-02 -1.070470958019652752e+00 7.530768864896095760e-01 5.632708609537286915e-01 6.858014321248638856e-01 -3.792348584443996362e-01 -2.618840488395334232e-01
1.305033562008339882e+09 -4.140031750350559037e-02 -1.070470958019652752e+00 7.530768864896095760e-01 5.632708609537286915e-01 6.858014321248638856e-01 -3.792348584443996362e-01 -2.618840488395334232e-01
1.305033562043859005e+09 -3.613792438313767619e-02 -1.073996685397109463e+00 7.617151858345756477e-01 5.615039137631063770e-01 6.864655031561516241e-01 -3.826789564800822108e-01 -2.589117302723095149e-01
1.305033562408174038e+09 -3.415273154878661899e-04 -1.092782395578842713e+00 8.442046670218595894e-01 5.291715418662268355e-01 6.820815733719287621e-01 -4.300223590615428471e-01 -2.642403777860982683e-01
1.305033562444036961e+09 -3.415273154878661899e-04 -1.092782395578842713e+00 8.442046670218595894e-01 5.291715418662268355e-01 6.820815733719287621e-01 -4.300223590615428471e-01 -2.642403777860982683e-01
1.305033562476159096e+09 -3.415273154878661899e-04 -1.092782395578842713e+00 8.442046670218595894e-01 5.291715418662268355e-01 6.820815733719287621e-01 -4.300223590615428471e-01 -2.642403777860982683e-01
1.305033562508225918e+09 -3.415273154878661899e-04 -1.092782395578842713e+00 8.442046670218595894e-01 5.291715418662268355e-01 6.820815733719287621e-01 -4.300223590615428471e-01 -2.642403777860982683e-01
1.305033562544074059e+09 9.627217661464904097e-03 -1.092554586212146184e+00 8.529523746891997105e-01 5.193236896417359194e-01 6.841067449087644414e-01 -4.361836214149150681e-01 -2.684114665147500078e-01
1.305033562575998068e+09 9.627217661464904097e-03 -1.092554586212146184e+00 8.529523746891997105e-01 5.193236896417359194e-01 6.841067449087644414e-01 -4.361836214149150681e-01 -2.684114665147500078e-01
1.305033562608171940e+09 9.627217661464904097e-03 -1.092554586212146184e+00 8.529523746891997105e-01 5.193236896417359194e-01 6.841067449087644414e-01 -4.361836214149150681e-01 -2.684114665147500078e-01
1.305033562643989086e+09 2.064477117211316326e-02 -1.093510983806912584e+00 8.603108180382879056e-01 5.178872162503235232e-01 6.839723204562422332e-01 -4.381027221513139613e-01 -2.684039883045753472e-01
1.305033562676122904e+09 2.064477117211316326e-02 -1.093510983806912584e+00 8.603108180382879056e-01 5.178872162503235232e-01 6.839723204562422332e-01 -4.381027221513139613e-01 -2.684039883045753472e-01
1.305033562709352970e+09 2.064477117211316326e-02 -1.093510983806912584e+00 8.603108180382879056e-01 5.178872162503235232e-01 6.839723204562422332e-01 -4.381027221513139613e-01 -2.684039883045753472e-01
1.305033562744034052e+09 2.064477117211316326e-02 -1.093510983806912584e+00 8.603108180382879056e-01 5.178872162503235232e-01 6.839723204562422332e-01 -4.381027221513139613e-01 -2.684039883045753472e-01
1.305033562775949001e+09 3.017177778230673013e-02 -1.090261060144092964e+00 8.583762760615070153e-01 5.127265865957566504e-01 6.842347706624484216e-01 -4.413579936414306903e-01 -2.722817428017921260e-01
1.305033562808427095e+09 3.017177778230673013e-02 -1.090261060144092964e+00 8.583762760615070153e-01 5.127265865957566504e-01 6.842347706624484216e-01 -4.413579936414306903e-01 -2.722817428017921260e-01
1.305033562844181061e+09 3.816756995399606112e-02 -1.085955257534878537e+00 8.523026442418770721e-01 5.154784449413254421e-01 6.807506394555560281e-01 -4.440070281879466840e-01 -2.715111390006538228e-01
1.305033562876075983e+09 3.816756995399606112e-02 -1.085955257534878537e+00 8.523026442418770721e-01 5.154784449413254421e-01 6.807506394555560281e-01 -4.440070281879466840e-01 -2.715111390006538228e-01
1.305033562907917976e+09 4.398084237372756888e-02 -1.077586568234794484e+00 8.461299843308099922e-01 5.194465350696912953e-01 6.788471031125409283e-01 -4.404671824366132027e-01 -2.744641488357897341e-01
1.305033562943994999e+09 4.398084237372756888e-02 -1.077586568234794484e+00 8.461299843308099922e-01 5.194465350696912953e-01 6.788471031125409283e-01 -4.404671824366132027e-01 -2.744641488357897341e-01
1.305033562975903988e+09 5.518048571108979949e-02 -1.080758235992070215e+00 8.461723247122178160e-01 5.262327435855240765e-01 6.760120251217341947e-01 -4.366148875919390604e-01 -2.746894271761153306e-01
1.305033563008047104e+09 5.518048571108979949e-02 -1.080758235992070215e+00 8.461723247122178160e-01 5.262327435855240765e-01 6.760120251217341947e-01 -4.366148875919390604e-01 -2.746894271761153306e-01
1.305033563044009924e+09 5.518048571108979949e-02 -1.080758235992070215e+00 8.461723247122178160e-01 5.262327435855240765e-01 6.760120251217341947e-01 -4.366148875919390604e-01 -2.746894271761153306e-01
1.305033563075835943e+09 6.938180723045173082e-02 -1.079946843057351780e+00 8.441739529950167409e-01 5.274617575433651062e-01 6.770830261250015969e-01 -4.339915919573555381e-01 -2.738502659721096522e-01
1.305033563108021021e+09 6.938180723045173082e-02 -1.079946843057351780e+00 8.441739529950167409e-01 5.274617575433651062e-01 6.770830261250015969e-01 -4.339915919573555381e-01 -2.738502659721096522e-01
1.305033563143879890e+09 7.584753276802880251e-02 -1.069596597871693033e+00 8.402173496276010844e-01 5.248325075571576015e-01 6.806409100786700028e-01 -4.314059474988360954e-01 -2.741672828788612182e-01
1.305033563175944090e+09 7.584753276802880251e-02 -1.069596597871693033e+00 8.402173496276010844e-01 5.248325075571576015e-01 6.806409100786700028e-01 -4.314059474988360954e-01 -2.741672828788612182e-01
1.305033563208079100e+09 7.584753276802880251e-02 -1.069596597871693033e+00 8.402173496276010844e-01 5.248325075571576015e-01 6.806409100786700028e-01 -4.314059474988360954e-01 -2.741672828788612182e-01
1.305033563243967056e+09 9.149477377812487155e-02 -1.060593836265011802e+00 8.393345684133663998e-01 5.301597293982442949e-01 6.772609137415148695e-01 -4.281368813682071561e-01 -2.773934513551006287e-01
1.305033563276047945e+09 9.843238439425805453e-02 -1.052001469806206346e+00 8.318140071640570676e-01 5.314749236200740912e-01 6.751978257752522250e-01 -4.284628251646963593e-01 -2.793956139299535457e-01
1.305033563308044910e+09 1.052718347729260095e-01 -1.040550112425028928e+00 8.286870161681283431e-01 5.342303980771132554e-01 6.744869216446620630e-01 -4.243638425139424353e-01 -2.821003429056380685e-01
1.305033563343985081e+09 1.179814661760389960e-01 -1.038919859377998911e+00 8.186919284627574012e-01 5.383799813650789190e-01 6.710811764585425943e-01 -4.188740099844829867e-01 -2.904162771400305987e-01
1.305033563376120090e+09 1.276125653542758975e-01 -1.033289674148610393e+00 8.144826258609257907e-01 5.444016984285914296e-01 6.691632647792462585e-01 -4.131907152792217985e-01 -2.917546034342741734e-01
1.305033563407991886e+09 1.361060602435173461e-01 -1.026097838196996292e+00 8.091839906839796148e-01 5.506863095969212196e-01 6.660174604647713936e-01 -4.088385284802166231e-01 -2.932855066461885207e-01
1.305033563443962097e+09 1.459346934957348463e-01 -1.019603732281023190e+00 8.099401313266770819e-01 5.584414423196559785e-01 6.625111737273350343e-01 -4.038514924706422260e-01 -2.934724385962095283e-01
1.305033563475960016e+09 1.557596692253233606e-01 -1.014792453362381552e+00 8.131470848081443492e-01 5.647424902050390827e-01 6.592893831078888711e-01 -3.994553301257518507e-01 -2.946843536945207842e-01
1.305033564807990074e+09 5.738599044516339287e-01 -9.334414716086080199e-01 7.247863540120258463e-01 -6.541465535415180721e-01 -5.923687001624813320e-01 3.292076423434537324e-01 3.358778614023714693e-01
1.305033564843977928e+09 5.877981971459511623e-01 -9.303220181261058208e-01 7.284148261690418513e-01 -6.594269333758057128e-01 -5.889338151203852290e-01 3.247959657292960878e-01 3.358878705644231522e-01
1.305033564876058102e+09 6.033180258623155323e-01 -9.288531129368482464e-01 7.317758018382467533e-01 -6.643046322922097069e-01 -5.850331289447381344e-01 3.222399231973330780e-01 3.355548024541123997e-01
1.305033564908056974e+09 6.149796317888756025e-01 -9.232174964911101789e-01 7.305183832577545333e-01 -6.680439608901196369e-01 -5.813150291064163033e-01 3.220065949173730457e-01 3.348161526613755434e-01
1.305033564943989992e+09 6.281922478622170569e-01 -9.175430291382483672e-01 7.329502041317420558e-01 -6.717630695812046859e-01 -5.784084492210317396e-01 3.192250742601610014e-01 3.350722253188906929e-01
1.305033564976037025e+09 6.423832242451060770e-01 -9.126243489704155554e-01 7.354689087256841562e-01 -6.758048963724357927e-01 -5.753441131385760299e-01 3.162558598400088683e-01 3.350360049795894080e-01
1.305033565007937908e+09 6.548532785556651081e-01 -9.080099874321807540e-01 7.343870528566440736e-01 -6.800852675402047076e-01 -5.716223743436809057e-01 3.137120186356338047e-01 3.351367771343761737e-01
1.305033565043916941e+09 6.667598004330526074e-01 -9.032121139233509899e-01 7.358399298017337387e-01 -6.853822955215504997e-01 -5.675287638781378874e-01 3.102880561143685489e-01 3.344899600725397271e-01
1.305033565075900078e+09 6.781876816709838662e-01 -8.976081289394475249e-01 7.360591524138573316e-01 -6.901606590305714439e-01 -5.635733617591037747e-01 3.073337421673794090e-01 3.340797832366158571e-01
1.305033565107858896e+09 6.901426764120438540e-01 -8.939393808239843864e-01 7.366768932084961641e-01 -6.958742862147002661e-01 -5.583522452883352694e-01 3.040247018858940331e-01 3.340220480894178778e-01
1.305033565143986940e+09 7.008594696513302802e-01 -8.909861874306765905e-01 7.400541648962946084e-01 -7.011004717958259080e-01 -5.539146688088750770e-01 2.993831655377233725e-01 3.346735548540348271e-01
1.305033565175899982e+09 7.105330543284795741e-01 -8.883233234319904970e-01 7.365138307318097599e-01 -7.059343685402122981e-01 -5.480639736071282186e-01 2.951413603780099759e-01 3.378966196071134798e-01
1.305033565207978010e+09 7.105330543284795741e-01 -8.883233234319904970e-01 7.365138307318097599e-01 -7.059343685402122981e-01 -5.480639736071282186e-01 2.951413603780099759e-01 3.378966196071134798e-01
1.305033565244952917e+09 7.311805063532551552e-01 -8.876687315472960860e-01 7.372566604134800361e-01 -7.162621626567464705e-01 -5.355951369168526766e-01 2.869712161244692417e-01 3.431528591944726370e-01
1.305033565276355982e+09 7.407867273256737439e-01 -8.898194617901415970e-01 7.343869149420078069e-01 -7.216320575568631046e-01 -5.283991850958635883e-01 2.820854864849062782e-01 3.470868090418437468e-01
1.305033565307938099e+09 7.407867273256737439e-01 -8.898194617901415970e-01 7.343869149420078069e-01 -7.216320575568631046e-01 -5.283991850958635883e-01 2.820854864849062782e-01 3.470868090418437468e-01
1.305033565344986916e+09 7.510348176755146099e-01 -8.964543094885666363e-01 7.346462078479486513e-01 -7.277022125893273241e-01 -5.207369726480137739e-01 2.751579134221307510e-01 3.515261267546954116e-01
1.305033565376574039e+09 7.602614781036876046e-01 -9.005573097001129401e-01 7.361541573143831618e-01 -7.340051163155201230e-01 -5.132825103900086061e-01 2.689531046659486835e-01 3.541776125631287409e-01
1.305033565407876015e+09 7.705057075953524182e-01 -9.007253774004643221e-01 7.380126667635914517e-01 -7.387089901711438866e-01 -5.075018479894614076e-01 2.647900784417620001e-01 3.558610915601986280e-01
1.305033565444288969e+09 7.705057075953524182e-01 -9.007253774004643221e-01 7.380126667635914517e-01 -7.387089901711438866e-01 -5.075018479894614076e-01 2.647900784417620001e-01 3.558610915601986280e-01
1.305033565476052999e+09 7.907027584894148475e-01 -9.015616445993708261e-01 7.378483565366141805e-01 -7.466532552291330616e-01 -4.954530345040485395e-01 2.572532112593953202e-01 3.617402277231523411e-01
1.305033565507905006e+09 8.018660647597702917e-01 -9.054882885437107731e-01 7.367574784470353189e-01 -7.512543726568300384e-01 -4.886667349850866149e-01 2.541234266289477128e-01 3.636522703371580789e-01
1.305033565544076920e+09 8.157793668951319743e-01 -9.030290279587094293e-01 7.350945395646839575e-01 -7.549852659114479891e-01 -4.834284860143239770e-01 2.521822750295715787e-01 3.642777063277797822e-01
1.305033565575974941e+09 8.286791901022445561e-01 -9.029506432223038948e-01 7.347939882569065606e-01 -7.595273509196178718e-01 -4.781794418973377980e-01 2.467153194927109161e-01 3.655053702469880372e-01
1.305033565608072042e+09 8.390655420582887603e-01 -9.065180162222363780e-01 7.355702202082416985e-01 -7.645571218848933315e-01 -4.723098767714845048e-01 2.400034380844586201e-01 3.671159726664491862e-01
1.305033565644232988e+09 8.493321668446849326e-01 -9.081328382809248367e-01 7.376237981249129660e-01 -7.694800561632176850e-01 -4.661963347455831963e-01 2.361178729392826581e-01 3.671645008922624909e-01
1.305033565676064014e+09 8.607321759891354285e-01 -9.081234974909335733e-01 7.371018620132431254e-01 -7.724452896870313001e-01 -4.609103696818733775e-01 2.340804414567257963e-01 3.689122558108652861e-01
1.305033565709167957e+09 8.722389222858863977e-01 -9.087992891644076643e-01 7.361821237185859346e-01 -7.763118912414643802e-01 -4.542207948276018037e-01 2.307455540542496797e-01 3.711870234093317400e-01
1.305033565744012117e+09 8.722389222858863977e-01 -9.087992891644076643e-01 7.361821237185859346e-01 -7.763118912414643802e-01 -4.542207948276018037e-01 2.307455540542496797e-01 3.711870234093317400e-01
1.305033565776027918e+09 8.913156231057217660e-01 -9.139344140755871759e-01 7.367450911262372060e-01 -7.849164810171310735e-01 -4.404063442328355893e-01 2.233455098126148619e-01 3.742527929537680098e-01
1.305033565808428049e+09 9.033527136930366019e-01 -9.153486558485524061e-01 7.331410002424620931e-01 -7.868909247189185274e-01 -4.352284256057420420e-01 2.206869256224632259e-01 3.777249938765736559e-01
1.305033565844024897e+09 9.139771406881537219e-01 -9.168165866465578517e-01 7.312985339384137085e-01 -7.901735470649562387e-01 -4.287507291409302090e-01 2.161240440986012534e-01 3.809054677244368969e-01
1.305033565875916958e+09 9.250346834007487917e-01 -9.204320831197514430e-01 7.301078364755210215e-01 -7.939536189551613665e-01 -4.214968308723442414e-01 2.116779634338674110e-01 3.836280911365372859e-01
1.305033565907963991e+09 9.360964698462173050e-01 -9.193693837461860419e-01 7.273700471773408838e-01 -7.975782289811894632e-01 -4.146748441831444865e-01 2.097183612031235933e-01 3.846192288890277200e-01
1.305033565944075108e+09 9.465460328748069863e-01 -9.170323952625604180e-01 7.248804304087573813e-01 -8.004201096389093051e-01 -4.086258751011182522e-01 2.068000302052732664e-01 3.867638682588899757e-01
1.305033565975827932e+09 9.581822967971216354e-01 -9.197042971319739912e-01 7.249214502240736158e-01 -8.030287338366014493e-01 -4.030827566465431944e-01 2.017077412790559965e-01 3.898501392010907396e-01
1.305033566007889986e+09 9.699462601177749610e-01 -9.190951869820507270e-01 7.303485436723995416e-01 -8.058684202183377110e-01 -3.996580157835074587e-01 1.962911625984137265e-01 3.902811027971420099e-01
1.305033566043972969e+09 9.830290205766437639e-01 -9.186419654997182160e-01 7.290379885887341427e-01 -8.068001998253475637e-01 -3.957102403893330012e-01 1.929148909007266655e-01 3.940440179492089023e-01
1.305033566075880051e+09 9.940041151737848413e-01 -9.188369329466591351e-01 7.299778250861858053e-01 -8.097877411186930052e-01 -3.902949551254722427e-01 1.891887661364478890e-01 3.951218458972607372e-01
1.305033566107857943e+09 1.005585409596963853e+00 -9.202154576510269690e-01 7.281230835477560115e-01 -8.123927083369963942e-01 -3.838407911628164415e-01 1.865461307087407095e-01 3.973472984656880036e-01
1.305033566143990993e+09 1.018051036747090077e+00 -9.175683269897388916e-01 7.277243885285740177e-01 -8.156317547953829683e-01 -3.777365219873897173e-01 1.850247857605541446e-01 3.972729404081476456e-01
1.305033566177030087e+09 1.030972756563440784e+00 -9.140429294600257437e-01 7.271914955565909056e-01 -8.181600759482985374e-01 -3.726406046160590235e-01 1.830705029823969099e-01 3.977917304990442604e-01
1.305033566208029985e+09 1.043721619437332659e+00 -9.122194142973321096e-01 7.237724646895559166e-01 -8.201764298919241858e-01 -3.670532356893211334e-01 1.807145757370990369e-01 3.999059741187889760e-01
1.305033566244045973e+09 1.055635779549923825e+00 -9.107522445696767388e-01 7.241661883653339737e-01 -8.230687520200336005e-01 -3.614094131289928846e-01 1.777998784732722493e-01 4.004101257021744908e-01
1.305033566276005030e+09 1.066477109745485041e+00 -9.144037133916828042e-01 7.222800852264514848e-01 -8.253888146443062457e-01 -3.544256438042175938e-01 1.739477904302877964e-01 4.035566055443197686e-01
1.305033566307955980e+09 1.078161518556697729e+00 -9.153799637617361373e-01 7.243822530113926961e-01 -8.288973377516576369e-01 -3.470899927410666663e-01 1.712678767424734294e-01 4.038874283799208098e-01
1.305033566344211102e+09 1.089725988829859160e+00 -9.151938235047804016e-01 7.245389213594016775e-01 -8.322630268679896970e-01 -3.396140829177834997e-01 1.695018244178811695e-01 4.040664058189623042e-01
1.305033566375967026e+09 1.103055673324904618e+00 -9.176983749113684086e-01 7.200173866499078867e-01 -8.336910790892748668e-01 -3.324108988009297772e-01 1.684053580665612615e-01 4.075559033798819009e-01
1.305033566408257008e+09 1.115116786766840562e+00 -9.192173840294655118e-01 7.185463952717989766e-01 -8.361730020860754786e-01 -3.258546363063897222e-01 1.658097381911430301e-01 4.088283225278981359e-01
1.305033566443909883e+09 1.130893772490248139e+00 -9.229468071603569301e-01 7.105604024547557129e-01 -8.371078000387404128e-01 -3.191180569279409851e-01 1.639856869591124200e-01 4.129441745918975282e-01
1.305033566476031065e+09 1.140597560414225553e+00 -9.248298300641591974e-01 7.130051203966633055e-01 -8.412603753019805009e-01 -3.120448190908660102e-01 1.586373027886919806e-01 4.119990509567328929e-01
1.305033566508093119e+09 1.151627659903246448e+00 -9.299385214133480959e-01 7.100940638371207037e-01 -8.442628892859815881e-01 -3.030380821296339011e-01 1.554062443537569393e-01 4.138079189304382233e-01
1.305033566544035912e+09 1.161256373728304148e+00 -9.333143480250810642e-01 7.097903306613124741e-01 -8.484036951262221571e-01 -2.944210046570123196e-01 1.523637491682414136e-01 4.126896292037458558e-01
1.305033566576145887e+09 1.172404760500580068e+00 -9.364908979305442971e-01 7.093064312178567477e-01 -8.519072682059012358e-01 -2.867594359243266222e-01 1.492149783405633534e-01 4.120168959219342453e-01
1.305033566608192921e+09 1.183900046311834320e+00 -9.404463033048107157e-01 7.058220027914803296e-01 -8.540012830977860014e-01 -2.801114244283825494e-01 1.458127787335860570e-01 4.134707147187424159e-01
1.305033566644799948e+09 1.195931529952130701e+00 -9.443140591190584132e-01 7.045637097338300903e-01 -8.566445877965775946e-01 -2.735724839345581860e-01 1.417626112802451432e-01 4.137892075389517643e-01
1.305033566675986052e+09 1.208288131028161683e+00 -9.474584866271674732e-01 7.028402674081793977e-01 -8.593743552515297202e-01 -2.657860002356374762e-01 1.371511840846580399e-01 4.147566422842864919e-01
1.305033566707979918e+09 1.220374106111340007e+00 -9.530606996415957877e-01 7.015930619168210258e-01 -8.622826347347776199e-01 -2.568704225289822340e-01 1.326175686791330466e-01 4.158110440359511495e-01
1.305033566743879080e+09 1.230611093429137437e+00 -9.545529508998904511e-01 7.019824280159782104e-01 -8.666426002813362173e-01 -2.468798768208891881e-01 1.295047404627557019e-01 4.137746391408988478e-01
1.305033566775928020e+09 1.242156700929878177e+00 -9.580737341187036682e-01 7.034832549162889359e-01 -8.700822162867739573e-01 -2.375172221716109200e-01 1.262795718960900704e-01 4.130326570564579192e-01
1.305033566816359997e+09 1.253599480936494537e+00 -9.613685436832032360e-01 7.022172462968878648e-01 -8.726583246347423550e-01 -2.275998131511437483e-01 1.233256116047729140e-01 4.140731421156869652e-01
1.305033566844888926e+09 1.253599480936494537e+00 -9.613685436832032360e-01 7.022172462968878648e-01 -8.726583246347423550e-01 -2.275998131511437483e-01 1.233256116047729140e-01 4.140731421156869652e-01
1.305033566876228094e+09 1.268393289451173134e+00 -9.707769919598607800e-01 7.013355887190450000e-01 -8.775376173868512097e-01 -2.074998903667841788e-01 1.152724686086170347e-01 4.166338723023566004e-01
1.305033566907957077e+09 1.268393289451173134e+00 -9.707769919598607800e-01 7.013355887190450000e-01 -8.775376173868512097e-01 -2.074998903667841788e-01 1.152724686086170347e-01 4.166338723023566004e-01
1.305033566944006920e+09 1.282706830227106520e+00 -9.793190852515493150e-01 7.002680262589141558e-01 -8.808407243933026320e-01 -1.898028216082520980e-01 1.075119298721805838e-01 4.201615071552689540e-01
1.305033566975857019e+09 1.282706830227106520e+00 -9.793190852515493150e-01 7.002680262589141558e-01 -8.808407243933026320e-01 -1.898028216082520980e-01 1.075119298721805838e-01 4.201615071552689540e-01
1.305033567007985115e+09 1.298396176356673370e+00 -9.905000439659557010e-01 6.956574946475164722e-01 -8.834837797676612370e-01 -1.734125974621885669e-01 9.941804582668747892e-02 4.236750335963476166e-01
1.305033567043992996e+09 1.307231983143009035e+00 -9.954986155140934656e-01 6.917868371368558478e-01 -8.848096214614662447e-01 -1.653380413864254939e-01 9.410956869891487497e-02 4.253453360729629318e-01
1.305033567076391935e+09 1.307231983143009035e+00 -9.954986155140934656e-01 6.917868371368558478e-01 -8.848096214614662447e-01 -1.653380413864254939e-01 9.410956869891487497e-02 4.253453360729629318e-01
1.305033567108916044e+09 1.307231983143009035e+00 -9.954986155140934656e-01 6.917868371368558478e-01 -8.848096214614662447e-01 -1.653380413864254939e-01 9.410956869891487497e-02 4.253453360729629318e-01
1.305033567143956900e+09 1.318955654843572356e+00 -1.008769976549034775e+00 6.859349149581954741e-01 -8.879634051442025777e-01 -1.481469473851278473e-01 8.599281575974263014e-02 4.268239786409520620e-01
1.305033567177098989e+09 1.325668895413424586e+00 -1.016585538649021903e+00 6.824514638346141915e-01 -8.894421378117568500e-01 -1.402468437573982929e-01 8.138442742964956123e-02 4.273173074810890926e-01
1.305033567208105087e+09 1.325668895413424586e+00 -1.016585538649021903e+00 6.824514638346141915e-01 -8.894421378117568500e-01 -1.402468437573982929e-01 8.138442742964956123e-02 4.273173074810890926e-01
1.305033567244018078e+09 1.337700514269473784e+00 -1.029437254976223626e+00 6.752686313200347845e-01 -8.932158885343450816e-01 -1.240984858876721664e-01 7.154552641308201122e-02 4.261996948854640532e-01
1.305033567275923967e+09 1.337700514269473784e+00 -1.029437254976223626e+00 6.752686313200347845e-01 -8.932158885343450816e-01 -1.240984858876721664e-01 7.154552641308201122e-02 4.261996948854640532e-01
1.305033567308111906e+09 1.343232465842522982e+00 -1.044000316366409109e+00 6.688002591163761945e-01 -8.977493392553715923e-01 -1.072121438402046101e-01 6.162025406999106086e-02 4.227938319891632046e-01
1.305033567343977928e+09 1.343232465842522982e+00 -1.044000316366409109e+00 6.688002591163761945e-01 -8.977493392553715923e-01 -1.072121438402046101e-01 6.162025406999106086e-02 4.227938319891632046e-01
1.305033567375906944e+09 1.347602504812255297e+00 -1.058148140319052022e+00 6.659158627809819153e-01 -9.014894709325083078e-01 -9.406775437827377684e-02 5.605645184032240214e-02 4.187190771760089247e-01
1.305033567408015013e+09 1.347602504812255297e+00 -1.058148140319052022e+00 6.659158627809819153e-01 -9.014894709325083078e-01 -9.406775437827377684e-02 5.605645184032240214e-02 4.187190771760089247e-01
1.305033567443932056e+09 1.353548719141051571e+00 -1.070320080991300937e+00 6.610640991625974516e-01 -9.041850375305846566e-01 -8.372412528184577929e-02 5.075327315875420575e-02 4.157689190106421129e-01
1.305033567476033926e+09 1.353548719141051571e+00 -1.070320080991300937e+00 6.610640991625974516e-01 -9.041850375305846566e-01 -8.372412528184577929e-02 5.075327315875420575e-02 4.157689190106421129e-01
1.305033567507956028e+09 1.353548719141051571e+00 -1.070320080991300937e+00 6.610640991625974516e-01 -9.041850375305846566e-01 -8.372412528184577929e-02 5.075327315875420575e-02 4.157689190106421129e-01
1.305033567544076920e+09 1.360424627361972227e+00 -1.079669415165008584e+00 6.572434096284963667e-01 -9.061957664049985484e-01 -7.527325481232532978e-02 4.932794386541478060e-02 4.131705749610285472e-01
1.305033567576039076e+09 1.360424627361972227e+00 -1.079669415165008584e+00 6.572434096284963667e-01 -9.061957664049985484e-01 -7.527325481232532978e-02 4.932794386541478060e-02 4.131705749610285472e-01
1.305033567608081102e+09 1.360424627361972227e+00 -1.079669415165008584e+00 6.572434096284963667e-01 -9.061957664049985484e-01 -7.527325481232532978e-02 4.932794386541478060e-02 4.131705749610285472e-01
1.305033567643847942e+09 1.365844813874965036e+00 -1.089257947356327527e+00 6.525422877886106754e-01 -9.091113323341200037e-01 -6.529413900975146456e-02 4.627492276027921070e-02 4.087932146650509191e-01
1.305033567676067114e+09 1.365844813874965036e+00 -1.089257947356327527e+00 6.525422877886106754e-01 -9.091113323341200037e-01 -6.529413900975146456e-02 4.627492276027921070e-02 4.087932146650509191e-01
1.305033567708106041e+09 1.365844813874965036e+00 -1.089257947356327527e+00 6.525422877886106754e-01 -9.091113323341200037e-01 -6.529413900975146456e-02 4.627492276027921070e-02 4.087932146650509191e-01
1.305033567743851900e+09 1.365844813874965036e+00 -1.089257947356327527e+00 6.525422877886106754e-01 -9.091113323341200037e-01 -6.529413900975146456e-02 4.627492276027921070e-02 4.087932146650509191e-01
1.305033567776099920e+09 1.365844813874965036e+00 -1.089257947356327527e+00 6.525422877886106754e-01 -9.091113323341200037e-01 -6.529413900975146456e-02 4.627492276027921070e-02 4.087932146650509191e-01
1.305033567807986021e+09 1.365844813874965036e+00 -1.089257947356327527e+00 6.525422877886106754e-01 -9.091113323341200037e-01 -6.529413900975146456e-02 4.627492276027921070e-02 4.087932146650509191e-01
1.305033567843854904e+09 1.368701615059781274e+00 -1.079032820953495175e+00 6.580096956245519157e-01 -9.088789546773444750e-01 -5.456924964320138127e-02 4.376385416123605016e-02 4.111520008548538163e-01
1.305033567876013041e+09 1.368701615059781274e+00 -1.079032820953495175e+00 6.580096956245519157e-01 -9.088789546773444750e-01 -5.456924964320138127e-02 4.376385416123605016e-02 4.111520008548538163e-01
1.305033567907932997e+09 1.373517046056711433e+00 -1.066199590310054068e+00 6.623833660478909424e-01 -9.082271467521045860e-01 -4.873665015353100677e-02 4.404331173367934810e-02 4.132896992738546160e-01
1.305033567944056034e+09 1.373517046056711433e+00 -1.066199590310054068e+00 6.623833660478909424e-01 -9.082271467521045860e-01 -4.873665015353100677e-02 4.404331173367934810e-02 4.132896992738546160e-01
1.305033567975899935e+09 1.376427685074888441e+00 -1.052048064039041497e+00 6.672925058070601212e-01 -9.066723126815202649e-01 -4.421641872401044226e-02 4.134169647759864535e-02 4.174698670135617573e-01
1.305033568007972956e+09 1.376427685074888441e+00 -1.052048064039041497e+00 6.672925058070601212e-01 -9.066723126815202649e-01 -4.421641872401044226e-02 4.134169647759864535e-02 4.174698670135617573e-01
1.305033568044689894e+09 1.377872334566643486e+00 -1.038267315395031698e+00 6.708702971784744618e-01 -9.053537887948246432e-01 -3.876733130397259919e-02 3.959329960434185280e-02 4.210272933728465006e-01
1.305033568076513052e+09 1.377872334566643486e+00 -1.038267315395031698e+00 6.708702971784744618e-01 -9.053537887948246432e-01 -3.876733130397259919e-02 3.959329960434185280e-02 4.210272933728465006e-01
1.305033568107876062e+09 1.377872334566643486e+00 -1.038267315395031698e+00 6.708702971784744618e-01 -9.053537887948246432e-01 -3.876733130397259919e-02 3.959329960434185280e-02 4.210272933728465006e-01
1.305033568144794941e+09 1.376384592652777794e+00 -1.018758233451176221e+00 6.736570197139465366e-01 -9.041224837274045578e-01 -3.870020184810617214e-02 3.577451022366169575e-02 4.240106286565962779e-01
1.305033568175928116e+09 1.379347595075820498e+00 -1.009196261420460372e+00 6.739062758996419156e-01 -9.030205340801108482e-01 -3.821023556643431129e-02 3.855246230590696904e-02 4.261544327796917275e-01
1.305033568208754063e+09 1.381078310598481185e+00 -9.988344309554195721e-01 6.740219450197593165e-01 -9.022690955100258758e-01 -3.892345709841092682e-02 3.886264467740901951e-02 4.276507203591565220e-01
1.305033568244908094e+09 1.382232774418653776e+00 -9.881439411501224956e-01 6.743322898279284772e-01 -9.018903095042267726e-01 -3.792939150570942552e-02 3.872234468879965502e-02 4.285508265120704929e-01
1.305033568276767015e+09 1.382232774418653776e+00 -9.881439411501224956e-01 6.743322898279284772e-01 -9.018903095042267726e-01 -3.792939150570942552e-02 3.872234468879965502e-02 4.285508265120704929e-01
1.305033568308996916e+09 1.383606938695997268e+00 -9.676959248149834547e-01 6.729394882501624764e-01 -9.014154815661792330e-01 -3.783141938438701335e-02 3.809005746528201786e-02 4.296138508270740397e-01
1.305033568344489098e+09 1.384538558271664277e+00 -9.556768580743375541e-01 6.740561356420049499e-01 -9.017300750928556319e-01 -3.710600451230374602e-02 3.790986068760037603e-02 4.290324679611234870e-01
1.305033568376266956e+09 1.383546042034717649e+00 -9.432634647094917391e-01 6.762051402922824028e-01 -9.020812775042896803e-01 -3.557005283821663977e-02 3.808785752714261008e-02 4.284080475741640637e-01
1.305033568408097029e+09 1.383053552670201469e+00 -9.308647274909049862e-01 6.780415781814304044e-01 -9.022305110459133415e-01 -3.473781690715613268e-02 3.942182358156876704e-02 4.280412466572104391e-01
1.305033568443928957e+09 1.384342038096638250e+00 -9.195664125587373894e-01 6.773382649799625232e-01 -9.017047041221557535e-01 -3.495509741017791688e-02 4.145631951173748414e-02 4.289383887011758989e-01
1.305033568477600098e+09 1.386485090897711325e+00 -9.069524245558175934e-01 6.770814394167509187e-01 -9.018456136231354225e-01 -3.592242305026924210e-02 4.255607124986797440e-02 4.284542560305406589e-01
1.305033568510550022e+09 1.385283184824949165e+00 -8.955844868637622413e-01 6.769354131987915801e-01 -9.016381219975990735e-01 -3.649051105959721930e-02 4.131848484557414797e-02 4.289637774606593901e-01
1.305033568544549942e+09 1.386950457733053588e+00 -8.835483315504264468e-01 6.761245485690724477e-01 -9.019034028177810303e-01 -3.686276334572136104e-02 4.229069270008276732e-02 4.282789814772280934e-01
1.305033568577212095e+09 1.389207934623072793e+00 -8.703615615983928411e-01 6.762898305229944063e-01 -9.027254599830899506e-01 -3.594666870444733486e-02 4.249059802453338669e-02 4.266018401119349157e-01
1.305033568612361908e+09 1.388965800829804476e+00 -8.576735529381080969e-01 6.753141169860551463e-01 -9.033140638853730531e-01 -3.393058761884676366e-02 4.171173665095909838e-02 4.255966966933516504e-01
1.305033568645039082e+09 1.388139257546010752e+00 -8.453148375746308840e-01 6.766713535471237106e-01 -9.038535609465754295e-01 -3.308737057964238754e-02 4.140111370551975700e-02 4.245467159880799146e-01
1.305033568676707983e+09 1.388155855970654606e+00 -8.313824578157689160e-01 6.799679133171241396e-01 -9.044170621140583677e-01 -3.454973313875605440e-02 4.133351260728534288e-02 4.232347273470827842e-01
1.305033568712397099e+09 1.387320581271377806e+00 -8.171801761111028295e-01 6.843473317981931814e-01 -9.044341754529825472e-01 -3.633297025386950097e-02 4.093633206593381285e-02 4.230874073547955527e-01
1.305033568844115973e+09 1.390813409783631327e+00 -7.646884888160554450e-01 6.912321173640720851e-01 -9.013397337452336844e-01 -3.618970277294546178e-02 4.654678253563405282e-02 4.290808627996099966e-01
1.305033568875957012e+09 1.389613404449425493e+00 -7.519579716810576020e-01 6.931206657830074613e-01 -9.008970364479862436e-01 -3.723484166067268786e-02 4.469920828468039453e-02 4.301163529377410311e-01
1.305033568912607908e+09 1.389305458775629720e+00 -7.375570294100501911e-01 6.959622016290817337e-01 -9.010131819672311249e-01 -3.703328947151899447e-02 4.348340303882771568e-02 4.300150870055218233e-01
1.305033568945159912e+09 1.391759799967019040e+00 -7.242469031334297647e-01 6.954305530234768939e-01 -9.003454645314912241e-01 -3.547836603444359804e-02 4.338859654880360128e-02 4.315515725039412165e-01
1.305033568976138115e+09 1.391197792009304601e+00 -7.097310749914764738e-01 6.999541453833820759e-01 -9.004036484780523208e-01 -3.325481031054979691e-02 4.225794867900082435e-02 4.317194148657948483e-01
1.305033569010126114e+09 1.391749538222592619e+00 -6.962249709461302283e-01 7.010277185798502453e-01 -8.997773425038314565e-01 -3.136751227253414820e-02 4.304908391997837314e-02 4.330861224562917999e-01
1.305033569044015884e+09 1.393241794039436376e+00 -6.819638228329916174e-01 7.031004900557419335e-01 -8.991711068113894534e-01 -3.148491721975638785e-02 4.290885398704419318e-02 4.343487664455428221e-01
1.305033569910414934e+09 1.377526156259540668e+00 -2.758990371248519757e-01 7.513418892163208351e-01 -8.896954498791643795e-01 -1.715621535832745348e-02 1.432556420566715068e-02 4.560070711612697059e-01
1.305033569944824934e+09 1.376819892339282703e+00 -2.650254898130619541e-01 7.502986984177462126e-01 -8.894780443333590858e-01 -1.655386029710209650e-02 1.881101165707323511e-02 4.562903945938421857e-01
1.305033569981683016e+09 1.379498037493452456e+00 -2.539560107772241837e-01 7.482947855214931998e-01 -8.897279258552704961e-01 -1.875145284722602723e-02 2.234809055140907219e-02 4.555580795223620472e-01
1.305033570011029959e+09 1.380378531715015011e+00 -2.407626595434867456e-01 7.492336449765663042e-01 -8.905497634500575410e-01 -2.123426398443694491e-02 2.166992323018109359e-02 4.538729329661373990e-01
1.305033570045351982e+09 1.376315025061385589e+00 -2.302661332153209672e-01 7.477068180575058287e-01 -8.903320314302023419e-01 -2.210647974029878587e-02 2.046976004852923969e-02 4.543139512346243136e-01
1.305033570081549883e+09 1.375084929517724097e+00 -2.176958316670506433e-01 7.498818201729412491e-01 -8.908457879582021288e-01 -2.345568574441364226e-02 2.334272920495368553e-02 4.530990287747850842e-01
1.305033570109750986e+09 1.377624860507268512e+00 -2.069842302519699917e-01 7.488482365900439586e-01 -8.905745185324001056e-01 -2.487578226660328018e-02 2.665134053693476654e-02 4.533739388683390992e-01
1.305033570145930052e+09 1.377624860507268512e+00 -2.069842302519699917e-01 7.488482365900439586e-01 -8.905745185324001056e-01 -2.487578226660328018e-02 2.665134053693476654e-02 4.533739388683390992e-01
1.305033570181416988e+09 1.374200246150311111e+00 -1.893285141208861377e-01 7.460267899813212145e-01 -8.914148364129056423e-01 -2.609719611197519606e-02 2.638711382173762610e-02 4.516660779848367113e-01
1.305033570210844040e+09 1.375545038559235822e+00 -1.782960863202321944e-01 7.472060461032714596e-01 -8.928019688436142909e-01 -2.838984174966296264e-02 2.801783030362691579e-02 4.486799109604446834e-01
1.305033570244499922e+09 1.373315674913714757e+00 -1.680749291404506351e-01 7.472291357645090004e-01 -8.932618339964011334e-01 -3.112382577794077509e-02 2.739003133984239946e-02 4.476208100362771836e-01
1.305033570281941891e+09 1.370408093494463353e+00 -1.579338492140027750e-01 7.465078604132643347e-01 -8.931230740165593263e-01 -3.446346561160167077e-02 2.819273364710628282e-02 4.476031880658948303e-01
1.305033570312552929e+09 1.369627638977225503e+00 -1.478524406009067427e-01 7.468182932836275878e-01 -8.924570833095700761e-01 -3.885815848379674947e-02 2.973597745490381972e-02 4.484709239344559228e-01
1.305033570344475985e+09 1.369627638977225503e+00 -1.478524406009067427e-01 7.468182932836275878e-01 -8.924570833095700761e-01 -3.885815848379674947e-02 2.973597745490381972e-02 4.484709239344559228e-01
1.305033570380954981e+09 1.367906035755676042e+00 -1.332358753521043493e-01 7.424790379591332812e-01 -8.898693807417299428e-01 -4.688127601453116744e-02 3.101453534701873946e-02 4.527391409794253030e-01
1.305033570413393974e+09 1.367906035755676042e+00 -1.332358753521043493e-01 7.424790379591332812e-01 -8.898693807417299428e-01 -4.688127601453116744e-02 3.101453534701873946e-02 4.527391409794253030e-01
1.305033570444547892e+09 1.366301395690458387e+00 -1.210568724956209152e-01 7.373302546063780216e-01 -8.894444121831455163e-01 -4.986275895748262799e-02 3.200316127766586471e-02 4.531866509216289640e-01
1.305033570481286049e+09 1.366301395690458387e+00 -1.210568724956209152e-01 7.373302546063780216e-01 -8.894444121831455163e-01 -4.986275895748262799e-02 3.200316127766586471e-02 4.531866509216289640e-01
1.305033570513264894e+09 1.366301395690458387e+00 -1.210568724956209152e-01 7.373302546063780216e-01 -8.894444121831455163e-01 -4.986275895748262799e-02 3.200316127766586471e-02 4.531866509216289640e-01
1.305033570545142889e+09 1.366301395690458387e+00 -1.210568724956209152e-01 7.373302546063780216e-01 -8.894444121831455163e-01 -4.986275895748262799e-02 3.200316127766586471e-02 4.531866509216289640e-01
1.305033570580146074e+09 1.363474159351529158e+00 -1.096157313715748760e-01 7.320113754700121600e-01 -8.899023674442211318e-01 -5.188179361235434328e-02 3.493294926203659168e-02 4.518426108332319613e-01
1.305033570615300894e+09 1.363474159351529158e+00 -1.096157313715748760e-01 7.320113754700121600e-01 -8.899023674442211318e-01 -5.188179361235434328e-02 3.493294926203659168e-02 4.518426108332319613e-01
1.305033570644853115e+09 1.363474159351529158e+00 -1.096157313715748760e-01 7.320113754700121600e-01 -8.899023674442211318e-01 -5.188179361235434328e-02 3.493294926203659168e-02 4.518426108332319613e-01
1.305033570678623915e+09 1.363474159351529158e+00 -1.096157313715748760e-01 7.320113754700121600e-01 -8.899023674442211318e-01 -5.188179361235434328e-02 3.493294926203659168e-02 4.518426108332319613e-01
1.305033570712814093e+09 1.363474159351529158e+00 -1.096157313715748760e-01 7.320113754700121600e-01 -8.899023674442211318e-01 -5.188179361235434328e-02 3.493294926203659168e-02 4.518426108332319613e-01
1.305033570744520903e+09 1.363474159351529158e+00 -1.096157313715748760e-01 7.320113754700121600e-01 -8.899023674442211318e-01 -5.188179361235434328e-02 3.493294926203659168e-02 4.518426108332319613e-01
1.305033570777858019e+09 1.363474159351529158e+00 -1.096157313715748760e-01 7.320113754700121600e-01 -8.899023674442211318e-01 -5.188179361235434328e-02 3.493294926203659168e-02 4.518426108332319613e-01
1.305033570812773943e+09 1.363474159351529158e+00 -1.096157313715748760e-01 7.320113754700121600e-01 -8.899023674442211318e-01 -5.188179361235434328e-02 3.493294926203659168e-02 4.518426108332319613e-01
1.305033570844871998e+09 1.363474159351529158e+00 -1.096157313715748760e-01 7.320113754700121600e-01 -8.899023674442211318e-01 -5.188179361235434328e-02 3.493294926203659168e-02 4.518426108332319613e-01
1.305033570881244898e+09 1.363474159351529158e+00 -1.096157313715748760e-01 7.320113754700121600e-01 -8.899023674442211318e-01 -5.188179361235434328e-02 3.493294926203659168e-02 4.518426108332319613e-01
1.305033570912861109e+09 1.363474159351529158e+00 -1.096157313715748760e-01 7.320113754700121600e-01 -8.899023674442211318e-01 -5.188179361235434328e-02 3.493294926203659168e-02 4.518426108332319613e-01
1.305033570949081898e+09 1.363474159351529158e+00 -1.096157313715748760e-01 7.320113754700121600e-01 -8.899023674442211318e-01 -5.188179361235434328e-02 3.493294926203659168e-02 4.518426108332319613e-01
1.305033570980633020e+09 1.363474159351529158e+00 -1.096157313715748760e-01 7.320113754700121600e-01 -8.899023674442211318e-01 -5.188179361235434328e-02 3.493294926203659168e-02 4.518426108332319613e-01
1.305033571012823105e+09 1.363474159351529158e+00 -1.096157313715748760e-01 7.320113754700121600e-01 -8.899023674442211318e-01 -5.188179361235434328e-02 3.493294926203659168e-02 4.518426108332319613e-01
1.305033571046469927e+09 1.365959092256247009e+00 -1.192238462656716180e-01 7.341776214996197369e-01 -8.901129527180130507e-01 -4.915235157982364433e-02 3.594572958280470298e-02 4.516534980076580830e-01
1.305033571077804089e+09 1.365959092256247009e+00 -1.192238462656716180e-01 7.341776214996197369e-01 -8.901129527180130507e-01 -4.915235157982364433e-02 3.594572958280470298e-02 4.516534980076580830e-01
1.305033571112750053e+09 1.365959092256247009e+00 -1.192238462656716180e-01 7.341776214996197369e-01 -8.901129527180130507e-01 -4.915235157982364433e-02 3.594572958280470298e-02 4.516534980076580830e-01
1.305033571147699118e+09 1.369683415878828470e+00 -1.289732341070644051e-01 7.355737062429268391e-01 -8.902460432795495926e-01 -4.970704522158035654e-02 3.523404075210099379e-02 4.513864801394981141e-01
1.305033571177870989e+09 1.369683415878828470e+00 -1.289732341070644051e-01 7.355737062429268391e-01 -8.902460432795495926e-01 -4.970704522158035654e-02 3.523404075210099379e-02 4.513864801394981141e-01
1.305033571212793112e+09 1.369683415878828470e+00 -1.289732341070644051e-01 7.355737062429268391e-01 -8.902460432795495926e-01 -4.970704522158035654e-02 3.523404075210099379e-02 4.513864801394981141e-01
1.305033571246885061e+09 1.369683415878828470e+00 -1.289732341070644051e-01 7.355737062429268391e-01 -8.902460432795495926e-01 -4.970704522158035654e-02 3.523404075210099379e-02 4.513864801394981141e-01
1.305033571277797937e+09 1.374198938971926687e+00 -1.385338580501529471e-01 7.367025009492857990e-01 -8.903287693007212455e-01 -4.904066454579290857e-02 3.312624807833833979e-02 4.514558089831411936e-01
1.305033571312823057e+09 1.374198938971926687e+00 -1.385338580501529471e-01 7.367025009492857990e-01 -8.903287693007212455e-01 -4.904066454579290857e-02 3.312624807833833979e-02 4.514558089831411936e-01
1.305033571345834017e+09 1.374198938971926687e+00 -1.385338580501529471e-01 7.367025009492857990e-01 -8.903287693007212455e-01 -4.904066454579290857e-02 3.312624807833833979e-02 4.514558089831411936e-01
1.305033571377887964e+09 1.376670493526958916e+00 -1.485440279901508731e-01 7.384168281362466502e-01 -8.902445951130469881e-01 -4.649851565714272633e-02 2.985936126244730093e-02 4.521182007602526642e-01
1.305033571412843943e+09 1.376670493526958916e+00 -1.485440279901508731e-01 7.384168281362466502e-01 -8.902445951130469881e-01 -4.649851565714272633e-02 2.985936126244730093e-02 4.521182007602526642e-01
1.305033571446208000e+09 1.376670493526958916e+00 -1.485440279901508731e-01 7.384168281362466502e-01 -8.902445951130469881e-01 -4.649851565714272633e-02 2.985936126244730093e-02 4.521182007602526642e-01
1.305033571479710102e+09 1.376670493526958916e+00 -1.485440279901508731e-01 7.384168281362466502e-01 -8.902445951130469881e-01 -4.649851565714272633e-02 2.985936126244730093e-02 4.521182007602526642e-01
1.305033571513549089e+09 1.376670493526958916e+00 -1.485440279901508731e-01 7.384168281362466502e-01 -8.902445951130469881e-01 -4.649851565714272633e-02 2.985936126244730093e-02 4.521182007602526642e-01
1.305033571546864033e+09 1.377300235895012159e+00 -1.589878423340373992e-01 7.376188222676076656e-01 -8.896167185727735793e-01 -4.234247301816561337e-02 2.812083663522431387e-02 4.538704964650729368e-01
1.305033571577893019e+09 1.377300235895012159e+00 -1.589878423340373992e-01 7.376188222676076656e-01 -8.896167185727735793e-01 -4.234247301816561337e-02 2.812083663522431387e-02 4.538704964650729368e-01
1.305033571612860918e+09 1.377300235895012159e+00 -1.589878423340373992e-01 7.376188222676076656e-01 -8.896167185727735793e-01 -4.234247301816561337e-02 2.812083663522431387e-02 4.538704964650729368e-01
1.305033571646121979e+09 1.375718003281627633e+00 -1.704031416814291156e-01 7.405829270770772910e-01 -8.901424860674858053e-01 -3.842535012272019213e-02 2.612885536347310175e-02 4.533068826776592286e-01
1.305033571678643942e+09 1.375718003281627633e+00 -1.704031416814291156e-01 7.405829270770772910e-01 -8.901424860674858053e-01 -3.842535012272019213e-02 2.612885536347310175e-02 4.533068826776592286e-01
1.305033571712929964e+09 1.375718003281627633e+00 -1.704031416814291156e-01 7.405829270770772910e-01 -8.901424860674858053e-01 -3.842535012272019213e-02 2.612885536347310175e-02 4.533068826776592286e-01
1.305033571747704983e+09 1.375718003281627633e+00 -1.704031416814291156e-01 7.405829270770772910e-01 -8.901424860674858053e-01 -3.842535012272019213e-02 2.612885536347310175e-02 4.533068826776592286e-01
1.305033571780914068e+09 1.375718003281627633e+00 -1.704031416814291156e-01 7.405829270770772910e-01 -8.901424860674858053e-01 -3.842535012272019213e-02 2.612885536347310175e-02 4.533068826776592286e-01
1.305033571812886000e+09 1.375702736854685471e+00 -1.853330447652523638e-01 7.410514699307276798e-01 -8.893662471698313698e-01 -3.589388385079446409e-02 2.621357326162436496e-02 4.550298408610293777e-01
1.305033571848721027e+09 1.375702736854685471e+00 -1.853330447652523638e-01 7.410514699307276798e-01 -8.893662471698313698e-01 -3.589388385079446409e-02 2.621357326162436496e-02 4.550298408610293777e-01
1.305033571878866911e+09 1.379096173704402517e+00 -1.964551842682450422e-01 7.381871308439300616e-01 -8.887313244224863684e-01 -3.531705620680307411e-02 2.533029089841793563e-02 4.563635775279841211e-01
1.305033571914169073e+09 1.379096173704402517e+00 -1.964551842682450422e-01 7.381871308439300616e-01 -8.887313244224863684e-01 -3.531705620680307411e-02 2.533029089841793563e-02 4.563635775279841211e-01
1.305033571947545052e+09 1.381004130497211158e+00 -2.072577399723730673e-01 7.377845328378519474e-01 -8.889235831763179219e-01 -3.373856445974509483e-02 2.424572006148297335e-02 4.561674227735598719e-01
1.305033571978986979e+09 1.381004130497211158e+00 -2.072577399723730673e-01 7.377845328378519474e-01 -8.889235831763179219e-01 -3.373856445974509483e-02 2.424572006148297335e-02 4.561674227735598719e-01
1.305033572013000011e+09 1.382393924659065743e+00 -2.190819013399164517e-01 7.376931176268758383e-01 -8.886825914797771286e-01 -3.205248947999508879e-02 2.349237145826498646e-02 4.567975459677836025e-01
1.305033572050296068e+09 1.382393924659065743e+00 -2.190819013399164517e-01 7.376931176268758383e-01 -8.886825914797771286e-01 -3.205248947999508879e-02 2.349237145826498646e-02 4.567975459677836025e-01
1.305033572078119040e+09 1.382393924659065743e+00 -2.190819013399164517e-01 7.376931176268758383e-01 -8.886825914797771286e-01 -3.205248947999508879e-02 2.349237145826498646e-02 4.567975459677836025e-01
1.305033572112771988e+09 1.386460483724188064e+00 -2.315652624941443305e-01 7.370601706076321813e-01 -8.890600103319808989e-01 -3.159230699199648551e-02 2.059834715612253453e-02 4.562345145447214145e-01
1.305033572148148060e+09 1.386460483724188064e+00 -2.315652624941443305e-01 7.370601706076321813e-01 -8.890600103319808989e-01 -3.159230699199648551e-02 2.059834715612253453e-02 4.562345145447214145e-01
1.305033572182204008e+09 1.387376827076920893e+00 -2.431067403675630789e-01 7.387927263693480073e-01 -8.893150463326445765e-01 -2.823240783815864074e-02 1.816751104192341343e-02 4.560609839227289797e-01
1.305033572217214108e+09 1.387376827076920893e+00 -2.431067403675630789e-01 7.387927263693480073e-01 -8.893150463326445765e-01 -2.823240783815864074e-02 1.816751104192341343e-02 4.560609839227289797e-01
1.305033572250147104e+09 1.388838408101463306e+00 -2.549188612090247386e-01 7.401634625846791327e-01 -8.886894783243083351e-01 -2.504199631214384242e-02 1.685267568027280088e-02 4.575149143566653032e-01
1.305033572278115034e+09 1.388838408101463306e+00 -2.549188612090247386e-01 7.401634625846791327e-01 -8.886894783243083351e-01 -2.504199631214384242e-02 1.685267568027280088e-02 4.575149143566653032e-01
1.305033572317979097e+09 1.389312086699592053e+00 -2.681402813781019745e-01 7.414309327889512247e-01 -8.882784187615105909e-01 -2.493460719573933893e-02 1.455111768501463759e-02 4.583971870557905226e-01
1.305033572350194931e+09 1.389312086699592053e+00 -2.681402813781019745e-01 7.414309327889512247e-01 -8.882784187615105909e-01 -2.493460719573933893e-02 1.455111768501463759e-02 4.583971870557905226e-01
1.305033572378518105e+09 1.388766785272346649e+00 -2.816309748267719071e-01 7.482632845277076283e-01 -8.883719468399458030e-01 -2.808738981005370200e-02 1.159999680106376524e-02 4.581176952221751586e-01
1.305033572418247938e+09 1.385606290382424222e+00 -2.906874939162203964e-01 7.526129517092667864e-01 -8.880980638983804187e-01 -2.932119009883293187e-02 9.832138839433944913e-03 4.586125006549411909e-01
1.305033572450331926e+09 1.382595435547040896e+00 -3.007841473481972505e-01 7.558013760153323712e-01 -8.883529786579665855e-01 -3.075959418973864268e-02 1.053935537582115049e-02 4.580084657111297974e-01
1.305033572482120991e+09 1.382596155374407054e+00 -3.102383972569727755e-01 7.610251381654153935e-01 -8.893956939031102404e-01 -3.259229802115860136e-02 1.268426604737014039e-02 4.557983667929762506e-01
1.305033572517832041e+09 1.382090258047383502e+00 -3.205601108722884174e-01 7.675611270383015938e-01 -8.908056721201453865e-01 -3.485386814808448530e-02 1.383736810871234735e-02 4.528343953781736597e-01
1.305033572550497055e+09 1.382994436961726414e+00 -3.289721593054226734e-01 7.743271950287289318e-01 -8.922776672687290356e-01 -3.990076443800365247e-02 1.365597667251460673e-02 4.495130785548490659e-01
1.305033572582154036e+09 1.382539784560103291e+00 -3.394759059725388495e-01 7.814749685755837394e-01 -8.936008404760169554e-01 -4.425683212102961284e-02 1.138746562606228648e-02 4.465301740507378603e-01
1.305033572616678953e+09 1.378140840207437545e+00 -3.495789247223328733e-01 7.884635143067176832e-01 -8.953013076397502434e-01 -4.593627700163634142e-02 9.892302258424436751e-03 4.429758112468560327e-01
1.305033572650227070e+09 1.376326228885220937e+00 -3.583507247182767808e-01 7.962678747882350194e-01 -8.976040952201995715e-01 -4.773559400854274215e-02 1.148892525134181941e-02 4.380595917282801843e-01
1.305033572680315018e+09 1.374089236586389706e+00 -3.685547606463874803e-01 8.045843136307953003e-01 -9.001682788513934996e-01 -4.753632482343222304e-02 1.266587762374169271e-02 4.327550613407328828e-01
1.305033572718259096e+09 1.366319643952906837e+00 -3.754029573750038429e-01 8.180262533943400971e-01 -9.038299375746400299e-01 -4.971564535676641083e-02 1.380793723593284200e-02 4.247695132891141645e-01
1.305033572750165939e+09 1.364323963470751577e+00 -3.798490194674450926e-01 8.333291148266306347e-01 -9.059122918331253826e-01 -5.629112619220513758e-02 1.757172897693605809e-02 4.193393172103333510e-01
1.305033572780966997e+09 1.361726728316379642e+00 -3.885558513612331621e-01 8.421912352981394401e-01 -9.066825655241147475e-01 -6.102711174713455755e-02 1.970810588045101425e-02 4.169100713211628118e-01
1.305033572816626072e+09 1.349220483309773844e+00 -3.987825330762964082e-01 8.509692867666378557e-01 -9.080157358784923805e-01 -6.394684164730761455e-02 2.060225551124217347e-02 4.135139319396914370e-01
1.305033572847583055e+09 1.338686142932119516e+00 -4.069007743219517081e-01 8.643564577649311964e-01 -9.101516873574259092e-01 -7.170946148033806311e-02 2.579645052967240865e-02 4.072053563924477038e-01
1.305033572879278898e+09 1.332271339255013620e+00 -4.141981883603298442e-01 8.766274035003772669e-01 -9.114454402493210594e-01 -8.186921804394232949e-02 3.371660995355899026e-02 4.017808243294275217e-01
1.305033572915302992e+09 1.325576122048891303e+00 -4.207933123963548683e-01 8.870887842385580813e-01 -9.126647339485786103e-01 -9.368751852217260812e-02 4.067290202587695719e-02 3.957416421360293035e-01
1.305033572951889038e+09 1.317425996928174969e+00 -4.256911559699918524e-01 8.967188716867308118e-01 -9.131890425065645189e-01 -1.074445363494523770e-01 4.682904065303329644e-02 3.903184407712651516e-01
1.305033572978188992e+09 1.305557889775785352e+00 -4.317697968373621631e-01 9.062536662776133900e-01 -9.131333607141967068e-01 -1.234943593028322573e-01 5.211097236688043421e-02 3.849948770180688373e-01
1.305033573015418053e+09 1.295001493984464958e+00 -4.354372615033179628e-01 9.185849287287661813e-01 -9.126207137215350818e-01 -1.400058541309724680e-01 5.817516332633834025e-02 3.796543744873842052e-01
1.305033573047133923e+09 1.281632742480366183e+00 -4.419661375670040915e-01 9.239127210730493367e-01 -9.109927471344521077e-01 -1.549067576553261050e-01 6.379058486804711769e-02 3.768645278920939035e-01
1.305033573080128908e+09 1.268467613902077185e+00 -4.383919303943643042e-01 9.373256702354841874e-01 -9.099900380953865886e-01 -1.724649217286235992e-01 7.235950121642145683e-02 3.700514611834511691e-01
1.305033573115330935e+09 1.248208588827540932e+00 -4.411403304414158733e-01 9.504017099406595337e-01 -9.062899914114493916e-01 -1.899661854811956485e-01 7.948230787855223300e-02 3.690987165724878283e-01
1.305033573146193981e+09 1.232579190400346469e+00 -4.453742206483805033e-01 9.555468962628204110e-01 -9.011896328851298765e-01 -2.068924447106451625e-01 8.963097001199826774e-02 3.701608449265340051e-01
1.305033573177561045e+09 1.222224821411566520e+00 -4.428711155139717359e-01 9.645889990120490864e-01 -8.948872946967293407e-01 -2.266708147729113998e-01 1.027906057727182021e-01 3.704472471019744084e-01
1.305033573215744019e+09 1.209430362189547914e+00 -4.447690606354629539e-01 9.746075909328217879e-01 -8.882051246999649319e-01 -2.458425854682408929e-01 1.143903803861893720e-01 3.709014970340688833e-01
1.305033573245662928e+09 1.187092179853235674e+00 -4.422010151139067480e-01 9.828293126194600493e-01 -8.815890821785558051e-01 -2.665671464946907099e-01 1.196614370494920587e-01 3.707071446256467451e-01
1.305033573277719975e+09 1.164597050997053795e+00 -4.427044466886674856e-01 9.852200184918309400e-01 -8.731541449923684306e-01 -2.845214337002663907e-01 1.260021815234297626e-01 3.751970723488223247e-01
1.305033573314326048e+09 1.133241539688457644e+00 -4.430498154364349572e-01 9.934401287185137264e-01 -8.651341581109333045e-01 -3.034613898780302854e-01 1.309921626164028408e-01 3.772202627856284241e-01
1.305033573346700907e+09 1.099398041973222551e+00 -4.388428682979887974e-01 1.003429733580376793e+00 -8.546653791094057651e-01 -3.250548163226858467e-01 1.392676943780680743e-01 3.801196725240851837e-01
1.305033573379446983e+09 1.085977441521195797e+00 -4.308063659496983444e-01 1.009824422204033345e+00 -8.401377940039436165e-01 -3.467414710703496938e-01 1.572314262764118453e-01 3.862863159849728723e-01
1.305033573413474083e+09 1.040770573245661579e+00 -4.301667922885568096e-01 1.023558981709951521e+00 -8.291924283635291326e-01 -3.632427424119565318e-01 1.616245088909273875e-01 3.929022078779924043e-01
1.305033573445595980e+09 1.022475566116050505e+00 -4.206518344608668469e-01 1.033493951644631981e+00 -8.161129094905921200e-01 -3.744784184652475423e-01 1.804945170684986722e-01 4.014316409736245483e-01
1.305033573476821899e+09 9.886906098547788568e-01 -4.137962534582914076e-01 1.050750532542679805e+00 -8.042207711590257935e-01 -3.862183046741416437e-01 1.906163902016365652e-01 4.095482439927086160e-01
1.305033573515495062e+09 9.826526456989452818e-01 -3.966763369970904840e-01 1.065581925945703778e+00 -7.891836362383655157e-01 -3.964375629584380167e-01 2.079921676912235562e-01 4.204351378610876044e-01
1.305033573546940088e+09 9.447886772829523494e-01 -3.956322587834620874e-01 1.098785583579589220e+00 -7.828656602925950780e-01 -4.001175173045744549e-01 2.078340027194624517e-01 4.287567580741662443e-01
1.305033573576905966e+09 9.380640070765335903e-01 -3.868509368038073326e-01 1.095801624671559171e+00 -7.640072114963507577e-01 -4.041238638328210619e-01 2.247746306040522279e-01 4.499480513339443322e-01
1.305033573612730026e+09 9.152726426267614457e-01 -3.672665442450049333e-01 1.090380257895889660e+00 -7.410432015627426150e-01 -4.132584253713912359e-01 2.405341862930591712e-01 4.713976585660289431e-01
1.305033573644867897e+09 8.997085329663495612e-01 -3.506680457058638511e-01 1.082912570870047553e+00 -7.215917880886540958e-01 -4.137981342229602455e-01 2.548057315128470224e-01 4.931028641823312353e-01
1.305033573676914930e+09 8.860226613461715806e-01 -3.524746116213548497e-01 1.088538594501883283e+00 -7.200078650207542008e-01 -3.974952809577496082e-01 2.599295467035763196e-01 5.059869629496875909e-01
1.305033573712810993e+09 8.685913077982595487e-01 -3.542273218986516925e-01 1.102653260373066990e+00 -7.235965778180482033e-01 -3.790719105292156277e-01 2.630721837727546530e-01 5.133278731403291273e-01
1.305033573746551991e+09 8.537482002278973248e-01 -3.544847186097767056e-01 1.106881051754832646e+00 -7.222279247312103356e-01 -3.640879033723051217e-01 2.671711581314106243e-01 5.238763171008296027e-01
1.305033573777048111e+09 8.356273895445870403e-01 -3.598533357332397431e-01 1.120239065357421016e+00 -7.233367399128201036e-01 -3.524296843343714958e-01 2.648769023534056632e-01 5.314296801007004634e-01
1.305033573812928915e+09 8.176772763656290355e-01 -3.669341289524239436e-01 1.129147417286465283e+00 -7.203727908668303703e-01 -3.436301390521374621e-01 2.602996177262274502e-01 5.433465549033347219e-01
1.305033573847554922e+09 8.025894008332926655e-01 -3.713979173297072833e-01 1.136196630266929741e+00 -7.176069829814998302e-01 -3.365864703751060283e-01 2.558334665315773471e-01 5.534428636625948750e-01
1.305033573876900911e+09 7.861624013825518897e-01 -3.769480592195648683e-01 1.144317618203991138e+00 -7.175959783419448845e-01 -3.274118798539075725e-01 2.508607973948069891e-01 5.611829765133996561e-01
1.305033573915599108e+09 7.692916691370665916e-01 -3.809734588001012501e-01 1.153344599448021368e+00 -7.189556253239708372e-01 -3.158614250837955550e-01 2.484537285306107623e-01 5.671023838234937609e-01
1.305033573945652962e+09 7.517742018806384818e-01 -3.881002287507716586e-01 1.158643546993349815e+00 -7.214249683244390310e-01 -2.999491030841419104e-01 2.484648761601972455e-01 5.725746728172655953e-01
1.305033573977056026e+09 7.313214439877290252e-01 -3.943292582838445748e-01 1.162610957929808730e+00 -7.256202526092523364e-01 -2.838024294434445260e-01 2.495879850369807917e-01 5.750106675275368229e-01
