1.305033527670033932e+09 1.490599999999999925e+00 -1.168099999999999916e+00 6.610000000000000320e-01 -8.958911710360140113e-01 -7.129929734888668102e-02 4.599954667670114183e-02 4.360957022980307962e-01
1.305033527701983929e+09 1.496941363853509177e+00 -1.193278299708790069e+00 6.800424713574571012e-01 -8.988354643140129552e-01 -6.657172253869787781e-02 4.658349812996111228e-02 4.306889731019584722e-01
1.305033527733905077e+09 1.496918529166678447e+00 -1.202116790392098400e+00 6.768363356945247267e-01 -9.005194821839818120e-01 -6.487005322013235376e-02 4.504648381295097564e-02 4.275831529637245110e-01
1.305033527769942999e+09 1.499326242064200176e+00 -1.208025232411995775e+00 6.756005412808234745e-01 -9.027002109614661318e-01 -6.504337228105973312e-02 4.424783740163077544e-02 4.230175146937901198e-01
1.305033527801980972e+09 1.499536850663258924e+00 -1.213785737091080730e+00 6.740792209129844448e-01 -9.043235017395632180e-01 -6.531579806432349922e-02 4.157707369463030378e-02 4.197668372652915147e-01
1.305033527833906889e+09 1.500674021459299068e+00 -1.219731044947001353e+00 6.724049448052649147e-01 -9.058687476548965556e-01 -6.351702796227048919e-02 4.025653816982682071e-02 4.168294739045821928e-01
1.305033527869940996e+09 1.501663087982074707e+00 -1.224571962995219865e+00 6.734596450168918169e-01 -9.075542518350087073e-01 -5.984713718091753260e-02 3.968225554457123494e-02 4.137498262746963085e-01
1.305033527901959896e+09 1.502274662681114981e+00 -1.228534870831268888e+00 6.734082844829958336e-01 -9.088622821400135221e-01 -5.458141033956929317e-02 3.891775115346619851e-02 4.116741798968532873e-01
1.305033527933928967e+09 1.501431287003172965e+00 -1.230073158037516379e+00 6.750494482833828691e-01 -9.103055474706451822e-01 -4.913804059997744361e-02 3.775508016186489985e-02 4.092723019361745873e-01
1.305033527969980001e+09 1.500030085038283501e+00 -1.233031514139563356e+00 6.745536598676378226e-01 -9.112440129669471256e-01 -4.484890784258171309e-02 3.645298316893676172e-02 4.077917413525036783e-01
1.305033528002018929e+09 1.499888651306859222e+00 -1.235867658097290045e+00 6.738881243449764691e-01 -9.118156732533591047e-01 -4.211133567884860901e-02 3.564619458547683972e-02 4.068761018153329578e-01
1.305033528034008980e+09 1.498018580580622983e+00 -1.236060165143431089e+00 6.711769917761410964e-01 -9.124941510125925692e-01 -4.013656763287737350e-02 3.433270696916412845e-02 4.056658052370560319e-01
1.305033528070091009e+09 1.495881935722395806e+00 -1.235425537130306672e+00 6.717568625551109118e-01 -9.132013223135798663e-01 -3.932869691838070114e-02 3.304471111010803819e-02 4.042581422693684035e-01
1.305033528102035999e+09 1.495463680557040265e+00 -1.234258486671284683e+00 6.726142491063286100e-01 -9.137660087441450418e-01 -3.905522312725522027e-02 3.268268059887845245e-02 4.030362430342303015e-01
1.305033528133965015e+09 1.495198646499758643e+00 -1.231184403221769585e+00 6.747520877299754138e-01 -9.142674346062332758e-01 -3.801561208498258071e-02 3.235134014568273597e-02 4.020239570561927600e-01
1.305033528169886112e+09 1.495015488608304910e+00 -1.231196229310556056e+00 6.748590909810189276e-01 -9.135802537842160342e-01 -3.645546862204492033e-02 3.234798914655979268e-02 4.037272919945945615e-01
1.305033528202011108e+09 1.494468342538139538e+00 -1.226534216263638566e+00 6.753039088732887274e-01 -9.131612125995418605e-01 -3.468194119412972010e-02 3.334906539343792525e-02 4.047488141997768185e-01
1.305033528234025955e+09 1.493325932341062590e+00 -1.224161609669591977e+00 6.741734323203152357e-01 -9.123478318057103298e-01 -3.356373529276238110e-02 3.484967648386265437e-02 4.065469339714501418e-01
1.305033528269953012e+09 1.497451308065469000e+00 -1.220124507857805352e+00 6.720064953355364690e-01 -9.117046423072987515e-01 -3.468483706347171708e-02 3.711008023267622913e-02 4.076940632610748794e-01
1.305033528301989079e+09 1.501184964332199501e+00 -1.212146518243803373e+00 6.716082676350443315e-01 -9.115789276079773185e-01 -3.677536756523112904e-02 3.619252039043472507e-02 4.078744078136307127e-01
1.305033528333972931e+09 1.501358815090199306e+00 -1.208207112532106331e+00 6.694620693026949176e-01 -9.110668873941957235e-01 -3.738517139090086205e-02 3.391607117059446813e-02 4.091566640912452368e-01
1.305033528369960070e+09 1.502253857471729903e+00 -1.200564253530637115e+00 6.695511727080808440e-01 -9.112833887751262685e-01 -3.727519124019429420e-02 3.411685401798176392e-02 4.086675736248776558e-01
1.305033528402060986e+09 1.504281340929905841e+00 -1.191921869878689089e+00 6.700939907426758380e-01 -9.109072220192075964e-01 -3.817433276597959058e-02 3.440305597421523115e-02 4.093985624434428039e-01
1.305033528433943987e+09 1.505757258864224291e+00 -1.184345002660011525e+00 6.688950128124724337e-01 -9.101712087367547221e-01 -3.854111937945784577e-02 3.411724650058765157e-02 4.110218563469238973e-01
1.305033528470017910e+09 1.507272541608010608e+00 -1.175202322131700061e+00 6.683535391508333978e-01 -9.096879178226284779e-01 -3.838098501888655145e-02 3.469900366177934570e-02 4.120567573786292348e-01
1.305033528502259970e+09 1.507522787211822424e+00 -1.167784122937736369e+00 6.681506168580624294e-01 -9.093977652219719099e-01 -3.875227579999040994e-02 3.552927512263947402e-02 4.125913672616827177e-01
1.305033528534013987e+09 1.509752757012837288e+00 -1.158672477643340804e+00 6.665460074323023010e-01 -9.089218100914102649e-01 -3.970854814525553306e-02 3.793211588190006922e-02 4.133346452078174305e-01
1.305033528570000887e+09 1.511832017698186537e+00 -1.147625489041097291e+00 6.667071773873568530e-01 -9.082541856874567499e-01 -4.208154339095362961e-02 3.971697639578639083e-02 4.143984069383311319e-01
1.305033528601902008e+09 1.513629892816456657e+00 -1.137039644761604018e+00 6.670963116714299090e-01 -9.071803749868485589e-01 -4.540013628756691538e-02 4.104706734440372040e-02 4.162664208487336093e-01
1.305033528633991003e+09 1.514713562138063851e+00 -1.126524018454541531e+00 6.662190071232209077e-01 -9.060650089912437588e-01 -4.911540508338936573e-02 4.216044171435535254e-02 4.181583116711210524e-01
1.305033528669998884e+09 1.519434353171296159e+00 -1.114158065114561058e+00 6.659715327601405388e-01 -9.060608860583666546e-01 -4.978372972423637799e-02 4.571949217307047508e-02 4.177139919194811091e-01
1.305033528702008009e+09 1.525307322547871047e+00 -1.097431620667479457e+00 6.685014574280393473e-01 -9.066586214674269284e-01 -4.828518461440233639e-02 4.873382936268340349e-02 4.162495632924881894e-01
1.305033528734047890e+09 1.527143463824233605e+00 -1.085241711668373243e+00 6.678837647567597013e-01 -9.062656934588114721e-01 -4.703912545990256849e-02 4.934164636888484917e-02 4.171752814695460221e-01
1.305033528770045042e+09 1.532348810526180438e+00 -1.071245228618857626e+00 6.685054258307628894e-01 -9.065158838222356907e-01 -4.701565303304407195e-02 5.122865111895043289e-02 4.164061791717316718e-01
1.305033528801994085e+09 1.536928815534870374e+00 -1.057074251326345804e+00 6.693116188321796001e-01 -9.065797311695578120e-01 -4.566324447164358397e-02 5.171735252182031728e-02 4.163572679622497552e-01
1.305033528834357977e+09 1.540261522823902274e+00 -1.045222459339262944e+00 6.694388274133646899e-01 -9.067432950184055596e-01 -4.251338764694131966e-02 5.252006442254934099e-02 4.162341308001985540e-01
1.305033528870165110e+09 1.543815708777442008e+00 -1.032848753016331944e+00 6.703811096324003849e-01 -9.071253760588305903e-01 -4.027311550187575445e-02 5.393057804917486542e-02 4.154432825659598039e-01
1.305033528902091980e+09 1.547675860089199773e+00 -1.016507261903580428e+00 6.720816864263456925e-01 -9.075321862006764384e-01 -3.966090101510481164e-02 5.509206487647125283e-02 4.144601408195214276e-01
1.305033528934257984e+09 1.553805236333480444e+00 -1.004317773679474834e+00 6.706976389773250391e-01 -9.067057425891517086e-01 -3.992495199159062924e-02 5.689018696187840562e-02 4.159978379652552460e-01
1.305033528969917059e+09 1.559487053477726537e+00 -9.905094436713891559e-01 6.727069050553564633e-01 -9.069369506483931920e-01 -4.029687388584158453e-02 5.630822212577352853e-02 4.155368980303157933e-01
1.305033529002386093e+09 1.560723866550236982e+00 -9.816714510570719865e-01 6.697536260401151242e-01 -9.059978266242210143e-01 -3.945990103225889556e-02 5.305088876239014151e-02 4.180866627437820338e-01
1.305033529033895969e+09 1.562922797478684789e+00 -9.670415772140620314e-01 6.704866571889874782e-01 -9.063722997427701156e-01 -3.915916726427670636e-02 5.221460165548275079e-02 4.174080129227638047e-01
1.305033529069871902e+09 1.565979955005121438e+00 -9.527853993573485170e-01 6.732862658830660596e-01 -9.061995477307132063e-01 -4.134653638254209146e-02 5.187223582580102743e-02 4.176147923293071496e-01
1.305033529101938009e+09 1.567546651906674526e+00 -9.401849915001445623e-01 6.736637412978336847e-01 -9.050146595125088123e-01 -4.308633802371660687e-02 5.175370584635266558e-02 4.200161752532072246e-01
1.305033529133980036e+09 1.570457911237899573e+00 -9.248773142504047584e-01 6.763171002487747829e-01 -9.041947760065174311e-01 -4.463715492880384467e-02 5.257003299755710207e-02 4.215159819900324845e-01
1.305033529170049906e+09 1.571893646178603721e+00 -9.120435004282707592e-01 6.760609925624628813e-01 -9.027760410933830526e-01 -4.424138085502082179e-02 5.326763218677297435e-02 4.245005055462407473e-01
1.305033529201937914e+09 1.577241555728366773e+00 -8.969606944810176730e-01 6.752867528299534294e-01 -9.019005987511896638e-01 -4.310507322358539395e-02 5.466491649501570294e-02 4.262968561216796126e-01
1.305033529233932972e+09 1.579686569100751115e+00 -8.781871229787807653e-01 6.796687088818609279e-01 -9.017292985235256797e-01 -4.233935985557717163e-02 5.351475418133715828e-02 4.268815080045060828e-01
1.305033529270157099e+09 1.579150128784154505e+00 -8.651940908212717440e-01 6.795896674051596920e-01 -9.001902009673363736e-01 -4.112250818915692135e-02 5.209913840219845133e-02 4.304093646522663130e-01
1.305033529302066088e+09 1.581836386788344928e+00 -8.483135429633523739e-01 6.824718591954287428e-01 -8.997501738148204753e-01 -4.002384570546756865e-02 5.326781687453423925e-02 4.312890633676747520e-01
1.305033529333973885e+09 1.583477059852548052e+00 -8.342546644650845611e-01 6.830862788398848195e-01 -8.980736674892974003e-01 -4.017334575822494730e-02 5.230535523184894064e-02 4.348723259382954454e-01
1.305033529369872093e+09 1.582263531661906697e+00 -8.204660288616894004e-01 6.849015826536208884e-01 -8.969245567867083491e-01 -3.958907128317595836e-02 4.995381800649126292e-02 4.375656075772830222e-01
1.305033529402096033e+09 1.582278676103616277e+00 -8.068307628701190115e-01 6.853733200411362692e-01 -8.958046483564300333e-01 -3.905424541292790153e-02 4.906315967085748270e-02 4.400018230204863490e-01
1.305033529434346914e+09 1.581998641590497190e+00 -7.909424716661594967e-01 6.867133308461669250e-01 -8.952215421466426237e-01 -3.864486723304541571e-02 4.823709577683473609e-02 4.413141141003124601e-01
1.305033529470113039e+09 1.582324989555586869e+00 -7.740854631051334866e-01 6.908583108687815777e-01 -8.948671128298806288e-01 -3.920809711940712733e-02 4.788300107387252064e-02 4.420212593348288310e-01
1.305033529502275944e+09 1.582801861791700349e+00 -7.587821224850570534e-01 6.923920377363700362e-01 -8.936260101159448910e-01 -3.984702059710909516e-02 4.749093736863077564e-02 4.445102696919832064e-01
1.305033529534027100e+09 1.582977154331761005e+00 -7.432001285508631483e-01 6.946610404494897306e-01 -8.931006696469595552e-01 -3.938452197505231539e-02 4.682518592574235611e-02 4.456764019644396946e-01
1.305033529569931984e+09 1.581021047306953475e+00 -7.280556922944488862e-01 6.972140248238403171e-01 -8.929242675953732444e-01 -3.717651688885839634e-02 4.568291204675203193e-02 4.463375745757997004e-01
1.305033529601907969e+09 1.579349127909417838e+00 -7.134580319879291199e-01 6.980202293926263124e-01 -8.929654870720505899e-01 -3.541878745890932045e-02 4.591083587853004438e-02 4.463746672270400007e-01
1.305033529634597063e+09 1.582930420256739135e+00 -6.954141391706001318e-01 6.986501191021389223e-01 -8.930666983676365245e-01 -3.584378193368657067e-02 4.669137819291214325e-02 4.460571832914089208e-01
1.305033529670028925e+09 1.585102734741741459e+00 -6.798790473940550250e-01 6.971160433231275988e-01 -8.930128345266368228e-01 -3.523544804090811278e-02 4.394250146470084911e-02 4.464925499233808326e-01
1.305033529701927900e+09 1.580582465612767606e+00 -6.624493270249356414e-01 6.987827581546512956e-01 -8.940770479764458267e-01 -3.293698797085940072e-02 3.956679650222520717e-02 4.449447782811740137e-01
1.305033529735153913e+09 1.579149932527669220e+00 -6.447351105755058098e-01 6.995145584860925636e-01 -8.941671389961952654e-01 -3.045417235380233623e-02 3.798722808185105854e-02 4.450782419173746063e-01
1.305033529769984961e+09 1.574976409236331865e+00 -6.268900842783816652e-01 7.019940707506002742e-01 -8.940401955721175575e-01 -2.494532497469187718e-02 3.733905583001962541e-02 4.457304727893298679e-01
1.305033529801903963e+09 1.570984944282531215e+00 -6.118643684262990989e-01 7.018538335514793447e-01 -8.930970040950214628e-01 -1.859891397945161520e-02 3.891650917306510582e-02 4.477916111195754945e-01
1.305033529835175991e+09 1.572199320787075472e+00 -5.952911874267273751e-01 7.024320201407147080e-01 -8.928634885766297824e-01 -1.257384763624681823e-02 4.250046623256250461e-02 4.481410486581272057e-01
1.305033529870052099e+09 1.571927822243820660e+00 -5.808938026674775879e-01 7.023129613159994067e-01 -8.926331140753829274e-01 -8.509398222781404050e-03 4.286369193467502031e-02 4.486606932991785701e-01
1.305033529902039051e+09 1.569323937184170958e+00 -5.639678335836322276e-01 7.059695082783361553e-01 -8.934248600118499528e-01 -7.124292740009160671e-03 4.126575745120630856e-02 4.472565273170859279e-01
1.305033529934437990e+09 1.565574193675869585e+00 -5.509514642738529977e-01 7.035661942109213696e-01 -8.929586686436610243e-01 -7.490902628855227244e-03 4.043885657875067458e-02 4.482559551757775984e-01
1.305033529969974995e+09 1.564734297137886143e+00 -5.328283143758912876e-01 7.062665924248141547e-01 -8.937304750863928060e-01 -9.868458973134635465e-03 4.033767436021157282e-02 4.466780982391634902e-01
1.305033530002319098e+09 1.565543647053944998e+00 -5.171643599290522975e-01 7.068057637815637895e-01 -8.928720037268431664e-01 -1.167515286359278003e-02 4.085635365559649179e-02 4.483012760771409866e-01
1.305033530034538984e+09 1.563635385719847504e+00 -5.014754140430989215e-01 7.049901756205142478e-01 -8.922047288186824021e-01 -1.101650981020578859e-02 4.105104732664178330e-02 4.496267006068134231e-01
1.305033530070091963e+09 1.563236100100059423e+00 -4.834456503178627962e-01 7.045858876442477881e-01 -8.921048446227075601e-01 -1.047745218722413371e-02 4.220554253600299066e-02 4.497308766091124288e-01
1.305033530102639914e+09 1.565376910896299822e+00 -4.661528871943897423e-01 7.057696438851485121e-01 -8.918130910397547018e-01 -1.127916681824761916e-02 4.309601507935856279e-02 4.502054248121450941e-01
1.305033530133963108e+09 1.565660552865022259e+00 -4.487400407668683533e-01 7.052706416129671529e-01 -8.914725855129869148e-01 -1.291965381756491650e-02 4.253891619825021786e-02 4.508881817398882053e-01
1.305033530169975042e+09 1.563807435729805073e+00 -4.322267266351791370e-01 7.063328772907703224e-01 -8.913771238504520911e-01 -1.387750281815752079e-02 4.162230192284209485e-02 4.511339290878836339e-01
1.305033530202533007e+09 1.565185575709518551e+00 -4.153283205372794162e-01 7.040542650012600046e-01 -8.911109860104100555e-01 -1.475381507454944473e-02 4.307876052035420483e-02 4.514950231667353986e-01
1.305033530234343052e+09 1.567877120967887894e+00 -3.969796801261028518e-01 7.011956559332483963e-01 -8.911088302597781619e-01 -1.565831320702806839e-02 4.412618558926677953e-02 4.513676435079303495e-01
1.305033530270088911e+09 1.568019764938382465e+00 -3.777134172733369599e-01 7.014660574079205624e-01 -8.913231355599553485e-01 -1.714675906201347869e-02 4.360078338881798882e-02 4.509412692991405791e-01
1.305033530302540064e+09 1.569075881079253110e+00 -3.587799618561564596e-01 7.001683245346099760e-01 -8.909808439642729061e-01 -1.803759021291846676e-02 4.443732449978415183e-02 4.515009470857438978e-01
1.305033530334417105e+09 1.571129332700395898e+00 -3.392622133955959240e-01 6.979216386803277494e-01 -8.906916198883549907e-01 -1.844622596256553435e-02 4.671804408810772274e-02 4.518247440822355521e-01
1.305033530369991064e+09 1.577023395001202033e+00 -3.217337193541988105e-01 6.956884513327593611e-01 -8.905148465445535955e-01 -2.068015800643095009e-02 4.907905024934427346e-02 4.518261678734218911e-01
1.305033530402280092e+09 1.583562432834812350e+00 -3.036648104198467202e-01 6.952202200754604711e-01 -8.912035730908041131e-01 -2.304266165873542632e-02 4.875905755750707671e-02 4.503862579608404748e-01
1.305033530433938980e+09 1.584806806325360196e+00 -2.837837390244817293e-01 6.956661358138245266e-01 -8.924415792896261967e-01 -2.298869212490256206e-02 4.668102163366233404e-02 4.481522395444009210e-01
1.305033530470000982e+09 1.585057623997823573e+00 -2.659421024627038888e-01 6.936511152759514687e-01 -8.929817906084929202e-01 -2.212962253900811402e-02 4.672428545006698103e-02 4.471136797248674299e-01
1.305033530503175974e+09 1.589125416290282811e+00 -2.475695673956630483e-01 6.921562255012294607e-01 -8.935349237200685968e-01 -2.255042525300968159e-02 4.789146968653279490e-02 4.458623392312289213e-01
1.305033530534055948e+09 1.590676575202787824e+00 -2.282186486534917291e-01 6.885455344080297913e-01 -8.940925307136107225e-01 -2.268195386506624556e-02 4.679765762092476244e-02 4.448528461549824953e-01
1.305033530570010900e+09 1.593569479813084389e+00 -2.100444700710698553e-01 6.891607169880373807e-01 -8.949739863458430200e-01 -2.439064225378517053e-02 4.594722688741267880e-02 4.430750643807832567e-01
1.305033530603079081e+09 1.596837620936876645e+00 -1.928748240306363826e-01 6.891005400990392049e-01 -8.955462765998774000e-01 -2.801168846371318230e-02 4.458594235993163651e-02 4.418419463126883606e-01
1.305033530634562016e+09 1.598601348251836640e+00 -1.763789012798288036e-01 6.880645444686254164e-01 -8.958786360245537539e-01 -3.065534277099585259e-02 4.249990282557850746e-02 4.411977762117509916e-01
1.305033530670053005e+09 1.598400184329326068e+00 -1.577915262694111753e-01 6.908332407547282950e-01 -8.964662136010853599e-01 -3.279211816277425445e-02 4.089056699742669304e-02 4.400010981676761301e-01
1.305033530702903986e+09 1.600122493296663562e+00 -1.433686732728127744e-01 6.887490212594883365e-01 -8.959214692173695926e-01 -3.339175011070692062e-02 4.125401489004449501e-02 4.410304051597644936e-01
1.305033530733843088e+09 1.602369473309008585e+00 -1.265964310833846973e-01 6.905791614026179914e-01 -8.962537527025900008e-01 -3.285656481919004696e-02 4.193410799393316318e-02 4.403307705595422283e-01
1.305033530770068884e+09 1.602639350787022465e+00 -1.099598779717432251e-01 6.925772454065365347e-01 -8.960900238310920418e-01 -3.256149046312845075e-02 4.217060969416702026e-02 4.406632026925267898e-01
1.305033530802639961e+09 1.603361506618707022e+00 -9.418689915255673561e-02 6.941379198311270482e-01 -8.952897722844843642e-01 -3.263172819272415481e-02 4.240952553602359704e-02 4.422587773032452541e-01
1.305033530834043026e+09 1.602601557235044050e+00 -8.020976336949914298e-02 6.973127990709157009e-01 -8.942880321638376762e-01 -3.306331868961683018e-02 4.187521181806961451e-02 4.442996726545626607e-01
1.305033530869990110e+09 1.603425661010930758e+00 -6.413372505878212060e-02 7.006176192553609239e-01 -8.927819865162933688e-01 -3.375530318752441306e-02 4.248697443302824200e-02 4.472088561983835753e-01
1.305033530903177023e+09 1.605163444727889521e+00 -5.178442738334609885e-02 6.984572000085750298e-01 -8.902958389945828666e-01 -3.378386323195940039e-02 4.280051147869445155e-02 4.521062771862589535e-01
1.305033530935393095e+09 1.605037146832121842e+00 -3.886757582344602113e-02 6.988951057722981863e-01 -8.887343417582631577e-01 -3.197720296304181614e-02 4.217640607400828523e-02 4.553568699831457289e-01
1.305033530969918013e+09 1.603906196869662404e+00 -2.735068166182830218e-02 6.999953343464798694e-01 -8.873928541931316305e-01 -2.997764988041266843e-02 4.170533927007082087e-02 4.581440030285054976e-01
1.305033531001894951e+09 1.602785906748773970e+00 -1.840759138921721494e-02 6.999899172223336130e-01 -8.859856582764111810e-01 -2.881845119697409863e-02 4.162509717173430712e-02 4.609406268540076623e-01
1.305033531035070896e+09 1.601678209200412706e+00 -1.007780176970984876e-02 7.009757010139865407e-01 -8.849232679548596492e-01 -2.913141691211115769e-02 4.152392996502264622e-02 4.629664497790788036e-01
1.305033531070067883e+09 1.599034921862425573e+00 -4.272071041249381196e-03 7.008017892695073137e-01 -8.839925460880264652e-01 -2.934530168568565134e-02 4.105558702029829532e-02 4.647692658773844854e-01
1.305033531103063107e+09 1.598500038232036236e+00 1.493514734822953827e-03 7.008119924671721845e-01 -8.838878202584105059e-01 -2.923359735003261753e-02 4.179059864963274168e-02 4.649099524094070790e-01
1.305033531134773016e+09 1.595306579626173171e+00 6.227497867444586888e-03 7.010577904035744101e-01 -8.835445582698938649e-01 -2.870103332134207874e-02 4.083803322093283034e-02 4.656796315929989105e-01
1.305033531169951916e+09 1.592450386947248386e+00 7.200695581292437808e-03 7.006116074862462906e-01 -8.827242304063374068e-01 -2.938231814321611707e-02 4.111512917383604304e-02 4.671660931479177936e-01
1.305033531203418016e+09 1.591654588552704475e+00 6.317092240613497722e-03 6.994908521317382277e-01 -8.825704975737892477e-01 -2.972404373060382257e-02 4.247438389549302445e-02 4.673133046996987838e-01
1.305033531234206915e+09 1.590997050153789782e+00 6.108554193021031864e-03 6.985133834153880450e-01 -8.831755975904121980e-01 -2.760044975996686634e-02 4.295340611362488681e-02 4.662553848451551630e-01
1.305033531272670984e+09 1.589493781013676443e+00 4.308651761455006834e-03 6.975004893375102988e-01 -8.837545018667760655e-01 -2.586269809721683868e-02 4.321556794692026082e-02 4.652327546125314406e-01
1.305033531303205013e+09 1.588834960279161157e+00 1.454504998514405401e-03 6.964791644461100217e-01 -8.844711303809921210e-01 -2.526691135372051769e-02 4.341964286802083711e-02 4.638826762516864988e-01
1.305033531335000992e+09 1.589117796387842230e+00 -2.113215578347871215e-03 6.954142786190896652e-01 -8.854067472766070646e-01 -2.354134962500731981e-02 4.354971235468774876e-02 4.621732567865817209e-01
1.305033531370503902e+09 1.587780138785695350e+00 -7.435705693404015548e-03 6.947631589175835565e-01 -8.869340452034270017e-01 -2.031608096239120517e-02 4.277538349527280209e-02 4.594622105029391723e-01
1.305033531403347015e+09 1.587670226338451229e+00 -1.171658156973909293e-02 6.945492960718138153e-01 -8.883917582683954484e-01 -1.738035927774103998e-02 4.255764535087971229e-02 4.567787799081236555e-01
1.305033531435426950e+09 1.588554936952467633e+00 -1.745346642105460866e-02 6.928302655689581036e-01 -8.892419465537503287e-01 -1.532990116384669657e-02 4.113550748709610128e-02 4.553258444711684172e-01
1.305033531470309973e+09 1.585825381680047164e+00 -2.321382437341257265e-02 6.915800020312755647e-01 -8.901485078907710458e-01 -1.150963447605609161e-02 3.758115475517921633e-02 4.539722667975749082e-01
1.305033531503808022e+09 1.584842155078055814e+00 -3.072103662584391159e-02 6.909476585593432585e-01 -8.910503446940996053e-01 -7.634114388992660136e-03 3.589083982239178738e-02 4.524188890120145468e-01
1.305033531534928083e+09 1.586372521283348158e+00 -3.785112125194767252e-02 6.921087149129576677e-01 -8.921434372180468975e-01 -5.456917804230987726e-03 3.373852483365021721e-02 4.504575689439525576e-01
1.305033531571451902e+09 1.587286027905061792e+00 -4.663045062148185593e-02 6.918574906292582760e-01 -8.926434682359528638e-01 -3.016311922443771359e-03 3.021589959922276955e-02 4.497394133156284446e-01
1.305033531603610992e+09 1.587303452490134603e+00 -5.535295687685826138e-02 6.945210959413609109e-01 -8.938543770341987882e-01 9.085375034259476901e-04 2.670703800014008825e-02 4.475603437947426322e-01
1.305033531635605097e+09 1.588026910242821055e+00 -6.487505319031927620e-02 6.938377628933729557e-01 -8.943958800964513234e-01 4.521423800660583081e-03 2.293773595364909101e-02 4.466647810860286394e-01
1.305033531671649933e+09 1.590074341691464221e+00 -7.317713666692315932e-02 6.959584490451455885e-01 -8.954008146638372523e-01 8.458792638816634707e-03 1.843626418686717533e-02 4.447987568432069105e-01
1.305033531703406096e+09 1.590415864899321186e+00 -8.474546602138954832e-02 6.986324762303182112e-01 -8.955522203698316197e-01 1.578996419459993694e-02 1.410164643809007703e-02 4.444525184866577328e-01
1.305033531735411882e+09 1.586430900768720509e+00 -9.572564222520330013e-02 6.991779086637719409e-01 -8.954965160248010703e-01 2.622775644996674232e-02 1.042186849867597111e-02 4.441728033502735928e-01
1.305033531771384001e+09 1.586230657138171019e+00 -1.050374733953272077e-01 7.012208062945011200e-01 -8.955522041703765090e-01 3.635002768618042501e-02 9.369000351468875429e-03 4.433702142963689696e-01
1.305033531802700996e+09 1.586713052848176542e+00 -1.167419915670873110e-01 7.008089997158696294e-01 -8.944581326946597910e-01 4.513497588461712340e-02 7.026573789166913608e-03 4.448124436985352870e-01
1.305033531833841085e+09 1.581539492005038738e+00 -1.291349697801915664e-01 7.013764257151142711e-01 -8.936874284533580237e-01 5.363777678169645569e-02 2.097707928551125617e-03 4.454675843962025428e-01
1.305033531872625113e+09 1.576679776737283989e+00 -1.415866303713431140e-01 7.019084185972175316e-01 -8.932333469342617072e-01 5.982713559266195080e-02 -9.280321021611775967e-04 4.455940310729165632e-01
1.305033531902834892e+09 1.573210538108126055e+00 -1.525880267219730246e-01 7.006025259887892487e-01 -8.928756602515700580e-01 6.388553138963085076e-02 -3.949315640238603570e-03 4.457309694371270892e-01
1.305033531933903933e+09 1.572238383347063895e+00 -1.635243785763091928e-01 7.005310512557827440e-01 -8.927318265336664505e-01 6.860553551311507348e-02 -7.705173156389851646e-03 4.452682300562800233e-01
1.305033531971524000e+09 1.568053738629513694e+00 -1.740197701625523230e-01 7.038222174861240577e-01 -8.924350412076390571e-01 7.435601184031717659e-02 -1.198963035752183964e-02 4.448450623439718643e-01
1.305033532003220081e+09 1.564208217248986399e+00 -1.880808530680310175e-01 7.035946682947616937e-01 -8.911686684468655972e-01 8.096333399482918969e-02 -1.468537792834961886e-02 4.461476018115347886e-01
1.305033532033792019e+09 1.563470274397604109e+00 -2.033398206677958786e-01 7.021154780209489799e-01 -8.903741209384733457e-01 8.958641038971613957e-02 -1.580411366607337165e-02 4.460475645351693053e-01
1.305033532071576118e+09 1.560711666217559301e+00 -2.175063584117881144e-01 6.985773804345960514e-01 -8.899655808336955909e-01 9.833843219192772711e-02 -1.842178045444500811e-02 4.449173582703475627e-01
1.305033532101891041e+09 1.556457224877897838e+00 -2.300383060263905266e-01 6.985330029157797993e-01 -8.903860227348471268e-01 1.060736847077809464e-01 -2.177428415620749624e-02 4.421391008273520273e-01
1.305033532135137081e+09 1.553219094249087329e+00 -2.418994460505389243e-01 6.989086954870393775e-01 -8.910728822612566935e-01 1.111673049445488226e-01 -2.478049527947793346e-02 4.393368592136175921e-01
1.305033532171224117e+09 1.550308920792655032e+00 -2.542767649982619060e-01 7.002150779569979999e-01 -8.914929683930594706e-01 1.156550149334737432e-01 -2.797611753412393432e-02 4.371287472520953843e-01
1.305033532203553915e+09 1.545914264547989747e+00 -2.684639228808376465e-01 7.030558315207862119e-01 -8.917324071911298944e-01 1.205302118967547242e-01 -2.982566229112163653e-02 4.351967507394008394e-01
1.305033532233902931e+09 1.544421033198118520e+00 -2.806586211557111632e-01 7.051073249173003266e-01 -8.922745137183963893e-01 1.238344817984874530e-01 -3.076728077605067613e-02 4.330872749457627680e-01
1.305033532271672010e+09 1.541585571506690178e+00 -2.916283674488800992e-01 7.070885180119007574e-01 -8.929641569341001395e-01 1.276066622034423836e-01 -3.413785194481658292e-02 4.303093785369572766e-01
1.305033532303369045e+09 1.536188493723126047e+00 -3.038444763266806570e-01 7.077910011495610609e-01 -8.928907637609185821e-01 1.314341106937005066e-01 -3.739173388321107711e-02 4.290373139644226841e-01
1.305033532335390091e+09 1.533545250089284329e+00 -3.128379704633580394e-01 7.095733326386486350e-01 -8.934206781770535066e-01 1.331894728814441431e-01 -3.931809067858425127e-02 4.272167410865442827e-01
1.305033532371840954e+09 1.532329509957686575e+00 -3.255791298050711990e-01 7.114318933169632153e-01 -8.933238029641035194e-01 1.342177387591087512e-01 -4.100896365529770743e-02 4.269384575791475567e-01
1.305033532403249979e+09 1.530261481825563541e+00 -3.365846037766411225e-01 7.120673312578669201e-01 -8.932818957323193088e-01 1.351368028991945247e-01 -4.273622752464288632e-02 4.265666584673722950e-01
1.305033532435086012e+09 1.532847259307251075e+00 -3.464373547701082856e-01 7.143223932050006830e-01 -8.934382845053773226e-01 1.355824867846499582e-01 -4.348717418780023020e-02 4.260214627674742127e-01
1.305033532471927881e+09 1.533616627496634965e+00 -3.584818287721068808e-01 7.140295465945092346e-01 -8.923984828812866477e-01 1.362303294851603952e-01 -4.636451821584847838e-02 4.276874753019485609e-01
1.305033532502026081e+09 1.532244014417303957e+00 -3.690642117241123010e-01 7.146881359562122782e-01 -8.915521096999354800e-01 1.378407899787955360e-01 -4.977772451517972763e-02 4.285521327093203547e-01
1.305033532539103031e+09 1.533097461192575839e+00 -3.798541345022721227e-01 7.156365968268145750e-01 -8.906867453257538703e-01 1.390374909378127022e-01 -5.141731748996349050e-02 4.297696560680727140e-01
1.305033532571563005e+09 1.531990140282484480e+00 -3.935942963458280985e-01 7.149480500353880830e-01 -8.896300278604680756e-01 1.403293366241404883e-01 -5.395515070912620947e-02 4.312249210372319230e-01
1.305033532603569031e+09 1.531686617118215965e+00 -4.063938317452474580e-01 7.148858179341248675e-01 -8.893240738811629686e-01 1.415737402558670532e-01 -5.566596666735819376e-02 4.312318029092530036e-01
1.305033532635683060e+09 1.527579591507189916e+00 -4.198595898114255709e-01 7.127567476705711780e-01 -8.887947166226382034e-01 1.414457576009152673e-01 -6.020175125815840217e-02 4.317554846273969349e-01
1.305033532672619104e+09 1.527329051274949334e+00 -4.321726250362757371e-01 7.151749923554953092e-01 -8.890608318456986181e-01 1.412317636628677708e-01 -6.217148496028585686e-02 4.309978337165319418e-01
1.305033532702116013e+09 1.527783956295873269e+00 -4.447318010782411735e-01 7.156952879492323172e-01 -8.887956171546127493e-01 1.396846035404860631e-01 -6.361893941422951115e-02 4.318369981929487400e-01
1.305033532739490986e+09 1.527915187650694895e+00 -4.587832286428638051e-01 7.154058715218905018e-01 -8.881623553622851608e-01 1.392756204818415000e-01 -6.526674109936769774e-02 4.330244618528890643e-01
1.305033532772109985e+09 1.526677738486728719e+00 -4.740169956278912355e-01 7.132417795448865450e-01 -8.874308606658509735e-01 1.395522424599917599e-01 -6.813253781809811005e-02 4.339926225786791547e-01
1.305033532802328110e+09 1.529356799153595681e+00 -4.913012922820465533e-01 7.123880881817739041e-01 -8.870169379471432025e-01 1.420232048165660788e-01 -6.987409409118183756e-02 4.337602702685460221e-01
1.305033532839648008e+09 1.531564922601261536e+00 -5.052422960847342548e-01 7.121253015761626060e-01 -8.868191259462426812e-01 1.462260337104201446e-01 -7.316238835691060705e-02 4.322233795749295671e-01
1.305033532871166945e+09 1.531023379892221481e+00 -5.199978341707773843e-01 7.104258376336843872e-01 -8.855884341951616445e-01 1.547193733045256758e-01 -7.573572305303521990e-02 4.313457325599159287e-01
1.305033532903404951e+09 1.531459430475792027e+00 -5.333039908333736534e-01 7.088576522014554682e-01 -8.847851498163171735e-01 1.627625110593441671e-01 -7.763350860415754728e-02 4.296936606467240960e-01
1.305033532936355114e+09 1.534176176734310060e+00 -5.479528838920423306e-01 7.138070177123365667e-01 -8.849387495959848415e-01 1.715095807652693982e-01 -7.948971847886815434e-02 4.256163270192609427e-01
1.305033532970791101e+09 1.532240352082691714e+00 -5.606297993717119788e-01 7.112170311657772803e-01 -8.844452994507833177e-01 1.778282734630517448e-01 -8.614015909586197894e-02 4.227451838016653141e-01
1.305033533003809929e+09 1.532655729333781247e+00 -5.745085497328999979e-01 7.100397996812328749e-01 -8.841298609991843360e-01 1.854444259922093385e-01 -9.137866782800249665e-02 4.190163395668030089e-01
1.305033533037900925e+09 1.536582983041970385e+00 -5.861223008445727300e-01 7.104334760128904191e-01 -8.840602404463583364e-01 1.948733448534409884e-01 -9.509711310122750949e-02 4.140270641001278507e-01
1.305033533069931984e+09 1.535774115890143454e+00 -5.950151365430607076e-01 7.131817658500912982e-01 -8.833102841286226692e-01 2.068124860369847939e-01 -1.004856383044642198e-01 4.085268339611957678e-01
1.305033533101969957e+09 1.540303471037755667e+00 -6.051405795758805217e-01 7.193758592008550057e-01 -8.819441064325821422e-01 2.212742741017041381e-01 -1.025657586714021491e-01 4.033516504215116649e-01
1.305033533137701988e+09 1.540462568597672055e+00 -6.128009079432790163e-01 7.203581037168791390e-01 -8.789668056495225645e-01 2.344034206390933073e-01 -1.073565788074822280e-01 4.011819486788003042e-01
1.305033533169878960e+09 1.538760288954647004e+00 -6.217769846144960422e-01 7.214040608646303809e-01 -8.752375100562452825e-01 2.468368020122612139e-01 -1.139677337280124853e-01 4.000528088037934027e-01
1.305033533202523947e+09 1.540438079413774641e+00 -6.298302868374886510e-01 7.186856413520743558e-01 -8.709941008164679976e-01 2.597531217482257349e-01 -1.205465524478815525e-01 3.992068646427486267e-01
1.305033533238626003e+09 1.544194248316858920e+00 -6.355158498263782096e-01 7.155880979695798949e-01 -8.663591526793006370e-01 2.749730789220418692e-01 -1.251739845021874187e-01 3.976720986450809070e-01
1.305033533270603895e+09 1.543072648666186764e+00 -6.410882286437507016e-01 7.190780160641999652e-01 -8.616754998062995385e-01 2.912998075041337565e-01 -1.318302210425112420e-01 3.940565289415989825e-01
1.305033533302453041e+09 1.537907172203459183e+00 -6.455174802845426996e-01 7.214946302997607974e-01 -8.555832536434846425e-01 3.071984921848737171e-01 -1.403656907934252018e-01 3.923058186316552010e-01
1.305033533338310957e+09 1.535758795671585908e+00 -6.494497183491831915e-01 7.206237914450165372e-01 -8.493213864558295523e-01 3.221956998490648205e-01 -1.493083919333394460e-01 3.905766475428337769e-01
1.305033533369923115e+09 1.530161431216173540e+00 -6.508766165253561109e-01 7.246650412483590653e-01 -8.422916029985764164e-01 3.396580976769104643e-01 -1.597750521601511986e-01 3.868451433168210718e-01
1.305033533402013063e+09 1.521850665684101767e+00 -6.515163129468926062e-01 7.284656355907704883e-01 -8.334041073535652933e-01 3.586860077219100051e-01 -1.681421958388354954e-01 3.853701385541173918e-01
1.305033533437813997e+09 1.514784109475948881e+00 -6.547523041128838761e-01 7.282875936169006525e-01 -8.236660035209945052e-01 3.782196783036733678e-01 -1.724450400731731281e-01 3.857290470547695693e-01
1.305033533469893932e+09 1.509403509109272790e+00 -6.597737537985964851e-01 7.268743765117462452e-01 -8.145201662355507910e-01 3.953189062949028498e-01 -1.766531010874108354e-01 3.861004312321000276e-01
1.305033533502496958e+09 1.506243880473013608e+00 -6.644490219089235206e-01 7.308938820525765490e-01 -8.072588931888962094e-01 4.097648833963707382e-01 -1.810381568770816907e-01 3.842538294632157347e-01
1.305033533537975073e+09 1.500728421967130188e+00 -6.680177471509619602e-01 7.333007382401621754e-01 -8.011458018922615887e-01 4.200204154151050417e-01 -1.883676629488458820e-01 3.824472228950260844e-01
1.305033533570826054e+09 1.493669369579109896e+00 -6.739663450516164556e-01 7.323757909599276639e-01 -7.954818357634050319e-01 4.282117610838458432e-01 -1.959902602925591708e-01 3.813543686788042342e-01
1.305033533602884054e+09 1.487879393548301454e+00 -6.831009582936622415e-01 7.318059478818658148e-01 -7.903298986677763649e-01 4.367954409051714171e-01 -2.005286679151472851e-01 3.799692716791920333e-01
1.305033533638668060e+09 1.482644086678640782e+00 -6.885461562001067293e-01 7.317112320343857057e-01 -7.856334370001780698e-01 4.456748110542987362e-01 -2.056775516311450946e-01 3.766308673144305175e-01
1.305033533669970036e+09 1.478324482628720515e+00 -6.941666645338023800e-01 7.312994951477629346e-01 -7.810898841602912368e-01 4.535561187847887421e-01 -2.112300221371499198e-01 3.735870952311931559e-01
1.305033533702207088e+09 1.470895951577252836e+00 -6.959208684903274156e-01 7.321944100353405815e-01 -7.764532809230588750e-01 4.623134143966556309e-01 -2.173709017328959714e-01 3.689668013420057679e-01
1.305033533738135099e+09 1.469740764455514714e+00 -7.007524157847886404e-01 7.344746782744122626e-01 -7.732415782862753773e-01 4.706491576892089523e-01 -2.196543558301883026e-01 3.637839962678582895e-01
1.305033533770018101e+09 1.465837269318002845e+00 -7.093300350385061126e-01 7.351226462775017900e-01 -7.688235913214866990e-01 4.776472749589641409e-01 -2.243986351706311888e-01 3.611213351290188389e-01
1.305033533805969954e+09 1.460947655012963864e+00 -7.150407446922262267e-01 7.375649997858629847e-01 -7.647826869393287152e-01 4.837310591738665511e-01 -2.292960526613099792e-01 3.585178159901284412e-01
1.305033533839051008e+09 1.452495895235236922e+00 -7.186852067173922221e-01 7.372817543256517947e-01 -7.597282669138181177e-01 4.897322646785609024e-01 -2.358824794876562825e-01 3.568399154462539857e-01
1.305033533871274948e+09 1.446622083277069537e+00 -7.242847121582401959e-01 7.397827960460766628e-01 -7.543825103614889560e-01 4.982502091842110903e-01 -2.402122683239311662e-01 3.534852518214299244e-01
1.305033533907675028e+09 1.438511563873965615e+00 -7.303250055624812553e-01 7.415888932833503144e-01 -7.485951395834952171e-01 5.066943700133512696e-01 -2.448168968886178798e-01 3.506149160925252084e-01
1.305033533939019918e+09 1.430058612644013571e+00 -7.319704622110939640e-01 7.430343119785048911e-01 -7.433143214082420513e-01 5.144139077145737371e-01 -2.510199863360216277e-01 3.461952015829941054e-01
1.305033533970792055e+09 1.425528017410127468e+00 -7.378679329685284838e-01 7.439471369409241808e-01 -7.385198560705416027e-01 5.207272638311074564e-01 -2.544931489604875807e-01 3.444775406680234964e-01
1.305033534006647110e+09 1.416665102856387470e+00 -7.427065018628933313e-01 7.468830098901156900e-01 -7.339623088108285787e-01 5.261347662832976946e-01 -2.592961854801248966e-01 3.424135294472960833e-01
1.305033534038451910e+09 1.411719665523689216e+00 -7.483791272286510754e-01 7.497638837477088591e-01 -7.293801013550181844e-01 5.321033204117101567e-01 -2.635134028170452725e-01 3.397519840853882034e-01
1.305033534070750952e+09 1.402077706339719398e+00 -7.526187467892490046e-01 7.534180204642331180e-01 -7.233896942279065545e-01 5.382098537099970770e-01 -2.693822888527102055e-01 3.383351682973471108e-01
1.305033534106542110e+09 1.390946188108730164e+00 -7.541076497792928990e-01 7.553421847395236366e-01 -7.168768067674184952e-01 5.450766795893631222e-01 -2.753474607552828246e-01 3.363968387818201955e-01
1.305033534138453960e+09 1.382493418499693316e+00 -7.590627885090824867e-01 7.565840138511350510e-01 -7.110044238576846976e-01 5.522561936430235852e-01 -2.793143181459952773e-01 3.338702105854289837e-01
1.305033534170552015e+09 1.370370008918613935e+00 -7.647568968238385168e-01 7.623639158709013541e-01 -7.058085222583920793e-01 5.595849689875431743e-01 -2.827254666436613273e-01 3.297958503404175845e-01
1.305033534206831932e+09 1.355879077090388352e+00 -7.661647958234608646e-01 7.669606552555656709e-01 -6.994994415972373147e-01 5.682320351050935692e-01 -2.871555057142514134e-01 3.245837349952545581e-01
1.305033534238661051e+09 1.342563275703031245e+00 -7.711516631683407175e-01 7.687092272433011519e-01 -6.943811583410350874e-01 5.755169413126829392e-01 -2.892178030100430730e-01 3.208864590865438959e-01
1.305033534269973993e+09 1.331292206384354415e+00 -7.763961478737659849e-01 7.711683870109485861e-01 -6.906885358736075675e-01 5.812807527012784359e-01 -2.912826208683951257e-01 3.165698465297135389e-01
1.305033534306394100e+09 1.319663381712698147e+00 -7.808288902252589203e-01 7.701236630918936177e-01 -6.867671783146420683e-01 5.856683964143492016e-01 -2.946998084436133203e-01 3.138397602829936517e-01
1.305033534338522911e+09 1.306394983223125639e+00 -7.822473388465893684e-01 7.763684755730281273e-01 -6.828128913995525906e-01 5.917840594345451510e-01 -2.953661713764961783e-01 3.103498141519402953e-01
1.305033534370488882e+09 1.292799958041621844e+00 -7.832683974291329010e-01 7.833377398165052297e-01 -6.808006658906563535e-01 5.953045532415450758e-01 -2.970197550702566303e-01 3.064346705428873663e-01
1.305033534406522036e+09 1.278230665872744698e+00 -7.874344056472586395e-01 7.819403365006073470e-01 -6.780497563469252142e-01 5.980391106861517869e-01 -3.002283344600122361e-01 3.040735062365004793e-01
1.305033534438478947e+09 1.266640356291200309e+00 -7.884086120986837365e-01 7.871634728854813856e-01 -6.747048050242706596e-01 6.043834547048051453e-01 -3.012158170281297176e-01 2.979313634519233922e-01
1.305033534470618963e+09 1.252362622161312666e+00 -7.868603654212704690e-01 7.861069508116032001e-01 -6.697716885640476736e-01 6.108617207920538084e-01 -3.046781017706092221e-01 2.922757218287101444e-01
1.305033534506416082e+09 1.243396247665898402e+00 -7.865263220785128073e-01 7.881334144087887017e-01 -6.649049139295134525e-01 6.188052227161328078e-01 -3.055845989972896248e-01 2.856564451002099880e-01
1.305033534538585901e+09 1.233109089743216646e+00 -7.891156244079572391e-01 7.892566138383686480e-01 6.599341007858992025e-01 -6.256308175500058244e-01 3.062549211131265769e-01 -2.815687945167406059e-01
1.305033534571041107e+09 1.222020794043245928e+00 -7.906491578281216182e-01 7.892332662932820542e-01 6.554457568282140434e-01 -6.309465110386376363e-01 3.084173148702521461e-01 -2.778059033791107080e-01
1.305033534607084036e+09 1.211197537519930867e+00 -7.904807112669671731e-01 7.885172831440087071e-01 6.500646260280225075e-01 -6.367321998463385535e-01 3.124963683381415391e-01 -2.726428202637324327e-01
1.305033534639611959e+09 1.199271541965852395e+00 -7.884739948123717923e-01 7.899463528907384458e-01 6.429377176904029767e-01 -6.435994795426908111e-01 3.162673429871513675e-01 -2.690460348402871071e-01
1.305033534671420097e+09 1.186417407727335949e+00 -7.912700738711175852e-01 7.886951659452939856e-01 6.363195043014103769e-01 -6.488150593379221620e-01 3.193330317239096994e-01 -2.686315731107427052e-01
1.305033534706998110e+09 1.172310399984299867e+00 -7.890488292263591052e-01 7.882002845311923966e-01 6.293733289098732975e-01 -6.544669482408920214e-01 3.235987485401145558e-01 -2.661692628017551243e-01
1.305033534737977028e+09 1.161234733157070043e+00 -7.873617981686814593e-01 7.879783983553485527e-01 6.228387723114368058e-01 -6.600799328174756786e-01 3.272192339849478993e-01 -2.632373812883777031e-01
1.305033534769898891e+09 1.147463958317575417e+00 -7.865534204065451895e-01 7.903514935867769209e-01 6.160356980332981625e-01 -6.655746361828083213e-01 3.309302112895198267e-01 -2.607596933473871892e-01
1.305033534806777000e+09 1.133965248874891474e+00 -7.850820820530429733e-01 7.905070554712765318e-01 6.089434422382214995e-01 -6.711268078197529796e-01 3.340491092467325340e-01 -2.592062587828439790e-01
1.305033534839366913e+09 1.119597740381490292e+00 -7.805777331563005239e-01 7.933896619265334849e-01 6.016468640301531057e-01 -6.771384077406700230e-01 3.374100521281150344e-01 -2.562402866217866615e-01
1.305033534871560097e+09 1.105909268640829612e+00 -7.765451597526734639e-01 7.967643085016826721e-01 5.946576665310998600e-01 -6.832020518789096997e-01 3.396004643046564575e-01 -2.535522442974953439e-01
1.305033534906881094e+09 1.089340155056735648e+00 -7.735336455746724127e-01 7.947387927214024650e-01 5.885549136154151206e-01 -6.869733580701139486e-01 3.434436700104694373e-01 -2.524225910863800992e-01
1.305033534939455032e+09 1.073363884750092367e+00 -7.709021343008828353e-01 7.995488751143224881e-01 5.840447107407817917e-01 -6.911126337426976018e-01 3.458981596458720054e-01 -2.482127444160496244e-01
1.305033534975302935e+09 1.056916998863633772e+00 -7.674951568431115367e-01 7.985759315980844875e-01 5.777419911587491352e-01 -6.961397694205151421e-01 3.482827257235414087e-01 -2.455661948348272783e-01
1.305033535007643938e+09 1.040491835985763114e+00 -7.623087501110432651e-01 8.010321969888208882e-01 5.712036602561688658e-01 -7.024948905053909343e-01 3.485886432107447863e-01 -2.423082028084604933e-01
1.305033535039541960e+09 1.024825113391695242e+00 -7.583713991142593258e-01 8.018668299029579893e-01 5.656536403267207191e-01 -7.085771373335594259e-01 3.472140269979556715e-01 -2.395763324896051927e-01
1.305033535075357914e+09 1.006897866641405237e+00 -7.571737960763860187e-01 7.982371462046649047e-01 5.608430797131533918e-01 -7.135439050975868058e-01 3.469587505467844890e-01 -2.364947374783753775e-01
1.305033535107726097e+09 9.942656406917457224e-01 -7.471441847630850841e-01 7.984642992185406740e-01 5.564827526401924240e-01 -7.190194713777248170e-01 3.479464734982417040e-01 -2.286289513028238463e-01
1.305033535137975931e+09 9.782657757876125348e-01 -7.390699563384941495e-01 7.951798794407334281e-01 5.515405272230453626e-01 -7.240822445130118412e-01 3.475276783350943477e-01 -2.252386796323919693e-01
1.305033535174375057e+09 9.655018521827054556e-01 -7.326968707739504039e-01 7.988599823350914786e-01 5.490396679245048706e-01 -7.287888758488467733e-01 3.444579598653543240e-01 -2.208414167897895519e-01
1.305033535206381083e+09 9.554385480961665733e-01 -7.257051429750289717e-01 8.013858080641136361e-01 5.467022169234563300e-01 -7.322197505141775364e-01 3.432918951062221558e-01 -2.170750969648806150e-01
1.305033535238647938e+09 9.431114759897102351e-01 -7.188045645178742227e-01 8.042729044971879127e-01 5.452380215546830389e-01 -7.344820167272226863e-01 3.422276504313133128e-01 -2.147833844497971933e-01
1.305033535274514914e+09 9.310323898374041063e-01 -7.148233181913952183e-01 8.021303965894666099e-01 5.442079020652755839e-01 -7.355105597419648866e-01 3.417538145443401731e-01 -2.146306270832882279e-01
1.305033535306554079e+09 9.179976825760550740e-01 -7.108647024565799555e-01 8.012790506335440988e-01 5.435024793916790609e-01 -7.368488327258433390e-01 3.409294710681999296e-01 -2.131336396789978438e-01
1.305033535338664055e+09 9.074455593973346224e-01 -7.063916552375952840e-01 7.952170559237704550e-01 5.420108503294783775e-01 -7.382151523700960505e-01 3.415756689845506067e-01 -2.111603402489879988e-01
1.305033535374612093e+09 8.976787607138588809e-01 -7.030924179412602060e-01 7.977232318806135591e-01 5.412057304624905418e-01 -7.400443749963454554e-01 3.413197648670089901e-01 -2.071991758235544046e-01
1.305033535406681061e+09 8.883902127080450795e-01 -7.007576890813765891e-01 8.025127361440782536e-01 5.397223465420922794e-01 -7.428399844724463685e-01 3.390144333889689721e-01 -2.048359345086441796e-01
1.305033535438750982e+09 8.807076617446495392e-01 -6.981714705904540352e-01 8.030078104418763019e-01 5.377923817973877529e-01 -7.447935984442097812e-01 3.382724578775393454e-01 -2.040431180871002947e-01
1.305033535474571943e+09 8.726777370212676077e-01 -6.988917034121384653e-01 8.068557043926002370e-01 5.373274049664853447e-01 -7.460587882570148821e-01 3.368056067107373375e-01 -2.030702529290529523e-01
1.305033535506535053e+09 8.653798542011861272e-01 -6.989447163978952382e-01 8.080014235815783374e-01 5.368342345596891496e-01 -7.464818986826777802e-01 3.372678757377314818e-01 -2.020498936876117535e-01
1.305033535538690090e+09 8.580095999242007831e-01 -6.992579558658148509e-01 8.114072238752483290e-01 5.363580974144660507e-01 -7.469758382839326583e-01 3.377060932154903883e-01 -2.007527906732076706e-01
1.305033535574683905e+09 8.491883002119984258e-01 -6.967812677790441445e-01 8.118121656009806841e-01 5.352192458644327022e-01 -7.474440351124699289e-01 3.390557584630636834e-01 -1.997722850751158519e-01
1.305033535606540918e+09 8.449170294535861547e-01 -6.951140476970349980e-01 8.149106887727828319e-01 5.338570527998978132e-01 -7.495004899992031566e-01 3.377742177205067531e-01 -1.978743048252126213e-01
1.305033535638674974e+09 8.380896205506455088e-01 -6.954351366278338498e-01 8.149442951636287624e-01 5.328757479487677973e-01 -7.501411397037902606e-01 3.376192394997202251e-01 -1.983556323666419430e-01
1.305033535674647093e+09 8.322773648013347403e-01 -6.945796557788777026e-01 8.134207401489793599e-01 5.315919122494363602e-01 -7.508095158384668899e-01 3.382296261206572674e-01 -1.982317577273508546e-01
1.305033535706589937e+09 8.272393201040038058e-01 -6.950554436458131757e-01 8.160630872618743759e-01 5.312255435034696216e-01 -7.519010857820808136e-01 3.368065926473836624e-01 -1.974980968982501806e-01
1.305033535739049911e+09 8.224207594553571976e-01 -6.916220100579936192e-01 8.142397940927693645e-01 5.299870491269360606e-01 -7.523561012152562011e-01 3.376636009664910620e-01 -1.976292420271960060e-01
1.305033535774483919e+09 8.168674827388229254e-01 -6.898894207902908082e-01 8.153497173823972544e-01 5.299176711095695547e-01 -7.527046605217216912e-01 3.370821438513274537e-01 -1.974805918850838227e-01
1.305033535806446075e+09 8.096323504273204019e-01 -6.933220619846333088e-01 8.194186478855663980e-01 5.305943617403637846e-01 -7.529472255754408039e-01 3.355981166308991681e-01 -1.972663248032356098e-01
1.305033535837735891e+09 8.043350927132685291e-01 -6.941095036906006488e-01 8.189968943770451482e-01 5.302314587301816262e-01 -7.537596193278571777e-01 3.350375267171702420e-01 -1.960889903457836980e-01
1.305033535874455929e+09 8.004058526314887789e-01 -6.921640498686643106e-01 8.228950778941199751e-01 5.292849245372235334e-01 -7.549381595188145999e-01 3.351117658994228199e-01 -1.939740918672930858e-01
1.305033535906797886e+09 7.936990042692169123e-01 -6.913597436178942068e-01 8.219966777337153196e-01 5.275308733958672391e-01 -7.559787962615706070e-01 3.348078076203439002e-01 -1.952203093265623690e-01
1.305033535939291954e+09 7.893488833633013346e-01 -6.907436276250886742e-01 8.241575158087000030e-01 5.264046393274524061e-01 -7.572306552176434336e-01 3.338731450946814672e-01 -1.950092651075295280e-01
1.305033535975404978e+09 7.834964045682065725e-01 -6.884038520549233819e-01 8.228103710493658296e-01 5.258566260724756303e-01 -7.571471231214534914e-01 3.345775891489821685e-01 -1.956038844293078172e-01
1.305033536008090973e+09 7.776872796529911147e-01 -6.852213273174694308e-01 8.198390758584173099e-01 5.261133259843587817e-01 -7.567658088461991506e-01 3.354266413804840585e-01 -1.949339555727586104e-01
1.305033536039419889e+09 7.714477467600976412e-01 -6.865558113494378834e-01 8.185900383285328319e-01 5.270930264770210538e-01 -7.567980938075262731e-01 3.343808690627360081e-01 -1.939562348918914270e-01
1.305033536075320005e+09 7.677315651657246054e-01 -6.856543215467796326e-01 8.203258883718366201e-01 5.272996049276692521e-01 -7.576703010504004521e-01 3.335958067877933253e-01 -1.913234937035193095e-01
1.305033536107441902e+09 7.622507945652325922e-01 -6.861319101503036144e-01 8.209788417430901042e-01 5.262737774740118279e-01 -7.586588496147335103e-01 3.329613110292365397e-01 -1.913358994077567488e-01
1.305033536137918949e+09 7.572272356719648156e-01 -6.859624200768783542e-01 8.196026659679764848e-01 5.252035183845932265e-01 -7.596637877851818432e-01 3.321745364721779836e-01 -1.916566490466953265e-01
1.305033536175220966e+09 7.530968296801096029e-01 -6.868191053260714884e-01 8.161873913133566028e-01 5.235032990466240710e-01 -7.606933303042571204e-01 3.325610131532354963e-01 -1.915544978548209265e-01
1.305033536203649998e+09 7.488901292674067234e-01 -6.865933195450271143e-01 8.162214734268902205e-01 5.225158489502250703e-01 -7.616408588419749659e-01 3.325323841720245754e-01 -1.905324203781433023e-01
1.305033536241699934e+09 7.461262221072817447e-01 -6.875546863891957017e-01 8.157468056076406793e-01 5.220330499039187444e-01 -7.623556267167554967e-01 3.322290664827509676e-01 -1.895237204291733979e-01
1.305033536275135994e+09 7.437448784982997330e-01 -6.898085390193122723e-01 8.162550150824627870e-01 5.220904039395349860e-01 -7.628055731605196677e-01 3.317212231023832780e-01 -1.884417623908322681e-01
1.305033536305855989e+09 7.434293098649957798e-01 -6.910893398677365740e-01 8.184380209605378598e-01 5.216518399623211177e-01 -7.639043056590472114e-01 3.309636842953208591e-01 -1.865277709542496054e-01
1.305033536343051910e+09 7.421230203472665155e-01 -6.927279547503878421e-01 8.211352557702954469e-01 5.206740184811643468e-01 -7.650825558614037236e-01 3.303319879652713009e-01 -1.855479100452766816e-01
1.305033536375071049e+09 7.418092472288352335e-01 -6.933610545102825151e-01 8.214857689332870638e-01 5.191852765488558230e-01 -7.661676724169871333e-01 3.307963179161605427e-01 -1.844113402454812811e-01
1.305033536404679060e+09 7.427261107419689257e-01 -6.931914643327485859e-01 8.228405111335119759e-01 5.169879363807479145e-01 -7.680231760748019720e-01 3.310498902130437626e-01 -1.824002325620264486e-01
1.305033536443576097e+09 7.457987855771983643e-01 -6.935493048549868922e-01 8.246598364620911781e-01 5.153866255130787888e-01 -7.694910383080761918e-01 3.312770561068297259e-01 -1.803210478646145032e-01
1.305033536474256039e+09 7.475456009268561797e-01 -6.962358404782262866e-01 8.260324345797429579e-01 5.147688821989238050e-01 -7.700873466082210905e-01 3.310395891856102724e-01 -1.799757397690100458e-01
1.305033536507268906e+09 7.511390178988667232e-01 -6.949755246517137497e-01 8.272811895841059027e-01 5.136478841962260899e-01 -7.705926398796061338e-01 3.326508282842762232e-01 -1.780344373033057037e-01
1.305033536542479038e+09 7.553339001875674086e-01 -6.977969648819883908e-01 8.306311712827301186e-01 5.127972090606159883e-01 -7.712917152259104459e-01 3.325282598210899110e-01 -1.776881223488892825e-01
1.305033536573337078e+09 7.603542724874305936e-01 -6.997707480867294549e-01 8.275056490053971370e-01 5.112779781223456554e-01 -7.714946082595972587e-01 3.341488472531788378e-01 -1.781444537246914261e-01
1.305033536604428053e+09 7.650093031638395269e-01 -7.020401190860330320e-01 8.280545142487616417e-01 5.101170729421086181e-01 -7.716964473132641444e-01 3.355084593797423853e-01 -1.780428004208360615e-01
1.305033536643163919e+09 7.703005250734847875e-01 -7.032614777231134262e-01 8.270290691732292698e-01 5.079344409141699490e-01 -7.721886805370499207e-01 3.378118551189894792e-01 -1.777931267645806446e-01
1.305033536675457954e+09 7.758365573162625539e-01 -7.070557877394713087e-01 8.283249015795809411e-01 5.065679443133030979e-01 -7.727800939691256144e-01 3.383858668200040443e-01 -1.780304729413985654e-01
1.305033536707439899e+09 7.800774810164214923e-01 -7.120537587175848060e-01 8.318508037017936507e-01 5.051749869546429128e-01 -7.735579205452643992e-01 3.387763658514353349e-01 -1.778677881392725924e-01
1.305033536743295908e+09 7.877805981878469588e-01 -7.103744477523916689e-01 8.338110369479556638e-01 5.024075615129598438e-01 -7.749670815144510394e-01 3.407609814936247705e-01 -1.757686496366090423e-01
1.305033536775275946e+09 7.951842770092035773e-01 -7.139905317625775405e-01 8.377788190623123299e-01 5.002399604839005143e-01 -7.764530548940427046e-01 3.414169904309430903e-01 -1.741122457664927292e-01
1.305033536808196068e+09 7.998442099460593147e-01 -7.175570474379706631e-01 8.358477049880398413e-01 4.974079799055657336e-01 -7.770003932017689463e-01 3.437742967802310812e-01 -1.751425800992396087e-01
1.305033536843462944e+09 8.052788091469788023e-01 -7.185437303281900778e-01 8.384266621034693889e-01 4.949407390256279071e-01 -7.778753344418007920e-01 3.457650681206765331e-01 -1.743276988528374427e-01
1.305033536871273994e+09 8.118924770044668726e-01 -7.199560755852634220e-01 8.400643550818983618e-01 4.919121584105782818e-01 -7.788658171634438299e-01 3.486447017312455099e-01 -1.727348812976051695e-01
1.305033536907651901e+09 8.187150254974393526e-01 -7.194901087810403606e-01 8.423904866360044652e-01 4.885327479510058746e-01 -7.799897033952530867e-01 3.517815631921094033e-01 -1.708846060209640305e-01
1.305033536943378925e+09 8.263167062962026854e-01 -7.201754321469243658e-01 8.467170686023239856e-01 4.849619886028512239e-01 -7.821049610814482245e-01 3.527284482105191854e-01 -1.694294581386414089e-01
1.305033536975402117e+09 8.320564690958107690e-01 -7.230759672650532988e-01 8.444023815455796722e-01 4.819653762215937443e-01 -7.828614878935374888e-01 3.551696446245129479e-01 -1.693865119600473923e-01
1.305033537007345915e+09 8.378588084158182792e-01 -7.256396801143047970e-01 8.444841079414117102e-01 4.787582440985999055e-01 -7.842092858106779474e-01 3.572178804723845080e-01 -1.679336941377433945e-01
1.305033537043379068e+09 8.427621238165214912e-01 -7.286126658845074600e-01 8.493916485929072779e-01 4.768555971824148809e-01 -7.854760108066316526e-01 3.576491305581083746e-01 -1.665030789328890704e-01
1.305033537075248957e+09 8.489484702861049836e-01 -7.290485625582350249e-01 8.546176589498516440e-01 4.742028831227406704e-01 -7.870119769056282966e-01 3.584838023925478456e-01 -1.650246565436686574e-01
1.305033537107490063e+09 8.545426658688201060e-01 -7.315296340425905264e-01 8.558763779599747323e-01 4.712656946507329803e-01 -7.883178597190823034e-01 3.595022451615504933e-01 -1.649900991486823731e-01
1.305033537143619061e+09 8.615341017031654669e-01 -7.326815875460956917e-01 8.611527641278688971e-01 4.690760987155865314e-01 -7.894862622592161427e-01 3.602917132019924917e-01 -1.639174692206743778e-01
1.305033537175494909e+09 8.665210364505263607e-01 -7.352541961943090953e-01 8.632018400592909035e-01 4.676609892918843769e-01 -7.897517670705388459e-01 3.617868248177341650e-01 -1.633880010643362635e-01
1.305033537207417965e+09 8.717202127804593026e-01 -7.368891838856869159e-01 8.636950026036470662e-01 4.662809259504500647e-01 -7.897212420639778685e-01 3.638444429800412605e-01 -1.629100341914598571e-01
1.305033537243686914e+09 8.748630181589477361e-01 -7.417514245272136542e-01 8.623517782437596368e-01 4.644540565539495569e-01 -7.900715764296863952e-01 3.649586512514602643e-01 -1.639344879676201128e-01
1.305033537275552034e+09 8.801643861629825372e-01 -7.473230794092337037e-01 8.596190146167816959e-01 4.605700209428926217e-01 -7.921620354392415742e-01 3.650861092174604305e-01 -1.645195984491750196e-01
1.305033537307573080e+09 8.872479594130009417e-01 -7.474348341426146902e-01 8.576754933524168845e-01 4.564193733766018224e-01 -7.941442541160294022e-01 3.666597088474121691e-01 -1.630242839853508208e-01
1.305033537343854904e+09 8.925095727458938200e-01 -7.550433691455227248e-01 8.525617901748714367e-01 4.531913377496179507e-01 -7.954821388091529721e-01 3.673338207000719779e-01 -1.639867140783501376e-01
1.305033537375637054e+09 9.004119113495371307e-01 -7.589103615921904966e-01 8.471203374041355039e-01 4.497619617953200200e-01 -7.966695597723291167e-01 3.690883048194528726e-01 -1.637241994932056299e-01
1.305033537407661915e+09 9.077652258415638276e-01 -7.603625738284358615e-01 8.427021006733190767e-01 4.455927139630743161e-01 -7.984987195801956927e-01 3.702954884625462295e-01 -1.634875509514234770e-01
1.305033537443628073e+09 9.170682977541734227e-01 -7.644518589305899781e-01 8.458389509785158022e-01 4.427172481461901787e-01 -8.008844315635444966e-01 3.689627381807790152e-01 -1.626409029338712897e-01
1.305033537475436926e+09 9.254450442380284247e-01 -7.659837459411117377e-01 8.459465620079288373e-01 4.393679717450009736e-01 -8.025574088979153808e-01 3.696058453249546627e-01 -1.620151533942860433e-01
1.305033537502234936e+09 9.357355631017951758e-01 -7.691468254846376418e-01 8.462669904291552081e-01 4.369363828145206297e-01 -8.039937751962988877e-01 3.696455612811613833e-01 -1.613777117315182141e-01
1.305033537543400049e+09 9.416416564462986027e-01 -7.738463366338652616e-01 8.443701204662880100e-01 4.335997004389129383e-01 -8.048532707325765090e-01 3.710027117730699264e-01 -1.629708569879511071e-01
1.305033537575726032e+09 9.511368718068325956e-01 -7.784313346466105177e-01 8.430433647620045878e-01 4.300436160979159705e-01 -8.065767041794119629e-01 3.716971681844834507e-01 -1.622890128509669183e-01
1.305033537602339983e+09 9.651010363198662123e-01 -7.809566486547844244e-01 8.389564314320285821e-01 4.246012583029672993e-01 -8.090660524361588113e-01 3.730651615201823201e-01 -1.610846966748478160e-01
1.305033537639756918e+09 9.749498535761145224e-01 -7.864333101558604877e-01 8.342211597652148258e-01 4.200254637061129892e-01 -8.105177522399918955e-01 3.742667413771296747e-01 -1.629846294631512316e-01
1.305033537674026966e+09 9.825199142029157340e-01 -7.951577009482226899e-01 8.371024745149804325e-01 4.172488299978412418e-01 -8.121439679124465849e-01 3.734264477031227214e-01 -1.639459587933973506e-01
1.305033537702286005e+09 9.926750420167815836e-01 -7.986387148046876217e-01 8.321165287281593326e-01 4.130765704271703309e-01 -8.129300340851908224e-01 3.770591116508641427e-01 -1.622927384926355354e-01
1.305033537743773937e+09 9.980209910756672187e-01 -8.086828992527279603e-01 8.311313014349381856e-01 4.104680516917292299e-01 -8.137165386915662380e-01 3.782318085237271199e-01 -1.622407847031174521e-01
1.305033537775789022e+09 1.006755507180616460e+00 -8.142453380510187300e-01 8.322181002677034867e-01 4.057492360679933463e-01 -8.160973783271929793e-01 3.795436506802738474e-01 -1.590573599240618918e-01
1.305033537802398920e+09 1.013660814721252024e+00 -8.200498222910626023e-01 8.331110757073423301e-01 3.993266002165811734e-01 -8.196814668938553483e-01 3.796258166167751358e-01 -1.566677967811214156e-01
1.305033537844739914e+09 1.020816932187715853e+00 -8.232463135651388875e-01 8.302024186202436873e-01 3.925004729344631071e-01 -8.227784469595347261e-01 3.811689325516430804e-01 -1.539131275184790482e-01
1.305033537875838995e+09 1.026276066742008330e+00 -8.355591998812001986e-01 8.227198952032653834e-01 3.868840290036506535e-01 -8.249826192983457096e-01 3.824581250408739530e-01 -1.531346092422035121e-01
1.305033537902446032e+09 1.031500502062640656e+00 -8.434472609072339866e-01 8.198494345575091380e-01 3.814801555563059887e-01 -8.276123690819027212e-01 3.833120005050996149e-01 -1.503415036779788827e-01
1.305033537944108009e+09 1.035512819286862563e+00 -8.509871381796760836e-01 8.219200806959729988e-01 3.767915878326502654e-01 -8.304265007125415377e-01 3.833295176607289800e-01 -1.465551334579112130e-01
1.305033537975959063e+09 1.040903395257299469e+00 -8.582092172726958346e-01 8.182067956148697530e-01 3.711828400022931795e-01 -8.333465626368772305e-01 3.839592387601493684e-01 -1.425907037638134423e-01
1.305033538002466917e+09 1.046192218472240754e+00 -8.656684571185104815e-01 8.214479106091766569e-01 3.657924703163512037e-01 -8.368241909815244961e-01 3.831900987947752801e-01 -1.381538643456227122e-01
1.305033538041599989e+09 1.052906258503623960e+00 -8.734324281545827739e-01 8.167541736762709004e-01 3.596950585239139242e-01 -8.392609784373346038e-01 3.850994829228161498e-01 -1.340106831505074036e-01
1.305033538074354887e+09 1.059620039130207525e+00 -8.805970681024350988e-01 8.093487221267265941e-01 3.532398813655298619e-01 -8.408401788443236047e-01 3.885462178405740263e-01 -1.313058127262372587e-01
1.305033538102510929e+09 1.064346484989434183e+00 -8.900624136614940785e-01 8.121360980824913200e-01 3.500840823757966902e-01 -8.418601875783243704e-01 3.898299081092320151e-01 -1.294032556825077118e-01
1.305033538144040108e+09 1.070623117585324913e+00 -8.962528622409482448e-01 8.203263542691492383e-01 3.464438062761251436e-01 -8.434072503839654678e-01 3.908758038024890413e-01 -1.259246008309246878e-01
1.305033538175946951e+09 1.075770662425254542e+00 -9.055957150013325130e-01 8.184524323099436893e-01 3.418558575071156680e-01 -8.436989983064894227e-01 3.947921789805154957e-01 -1.242807642417672886e-01
1.305033538202594995e+09 1.080652281079389265e+00 -9.151875216478008168e-01 8.215069178272579320e-01 3.359613705430496422e-01 -8.451997600485412487e-01 3.971406117268559965e-01 -1.226648182403675402e-01
1.305033538243994951e+09 1.088779653922128610e+00 -9.196476854092134889e-01 8.228223829598486638e-01 3.289183622142474173e-01 -8.465700430802658438e-01 4.012314093377446489e-01 -1.189337181720181158e-01
1.305033538275794029e+09 1.094559147434521318e+00 -9.284171249260472214e-01 8.274196607256348868e-01 3.220953346657366989e-01 -8.484100862470865811e-01 4.036094845122388253e-01 -1.164229571542608893e-01
1.305033538302690029e+09 1.098189314489796509e+00 -9.361969788593023090e-01 8.346163152588456091e-01 3.170584918895240079e-01 -8.498014329978348380e-01 4.055963910450798848e-01 -1.131503635291274817e-01
1.305033538344099998e+09 1.103095623974034156e+00 -9.432982182501331581e-01 8.382597705138363775e-01 3.109702717235112712e-01 -8.512429653977980903e-01 4.082279187688299116e-01 -1.096944406186478871e-01
1.305033538376149893e+09 1.109935826155926453e+00 -9.498969001898943665e-01 8.459899441823696131e-01 3.065483486410776059e-01 -8.530158943474231981e-01 4.093748370528344505e-01 -1.039434304035587453e-01
1.305033538402749062e+09 1.118554272771265623e+00 -9.539178399667946895e-01 8.465704764448718223e-01 3.013006542852452174e-01 -8.536587912867656947e-01 4.134750007206244860e-01 -9.758589839306157365e-02
1.305033538443205118e+09 1.125702923915459674e+00 -9.593858693824915962e-01 8.471137482546471364e-01 2.964618173192319350e-01 -8.541170937136939312e-01 4.170177592631476582e-01 -9.322322434347950215e-02
1.305033538471633911e+09 1.130941208579477442e+00 -9.635889084093851586e-01 8.467687964280145030e-01 2.915000739938983232e-01 -8.543774099496797003e-01 4.205642905275194243e-01 -9.051312480692101647e-02
1.305033538502753019e+09 1.139244776196448150e+00 -9.672887641570722117e-01 8.529888620575396541e-01 2.851666118399525662e-01 -8.558915020833659515e-01 4.228906015820527164e-01 -8.540069816325367158e-02
1.305033538543405056e+09 1.145168719572717375e+00 -9.703966994500259347e-01 8.494752532047117333e-01 2.772487981434281212e-01 -8.561516717369453966e-01 4.280507460771389439e-01 -8.312627558638012448e-02
1.305033538575516939e+09 1.150537300465473978e+00 -9.737786106444694667e-01 8.459492302624233018e-01 2.686175704208570436e-01 -8.569580874159886674e-01 4.322306760432797490e-01 -8.151122597959301053e-02
1.305033538602850914e+09 1.153265863612908060e+00 -9.795190028992675213e-01 8.463880292306895647e-01 2.610993525402306448e-01 -8.577256766035462610e-01 4.356865284861952126e-01 -7.944205872023189785e-02
1.305033538643531084e+09 1.160502069433557049e+00 -9.839456706401543684e-01 8.478718124401422029e-01 2.527717950260712776e-01 -8.587025233304195204e-01 4.393732488243315970e-01 -7.541580923665770764e-02
1.305033538670914888e+09 1.165149105711307032e+00 -9.886759668604017115e-01 8.506119899359887437e-01 2.444455338483160767e-01 -8.597836086227899077e-01 4.423349003984077821e-01 -7.320084162573337050e-02
1.305033538703005075e+09 1.171632479820813089e+00 -9.899062440906407634e-01 8.509775670805225234e-01 2.356064915288251793e-01 -8.607614104442504743e-01 4.458572112864900294e-01 -6.921504593176429354e-02
1.305033538743340015e+09 1.177870323730803248e+00 -9.954964193838478081e-01 8.527919475686689399e-01 2.263258374288026897e-01 -8.619058467230886755e-01 4.490351771159554195e-01 -6.528657143049677869e-02
1.305033538770881891e+09 1.184866947850019114e+00 -1.000553407503700365e+00 8.556445261622022125e-01 2.159003992925774829e-01 -8.629789508674089449e-01 4.525217677709248987e-01 -6.227678250013328476e-02
1.305033538802948952e+09 1.188298067111164702e+00 -1.005091072486076431e+00 8.584896534925364753e-01 2.059923136970703839e-01 -8.638091088456412159e-01 4.558021587556283505e-01 -6.037700097500753316e-02
1.305033538844388962e+09 1.195200078900471974e+00 -1.011813961935246198e+00 8.606711002521684195e-01 1.953583440180535480e-01 -8.653222718952113812e-01 4.579667903067307644e-01 -5.760991373699941853e-02
1.305033538870946884e+09 1.197539331827129683e+00 -1.019658544332729733e+00 8.635957122768386229e-01 1.870690093013558097e-01 -8.656930049602068467e-01 4.609502848507934236e-01 -5.572828561824973159e-02
1.305033538902976990e+09 1.198630730764709051e+00 -1.023235688415142342e+00 8.610897732393330006e-01 1.793910459587064743e-01 -8.645583434711646698e-01 4.663578589768329064e-01 -5.355437176161650936e-02
1.305033538944633961e+09 1.203575040875206836e+00 -1.029473904958882580e+00 8.642283376401287409e-01 1.710163053733128324e-01 -8.648703376365113327e-01 4.694354315451290671e-01 -4.881698457511710748e-02
1.305033538970999002e+09 1.207217053489588743e+00 -1.033666058896432149e+00 8.615996793485072303e-01 1.605806488230842877e-01 -8.648048558750098813e-01 4.734432255672818002e-01 -4.666828305186079828e-02
1.305033539003001928e+09 1.210743688303393295e+00 -1.041219605659729375e+00 8.633831183629149253e-01 1.512814791209738108e-01 -8.658389337725022061e-01 4.747080888378961694e-01 -4.570651190518949109e-02
1.305033539044576883e+09 1.212068266897085023e+00 -1.046579051179657771e+00 8.608895652224999306e-01 1.426798375333328539e-01 -8.657555594160359913e-01 4.776328095951759001e-01 -4.445980769084186685e-02
1.305033539071038008e+09 1.211891579374770878e+00 -1.053463636180467233e+00 8.612412988408888470e-01 1.360619717544029050e-01 -8.659205447891946683e-01 4.794188403930431663e-01 -4.273552890135037113e-02
1.305033539103072882e+09 1.214062110624828383e+00 -1.057863559101981155e+00 8.607494637044539321e-01 1.296641523688445985e-01 -8.656986603499634558e-01 4.818371156608927675e-01 -3.982500508900525121e-02
1.305033539144433022e+09 1.215499073077349390e+00 -1.063344220096111847e+00 8.620508632287013917e-01 1.236869566530965914e-01 -8.660015966607015336e-01 4.830476474428298528e-01 -3.751988319488849116e-02
1.305033539171128035e+09 1.221567871978921804e+00 -1.069752586602787048e+00 8.643882444679552579e-01 1.165780576066074853e-01 -8.667877993244315071e-01 4.836618803391355970e-01 -3.405367724330595619e-02
1.305033539202974081e+09 1.224642854111587020e+00 -1.073777154555338731e+00 8.718847997983534270e-01 1.103483130666068207e-01 -8.680973979744782687e-01 4.828995701593194467e-01 -3.222053030660082529e-02
1.305033539244401932e+09 1.225831116812251764e+00 -1.079947811137278002e+00 8.763187676355336242e-01 1.048360222154056665e-01 -8.691552453584788784e-01 4.823335404413460759e-01 -3.054379932506362527e-02
1.305033539271203041e+09 1.222709965409915611e+00 -1.087924463437542899e+00 8.736085131336934761e-01 1.019520207924146382e-01 -8.689155430674051495e-01 4.834081967663114154e-01 -3.013436197039040532e-02
1.305033539303420067e+09 1.222344516456368435e+00 -1.094203978448988313e+00 8.743672383875091825e-01 9.792642102868279186e-02 -8.693360259789348898e-01 4.836543878154658804e-01 -2.727128795111693343e-02
1.305033539344491005e+09 1.222568735551677443e+00 -1.100336838188892719e+00 8.744167600200916102e-01 9.460745426977287820e-02 -8.696859698194174815e-01 4.838989508436210563e-01 -2.318510013553509025e-02
1.305033539371428013e+09 1.225428235810560817e+00 -1.105625120262049732e+00 8.743894236512573803e-01 8.886355016270336415e-02 -8.704253699811943523e-01 4.838112428861788827e-01 -1.973894633744651544e-02
1.305033539403098106e+09 1.225080667107731447e+00 -1.109133552578470683e+00 8.720028134656747643e-01 8.375015619624533170e-02 -8.707779167878260118e-01 4.841465687151297881e-01 -1.827104192772949220e-02
1.305033539443552971e+09 1.222808254316218868e+00 -1.113891425487683717e+00 8.680145560534302529e-01 7.829119663224329284e-02 -8.711972365825443321e-01 4.843727372341260495e-01 -1.639862570918727835e-02
1.305033539471316099e+09 1.223203163843145092e+00 -1.117620293739783888e+00 8.667970436887657559e-01 7.291050684709343699e-02 -8.720199960163323993e-01 4.838199380646154291e-01 -1.354444794472814406e-02
1.305033539503331900e+09 1.224698224850367057e+00 -1.122061745246635711e+00 8.621181370458359527e-01 6.933717134963152118e-02 -8.718142003939240992e-01 4.847952142744710868e-01 -1.029353570472795951e-02
1.305033539542411089e+09 1.219985147313749296e+00 -1.125568919768053622e+00 8.617028636629182614e-01 6.674278337651054493e-02 -8.720687582333429555e-01 4.847438674233507938e-01 -8.053867143459295802e-03
1.305033539571542025e+09 1.220257713394239163e+00 -1.131175866926570128e+00 8.643326529402594050e-01 6.220321493907482457e-02 -8.738494603279893802e-01 4.821843689799804600e-01 -4.014355129164242503e-03
1.305033539603503942e+09 1.216787755123020176e+00 -1.138167773954562589e+00 8.609347086547400885e-01 5.896325024521145708e-02 -8.741059204937726701e-01 4.821372156612744875e-01 -2.424902605978048603e-03
1.305033539642471075e+09 1.211173653322584531e+00 -1.143131101233964664e+00 8.557793258231481959e-01 5.642118637488333782e-02 -8.741971530604832896e-01 4.822803039839720918e-01 -1.302189742011655715e-03
1.305033539671545029e+09 1.204399845087299914e+00 -1.148813308248688658e+00 8.558836748896259117e-01 5.319055090326786639e-02 -8.754526760329764956e-01 4.803678887484718052e-01 2.622606393457745100e-04
1.305033539703341961e+09 1.207234991684013936e+00 -1.155157579800187406e+00 8.533138460031994832e-01 5.114728164454808435e-02 -8.758969229810118495e-01 4.797434938135622939e-01 5.892031595748869338e-03
1.305033539743168116e+09 1.205133669460186852e+00 -1.162811673114898081e+00 8.521932720784228810e-01 5.071584734754310680e-02 -8.763419894995826409e-01 4.789487285767214386e-01 7.793308827208567796e-03
1.305033539771214962e+09 1.199808931692487590e+00 -1.168475672917514974e+00 8.500210901804180486e-01 5.131119140724000466e-02 -8.761678090992673917e-01 4.791911470953914565e-01 8.542627228323143931e-03
1.305033539803392887e+09 1.194962340002547307e+00 -1.173460851548604023e+00 8.484993035085675039e-01 5.071646184701363719e-02 -8.759605219814065036e-01 4.795861622430746540e-01 1.086818350697917393e-02
1.305033539844495058e+09 1.190815014105329528e+00 -1.177744701666954663e+00 8.471349062149886588e-01 4.870914010587201748e-02 -8.759638283777266832e-01 4.797399905255197994e-01 1.281922519333162508e-02
1.305033539871406078e+09 1.187338649135133206e+00 -1.183261799114193602e+00 8.495340312009563855e-01 4.503859876963301617e-02 -8.767963038159347633e-01 4.785263698375564201e-01 1.456981831296725802e-02
1.305033539903595924e+09 1.183131634405955479e+00 -1.185797864192395856e+00 8.503283787273206995e-01 4.075141045444812676e-02 -8.767651330261183595e-01 4.789270552599747544e-01 1.584612872834796626e-02
1.305033539939496994e+09 1.177595423643712502e+00 -1.187868358443718408e+00 8.529258798407060027e-01 3.743345125585333111e-02 -8.772591796241311357e-01 4.783047075087762390e-01 1.548144913165504580e-02
1.305033539971508026e+09 1.176947703215846630e+00 -1.191695514265790568e+00 8.552724568870410105e-01 3.387103532465154943e-02 -8.772604172753418750e-01 4.784700663722765701e-01 1.825674761939957702e-02
1.305033540003525019e+09 1.174038928722786146e+00 -1.191657375992840606e+00 8.526634988757084699e-01 2.988974099643536275e-02 -8.764550631621788046e-01 4.801716452168332538e-01 1.919158071413048366e-02
1.305033540039518118e+09 1.170397750779151647e+00 -1.194056112282389615e+00 8.531739424271730377e-01 2.647950481109526827e-02 -8.768724507024279191e-01 4.796129861654683801e-01 1.910299781498592253e-02
1.305033540071556091e+09 1.169230833197417718e+00 -1.194001840164750305e+00 8.529180836793049947e-01 2.320748445150032369e-02 -8.767459742908267906e-01 4.799454386398085970e-01 2.074331601032141162e-02
1.305033540103574991e+09 1.168026354369174680e+00 -1.192796793987447534e+00 8.479480578771283472e-01 2.025648672761171110e-02 -8.759829154500011761e-01 4.814409651425793912e-01 2.140569241468110243e-02
1.305033540139564991e+09 1.166968651703238269e+00 -1.191366082210460364e+00 8.462895693679320930e-01 1.897721538763499569e-02 -8.758676810890468900e-01 4.816543288127288491e-01 2.246726631761269966e-02
1.305033540171613932e+09 1.166976301728594567e+00 -1.188632106957151491e+00 8.459138210642199729e-01 1.484258899169928203e-02 -8.763249956523612161e-01 4.808917298899508808e-01 2.402797682625937639e-02
1.305033540203599930e+09 1.163844471766478650e+00 -1.188650833114703875e+00 8.470991154387553790e-01 1.115772422755229552e-02 -8.772966429576442016e-01 4.791940998141820396e-01 2.447693094702570876e-02
1.305033540239618063e+09 1.163289697587574612e+00 -1.182478494657647428e+00 8.487432832207201239e-01 6.649961768034487811e-03 -8.775902330542378893e-01 4.786797647013151247e-01 2.562896255772960027e-02
1.305033540271677017e+09 1.164164495565078061e+00 -1.178690846365781697e+00 8.509500750137891645e-01 2.180926413819162663e-03 -8.782299209144361907e-01 4.774560751345242604e-01 2.726070226050639547e-02
1.305033540303649902e+09 1.162601275932452882e+00 -1.174436242573025257e+00 8.495437841235407017e-01 -2.629453237553910916e-05 -8.779476153884961942e-01 4.779174706546887585e-01 2.833505223704113618e-02
1.305033540339663982e+09 1.160546351707854251e+00 -1.170091036983775368e+00 8.480452821384405482e-01 -1.980633223335836676e-03 -8.778680785217577442e-01 4.780172088443035427e-01 2.903897128434964475e-02
1.305033540371701956e+09 1.158010927535484624e+00 -1.164570541406056536e+00 8.487273607957268595e-01 -4.039589370789483866e-03 -8.781411062062141060e-01 4.774267437879313181e-01 3.025861240531771759e-02
1.305033540403697968e+09 1.156841996718577903e+00 -1.160682918216119353e+00 8.489254867211797340e-01 -6.414360189315017682e-03 -8.782227921513943159e-01 4.771795293097948476e-01 3.135729798393500217e-02
1.305033540439718008e+09 1.154879320959612432e+00 -1.152586009525890409e+00 8.475246543225667395e-01 -8.262938405092342536e-03 -8.779421306636591149e-01 4.776712581248481193e-01 3.129709596900386026e-02
1.305033540471744061e+09 1.152469957929809885e+00 -1.148741479162708856e+00 8.470970391747857375e-01 -9.931437890793645001e-03 -8.782473005773450137e-01 4.770014722177153832e-01 3.244443052605639616e-02
1.305033540503736019e+09 1.153800629664525346e+00 -1.142598969962586253e+00 8.440848330925403431e-01 -1.350262348058728704e-02 -8.777164414903365630e-01 4.777760433670926732e-01 3.408195829421264977e-02
1.305033540539756060e+09 1.152410456183368570e+00 -1.139410015204196824e+00 8.468012096060315574e-01 -1.441595232581689354e-02 -8.782016582190808052e-01 4.768145693907525073e-01 3.466834631919833015e-02
1.305033540571669102e+09 1.150939453972987137e+00 -1.130652035826525736e+00 8.420957643960279571e-01 -1.522409933639026769e-02 -8.768996357414143850e-01 4.790833850631674995e-01 3.597729551241246604e-02
1.305033540603777885e+09 1.150410624502690604e+00 -1.122768158761275892e+00 8.387308985895147728e-01 -1.633744453828653992e-02 -8.764177607476146825e-01 4.797954775491503621e-01 3.770008322905729625e-02
1.305033540639801979e+09 1.149657898120703292e+00 -1.115788856091786130e+00 8.344674807220037183e-01 -1.678938542389571062e-02 -8.765236669698714955e-01 4.794449970478852907e-01 3.945722474441072658e-02
1.305033540671865940e+09 1.147779908322158260e+00 -1.108107450258622562e+00 8.316924549695909885e-01 -1.847903332079289460e-02 -8.771466569865987717e-01 4.781138840822338198e-01 4.098025515493315674e-02
1.305033540703705072e+09 1.144928509046273302e+00 -1.104100680225457598e+00 8.263027216882696813e-01 -2.098888588345720549e-02 -8.773767823699747392e-01 4.774281497075535396e-01 4.279965296942293135e-02
1.305033540739866018e+09 1.144414589212208622e+00 -1.097680260403341324e+00 8.264266717706783005e-01 -2.354977511290873293e-02 -8.785022167392836367e-01 4.751640582791450962e-01 4.357041422788143770e-02
1.305033540771871090e+09 1.143582132663351736e+00 -1.095082433722549542e+00 8.257406618464535608e-01 2.489826865979461248e-02 8.794899598625662840e-01 -4.731470301621261698e-01 -4.482604786779929851e-02
1.305033540803745031e+09 1.143855877048581826e+00 -1.090557258108000527e+00 8.233906332915975623e-01 2.658828544107975575e-02 8.794667404034041125e-01 -4.729160943119942728e-01 -4.670849325555079257e-02
1.305033540839890957e+09 1.143688400436990271e+00 -1.086280459571663304e+00 8.212210459732568468e-01 2.942002272740520605e-02 8.795624220191035070e-01 -4.725206475524446614e-01 -4.720853388134130246e-02
1.305033540871947050e+09 1.141069556502841476e+00 -1.083347037874447416e+00 8.218959446128808466e-01 3.095821084116523458e-02 8.799919800019283533e-01 -4.716398778160278971e-01 -4.702690684578474112e-02
1.305033540903964996e+09 1.140991873988772998e+00 -1.079321136738513820e+00 8.243732590440636665e-01 3.270257194104220916e-02 8.801407731947212820e-01 -4.711152801442000104e-01 -4.830273246194928538e-02
1.305033540940141916e+09 1.141164668569187857e+00 -1.075756664378929583e+00 8.259517485834337869e-01 3.357247051020049999e-02 8.799256424624888329e-01 -4.713765693057572204e-01 -4.907018310901642422e-02
1.305033540972017050e+09 1.140069527868883936e+00 -1.073957947324970963e+00 8.283572849601488208e-01 3.518735110970040020e-02 8.796049802584776645e-01 -4.718046697979710880e-01 -4.957098529576860202e-02
1.305033541003911018e+09 1.136831325820533367e+00 -1.069363620793653658e+00 8.280631405874050444e-01 3.730636036715998666e-02 8.785867077469140529e-01 -4.736265535122279879e-01 -4.869825720416322279e-02
1.305033541040004015e+09 1.133232142762285122e+00 -1.064020407389153045e+00 8.291273962712588652e-01 3.955871525469693145e-02 8.778642727011750635e-01 -4.748020847301491765e-01 -4.850161954140272402e-02
1.305033541071959019e+09 1.131365473907480323e+00 -1.060828980805828659e+00 8.311098363744746642e-01 4.164447354749396119e-02 8.776063634553915582e-01 -4.749758859336589145e-01 -4.970630168390058334e-02
1.305033541103979111e+09 1.130383371173319551e+00 -1.056366638705731553e+00 8.306286527497903638e-01 4.484757106931911569e-02 8.766330118917337044e-01 -4.763020624190742458e-01 -5.137706848532994086e-02
1.305033541140007019e+09 1.129382723579235304e+00 -1.052619439658524225e+00 8.315325396893910037e-01 4.738060472595656547e-02 8.759938934254175580e-01 -4.771832889343481376e-01 -5.182553172886249920e-02
1.305033541171937943e+09 1.126763086705165007e+00 -1.047817515418931089e+00 8.333453570962205958e-01 4.917819782106744309e-02 8.754013406954316290e-01 -4.780737396854022880e-01 -5.195668379455153918e-02
1.305033541203984976e+09 1.125323429224628580e+00 -1.039816595785530762e+00 8.342510596833098147e-01 5.090332883256662444e-02 8.745051782400683482e-01 -4.793924879833563746e-01 -5.322017296286635224e-02
1.305033541239962101e+09 1.124247107858086681e+00 -1.034388178091323107e+00 8.337638945457894746e-01 5.242244884447588849e-02 8.736754344659311000e-01 -4.804948440206947557e-01 -5.538796744278857986e-02
1.305033541271980047e+09 1.124143756517882675e+00 -1.028557655123783610e+00 8.331645402712473114e-01 5.410616701005317719e-02 8.729343524936251653e-01 -4.813823323482399053e-01 -5.769912504522511920e-02
1.305033541303932905e+09 1.124887019964452506e+00 -1.021418791868180964e+00 8.339653214266115056e-01 5.505907211959915060e-02 8.725628494173813809e-01 -4.816097166699919163e-01 -6.045372778414326298e-02
1.305033541339958906e+09 1.122196108914883972e+00 -1.013510160288955131e+00 8.318664641123307835e-01 5.702542809849586725e-02 8.719297069642226727e-01 -4.822928540476733583e-01 -6.229197057420475525e-02
1.305033541371973038e+09 1.121622750571394489e+00 -1.006828230101160848e+00 8.318577012987325991e-01 6.024473412237627001e-02 8.716339743224177372e-01 -4.821374942156082533e-01 -6.456178040393048545e-02
1.305033541404068947e+09 1.120962595322519295e+00 -9.991405674991412633e-01 8.308866297854500260e-01 6.365562406361618963e-02 8.711540650909288530e-01 -4.823258013960707857e-01 -6.633534282913902680e-02
1.305033541439965963e+09 1.118756360685911888e+00 -9.934387283390713197e-01 8.316393926480529775e-01 6.664065475032830699e-02 8.715422814967574983e-01 -4.810002437040025725e-01 -6.791053124931628604e-02
1.305033541472054958e+09 1.118096466883930384e+00 -9.883472066145695401e-01 8.315497876303634683e-01 7.025890080523509995e-02 8.716876294705322437e-01 -4.798310793220908477e-01 -7.061514570034897742e-02
1.305033541504009008e+09 1.118280551585938420e+00 -9.821954475054113232e-01 8.315752267599206826e-01 7.324659415609545421e-02 8.717336400684913000e-01 -4.790400789948278670e-01 -7.236020960513647737e-02
1.305033541539971113e+09 1.116583758610031341e+00 -9.781844452194831119e-01 8.338197460529972460e-01 7.487414426386830579e-02 8.723603937344770465e-01 -4.773935544895155925e-01 -7.400405459194393798e-02
1.305033541572082043e+09 1.113881887102836199e+00 -9.729269024157887191e-01 8.327361896103877559e-01 7.787489496867074090e-02 8.722067462969639307e-01 -4.768935775700997581e-01 -7.591711348618013222e-02
1.305033541604042053e+09 1.113197593873955560e+00 -9.672801414200035142e-01 8.329291284309187082e-01 8.205892937365079354e-02 8.718568789392365792e-01 -4.765694879229525616e-01 -7.754635992255375088e-02
1.305033541639980078e+09 1.111105166595409033e+00 -9.615301334893930907e-01 8.306839320776615576e-01 8.552888638208608341e-02 8.713157516181274653e-01 -4.768210921803354707e-01 -7.832826200248507731e-02
1.305033541672022104e+09 1.110705632681008304e+00 -9.572043598919053320e-01 8.326743866312149578e-01 9.063375608503219938e-02 8.713628305830014575e-01 -4.754747104493470267e-01 -8.022555365597686117e-02
1.305033541704000950e+09 1.111237405197111006e+00 -9.524584847094830220e-01 8.314806003818837610e-01 9.549632589481579781e-02 8.706611169277235218e-01 -4.756624625094537651e-01 -8.108571372444378644e-02
1.305033541739991903e+09 1.110004237924125725e+00 -9.475060924796858686e-01 8.331257499679358691e-01 9.732897832189060794e-02 8.707991625517782497e-01 -4.747328205250715416e-01 -8.285310853702833322e-02
1.305033541772023916e+09 1.106204618333171963e+00 -9.412172293157554659e-01 8.324027428007507723e-01 9.975641922244017634e-02 8.699080909799975503e-01 -4.755206990512900189e-01 -8.478581747689836745e-02
1.305033541803997040e+09 1.109206859744467755e+00 -9.355417320453910390e-01 8.323824366148317999e-01 1.037066558153713902e-01 8.691840928862690774e-01 -4.753741865489198859e-01 -8.822315442115213902e-02
1.305033541839993000e+09 1.106628050074040193e+00 -9.303221631104624523e-01 8.316873213145004051e-01 1.064750768969767725e-01 8.692147099048087577e-01 -4.746294536866610403e-01 -8.863254356038627324e-02
1.305033541872000933e+09 1.100906041942791624e+00 -9.246129941725063084e-01 8.334462255089957194e-01 1.081727050592380529e-01 8.696335754365168702e-01 -4.733243749420461555e-01 -8.944353771731283764e-02
1.305033541903964996e+09 1.098787844921226053e+00 -9.161742016430873825e-01 8.306699842412493817e-01 1.104057829558290904e-01 8.687008515349937676e-01 -4.738884513039506308e-01 -9.273149062228190631e-02
1.305033541939960957e+09 1.097293714555894084e+00 -9.097403060380806483e-01 8.296113925213568496e-01 1.134662517847161156e-01 8.687475044345854824e-01 -4.725200800541290991e-01 -9.554034326004309796e-02
1.305033541971944094e+09 1.093164751553930669e+00 -9.033898449325306057e-01 8.272825000369209425e-01 1.174889211056840688e-01 8.683063377475871425e-01 -4.719670670667088230e-01 -9.740402891689939335e-02
1.305033542003968000e+09 1.088413813286259302e+00 -8.968259367323376807e-01 8.247126546262824043e-01 1.214573942812815360e-01 8.680415484138280791e-01 -4.711265883587755776e-01 -9.895306636555396829e-02
1.305033542039922953e+09 1.084054826161377383e+00 -8.897599480683939799e-01 8.211505138040555707e-01 1.248799876024650479e-01 8.676296023409350022e-01 -4.704565896093490518e-01 -1.014616140777352682e-01
1.305033542071937084e+09 1.084483918893566656e+00 -8.839379823849813356e-01 8.180193867384244477e-01 1.281114955323250371e-01 8.674648811657086345e-01 -4.689787913697224808e-01 -1.055983802055144860e-01
1.305033542103992939e+09 1.081181494016383304e+00 -8.778803179883503116e-01 8.173875647506596565e-01 1.318089330573392615e-01 8.676228548951172570e-01 -4.674240402398720517e-01 -1.066384238244671850e-01
1.305033542139985085e+09 1.079147249469972980e+00 -8.738969551548930736e-01 8.151058589674642363e-01 1.348970701011092677e-01 8.674095768498392145e-01 -4.662066047690185400e-01 -1.097943902804838778e-01
1.305033542172013044e+09 1.078231641748391478e+00 -8.671696504776369441e-01 8.157090502762883721e-01 1.388903183290637888e-01 8.672355253735775094e-01 -4.648630881583978858e-01 -1.118674763830126428e-01
1.305033542204179049e+09 1.073026919720580175e+00 -8.599520919373209171e-01 8.141284374851198713e-01 1.414123418884238315e-01 8.668965853182244441e-01 -4.644255255415212780e-01 -1.131450005555511007e-01
1.305033542240318060e+09 1.067110489943184914e+00 -8.537893893395419598e-01 8.119465896027675544e-01 1.446914102720388007e-01 8.662728483695718573e-01 -4.641756616238104094e-01 -1.147898215315944215e-01
1.305033542271975994e+09 1.067278011038824692e+00 -8.475138146554181962e-01 8.104389282774994152e-01 1.502863059519222999e-01 8.650075424145733383e-01 -4.639753612437786390e-01 -1.179103132382004204e-01
1.305033542304127932e+09 1.064634523740510152e+00 -8.415188780650812994e-01 8.106919782540533692e-01 1.540963843889391893e-01 8.644438995892658184e-01 -4.634409179746496465e-01 -1.192206539487758454e-01
1.305033542340007067e+09 1.060041384883551929e+00 -8.351749368891047132e-01 8.098167878323414559e-01 1.578756500118481676e-01 8.635789025208482350e-01 -4.637900986877301346e-01 -1.191868390949654827e-01
1.305033542372071028e+09 1.057691203094368149e+00 -8.282399637087813904e-01 8.098227473734861404e-01 1.608937114062879981e-01 8.625968401841284106e-01 -4.644121415907797035e-01 -1.198385066551351380e-01
1.305033542407881021e+09 1.055544714007723428e+00 -8.208593645066654121e-01 8.102252059760947089e-01 1.628309933633144135e-01 8.617983485087895579e-01 -4.650990109606367162e-01 -1.203020536452997363e-01
1.305033542439965963e+09 1.054519049058297853e+00 -8.149059321585622184e-01 8.092083735971635772e-01 1.659658630644016142e-01 8.604614423617459318e-01 -4.660959310482841178e-01 -1.217210810265220849e-01
1.305033542471999884e+09 1.051623790180446605e+00 -8.083243801153561225e-01 8.086192702824011036e-01 1.684837994217190382e-01 8.595386444599062425e-01 -4.664843319688282697e-01 -1.232838028292642663e-01
1.305033542507853985e+09 1.050006130400640947e+00 -8.015187185764243161e-01 8.105091682735867664e-01 1.715584329387255802e-01 8.588620008429490582e-01 -4.660786767912595274e-01 -1.252774306735400800e-01
1.305033542540011883e+09 1.048918437629206224e+00 -7.943720387067957356e-01 8.084342235262751419e-01 1.747005520272571222e-01 8.572979435468008891e-01 -4.670664278850553686e-01 -1.279410217814922479e-01
1.305033542571969032e+09 1.047168110223746673e+00 -7.866242553959075234e-01 8.077670650070418734e-01 1.779325659893363221e-01 8.560690201573178948e-01 -4.674947165033055962e-01 -1.301327196704734068e-01
1.305033542608015060e+09 1.045992872764324622e+00 -7.776394243595347033e-01 8.082439043286219205e-01 1.823287318827387926e-01 8.544511776889115451e-01 -4.682545090000966859e-01 -1.319360954293519184e-01
1.305033542639940977e+09 1.045087963982006984e+00 -7.713112895025793225e-01 8.101304135128409856e-01 1.867053179150484077e-01 8.532170433545303023e-01 -4.681766143203337505e-01 -1.340614000939262807e-01
1.305033542672238111e+09 1.043866990047861432e+00 -7.608540735304105684e-01 8.094647307508082701e-01 1.901604300996083963e-01 8.513807748581939672e-01 -4.697549852290910932e-01 -1.353515455346167295e-01
1.305033542707959890e+09 1.043273252604771884e+00 -7.523199174138408551e-01 8.059903715080978248e-01 1.928610533769898328e-01 8.498771562795964796e-01 -4.706401984284557805e-01 -1.378812421892415263e-01
1.305033542740019083e+09 1.039951517632265121e+00 -7.407617347587654999e-01 8.034606871040346210e-01 1.954897249481236110e-01 8.487980922773525894e-01 -4.712774854843733707e-01 -1.386473860610444864e-01
1.305033542771950006e+09 1.041898493582614549e+00 -7.315043383818830014e-01 8.024959581569137690e-01 1.982779960070961689e-01 8.480999592470427340e-01 -4.704385951754966322e-01 -1.417738466497942551e-01
1.305033542808027983e+09 1.043942138110730333e+00 -7.231223520683724981e-01 8.009953128530711286e-01 2.003804146716967882e-01 8.473851794249642744e-01 -4.701189834116732968e-01 -1.441325381129983652e-01
1.305033542839939117e+09 1.041157057017249254e+00 -7.148977799000701960e-01 7.998091602067549655e-01 2.015726115548819586e-01 8.471865245971222924e-01 -4.696092804626982309e-01 -1.452948674774878213e-01
1.305033542871963978e+09 1.042218151466122400e+00 -7.069072805617886424e-01 7.990353169927194577e-01 2.048999501767284070e-01 8.458374457917698930e-01 -4.698480184020584205e-01 -1.477087178120767286e-01
1.305033542908103943e+09 1.044387305213796635e+00 -6.981230909020277320e-01 7.994683395758565014e-01 2.087203350282099412e-01 8.449001421602397865e-01 -4.695380657911619182e-01 -1.487063424888561414e-01
1.305033542939843893e+09 1.043771498803072184e+00 -6.891107579103922243e-01 7.969598197602619782e-01 2.109206922280112140e-01 8.440716388558227035e-01 -4.697250298579722094e-01 -1.497128130596357964e-01
1.305033542971973896e+09 1.043625175172121722e+00 -6.814628402225455517e-01 7.959847886526939531e-01 2.130007702642578438e-01 8.436462845012989709e-01 -4.686834947918892547e-01 -1.524053812161740573e-01
1.305033543007967949e+09 1.043600883551700109e+00 -6.728154148142082569e-01 7.940717620271253718e-01 2.147769904159251286e-01 8.430195864095996194e-01 -4.685731136900519456e-01 -1.537142102880361960e-01
1.305033543039967060e+09 1.042602472638005651e+00 -6.658046484594313252e-01 7.936946078096511759e-01 2.169726896007723171e-01 8.430583199892589530e-01 -4.672932871659510878e-01 -1.543130092828700062e-01
1.305033543072134972e+09 1.043360741920566603e+00 -6.585294489741051471e-01 7.926394403172335457e-01 2.190535004861256241e-01 8.424552087318578630e-01 -4.665613280525076068e-01 -1.568608057202850736e-01
1.305033543107924938e+09 1.043403874628066275e+00 -6.531160326751787037e-01 7.924565777143056655e-01 2.221796113201879586e-01 8.415750241798283238e-01 -4.662507022358263753e-01 -1.581075003120673006e-01
1.305033543139950991e+09 1.042897129788458388e+00 -6.474304362927058021e-01 7.910949542010983215e-01 2.247451855330212245e-01 8.403924728390005372e-01 -4.670212741332199768e-01 -1.584967592169048700e-01
1.305033543172106028e+09 1.039477005065461590e+00 -6.398042790636275789e-01 7.886061630884374507e-01 2.278528264096159606e-01 8.393737851201069633e-01 -4.673475017606677495e-01 -1.584962174575666183e-01
1.305033543207931042e+09 1.038398747749455175e+00 -6.336407573965475715e-01 7.874368528003556911e-01 2.318483876023577639e-01 8.379067713323801181e-01 -4.671026897605197181e-01 -1.611634106738281391e-01
1.305033543240032911e+09 1.040002002222334632e+00 -6.309435153341016456e-01 7.862626436588470158e-01 2.359228196484958739e-01 8.369145729347028384e-01 -4.655987849028341286e-01 -1.647185243851815861e-01
1.305033543272003889e+09 1.038196278438894060e+00 -6.237172246199533809e-01 7.868853005638295484e-01 2.395298703801368445e-01 8.358556918333189811e-01 -4.651923302091663937e-01 -1.660325255487150042e-01
1.305033543308000088e+09 1.039744506843023331e+00 -6.183891789188417087e-01 7.866661664015484057e-01 2.452052642433152352e-01 8.340057047685121017e-01 -4.646795182874129404e-01 -1.684690122400000767e-01
1.305033543339972019e+09 1.039980697185310277e+00 -6.113384884572471423e-01 7.869711629469244851e-01 2.503678313964060043e-01 8.326007836172520937e-01 -4.642312225807835313e-01 -1.690599186766325868e-01
1.305033543371989965e+09 1.038021586179328493e+00 -6.033208463590222781e-01 7.870405709605414746e-01 2.541791151111617575e-01 8.312321472735978434e-01 -4.644259184075698599e-01 -1.695719938301010754e-01
1.305033543407963991e+09 1.036626080957772311e+00 -5.976951874646262430e-01 7.901964311963753929e-01 2.596742987447652196e-01 8.303202834795632148e-01 -4.623276091059823623e-01 -1.714370650477264613e-01
1.305033543440047979e+09 1.036306592891655942e+00 -5.915326134578505757e-01 7.884981457884332468e-01 2.644393325548432538e-01 8.282397384156888753e-01 -4.621043142190018882e-01 -1.747866639284774148e-01
1.305033543471987963e+09 1.037644348425151630e+00 -5.851470359960743162e-01 7.876008751270189290e-01 2.716015220526073470e-01 8.257250452135386221e-01 -4.614689824546943653e-01 -1.773616112861954863e-01
1.305033543507966042e+09 1.040242485023708863e+00 -5.815154731008598255e-01 7.893654638478130314e-01 2.798537587316590747e-01 8.233527685442286748e-01 -4.601205560105229853e-01 -1.790563212815547978e-01
1.305033543539942980e+09 1.041568821352267138e+00 -5.747905878527280743e-01 7.909250705848550611e-01 2.863797989237543140e-01 8.209389658686730984e-01 -4.596325164441662503e-01 -1.810629031968358782e-01
1.305033543572019100e+09 1.041752763798365899e+00 -5.713505752672117799e-01 7.911079738956298124e-01 2.931861221558328401e-01 8.184056390313964036e-01 -4.587582196358110931e-01 -1.838341744437564096e-01
1.305033543608011961e+09 1.045035034805924301e+00 -5.656694148559461288e-01 7.886407910333934623e-01 2.979273584019915821e-01 8.156075701980944892e-01 -4.592988228638846815e-01 -1.872649776840861202e-01
1.305033543640626907e+09 1.048611536543864409e+00 -5.609829228183587091e-01 7.875872151551057687e-01 3.029243673800989245e-01 8.133243768645818106e-01 -4.584835070860271422e-01 -1.911364940959820180e-01
1.305033543672030926e+09 1.050936485448514146e+00 -5.548991789963944044e-01 7.830489336002721679e-01 3.077469425182936535e-01 8.108836324861704581e-01 -4.578704714502661588e-01 -1.952285463516700292e-01
1.305033543707860947e+09 1.053504999399351938e+00 -5.455920140732283263e-01 7.820454830934180368e-01 3.137363179966259907e-01 8.091413436458194663e-01 -4.556522237041470968e-01 -1.980930584508804881e-01
1.305033543739958048e+09 1.056472593231184476e+00 -5.368507284963665027e-01 7.768008817723784931e-01 3.193017701508257256e-01 8.069315015702011040e-01 -4.542513041327776446e-01 -2.014042801081463718e-01
1.305033543771927118e+09 1.057249329042498687e+00 -5.280766887487018391e-01 7.749349973965869998e-01 3.260427578022853101e-01 8.054357486334536853e-01 -4.513992088633799749e-01 -2.029978550267538817e-01
1.305033543807900906e+09 1.061796937496847448e+00 -5.234442413120621307e-01 7.758469786767117071e-01 3.337296339304399728e-01 8.032358206712143511e-01 -4.482220290308444599e-01 -2.062371463116386971e-01
1.305033543840065956e+09 1.067360862347609185e+00 -5.179954213571356103e-01 7.735662694062198641e-01 3.394771652950440699e-01 8.008755490008963029e-01 -4.469276918148273881e-01 -2.088282728579267111e-01
1.305033543872061968e+09 1.072414177966882542e+00 -5.102579389843648894e-01 7.733058950748775695e-01 3.438686335126898141e-01 7.996074643866299958e-01 -4.452344577748376664e-01 -2.101155477189780019e-01
1.305033543907963037e+09 1.076273165873510962e+00 -5.016765379960833604e-01 7.687949395719818613e-01 3.473984448843107087e-01 7.980728011775262143e-01 -4.438826749586245457e-01 -2.129842608837451690e-01
1.305033543939939976e+09 1.080341819215768995e+00 -4.953134764742319618e-01 7.661510595819532865e-01 3.524475729805236490e-01 7.963905030463493961e-01 -4.413301152885108491e-01 -2.162651250136059522e-01
1.305033543971940994e+09 1.086380582873260225e+00 -4.927449109042779662e-01 7.656212593294762225e-01 3.582497067986444295e-01 7.945686051823166451e-01 -4.383249356526494611e-01 -2.195202269095349323e-01
1.305033544007958889e+09 1.091494619243503550e+00 -4.889768841475434780e-01 7.642750365899559917e-01 3.635409488982287440e-01 7.925917850633108497e-01 -4.364233561795306526e-01 -2.217451124722352729e-01
1.305033544039988995e+09 1.094559369685526029e+00 -4.830264653492180038e-01 7.620176139731468234e-01 3.677241605804829616e-01 7.908186212245935653e-01 -4.351037909285515037e-01 -2.237622425017578021e-01
1.305033544072098017e+09 1.098524941550789835e+00 -4.777827873843946138e-01 7.587375251916425034e-01 3.714185976634820641e-01 7.890865753769682467e-01 -4.335952208016469189e-01 -2.266843319850578298e-01
1.305033544107969999e+09 1.103002939195644405e+00 -4.709121135086076215e-01 7.566534347563171892e-01 3.750192705952293259e-01 7.874843606365754534e-01 -4.323671867462692830e-01 -2.286646983251735266e-01
1.305033544139946938e+09 1.106011424131388532e+00 -4.666830492598150748e-01 7.570697662277143802e-01 3.794623979814730763e-01 7.863549144703867455e-01 -4.299958937256518343e-01 -2.296905927231209787e-01
1.305033544172048092e+09 1.110226876691327469e+00 -4.590997263335381273e-01 7.549986128963117604e-01 3.829856342779877632e-01 7.844339166955915932e-01 -4.295968922595082562e-01 -2.311535083776004307e-01
1.305033544208165884e+09 1.114671714152246196e+00 -4.523954699508094812e-01 7.550667034298887970e-01 3.882002647101200354e-01 7.826812523972124236e-01 -4.277498290388458413e-01 -2.318203946639766366e-01
1.305033544239968061e+09 1.117780613629254072e+00 -4.479273091701773124e-01 7.523299815576548477e-01 3.917311755103214388e-01 7.814814054093074391e-01 -4.259386617829690747e-01 -2.332589881040580959e-01
1.305033544272203922e+09 1.122535047302469113e+00 -4.430501958940812335e-01 7.507265231667564764e-01 3.959323743626015357e-01 7.798099436474252855e-01 -4.240019689236070866e-01 -2.352792746271900604e-01
1.305033544307976961e+09 1.126838629376634371e+00 -4.351968993431589716e-01 7.498218237094328442e-01 4.006684352425288753e-01 7.782318560612748737e-01 -4.223699719326422519e-01 -2.354221527837718764e-01
1.305033544339998960e+09 1.130739236769749967e+00 -4.322827469251153687e-01 7.506803236710321015e-01 4.059449206702021029e-01 7.771658338843181468e-01 -4.187108640973310481e-01 -2.364385761922576656e-01
1.305033544372061968e+09 1.134729775515870731e+00 -4.282975153041721494e-01 7.499861292011521519e-01 4.104446873818879959e-01 7.757357879490248687e-01 -4.160028366444883940e-01 -2.381402649675789518e-01
1.305033544407927036e+09 1.137817502812390025e+00 -4.225441498672342089e-01 7.479579079791697227e-01 4.149751478903902502e-01 7.737807278916680742e-01 -4.144980084978085455e-01 -2.392705847532029806e-01
1.305033544439901114e+09 1.141967468600996183e+00 -4.177382702494845113e-01 7.480916738476450778e-01 4.209260197252204239e-01 7.713029836880710421e-01 -4.124639478565566009e-01 -2.403881964463858711e-01
1.305033544472184896e+09 1.142415258704569059e+00 -4.081475257662858791e-01 7.495038170081037565e-01 4.254999931761952459e-01 7.701148547600541461e-01 -4.112141885180807810e-01 -2.382766405805959442e-01
1.305033544507909060e+09 1.143949204897054539e+00 -4.034782602167661381e-01 7.507534698102277249e-01 4.304372321869759377e-01 7.682915344643275191e-01 -4.090729366722895000e-01 -2.389795800899590650e-01
1.305033544539983034e+09 1.147925047810974153e+00 -4.006698256333907082e-01 7.519561202260591770e-01 4.350528544117422403e-01 7.660166207715344289e-01 -4.078085999289084995e-01 -2.400826865768923291e-01
1.305033544572058916e+09 1.149214030520531393e+00 -3.973616915423431317e-01 7.492805003992686341e-01 4.386593654409189913e-01 7.638141776052491672e-01 -4.077931385743415182e-01 -2.405631296185580525e-01
1.305033544607959986e+09 1.151886205373858330e+00 -3.930459594520598898e-01 7.504817861288696212e-01 4.431070533729984939e-01 7.616511815546853637e-01 -4.061994317152443634e-01 -2.419620601699017104e-01
1.305033544640039921e+09 1.154540791782927789e+00 -3.851450075280762331e-01 7.514096344229301838e-01 4.470264937643116943e-01 7.594123071416488679e-01 -4.058823467824603792e-01 -2.423216503017143475e-01
1.305033544672142029e+09 1.156955123870985425e+00 -3.808927709853553445e-01 7.507436836293851501e-01 4.509768658942501784e-01 7.572221746682805676e-01 -4.047692088186524706e-01 -2.437136274629746469e-01
1.305033544708156109e+09 1.159382598643644569e+00 -3.787713848627953794e-01 7.498727171030141747e-01 4.559334991623437139e-01 7.543670703371688768e-01 -4.034984950588280661e-01 -2.454463933688145194e-01
1.305033544739928007e+09 1.159856663533122667e+00 -3.729193575413933814e-01 7.480325199566194572e-01 4.604146761916537711e-01 7.518060842488917261e-01 -4.026703358385063103e-01 -2.462976619243216758e-01
1.305033544772173882e+09 1.159653539463724625e+00 -3.696585819566795550e-01 7.481991467516995176e-01 4.654601068509064965e-01 7.492963867691742053e-01 -4.004125069301027739e-01 -2.481363294621587445e-01
1.305033544807982922e+09 1.160302907119329374e+00 -3.638344883004551722e-01 7.499297742907808928e-01 4.700526096730839321e-01 7.468221641974348568e-01 -3.991910611676463549e-01 -2.489049936960510967e-01
1.305033544840009928e+09 1.159584624060175928e+00 -3.581795480098924900e-01 7.498379436289782651e-01 4.742910021837204448e-01 7.440606829359466268e-01 -3.983039456313234306e-01 -2.505508177016683713e-01
1.305033544872116089e+09 1.159357155812554385e+00 -3.519941575590788130e-01 7.498724308240209968e-01 4.789278966623634060e-01 7.410337020437729461e-01 -3.970609212378374275e-01 -2.526652866137830689e-01
1.305033544907777071e+09 1.160814062195004714e+00 -3.488288007825848247e-01 7.501329866270672886e-01 4.844717159382583294e-01 7.375535271200868159e-01 -3.950184298970738084e-01 -2.554650487448513752e-01
1.305033544939847946e+09 1.160236943761684403e+00 -3.464939055418917446e-01 7.503842140942256211e-01 4.900342828806623086e-01 7.340927499408113066e-01 -3.932182792459618659e-01 -2.575919660098452413e-01
1.305033544971988916e+09 1.159439626651228794e+00 -3.435184582173547163e-01 7.496230067656963758e-01 4.943057142030189421e-01 7.308108560403017151e-01 -3.920411115136323565e-01 -2.605400554291806281e-01
1.305033545007915020e+09 1.160416155156403617e+00 -3.407903819923093769e-01 7.515008868334844827e-01 4.990193965181093372e-01 7.276332033700573243e-01 -3.906774416705808828e-01 -2.624894280192263119e-01
1.305033545040093899e+09 1.160902035128419829e+00 -3.372256109015036030e-01 7.536283730386090784e-01 5.036127368812618466e-01 7.246419777384714989e-01 -3.894906438817776761e-01 -2.637522581491956175e-01
1.305033545071928024e+09 1.161613323651913277e+00 -3.342596287232159069e-01 7.532716570917236121e-01 5.067812150117267933e-01 7.221335258008310110e-01 -3.885765090660139309e-01 -2.659027409181191626e-01
1.305033545108140945e+09 1.162235337393461299e+00 -3.303733457460402700e-01 7.537293980034539542e-01 5.084256697942840519e-01 7.209537302035992079e-01 -3.869952190938074077e-01 -2.682606150710263870e-01
1.305033545139997005e+09 1.161096477456696752e+00 -3.255792356673397059e-01 7.540867491568813419e-01 5.102611147674601666e-01 7.196686054017672474e-01 -3.859740136616869877e-01 -2.696938151556911301e-01
1.305033545171999931e+09 1.161404991912914797e+00 -3.239411349791463390e-01 7.536110424953004205e-01 5.121503632014954288e-01 7.177464763242685786e-01 -3.849991974303478282e-01 -2.726125807343828811e-01
1.305033545207995892e+09 1.160928510704097860e+00 -3.199992163166279768e-01 7.542876723471763079e-01 5.147327839363682322e-01 7.161356060082796349e-01 -3.842438158343335353e-01 -2.730506270663757284e-01
1.305033545240042925e+09 1.159873224613584108e+00 -3.174870067661774709e-01 7.546306504040465324e-01 5.176088951266891725e-01 7.140701816759575937e-01 -3.834552679080676096e-01 -2.741292849013856614e-01
1.305033545272058964e+09 1.158168346383343206e+00 -3.131302125685421212e-01 7.558234571417545844e-01 5.199019952862147242e-01 7.126492815740813613e-01 -3.821454009574265509e-01 -2.753140194331666346e-01
1.305033545308058023e+09 1.158843549730335765e+00 -3.126867782720046396e-01 7.574833035108895496e-01 5.228835792192317866e-01 7.103344073273591963e-01 -3.804803592856406125e-01 -2.779433189476671062e-01
1.305033545339931011e+09 1.157541935494697860e+00 -3.114041871609688483e-01 7.552700564247033510e-01 5.249801290964313250e-01 7.080578914359572096e-01 -3.808045675772038785e-01 -2.793524077961375696e-01
1.305033545372092962e+09 1.154956580000841448e+00 -3.111935651671320358e-01 7.549510939085392058e-01 5.281644051515991256e-01 7.056995463446010808e-01 -3.798733593316981905e-01 -2.805828617181242990e-01
1.305033545408030987e+09 1.153126644186991623e+00 -3.070105378177105937e-01 7.559136528280964162e-01 5.315421138445015625e-01 7.030766279808730035e-01 -3.796440524271977313e-01 -2.810989680760478393e-01
1.305033545440032005e+09 1.151586231991123643e+00 -3.065444080194534848e-01 7.575542357574255314e-01 5.349244793748189064e-01 7.011078248295508075e-01 -3.777642777739118052e-01 -2.821307671387675575e-01
1.305033545472172022e+09 1.147371132947910821e+00 -3.032528088726471616e-01 7.593517405747034488e-01 5.374772163114056589e-01 6.994669051018196360e-01 -3.773822821626883761e-01 -2.818632713269068057e-01
1.305033545508019924e+09 1.144207977944284194e+00 -3.019712648959280710e-01 7.606984547673621977e-01 5.397347450306018146e-01 6.973081128583498156e-01 -3.771106620232727580e-01 -2.832584497187104478e-01
1.305033545540000916e+09 1.141037384550453559e+00 -3.032097370151617399e-01 7.604649417122737454e-01 5.420271310792955655e-01 6.945428783736299350e-01 -3.776054764094861071e-01 -2.850103216727180588e-01
1.305033545572073936e+09 1.136954698998463575e+00 -3.016191634322450410e-01 7.613200554950126930e-01 5.445816151252734771e-01 6.920409000186475978e-01 -3.784801304696736035e-01 -2.850667430771038902e-01
1.305033545608000994e+09 1.131904279229087873e+00 -2.989777220243088340e-01 7.612114449258091664e-01 5.467281698968143866e-01 6.895612564411146561e-01 -3.799488961934116560e-01 -2.850130139801332341e-01
1.305033545640202999e+09 1.126051213895401748e+00 -2.993349150779734957e-01 7.614842032175533904e-01 5.495995956310071318e-01 6.871973329804608177e-01 -3.797527504057792158e-01 -2.854609580766183652e-01
1.305033545672133923e+09 1.120009616152643606e+00 -2.983868658047148514e-01 7.641845556648252380e-01 5.517079626947248849e-01 6.854109083839534655e-01 -3.798254986286473400e-01 -2.855920187242968478e-01
1.305033545708266020e+09 1.114381295694573115e+00 -3.005784632509498344e-01 7.652288736901140531e-01 5.524501726524434497e-01 6.833948737721178279e-01 -3.805366089698880572e-01 -2.880314956250011882e-01
1.305033545740135908e+09 1.107051917505116556e+00 -2.997858423744089729e-01 7.646718247070227736e-01 5.528142324163711763e-01 6.814833728067583030e-01 -3.830444056335696734e-01 -2.885373811807552813e-01
1.305033545771903038e+09 1.099705330283601734e+00 -2.992064673711245515e-01 7.648284543691894477e-01 5.534874478705579248e-01 6.795001380055754048e-01 -3.852259698873063964e-01 -2.890193066639741293e-01
1.305033545808008909e+09 1.093498262748734184e+00 -3.014204392697839019e-01 7.674271408131644323e-01 5.559009615212343602e-01 6.767328309224475147e-01 -3.856940844540358571e-01 -2.902531132453537444e-01
1.305033545840003014e+09 1.085891871110546081e+00 -3.016284653545112660e-01 7.690184280745215872e-01 5.573225497650617921e-01 6.746463850264666773e-01 -3.868357436961967766e-01 -2.908641230765681152e-01
1.305033545872067928e+09 1.077933608334917803e+00 -3.022555314841640639e-01 7.709619218804916185e-01 5.580597292245076391e-01 6.729240206314892614e-01 -3.876738404796815640e-01 -2.923210469377024445e-01
1.305033545907982111e+09 1.071460700872358895e+00 -3.006248916485155798e-01 7.710132543918553072e-01 5.590036678122575209e-01 6.707204672046045424e-01 -3.893253013076058977e-01 -2.933850098539835249e-01
1.305033545939975977e+09 1.065012939858660523e+00 -3.000227211083470458e-01 7.711553456647507465e-01 5.603480003208803906e-01 6.686142402758494807e-01 -3.904728862331572348e-01 -2.941020934190829439e-01
1.305033545972035885e+09 1.057831540179763774e+00 -3.023233489877379387e-01 7.706134583096863055e-01 5.614031180645132624e-01 6.670834240693502837e-01 -3.913969732401771928e-01 -2.943376525315472003e-01
1.305033546008052111e+09 1.050383137546086587e+00 -3.005987466739559189e-01 7.693364328901245441e-01 5.616573307932344328e-01 6.661033392513791007e-01 -3.929248396958620604e-01 -2.940364850734727975e-01
1.305033546039978981e+09 1.043809462195134818e+00 -3.014933941047615029e-01 7.686543073586223906e-01 5.624171918130237424e-01 6.655662438911885692e-01 -3.922617443814692684e-01 -2.946849185834491403e-01
1.305033546071991920e+09 1.036589026580303052e+00 -2.995970185512757400e-01 7.685551682943380092e-01 5.626696106448180190e-01 6.659027562652897192e-01 -3.920974301526281014e-01 -2.936597243797730572e-01
1.305033546107950926e+09 1.026097861221453078e+00 -2.965020556917790095e-01 7.663223214111293258e-01 5.622818923538989155e-01 6.666698902644153657e-01 -3.919864293529481403e-01 -2.928087603690791019e-01
1.305033546139986992e+09 1.018212754998502056e+00 -2.960794447244597949e-01 7.675749869769332712e-01 5.633149306563997039e-01 6.659197180494351720e-01 -3.909728390790672137e-01 -2.938834073488841292e-01
1.305033546172246933e+09 1.008746521918492789e+00 -2.912178489507964985e-01 7.688586290809489299e-01 5.656008559593406204e-01 6.646303957168602228e-01 -3.913041019638046625e-01 -2.919643961403707300e-01
1.305033546208142042e+09 1.000691280514736548e+00 -2.874066353152716635e-01 7.676500035825495338e-01 5.679784493472060936e-01 6.622323537730618881e-01 -3.927716952901212921e-01 -2.908250093651810197e-01
1.305033546240499020e+09 9.889537606986297247e-01 -2.806131264188226337e-01 7.645780550979272006e-01 5.696407602155658667e-01 6.601516687751495249e-01 -3.948969832683124626e-01 -2.894227895657207617e-01
1.305033546271986961e+09 9.773340671440861049e-01 -2.766744312937049477e-01 7.657811784417265510e-01 5.715179780584904723e-01 6.590056428902468788e-01 -3.933561587307440877e-01 -2.904301908950597810e-01
1.305033546308217049e+09 9.691067072390665560e-01 -2.777398091885814324e-01 7.687634599941760571e-01 5.739211088913857006e-01 6.569692076484684451e-01 -3.907916609960090937e-01 -2.937480190003091129e-01
1.305033546339927912e+09 9.600425234320003609e-01 -2.762749711215688464e-01 7.653695408332832351e-01 5.744632729936746118e-01 6.550660526720238908e-01 -3.908431963068492165e-01 -2.968535169384619032e-01
1.305033546372019053e+09 9.495207360422567300e-01 -2.750658737022801947e-01 7.694018016196761955e-01 5.757558322419515928e-01 6.550020085575912754e-01 -3.872463531712839746e-01 -2.991953415085868428e-01
1.305033546407778025e+09 9.384077456590275146e-01 -2.743284951114507431e-01 7.707363140677495617e-01 5.755267876373222347e-01 6.550037290613109908e-01 -3.850005117691599477e-01 -3.025122106050042725e-01
1.305033546439943075e+09 9.287369783587300365e-01 -2.711783792315363151e-01 7.698573141064529723e-01 5.757024758485794758e-01 6.537553853032229689e-01 -3.845175368896823764e-01 -3.054780177249123430e-01
1.305033546472094059e+09 9.204846593580779945e-01 -2.727905849665268612e-01 7.669236224460367346e-01 5.789445581812329156e-01 6.505691049309454410e-01 -3.827197522225360693e-01 -3.083968701533884582e-01
1.305033546507882118e+09 9.090110172904034558e-01 -2.708376676092461022e-01 7.670065145545771346e-01 5.820938195513897240e-01 6.486434947841163146e-01 -3.822361586472651229e-01 -3.071219968300944458e-01
1.305033546539973974e+09 8.976750501018793127e-01 -2.671870992708432757e-01 7.696324119659243568e-01 5.841051096159332046e-01 6.475959713458011580e-01 -3.815154718139443513e-01 -3.064092420013314610e-01
1.305033546572101116e+09 8.871965812540399954e-01 -2.678467372534121260e-01 7.687761425897920997e-01 5.851657544730750615e-01 6.462081678925560846e-01 -3.796922921275976415e-01 -3.095638978301476496e-01
1.305033546607955933e+09 8.775663790463091862e-01 -2.697507258907483330e-01 7.725339913711020134e-01 5.848189093109142922e-01 6.464285392277477893e-01 -3.779544141207873964e-01 -3.118772961132071919e-01
1.305033546640064001e+09 8.687331989533012555e-01 -2.710733269718802463e-01 7.728294992399775687e-01 5.841532568249745427e-01 6.459157935822595897e-01 -3.789543635094455021e-01 -3.129718046708460100e-01
1.305033546672139883e+09 8.594354453416716000e-01 -2.667561751658187319e-01 7.727260648656962827e-01 5.833177646280793827e-01 6.456718477392395794e-01 -3.814546005349769286e-01 -3.119946125127771586e-01
1.305033546707998037e+09 8.512684078373187191e-01 -2.633433081684112276e-01 7.719411468754181493e-01 5.839164210829744794e-01 6.442092869709462599e-01 -3.833832190275286433e-01 -3.115338105858259654e-01
1.305033546739974976e+09 8.420082038952054759e-01 -2.592001324580861521e-01 7.715659513918078360e-01 5.855973896377977272e-01 6.425553234633889499e-01 -3.844421676844126390e-01 -3.104876378285725824e-01
1.305033546771996975e+09 8.337211482182033118e-01 -2.584914040398652579e-01 7.737335532100008129e-01 5.878885335511380150e-01 6.409206456550352593e-01 -3.828311359013895077e-01 -3.115254716338250462e-01
1.305033546807960033e+09 8.250234850786475338e-01 -2.552411255454262173e-01 7.739040039675899596e-01 5.890540654802701726e-01 6.398161255367015299e-01 -3.819741195959016067e-01 -3.126442153683723912e-01
1.305033546839977980e+09 8.183170591651156567e-01 -2.553115864570011384e-01 7.771380591379378755e-01 5.903770781434739545e-01 6.392072983891003979e-01 -3.789480689758510379e-01 -3.150671298443488144e-01
1.305033546871990919e+09 8.095474157734747767e-01 -2.559977205883139373e-01 7.806926302600575296e-01 5.920899645583551640e-01 6.386185720083569217e-01 -3.764237823250008441e-01 -3.160710829155889412e-01
1.305033546907958984e+09 8.013575409264264149e-01 -2.578001389151813871e-01 7.830144117262110015e-01 5.933886630789608763e-01 6.374764401937302871e-01 -3.754402624844538350e-01 -3.171092745929979806e-01
1.305033546940042019e+09 7.947864374967179568e-01 -2.570866258994987108e-01 7.887357583004027672e-01 5.943773089166234369e-01 6.368230593105589366e-01 -3.758493275027013913e-01 -3.160843064613303999e-01
1.305033546972132921e+09 7.849914022510088296e-01 -2.541978675940963495e-01 7.888856433729949380e-01 5.945722812038141125e-01 6.360355795509348154e-01 -3.776045992854248912e-01 -3.152099468098888413e-01
1.305033547007986069e+09 7.768564133390730708e-01 -2.520627362989521503e-01 7.897502298375166374e-01 5.941344776271121342e-01 6.354216291701163533e-01 -3.793194205767339011e-01 -3.152147725771822784e-01
1.305033547039973021e+09 7.671306534050149617e-01 -2.511751244641748926e-01 7.863872692283172539e-01 5.940172133076642158e-01 6.339027728892824287e-01 -3.814232942208639621e-01 -3.159542616316167729e-01
1.305033547072051048e+09 7.603899139964594989e-01 -2.477388795669566157e-01 7.918199922461512941e-01 5.946886086025943152e-01 6.340654797502626172e-01 -3.800205675430904373e-01 -3.160550496853468116e-01
1.305033547107973099e+09 7.513202229327164972e-01 -2.456788417041820827e-01 7.888608079978458587e-01 5.943803195869545863e-01 6.335189094152019473e-01 -3.805608644349472436e-01 -3.170792575391969126e-01
1.305033547139964104e+09 7.423268041262216510e-01 -2.454196940477054723e-01 7.861459246202403550e-01 5.933975461991912725e-01 6.335815099956418894e-01 -3.805743672931164445e-01 -3.187741729122123280e-01
1.305033547171989918e+09 7.336752819689290606e-01 -2.458708903249129385e-01 7.900237184728372553e-01 5.946658255570175244e-01 6.333550891725632237e-01 -3.778676392276839047e-01 -3.200780126130224890e-01
1.305033547208019018e+09 7.247126026858131675e-01 -2.426127199810651502e-01 7.886149981112566820e-01 5.961074895535025675e-01 6.311432097507043704e-01 -3.784406186617245149e-01 -3.210869163181989117e-01
1.305033547240019083e+09 7.166492794546737155e-01 -2.431170549258209190e-01 7.916831674375026662e-01 5.977093546114742306e-01 6.306375504109827945e-01 -3.765961323218684487e-01 -3.212711635702460988e-01
1.305033547272007942e+09 7.067941939012574171e-01 -2.426286461353647228e-01 7.943218121682313893e-01 5.997144113736802007e-01 6.296715821180682848e-01 -3.751162422316933753e-01 -3.211605957735519379e-01
1.305033547307975054e+09 6.980244714790402316e-01 -2.428522616455819350e-01 7.916787719006996848e-01 6.012905097026082224e-01 6.273872234149407978e-01 -3.745323554351034367e-01 -3.233581753559076621e-01
1.305033547340020895e+09 6.886293790397539638e-01 -2.435452815249982139e-01 7.919450277735301524e-01 6.037415800652083941e-01 6.254965887270225178e-01 -3.731936130848730326e-01 -3.240010017637012796e-01
1.305033547372226954e+09 6.803319735310775496e-01 -2.420279787263590610e-01 7.960689432518035513e-01 6.063135723417540923e-01 6.240922817014021851e-01 -3.718932963928763824e-01 -3.234007606870436535e-01
1.305033547407923937e+09 6.718524999141374243e-01 -2.428536964176840618e-01 7.981978610792638262e-01 6.099161518976859986e-01 6.209991943600380315e-01 -3.700318809759945426e-01 -3.247132509151263724e-01
1.305033547440119028e+09 6.633201571591592627e-01 -2.451622535003454839e-01 8.009116395605428984e-01 6.140777074452934414e-01 6.178363092545900992e-01 -3.681120565196421279e-01 -3.250851858056271193e-01
1.305033547472121000e+09 6.534505066166993448e-01 -2.481285384582240239e-01 8.018518783365621294e-01 6.165992820482909531e-01 6.155371671539384693e-01 -3.669670949169427376e-01 -3.259669806557957128e-01
1.305033547508002043e+09 6.451231781576538538e-01 -2.459811403934862861e-01 8.076496642404428217e-01 6.176488202900989322e-01 6.160014733224219441e-01 -3.654877674766416895e-01 -3.247627002655859019e-01
1.305033547540002108e+09 6.351498944501811073e-01 -2.423892984629876235e-01 8.114583696079218367e-01 6.181204426948512243e-01 6.159577015936563704e-01 -3.644003759615948024e-01 -3.251701003616866426e-01
1.305033547571944952e+09 6.274134168134106737e-01 -2.429425722374700669e-01 8.161369069488066952e-01 6.192979973323748943e-01 6.150588658022853039e-01 -3.621685626120902946e-01 -3.271185020044092284e-01
1.305033547607867002e+09 6.195833427062495957e-01 -2.448482493380914615e-01 8.199310900499735544e-01 6.211255585944179813e-01 6.136827881405443330e-01 -3.604668691746330533e-01 -3.281160042245090391e-01
1.305033547639866114e+09 6.112510255579163276e-01 -2.462480692815542938e-01 8.193437600532990084e-01 6.229582140489231534e-01 6.117534510350688404e-01 -3.596744605664317085e-01 -3.291125356347067710e-01
1.305033547672080994e+09 6.017415804152059788e-01 -2.426622051977913586e-01 8.224558426042095638e-01 6.235565566276490834e-01 6.120125142395264062e-01 -3.588784636631134894e-01 -3.283658804134289011e-01
1.305033547707937002e+09 5.951359561230146200e-01 -2.436224663323635076e-01 8.226538084159266129e-01 6.227890453530902093e-01 6.116937985428918534e-01 -3.579380946449512435e-01 -3.314284571582473138e-01
1.305033547739860058e+09 5.866213932011825616e-01 -2.461494062688007745e-01 8.275710853086269969e-01 6.230156694549192631e-01 6.120647679102828587e-01 -3.556327302945749280e-01 -3.327965694531666574e-01
1.305033547771903038e+09 5.767851545562298066e-01 -2.493261564565024679e-01 8.280446171200495087e-01 6.243995065015087720e-01 6.104829269268512437e-01 -3.549836842023884609e-01 -3.337999942504434880e-01
1.305033547807956934e+09 5.683977416824402829e-01 -2.494101279654669101e-01 8.302610220924833140e-01 6.262877059973785965e-01 6.085560180477730396e-01 -3.555616257676722514e-01 -3.331654431297297880e-01
1.305033547839912891e+09 5.585142017718691676e-01 -2.500990081218599226e-01 8.341060099429137287e-01 6.279833304634229174e-01 6.075089425949109501e-01 -3.550101726884798969e-01 -3.324719516214509341e-01
1.305033547872133017e+09 5.510738915985829989e-01 -2.529146667429786888e-01 8.348985476578425491e-01 6.288262969523427115e-01 6.060999749664554015e-01 -3.549221400150902594e-01 -3.335424757567989618e-01
1.305033547907861948e+09 5.430550268877655240e-01 -2.552992269750852250e-01 8.348253845730477796e-01 6.287582227895337494e-01 6.059726110865047977e-01 -3.553137571804149131e-01 -3.334852708080043304e-01
1.305033547940012932e+09 5.348909539559364434e-01 -2.554419041531841295e-01 8.365764829879812625e-01 6.294445873525600366e-01 6.066891397705325151e-01 -3.548943929042920886e-01 -3.313272838480864624e-01
1.305033547972166061e+09 5.245490372426886427e-01 -2.536940480419224153e-01 8.342935016410434335e-01 6.290495760358690847e-01 6.075406340795456162e-01 -3.558374214065892494e-01 -3.295007410583875584e-01
1.305033548007950068e+09 5.131469877474522656e-01 -2.560099902273500483e-01 8.355685909272263512e-01 6.290791413111076480e-01 6.088801977942885912e-01 -3.545418034128086093e-01 -3.283663325221710116e-01
1.305033548040011883e+09 5.014773542667094741e-01 -2.597202158298905772e-01 8.326419634077106835e-01 6.276026218756733943e-01 6.097110375878423971e-01 -3.545623237649495052e-01 -3.296254817588232244e-01
1.305033548072058916e+09 4.910949295378694845e-01 -2.625906426122360804e-01 8.323356214563228939e-01 6.264060795636893220e-01 6.105208663318909545e-01 -3.558068373333248546e-01 -3.290610730029659980e-01
1.305033548107983112e+09 4.819942251049162962e-01 -2.593414632302809553e-01 8.326697554288150505e-01 6.240739682610362271e-01 6.125184656341089440e-01 -3.585586314819436682e-01 -3.267851269350487975e-01
1.305033548140062094e+09 4.731885404533560102e-01 -2.574885162542082107e-01 8.367917325661697880e-01 6.232683737305250160e-01 6.145174430261678422e-01 -3.584767861281146772e-01 -3.246524916447511289e-01
1.305033548172075987e+09 4.629490455871443366e-01 -2.588188356665384049e-01 8.362196381817712521e-01 6.232990712497773478e-01 6.146104546603404772e-01 -3.588547078480929797e-01 -3.239993139755610874e-01
1.305033548207984924e+09 4.521832885073455710e-01 -2.612144850597651891e-01 8.342806154385195017e-01 6.234779910633716504e-01 6.141317747402634808e-01 -3.602395820161765072e-01 -3.230244595425659782e-01
1.305033548239985943e+09 4.438409485611418681e-01 -2.589502458261331297e-01 8.347213202807185484e-01 6.221909753564357493e-01 6.152520075388332454e-01 -3.626967116649975065e-01 -3.206157400250965184e-01
1.305033548272093058e+09 4.339474680605108770e-01 -2.591340576230584114e-01 8.369364225798281431e-01 6.215002970595092657e-01 6.170268162804503076e-01 -3.627033998455457264e-01 -3.185302693406631414e-01
1.305033548308005095e+09 4.247609501302582746e-01 -2.568096824152902302e-01 8.388495668295611329e-01 6.203770294951999054e-01 6.189857219899863594e-01 -3.631035189863560664e-01 -3.164567138598455842e-01
1.305033548340012074e+09 4.138563192974986649e-01 -2.562930152678565277e-01 8.418230216067444927e-01 6.199191050292919281e-01 6.204179470770310179e-01 -3.633605346434390371e-01 -3.142467120401393199e-01
1.305033548371963024e+09 4.043127521369085375e-01 -2.561814563691854341e-01 8.437838332416709441e-01 6.191682070394227688e-01 6.212770024690420501e-01 -3.642136234428797192e-01 -3.130400199547602735e-01
1.305033548408013105e+09 3.952547049167389748e-01 -2.519625213830506416e-01 8.439101553404142475e-01 6.184874632249593995e-01 6.213820113191537153e-01 -3.670046725727750814e-01 -3.109103152876531162e-01
1.305033548439832926e+09 3.859657922335100189e-01 -2.516424715322629346e-01 8.455467060701004067e-01 6.185439440935910360e-01 6.215875298898434487e-01 -3.673151521267035702e-01 -3.100192105801252707e-01
1.305033548472090006e+09 3.776204891290899646e-01 -2.485728281962078512e-01 8.475647183602879053e-01 6.182095223260207772e-01 6.223758683190040442e-01 -3.672601562209010795e-01 -3.091686314815888514e-01
1.305033548507972002e+09 3.686280172622831142e-01 -2.484163875830648349e-01 8.471316734357103861e-01 6.190561526281062044e-01 6.218883768968791470e-01 -3.661172791108567859e-01 -3.098103686294484960e-01
1.305033548540004015e+09 3.599629728285156371e-01 -2.507250566413574688e-01 8.501772907956827163e-01 6.206361811319081045e-01 6.216152400948677936e-01 -3.639899410962142978e-01 -3.097039662848632968e-01
1.305033548572101116e+09 3.515559090697504274e-01 -2.503602938072041484e-01 8.561424097159509028e-01 6.218672543701022626e-01 6.223654273553559380e-01 -3.623673783603369447e-01 -3.076235944709572179e-01
1.305033548607940912e+09 3.429783318085217747e-01 -2.490530292527530776e-01 8.572529736424616686e-01 6.208767648116965132e-01 6.233400589931051838e-01 -3.623849807108646681e-01 -3.076301993085525099e-01
1.305033548639976978e+09 3.330164401400297347e-01 -2.469593823518917430e-01 8.597066502994684667e-01 6.197461919353217663e-01 6.249591601203424718e-01 -3.617505124889905943e-01 -3.073715544374532316e-01
1.305033548671979904e+09 3.241223570911315743e-01 -2.457740185546176681e-01 8.587607266791805749e-01 6.184127911752420603e-01 6.252649662724378832e-01 -3.624602564496915980e-01 -3.085966690643267563e-01
1.305033548708004951e+09 3.165142901547066678e-01 -2.469801863547196330e-01 8.590928190284545796e-01 6.183933739784553962e-01 6.247403231193789930e-01 -3.619826854857417509e-01 -3.102542491196003116e-01
1.305033548740008116e+09 3.076991459924782735e-01 -2.489999172494606894e-01 8.638137927651652337e-01 6.195483134485492149e-01 6.248273902623308063e-01 -3.591945022520507402e-01 -3.110143553486313661e-01
1.305033548772033930e+09 3.008071436005888000e-01 -2.505257888087312201e-01 8.672061237399690814e-01 6.199449555302011250e-01 6.249789600288054858e-01 -3.574545967377317224e-01 -3.119226873842856906e-01
1.305033548808013916e+09 2.932944775555346162e-01 -2.512656563071885563e-01 8.677238566250845553e-01 6.192720727589461349e-01 6.257979420908192925e-01 -3.573887314611492450e-01 -3.116926855098219318e-01
1.305033548839885950e+09 2.859526252580799621e-01 -2.491368994776618218e-01 8.695185329576560207e-01 6.181453810997412646e-01 6.277388274427095904e-01 -3.573180156035065114e-01 -3.101033506285931773e-01
1.305033548871998072e+09 2.778122633747435177e-01 -2.477847395927498253e-01 8.711373337246040016e-01 6.172763070521920525e-01 6.296220742734942588e-01 -3.562330732527350108e-01 -3.092636445825179270e-01
1.305033548907968044e+09 2.682246503957121941e-01 -2.443752474447946632e-01 8.772471851313200508e-01 6.169586395722641559e-01 6.322050529757952120e-01 -3.549794918846190805e-01 -3.060528849567512588e-01
1.305033548939893007e+09 2.608146119557956943e-01 -2.423709770224674598e-01 8.788633942655135201e-01 6.156516656242039254e-01 6.338704856807285681e-01 -3.538936822980529584e-01 -3.064971380397301104e-01
1.305033548972156048e+09 2.517704241926006503e-01 -2.417383158519444963e-01 8.749926699445420564e-01 6.147692812494158776e-01 6.341786399730474644e-01 -3.532951077494574377e-01 -3.083159909481043015e-01
1.305033549008413076e+09 2.427395081005816468e-01 -2.404031344039064821e-01 8.719960005075955145e-01 6.147158131999559405e-01 6.342069763241358071e-01 -3.522864892291867611e-01 -3.095160895499423637e-01
1.305033549040009022e+09 2.335043441513444673e-01 -2.388919944906593429e-01 8.733238597725877517e-01 6.155781578185739455e-01 6.344061139874229704e-01 -3.507334756080985882e-01 -3.091576349371484289e-01
1.305033549071865082e+09 2.246329460001130762e-01 -2.393128923521979923e-01 8.722207051137780276e-01 6.168291029359825872e-01 6.332553072168969344e-01 -3.508590791363153660e-01 -3.088810130785658581e-01
1.305033549108050108e+09 2.148395464237944363e-01 -2.401594320957407547e-01 8.759224117892299155e-01 6.188293919391628650e-01 6.335204468450613691e-01 -3.488439113813669445e-01 -3.066104247960085849e-01
1.305033549140011072e+09 2.032113610614758592e-01 -2.392554208956390038e-01 8.801631576838645499e-01 6.190146205991815531e-01 6.348359477214278179e-01 -3.476760353405308202e-01 -3.048369948267067309e-01
1.305033549171993971e+09 1.927403565755789749e-01 -2.413381781786055891e-01 8.827209825766699769e-01 6.183344867540606637e-01 6.360198025797545451e-01 -3.458008362426550075e-01 -3.058807853901303053e-01
1.305033549207990885e+09 1.835221884193161124e-01 -2.408714092542173502e-01 8.854573059776794652e-01 6.172219429765903875e-01 6.369458322800333194e-01 -3.458543628552083748e-01 -3.061402285608935681e-01
1.305033549240016937e+09 1.734616394630235092e-01 -2.417742450494179129e-01 8.866250617548349089e-01 6.180955927308590114e-01 6.355722252989348675e-01 -3.468846846946888607e-01 -3.060666597320173543e-01
1.305033549271996021e+09 1.628800864156236816e-01 -2.417734353032112704e-01 8.877330668005583014e-01 6.189822000367364296e-01 6.338348199267155314e-01 -3.488261950766836095e-01 -3.056709713310594156e-01
1.305033549307929993e+09 1.522910638382879434e-01 -2.402753651393612078e-01 8.882053887872364273e-01 6.196634821407145388e-01 6.322664401546419510e-01 -3.505672164045992023e-01 -3.055469593004515594e-01
1.305033549339823961e+09 1.446620128654194648e-01 -2.381565173600663776e-01 8.896490131451422201e-01 6.199530521611017475e-01 6.312737430965179586e-01 -3.514241388427129520e-01 -3.060273664751299583e-01
1.305033549371997118e+09 1.365737447376429436e-01 -2.383632952909642277e-01 8.883778244419658909e-01 6.205475855882600644e-01 6.306634639026265088e-01 -3.507230846087890930e-01 -3.068837031212601207e-01
1.305033549407979012e+09 1.279960161609376978e-01 -2.368493409916390124e-01 8.889973218292802626e-01 6.214483794929996918e-01 6.309373876779948986e-01 -3.490715256550712131e-01 -3.063804733210544473e-01
1.305033549440046072e+09 1.167790071001686414e-01 -2.362589583420275918e-01 8.868942341560649423e-01 6.216147279810666504e-01 6.311581401022671178e-01 -3.484555373121688282e-01 -3.062895209702075072e-01
1.305033549471996069e+09 1.083129439082080037e-01 -2.319671369233704539e-01 8.892343980121926172e-01 6.212836877036592709e-01 6.320229731902569092e-01 -3.488003353652245897e-01 -3.047816707123257585e-01
1.305033549507981062e+09 9.849318880245738761e-02 -2.345731956950765085e-01 8.891497407712680712e-01 6.220953019811344964e-01 6.318744612181536047e-01 -3.469615077995512054e-01 -3.055320157016793714e-01
1.305033549540004969e+09 8.946194151584885290e-02 -2.302571240805957320e-01 8.907075612656716324e-01 6.215769594038293988e-01 6.328604806169999542e-01 -3.472330744293715132e-01 -3.042349217855122023e-01
1.305033549572036028e+09 8.123802196572871281e-02 -2.291257824352305184e-01 8.916593472953329158e-01 6.209376753106877755e-01 6.335022472200922961e-01 -3.471905069224550111e-01 -3.042532794396484164e-01
1.305033549607937098e+09 7.341903775713753966e-02 -2.279635682404816954e-01 8.908258343576864746e-01 6.194344410332873752e-01 6.348058024698248758e-01 -3.474724169039782873e-01 -3.042786320189582172e-01
1.305033549640078068e+09 6.478382419591333097e-02 -2.246327557928197161e-01 8.907573048407976257e-01 6.179739842492670832e-01 6.369273106296116094e-01 -3.479876724775638475e-01 -3.022190192043913703e-01
1.305033549672038078e+09 5.458656286345031639e-02 -2.256577019451297961e-01 8.905092258910858316e-01 6.178688639311481490e-01 6.382345215228394375e-01 -3.468149633304273283e-01 -3.010218326484955798e-01
1.305033549707959890e+09 4.375470590758889777e-02 -2.258112253090928112e-01 8.909099876172223986e-01 6.163940067311791671e-01 6.409328860008701723e-01 -3.472612145855584753e-01 -2.977803098813646132e-01
1.305033549739984035e+09 3.007392984337786679e-02 -2.240384646520876544e-01 8.929693222863087643e-01 6.130719475992799650e-01 6.451073570181746764e-01 -3.482191423796555108e-01 -2.944872049312640683e-01
1.305033549772048950e+09 2.158528528801650914e-02 -2.265196967273983564e-01 8.939520040896034025e-01 6.105166468124143542e-01 6.467260969192587527e-01 -3.495470721621564136e-01 -2.946720615724732761e-01
1.305033549807960033e+09 1.270061061961147431e-02 -2.237564498489735820e-01 9.004694176218123181e-01 6.080174159786071453e-01 6.508908691339764241e-01 -3.507971090827394778e-01 -2.891319536196351736e-01
1.305033549839997053e+09 -9.459574208483534363e-04 -2.179613630354749754e-01 9.015150798633703166e-01 6.035785884493661824e-01 6.554932780283835303e-01 -3.533906091587492027e-01 -2.848447425940719424e-01
1.305033549871994019e+09 -1.168309442293580247e-02 -2.170933301840840546e-01 9.005964421213070725e-01 5.997895674885234119e-01 6.580504161957897447e-01 -3.551799685873372470e-01 -2.847267363469333512e-01
1.305033549907983065e+09 -2.517006346068084710e-02 -2.172513505364528363e-01 9.051106820831517075e-01 5.963148600324543747e-01 6.615889901466466272e-01 -3.559545319453850110e-01 -2.828514928522677940e-01
1.305033549939937115e+09 -3.921013207660473121e-02 -2.142205829438671438e-01 9.103954465113356376e-01 5.927997863451173188e-01 6.646922285779952588e-01 -3.591101977260390821e-01 -2.789489567400576520e-01
1.305033549971986055e+09 -4.941865228392505749e-02 -2.172985465520760329e-01 9.120095723597450021e-01 5.861985057748062555e-01 6.679613816061812370e-01 -3.620527767475649195e-01 -2.812768944643762037e-01
1.305033550007989883e+09 -6.342403333011525923e-02 -2.182001086346468943e-01 9.142765723974668468e-01 5.807833699362829893e-01 6.719226081650575555e-01 -3.635427953939532331e-01 -2.811535554804021064e-01
1.305033550040087938e+09 -7.816885203917878222e-02 -2.172873010787731429e-01 9.146256029214514527e-01 5.741995578871071926e-01 6.760913348542956225e-01 -3.662636083180207947e-01 -2.811518164249533491e-01
1.305033550072002888e+09 -9.052253083457184601e-02 -2.152808930609237947e-01 9.193438384193441948e-01 5.690614038896041338e-01 6.798229285167074476e-01 -3.681756897765720571e-01 -2.801009923647293509e-01
1.305033550107985973e+09 -1.039601147299857864e-01 -2.073027239967247803e-01 9.241893697258302121e-01 5.634100134408951410e-01 6.820858384090345838e-01 -3.745058295742554888e-01 -2.776210536167482701e-01
1.305033550139998913e+09 -1.184790267155737542e-01 -2.063631433607380217e-01 9.262935404174564846e-01 5.591334433559399519e-01 6.829421844586283097e-01 -3.790285954227820553e-01 -2.780235404774921704e-01
1.305033550172048092e+09 -1.304302367958767306e-01 -2.063720214169155742e-01 9.231915563737262964e-01 5.557529249348051037e-01 6.815323581152369359e-01 -3.849264305230309935e-01 -2.801499140693986534e-01
1.305033550207964897e+09 -1.424026445685420139e-01 -2.030054568576717955e-01 9.214738897694363384e-01 5.527589854242148659e-01 6.804528896042223440e-01 -3.904681352324649302e-01 -2.810266970060639191e-01
1.305033550240031004e+09 -1.545344911500896590e-01 -2.095652599343289513e-01 9.199252171122931365e-01 5.489361470705987900e-01 6.808019081509468773e-01 -3.913933124815388576e-01 -2.863374639163449586e-01
1.305033550271998882e+09 -1.678648919331218181e-01 -2.076654334917998890e-01 9.205418386153843002e-01 5.439261413281739621e-01 6.829814403427201253e-01 -3.941388353044193993e-01 -2.869412543223832102e-01
1.305033550307969093e+09 -1.809380513747385066e-01 -2.116520313422461941e-01 9.178700654865220576e-01 5.383717173611912710e-01 6.842224106025479591e-01 -3.960630535873643776e-01 -2.917698482671784999e-01
1.305033550339998960e+09 -1.909512616236805904e-01 -2.162114277958026021e-01 9.154710332936935036e-01 5.359576515749507886e-01 6.837103487929071521e-01 -3.979634174182989925e-01 -2.948129458970440986e-01
1.305033550372041941e+09 -1.991154960799936813e-01 -2.215052976519517047e-01 9.160614368592472356e-01 5.342664704523696351e-01 6.836924648454639764e-01 -3.995237590959723750e-01 -2.958119638921400396e-01
1.305033550407993078e+09 -2.110961103448825149e-01 -2.204126384139949435e-01 9.142131001018309888e-01 5.291077506115842155e-01 6.854298655410335783e-01 -4.033113733153135261e-01 -2.959236790486117208e-01
1.305033550439997911e+09 -2.222231834494698965e-01 -2.226189217363194750e-01 9.152632810792500351e-01 5.238586035120049722e-01 6.882134298110186288e-01 -4.039758912986322059e-01 -2.978891031972834558e-01
1.305033550471997976e+09 -2.299657182801824185e-01 -2.295139788773163936e-01 9.122414261104518918e-01 5.187427284505270464e-01 6.894707955554235657e-01 -4.053315181093960495e-01 -3.020635101812304546e-01
1.305033550507973909e+09 -2.377767223303683952e-01 -2.328367365384766963e-01 9.113463897245239753e-01 5.153059897743195172e-01 6.906256364776153234e-01 -4.078863500004429321e-01 -3.018686678440043458e-01
1.305033550540051937e+09 -2.455934279955187538e-01 -2.433685226197405127e-01 9.099247828594188015e-01 5.121236850020196574e-01 6.920740491095676017e-01 -4.080721681423337133e-01 -3.037103017624768753e-01
1.305033550572005987e+09 -2.541869969353451886e-01 -2.552736880605086522e-01 9.091531019451567497e-01 5.093385928950772135e-01 6.941108191794331805e-01 -4.086925314277174981e-01 -3.029105201885918253e-01
1.305033550608021021e+09 -2.617349273217903782e-01 -2.604037026227928875e-01 9.086378109493276067e-01 5.036023957925738204e-01 6.967251533850512546e-01 -4.139987716450878596e-01 -2.992719577055542590e-01
1.305033550640048981e+09 -2.714531059657034895e-01 -2.709941372620452427e-01 9.056748188718871662e-01 4.979893864811960613e-01 6.994884190285657333e-01 -4.169704562710515594e-01 -2.980908606349928491e-01
1.305033550671947002e+09 -2.767565063244181722e-01 -2.838845939163321397e-01 9.059862662817951273e-01 4.936948890332730211e-01 7.017580623489965141e-01 -4.184433778552159033e-01 -2.978357231759197754e-01
1.305033550708008051e+09 -2.833457884620163014e-01 -2.960228673476695826e-01 9.031732861162349302e-01 4.904410172848007177e-01 7.033464731602180331e-01 -4.222297544226096822e-01 -2.940975717988082438e-01
1.305033550739973068e+09 -2.943097422743536917e-01 -3.045323238722533743e-01 9.057242188639461622e-01 4.894528765606237508e-01 7.052328831178876767e-01 -4.265888997215090406e-01 -2.847882947562184186e-01
1.305033550940001965e+09 -3.397460363822117912e-01 -3.752113714145746126e-01 9.088304968828754271e-01 4.602536000475956346e-01 7.129952907811561991e-01 -4.536591353613778077e-01 -2.720252338851845142e-01
1.305033551071927071e+09 -3.655756437479489307e-01 -4.264024140749407277e-01 9.144363936682926575e-01 4.339844136032279809e-01 7.197276056570670599e-01 -4.731930453281968374e-01 -2.640796172703124278e-01
1.305033551107954025e+09 -3.684282049152998173e-01 -4.305694272149492852e-01 9.186607950544576351e-01 4.226546854047240620e-01 7.240874723788522926e-01 -4.803398947871006519e-01 -2.575537511381958411e-01
1.305033551139974117e+09 -3.788807449998037313e-01 -4.340679196337338119e-01 9.161970508609784680e-01 4.094956825913573795e-01 7.293963364368473146e-01 -4.869707804620077574e-01 -2.513040574836922225e-01
1.305033551172173023e+09 -3.847515191125296941e-01 -4.378926130024719532e-01 9.231535234618225561e-01 3.976745397237899660e-01 7.347310272581852875e-01 -4.911088989812404382e-01 -2.466522397648912568e-01
1.305033551208178043e+09 -3.911714499045295668e-01 -4.499950180666882904e-01 9.203741245618208833e-01 3.846785601458896919e-01 7.389095290265944582e-01 -4.956132005037093835e-01 -2.457695440127832809e-01
1.305033551239972115e+09 -3.989777847202746752e-01 -4.575463801519571438e-01 9.197125109262240805e-01 3.720665972954869671e-01 7.426177153427221400e-01 -5.002897063624771601e-01 -2.445313594283156089e-01
1.305033551272480011e+09 -4.050090407190869435e-01 -4.622712697911849355e-01 9.101311067022875845e-01 3.601010671223067727e-01 7.447730129214784611e-01 -5.059729578699353469e-01 -2.441961231993409753e-01
1.305033551307991982e+09 -4.084804856538382101e-01 -4.646912415324400136e-01 9.185088013650217764e-01 3.538586569046782704e-01 7.487677402999436405e-01 -5.075897422310797769e-01 -2.376627349870378270e-01
1.305033551339823008e+09 -4.130658952554642216e-01 -4.689182124311285227e-01 9.217775278335389455e-01 3.476649539361950092e-01 7.509353498234383473e-01 -5.117596512931117392e-01 -2.309269137594106569e-01
1.305033551372200966e+09 -4.168159887346283288e-01 -4.740865674696574938e-01 9.261171968554642309e-01 3.410053978729888913e-01 7.536007299722595754e-01 -5.146651746969540531e-01 -2.256568553377366615e-01
1.305033551407983065e+09 -4.203808207358692428e-01 -4.758780928014564315e-01 9.301424312596505706e-01 3.334335365874223633e-01 7.556988339591446113e-01 -5.178898916077554482e-01 -2.225565303515054105e-01
1.305033551440025091e+09 -4.239005192297289337e-01 -4.790774057385444040e-01 9.318739107158271473e-01 3.281163191618129971e-01 7.574157803409165002e-01 -5.189586802898538132e-01 -2.221326291702262201e-01
1.305033551471981049e+09 -4.242320600650348883e-01 -4.834997756735344154e-01 9.410303566584496959e-01 3.259999664246805429e-01 7.589364434442356089e-01 -5.188827280408863096e-01 -2.202276350601105326e-01
1.305033551508090019e+09 -4.260386242358675801e-01 -4.855280806885090561e-01 9.433137107160215473e-01 3.229186696357418951e-01 7.602125960253848236e-01 -5.204067072339453315e-01 -2.167422448692233883e-01
1.305033551539849043e+09 -4.294322163976949103e-01 -4.894347558641759521e-01 9.475009353985466287e-01 3.194444848497462464e-01 7.620618958768007323e-01 -5.211379786014957993e-01 -2.136167016197078883e-01
1.305033551572012901e+09 -4.313273679197009436e-01 -4.905384319678570693e-01 9.517697589274516368e-01 3.169029585079518041e-01 7.637704166354014612e-01 -5.213891772592692542e-01 -2.106670154494886815e-01
1.305033551607862949e+09 -4.314530101310869448e-01 -4.933235417222969765e-01 9.630045608404012025e-01 3.127007362565716875e-01 7.667358635113219467e-01 -5.205014946400016163e-01 -2.083568074905879364e-01
1.305033551640053988e+09 -4.421080022796719522e-01 -4.948446644620897450e-01 9.650935208738915527e-01 3.044179758355427534e-01 7.689427431117036305e-01 -5.228632147768023097e-01 -2.065691468668713893e-01
1.305033551672322989e+09 -4.492756670750588377e-01 -4.990563069976444721e-01 9.677061510980455861e-01 2.984727697275051383e-01 7.697518524726654210e-01 -5.240423572244079509e-01 -2.092264304068144343e-01
1.305033551708184958e+09 -4.521268468364023629e-01 -5.028009973737521676e-01 9.678826602826249292e-01 2.944119950226803395e-01 7.690391783929073632e-01 -5.253341220004693612e-01 -2.142997422899131088e-01
1.305033551740242958e+09 -4.560217565438153819e-01 -5.063391297822326109e-01 9.697804069097165636e-01 2.918773742215057254e-01 7.692279793899624574e-01 -5.258728451915668511e-01 -2.157629829959740453e-01
1.305033551775846958e+09 -4.636329875428930603e-01 -5.094698439098933607e-01 9.726301292122755404e-01 2.903895790859990500e-01 7.695228733684578160e-01 -5.263472716056795120e-01 -2.155620314300872031e-01
1.305033551808033943e+09 -4.693814371984663669e-01 -5.140472450704753893e-01 9.747261295399463066e-01 2.922234665419103927e-01 7.691674918282245255e-01 -5.264089996114413861e-01 -2.141970593752128837e-01
1.305033551840133905e+09 -4.821418714969545327e-01 -5.142299999602063520e-01 9.753338769384518603e-01 2.924649722049146860e-01 7.696351812213159116e-01 -5.265844372270660489e-01 -2.117421978016306716e-01
1.305033551875926971e+09 -4.843724208296016354e-01 -5.124992843160304234e-01 9.841520142692363748e-01 2.917258590812922270e-01 7.714760173143094812e-01 -5.244710783460841963e-01 -2.113075148465590192e-01
1.305033551908205986e+09 -4.911374235520369336e-01 -5.180374513396632796e-01 9.819119511926523991e-01 2.882203894454806736e-01 7.723507030461258527e-01 -5.240523632177800373e-01 -2.139451313255581466e-01
1.305033551940355062e+09 -4.947151800406781597e-01 -5.183731504284384561e-01 9.827043965889556976e-01 2.839257985356185010e-01 7.745210780188517274e-01 -5.231063604460286509e-01 -2.141564294886724729e-01
1.305033551975963116e+09 -4.886057095891314095e-01 -5.223537280656456172e-01 1.000259167518814163e+00 2.844838604598674547e-01 7.774153571201138924e-01 -5.203436467294796364e-01 -2.096110325338882419e-01
1.305033552007946014e+09 -4.988355456163036106e-01 -5.265989645346206283e-01 1.001391375490129132e+00 2.802979190239274776e-01 7.785622985941996754e-01 -5.216716417187946542e-01 -2.076837066911841334e-01
1.305033553240046024e+09 -6.032769634385821700e-01 -5.709731515788734058e-01 9.822017015824771047e-01 2.517697359600169493e-01 8.021411483364031536e-01 -5.096268569194551956e-01 -1.829263373781290225e-01
1.305033553275903940e+09 -6.016637541348417439e-01 -5.580151039958924919e-01 9.830170766952208705e-01 2.564328001337104479e-01 8.027890638066014217e-01 -5.045602091326568672e-01 -1.875924662882665905e-01
1.305033553307809114e+09 -5.985597712692591887e-01 -5.410810201361503369e-01 9.884181830146081538e-01 2.624494546587031740e-01 8.020538669955513678e-01 -5.017990730842278868e-01 -1.898092949216172720e-01
1.305033553340014935e+09 -5.928049400638479849e-01 -5.276339555686897498e-01 9.963821581214797884e-01 2.704825513198590992e-01 8.012973851804868763e-01 -4.982709564544207659e-01 -1.910176533423312839e-01
1.305033553375997066e+09 -5.924829576637551387e-01 -5.164257076443365957e-01 9.921289769167600525e-01 2.782887881580995981e-01 7.987526055996639895e-01 -4.965093145152673637e-01 -1.950080153040470443e-01
1.305033553407850027e+09 -5.930833860709989747e-01 -4.983504374308169727e-01 9.975063107833428422e-01 2.873678316393805665e-01 7.974165304309206448e-01 -4.935216678496015530e-01 -1.948922001962647976e-01
1.305033553440080881e+09 -5.846732825037397330e-01 -4.868887827704060367e-01 9.984612443893701172e-01 2.965906426152402631e-01 7.942830527923162576e-01 -4.903613193480534371e-01 -2.017280328740495565e-01
1.305033553475868940e+09 -5.776431901918483991e-01 -4.767042127793105211e-01 9.983857167728886761e-01 3.075561102680305359e-01 7.913317363884911915e-01 -4.862449439829892306e-01 -2.068070996657374871e-01
1.305033553507983923e+09 -5.741585907297099833e-01 -4.635519065907425240e-01 1.001347508213509707e+00 3.179214498826623547e-01 7.890879926909633024e-01 -4.822793469223677354e-01 -2.089801976924767768e-01
1.305033553540018082e+09 -5.711823296103830661e-01 -4.518545317566572406e-01 9.972175416835749040e-01 3.259941275821400253e-01 7.859173446443377120e-01 -4.798611531528929053e-01 -2.139977333149316596e-01
1.305033553576020956e+09 -5.692049899767337440e-01 -4.493971289900209332e-01 9.892209079191556231e-01 3.341188709267861601e-01 7.820129144275947963e-01 -4.769096188697677374e-01 -2.222107044868942005e-01
1.305033553607952118e+09 -5.614467092600687881e-01 -4.392799525598563015e-01 9.875555318301161289e-01 3.425479244014677516e-01 7.777769422609196459e-01 -4.740224691708712079e-01 -2.302751534504993425e-01
1.305033553639905930e+09 -5.558477993762533931e-01 -4.261052404452105868e-01 9.924054674633127071e-01 3.529018205620427784e-01 7.738705918821426888e-01 -4.707761416572729951e-01 -2.344236261776295738e-01
1.305033553676166058e+09 -5.470898339574834512e-01 -4.113054857028952682e-01 1.001841488337502861e+00 3.634842724448446027e-01 7.697331589406141150e-01 -4.671703703347384051e-01 -2.390437047777013990e-01
1.305033553707981110e+09 -5.374747440606613136e-01 -4.022905134294754159e-01 1.003362033233756279e+00 3.751552826612860603e-01 7.633802651594199240e-01 -4.647563296984184578e-01 -2.459891027296111088e-01
1.305033553740025997e+09 -5.264428542956223200e-01 -3.914410033261287447e-01 1.008993829656528396e+00 3.849830028846457086e-01 7.582087231100553826e-01 -4.622245420992198151e-01 -2.515076387923579349e-01
1.305033553775867939e+09 -5.175960787722380108e-01 -3.797052638715346928e-01 1.006853826153631726e+00 3.938811235903454389e-01 7.520623160030587284e-01 -4.622182285080975728e-01 -2.561527719197247421e-01
1.305033553807987928e+09 -5.084696949316225290e-01 -3.632071082193812916e-01 1.011872794850997126e+00 4.029466165844902692e-01 7.476111019032994909e-01 -4.597255330226130421e-01 -2.595459473409676976e-01
1.305033553839976072e+09 -4.971870555947099923e-01 -3.567245074028656537e-01 1.011574204242335684e+00 4.115627224024878128e-01 7.426389847340422179e-01 -4.556752258657402743e-01 -2.673266773332772517e-01
1.305033553875967026e+09 -4.859963466370442742e-01 -3.476339474117007278e-01 1.014767318857553668e+00 4.202669355341027702e-01 7.380759348035025313e-01 -4.524192010142465969e-01 -2.719126402253871366e-01
1.305033553907990932e+09 -4.769426643429113266e-01 -3.405929193007670719e-01 1.013081801465459009e+00 4.300807801197631397e-01 7.322846486314504855e-01 -4.491355601589528401e-01 -2.776093740329972914e-01
1.305033553940005064e+09 -4.670365538777916381e-01 -3.412579068934010751e-01 1.009510782095953241e+00 4.401712319707466459e-01 7.257776410086287378e-01 -4.450657767386256847e-01 -2.853288571689673869e-01
1.305033553975991011e+09 -4.551138039163729054e-01 -3.366610889041139476e-01 1.006848985644736016e+00 4.514210420564376269e-01 7.181353697820023196e-01 -4.423268472024459164e-01 -2.912861028279430387e-01
1.305033554007992983e+09 -4.439448626261581765e-01 -3.265455300429180863e-01 1.006634840580617141e+00 4.620320040737973533e-01 7.116245291449687649e-01 -4.404459629050636593e-01 -2.934694370652302098e-01
1.305033554040034056e+09 -4.316959434862908118e-01 -3.218917077957765827e-01 1.000865045879001380e+00 4.722656619413291290e-01 7.040708915336970630e-01 -4.382013054688376763e-01 -2.987121358958648720e-01
1.305033554076023102e+09 -4.201047525721306464e-01 -3.140719087832292145e-01 9.985021599610839349e-01 4.814047551447374618e-01 6.985121284359008254e-01 -4.343313817022136369e-01 -3.027978187184129366e-01
1.305033554108000040e+09 -4.078871923358784457e-01 -3.072511598611954442e-01 9.969980405164149406e-01 4.901168252754940502e-01 6.929375468648178993e-01 -4.308365442887501784e-01 -3.065989658041380350e-01
1.305033554140043974e+09 -3.943517072570421611e-01 -3.027253492802814971e-01 9.900333000759461433e-01 4.997578208226666763e-01 6.868582319144193038e-01 -4.281368712950537336e-01 -3.084910196677689287e-01
1.305033554176007032e+09 -3.865248493779502859e-01 -2.955316462425997548e-01 9.839769655604230225e-01 5.062099549452782066e-01 6.841236922225287787e-01 -4.249202076391289662e-01 -3.084948498663042105e-01
1.305033554208055019e+09 -3.745639944069980576e-01 -2.806967638055666292e-01 9.897175831303590687e-01 5.128886569452240085e-01 6.816406429741864725e-01 -4.208344510825854368e-01 -3.085605681299555814e-01
1.305033554240171909e+09 -3.634068190559283096e-01 -2.772370698850158410e-01 9.867291027793775315e-01 5.187164800836249201e-01 6.776538679262986697e-01 -4.157408110227128750e-01 -3.144487662948575735e-01
1.305033554276067019e+09 -3.521928891853589594e-01 -2.733556616576735543e-01 9.843198585343010398e-01 5.253849435828713554e-01 6.731200963586914110e-01 -4.119456054625492136e-01 -3.180893193343385383e-01
1.305033554308152914e+09 -3.430823392671251693e-01 -2.654399906371130990e-01 9.810779189815233003e-01 5.319337222451141489e-01 6.689339516864164503e-01 -4.091325475080341278e-01 -3.196630131704930600e-01
1.305033554340248108e+09 -3.328294927642969636e-01 -2.611119993918673554e-01 9.802219086787884450e-01 5.404117263879590904e-01 6.633518626157691722e-01 -4.049307144114068224e-01 -3.224136921299137204e-01
1.305033554375987053e+09 -3.242161421474287764e-01 -2.601717050606542347e-01 9.733403877683415306e-01 5.481542445077665082e-01 6.574939493518229261e-01 -4.021099080983758789e-01 -3.248634368515146420e-01
1.305033554407989979e+09 -3.149012691167700773e-01 -2.550360699733273950e-01 9.710201513719163291e-01 5.550913620374140489e-01 6.535166158373546530e-01 -3.982398601477370459e-01 -3.258751699737965080e-01
1.305033554440087080e+09 -3.071681987905565681e-01 -2.512186357808599002e-01 9.692140731175528101e-01 5.611128457579752649e-01 6.496978757768316903e-01 -3.938913068535610518e-01 -3.284732605885191670e-01
1.305033554476212978e+09 -2.982818920135952290e-01 -2.432029870108344261e-01 9.700441971000499652e-01 5.656449320987984031e-01 6.462030947995983654e-01 -3.914407032031111955e-01 -3.305170902362249419e-01
1.305033554508045912e+09 -2.910173364457011580e-01 -2.391146919393543069e-01 9.676005860134675451e-01 5.706630315847055490e-01 6.411860122525525618e-01 -3.867790857440872032e-01 -3.370847681299036225e-01
1.305033554540139914e+09 -2.829114392902094544e-01 -2.377340627992716726e-01 9.645239914454926122e-01 5.778399544496013451e-01 6.333931159711087000e-01 -3.824979362427719520e-01 -3.443972654538836053e-01
1.305033554576065063e+09 -2.726955119854914678e-01 -2.364318336866229053e-01 9.655620905662378739e-01 5.849534516889780544e-01 6.269100965373948231e-01 -3.800316710434246126e-01 -3.469713521611934581e-01
1.305033554608016014e+09 -2.626103225250226991e-01 -2.241341346273755253e-01 9.653382446726193056e-01 5.913382812998576599e-01 6.210994435283481163e-01 -3.810513672906946647e-01 -3.454770235543876966e-01
1.305033554639904976e+09 -2.521266532506598601e-01 -2.215933911526933864e-01 9.670941946778701670e-01 5.997185355386476235e-01 6.135906021312789171e-01 -3.772490997731327012e-01 -3.486077564081376257e-01
1.305033554676229954e+09 -2.408028332912672820e-01 -2.226233476836245728e-01 9.638144001470034805e-01 6.069994579965042325e-01 6.060871380112432538e-01 -3.729062393610358406e-01 -3.537668381503556447e-01
1.305033554708024979e+09 -2.294366378418510877e-01 -2.177475333025635784e-01 9.668723676987078797e-01 6.142132455330781005e-01 5.998086061198236729e-01 -3.712785647473944017e-01 -3.537286423170047933e-01
1.305033554740334034e+09 -2.188165760240823321e-01 -2.173720165206949329e-01 9.637180593741048185e-01 -6.207195366834936667e-01 -5.925793113410187107e-01 3.689350706308867633e-01 3.569928993812281348e-01
1.305033554776017904e+09 -2.076731735516399446e-01 -2.188748705893535096e-01 9.589234380599458429e-01 -6.262246074358009951e-01 -5.858167091499292267e-01 3.669421622025690888e-01 3.605758920403965839e-01
1.305033554807959080e+09 -1.948535947038569915e-01 -2.194486079674830004e-01 9.580236157344557135e-01 -6.311612947158079523e-01 -5.806619588568341372e-01 3.660311245900457200e-01 3.612316783181613311e-01
1.305033554840166092e+09 -1.818506288328196607e-01 -2.169678892182980157e-01 9.553567307527546237e-01 -6.345264551625275917e-01 -5.770927649499670853e-01 3.659981207752024401e-01 3.610893157243776352e-01
1.305033554875814915e+09 -1.700026895747712707e-01 -2.127466585307691282e-01 9.517783966611429447e-01 -6.366468136329508365e-01 -5.753058044908349045e-01 3.649486713125262294e-01 3.612707202602857270e-01
1.305033554907958984e+09 -1.524059699934989798e-01 -2.109661878926171186e-01 9.567305302467845607e-01 -6.404542343927696058e-01 -5.733300286528065781e-01 3.614994611697736060e-01 3.611498185896076518e-01
1.305033554940186024e+09 -1.408851677167766159e-01 -2.135810405746362273e-01 9.566603816246521674e-01 -6.427645386154697826e-01 -5.719152602829845611e-01 3.584620237419866018e-01 3.623143117359396981e-01
1.305033554975950956e+09 -1.271753272311544336e-01 -2.120391144207481871e-01 9.556731847835144844e-01 -6.451137609449075772e-01 -5.695318468659058553e-01 3.585385854690272822e-01 3.618173483608765340e-01
1.305033555007831097e+09 -1.147865108343142371e-01 -2.134065893597298924e-01 9.555050524823036628e-01 -6.472776069946548638e-01 -5.678504130261909921e-01 3.571654175466967285e-01 3.619536882226113139e-01
1.305033555039870024e+09 -1.017849923590801176e-01 -2.155016529536336600e-01 9.579415770913136674e-01 -6.486573919850129322e-01 -5.671915609570441497e-01 3.548849438158128144e-01 3.627588698504286002e-01
1.305033555075829983e+09 -9.014880057457252960e-02 -2.186127102135276834e-01 9.558301907860504709e-01 -6.485517944870260454e-01 -5.658395794542792068e-01 3.543552451326901220e-01 3.655660001116267654e-01
1.305033555107911110e+09 -8.056684959439386340e-02 -2.211394673291345869e-01 9.576302082574653651e-01 -6.482486479383618994e-01 -5.659818448944945457e-01 3.530599582900354472e-01 3.671333647983364701e-01
1.305033555139873028e+09 -7.036435146687547437e-02 -2.214533592530311124e-01 9.574856898034014296e-01 -6.476364275495719580e-01 -5.649801832396099677e-01 3.534436549265643768e-01 3.693806073002702250e-01
1.305033555175848007e+09 -6.036834709212457462e-02 -2.241452072906247039e-01 9.595111342310840286e-01 -6.474939710629373790e-01 -5.635087697527274564e-01 3.527256588314823804e-01 3.725507125893230409e-01
1.305033555211405993e+09 -4.974498058969345493e-02 -2.285110260642362334e-01 9.596719383782759127e-01 -6.479035191782759329e-01 -5.611763287855326965e-01 3.530724594296383301e-01 3.750226609679787604e-01
1.305033555239871979e+09 -3.875965231062594718e-02 -2.308953902161395844e-01 9.585389078062527268e-01 -6.475549197424148584e-01 -5.599803916736921794e-01 3.542984971259898197e-01 3.762541186387703407e-01
1.305033555275906086e+09 -2.697259855189337863e-02 -2.309308184593162894e-01 9.592644725340213618e-01 -6.474047227187330611e-01 -5.593132616057743256e-01 3.550505802226877061e-01 3.767955491734527040e-01
1.305033555307888985e+09 -1.638553116385099706e-02 -2.358611644412178521e-01 9.556662702099874007e-01 -6.477276573094215006e-01 -5.580066215759248438e-01 3.541359329323047755e-01 3.790319686253882381e-01
1.305033555340023994e+09 -6.562320497599305469e-03 -2.430249275616659377e-01 9.527868331236384325e-01 -6.483324550392992602e-01 -5.572927128890652337e-01 3.529885957091305482e-01 3.801169704219440337e-01
1.305033555376127005e+09 4.085693943885138069e-03 -2.468730333491708784e-01 9.522112747349037454e-01 -6.484584683868520605e-01 -5.578272225963047948e-01 3.522594699214153247e-01 3.797942474005546742e-01
1.305033555407926083e+09 1.257092577933849320e-02 -2.476980895635814139e-01 9.480212367216032110e-01 -6.483012248355062290e-01 -5.583269295257857756e-01 3.527551587455087234e-01 3.788672057878879063e-01
1.305033555439798117e+09 2.152785367016352147e-02 -2.536381501168120112e-01 9.450065346204066241e-01 -6.480507738824502484e-01 -5.591500605337640373e-01 3.516355010101282486e-01 3.791225114719535272e-01
1.305033555475830078e+09 3.060561298347863612e-02 -2.573866193505287558e-01 9.471572199668238934e-01 -6.484634921332229629e-01 -5.605351338081449031e-01 3.508347757486294238e-01 3.771079729500286803e-01
1.305033555508054018e+09 4.301750161444939380e-02 -2.585646703885612352e-01 9.467282014405509205e-01 -6.482456182585527582e-01 -5.609715606250704756e-01 3.532383884916826533e-01 3.745813229116725096e-01
1.305033555540167093e+09 4.966788123972598612e-02 -2.604007794888404392e-01 9.461153891193002652e-01 -6.485889922401935070e-01 -5.620899845261233541e-01 3.531311779057638711e-01 3.724050746581745175e-01
1.305033555576014996e+09 5.828998064133039669e-02 -2.620417292482641880e-01 9.461815852459575238e-01 -6.488621588289695818e-01 -5.628593076792109962e-01 3.523487208794490178e-01 3.715073047643941972e-01
1.305033555607899904e+09 6.492448859870170175e-02 -2.656415789701135344e-01 9.444790848158408636e-01 -6.503611595391410871e-01 -5.619451402313211386e-01 3.512800434138725891e-01 3.712820391999221981e-01
1.305033555640029907e+09 7.028956990185464271e-02 -2.689178855125593515e-01 9.435484548279933215e-01 -6.511809075065946306e-01 -5.618411292556788617e-01 3.504443883908706647e-01 3.707919926602246674e-01
1.305033555676146984e+09 7.530033422983839486e-02 -2.691879478824752425e-01 9.419856641686312759e-01 -6.513258389926532832e-01 -5.622269804022431705e-01 3.501901881327511012e-01 3.701922555967916417e-01
1.305033555707998991e+09 8.094326955471742302e-02 -2.722040115700501417e-01 9.424641339516885985e-01 -6.520596839128521838e-01 -5.621794608087163914e-01 3.487483113262190293e-01 3.703336844082684154e-01
1.305033555740084887e+09 8.461231331732799177e-02 -2.726017733643659735e-01 9.409728562384231942e-01 -6.528762884524026422e-01 -5.619226668155274940e-01 3.489418286198641139e-01 3.691003504942341196e-01
1.305033555776006937e+09 8.807168113020624745e-02 -2.707113813900502430e-01 9.402891834211302147e-01 -6.534063238356709880e-01 -5.619359053070362986e-01 3.490121439849622198e-01 3.680743642925106696e-01
1.305033555808005095e+09 8.878793446530308664e-02 -2.727138453225139703e-01 9.395577077041590286e-01 -6.538919949436072798e-01 -5.617715712708075682e-01 3.475538691209175135e-01 3.688417936184533730e-01
1.305033555839876890e+09 9.131488178193980509e-02 -2.721203889445170665e-01 9.379018357038391152e-01 -6.547063087373868884e-01 -5.599642111267035816e-01 3.489382492750077724e-01 3.688384873486041382e-01
1.305033555876036882e+09 9.352564274382690890e-02 -2.693628262426954745e-01 9.379201538125733206e-01 -6.580164994848619608e-01 -5.570618428372222652e-01 3.505257244528655058e-01 3.658252399128308907e-01
1.305033555908152103e+09 9.443115989052164316e-02 -2.671832285940488605e-01 9.382203569420244360e-01 -6.618218611715229738e-01 -5.533202152106088123e-01 3.514497391508547564e-01 3.637466760886524098e-01
1.305033555940116882e+09 9.431588764462084384e-02 -2.653704579397497820e-01 9.355998484956160599e-01 -6.645093904511122362e-01 -5.495907090042460030e-01 3.527581128764800678e-01 3.632341343793641375e-01
1.305033556040213108e+09 9.159825383693154244e-02 -2.575375118830479648e-01 9.343204214177955880e-01 -6.670454751381330594e-01 -5.477320204496717304e-01 3.499119614553437563e-01 3.641450083446659547e-01
1.305033556076013088e+09 8.902656566166955443e-02 -2.562693223328377234e-01 9.329219111642266249e-01 -6.677793473818981473e-01 -5.469404116428266960e-01 3.482232555586375344e-01 3.656056531432811951e-01
1.305033556108100891e+09 8.772043471331381070e-02 -2.567327096089826455e-01 9.372740040952134422e-01 -6.701143141718183260e-01 -5.455125833152738579e-01 3.458765611266314544e-01 3.656941780367112260e-01
1.305033556140059948e+09 8.540050826735479106e-02 -2.539869951590759678e-01 9.367124906897614789e-01 -6.717192774811573397e-01 -5.441170195883978655e-01 3.454391161788861742e-01 3.652419722156547977e-01
1.305033556176121950e+09 8.136877380595830545e-02 -2.498339802277824706e-01 9.371122497328361334e-01 -6.741877637985383975e-01 -5.420385964936420553e-01 3.454244107247527729e-01 3.637952659546111467e-01
1.305033556207982063e+09 7.844480982383750245e-02 -2.467679686072418166e-01 9.372505108529186613e-01 -6.761114567251426122e-01 -5.400472429455325241e-01 3.448851729874464755e-01 3.636983515571022840e-01
1.305033556239929914e+09 7.479909185261202076e-02 -2.441709552685068507e-01 9.369923318897670494e-01 -6.776807197133538629e-01 -5.386525056854422067e-01 3.434572237287908392e-01 3.641970012453376038e-01
1.305033556275993109e+09 6.872564546530646190e-02 -2.425368359333983648e-01 9.372768231765497005e-01 -6.798572872466082107e-01 -5.369518514068266635e-01 3.410975345207226117e-01 3.648688123042970743e-01
1.305033556307938099e+09 6.311381424436857124e-02 -2.430454053194323061e-01 9.369854139013438221e-01 -6.818787574449780564e-01 -5.345254137474131362e-01 3.397218619332370015e-01 3.659412503777951242e-01
1.305033556340038061e+09 5.627838192801792871e-02 -2.381121684154537954e-01 9.360350168618416511e-01 -6.833661036880811501e-01 -5.330313647626073736e-01 3.388058338609497566e-01 3.661952204101925346e-01
1.305033556375885963e+09 4.931002150688157393e-02 -2.322237099879551625e-01 9.351183601298217463e-01 -6.851547409928785415e-01 -5.312112283043116667e-01 3.371913742573819373e-01 3.669871781749657336e-01
1.305033556407970905e+09 4.219993311046787987e-02 -2.256417672899635463e-01 9.337027961859476477e-01 -6.872823986115847994e-01 -5.284288413656065275e-01 3.362352591862012852e-01 3.679017731021383408e-01
1.305033556439968109e+09 3.237578194917412056e-02 -2.221242272104337889e-01 9.303922436378094796e-01 -6.897983747015554723e-01 -5.248465792775838246e-01 3.345202080541168632e-01 3.698790354739531772e-01
1.305033556475858927e+09 2.349496409799978203e-02 -2.195312347962614652e-01 9.296072824733352391e-01 -6.926338506583273880e-01 -5.209951465078737076e-01 3.322362964361676441e-01 3.720772091486335698e-01
1.305033556507904053e+09 1.482515587142985147e-02 -2.147413635339502358e-01 9.327307592129611136e-01 -6.950242952337191138e-01 -5.192994700846366163e-01 3.303513984205578846e-01 3.716681893386487578e-01
1.305033556540024996e+09 5.657900966408613286e-03 -2.109541400029562030e-01 9.337129437162643431e-01 -6.967282062862206748e-01 -5.172437440398738318e-01 3.288341260581875702e-01 3.726886547191194943e-01
1.305033556575851917e+09 -4.627550005176450654e-03 -2.069703332561907416e-01 9.317199197120944465e-01 -6.984375641201763241e-01 -5.145483551969783909e-01 3.270418489015309849e-01 3.747913929868547100e-01
1.305033556607872009e+09 -1.805600399368478826e-02 -2.030661335973557025e-01 9.331794732736584663e-01 -7.013777142775047269e-01 -5.116578796763278092e-01 3.249443381614160464e-01 3.750822485493368053e-01
1.305033556640041113e+09 -2.726226290035826949e-02 -1.962791551704872184e-01 9.363918702199631738e-01 -7.032474009115168290e-01 -5.091892825496251440e-01 3.234478254028398392e-01 3.762324705417761095e-01
1.305033556675955057e+09 -3.979851782179966158e-02 -1.956026613603867315e-01 9.363266774194529685e-01 -7.071070671767443194e-01 -5.041947903435047840e-01 3.184696303347340773e-01 3.799530280095558266e-01
1.305033556707983017e+09 -4.990881760191645533e-02 -1.927430394176634643e-01 9.392202552560251494e-01 -7.109976086215630264e-01 -5.002994133694158574e-01 3.147512078315874429e-01 3.809390695179397102e-01
1.305033556739979982e+09 -5.914181886730252025e-02 -1.869733215522207948e-01 9.410701463104671483e-01 -7.142339052192371307e-01 -4.970527591189987104e-01 3.127792265238472091e-01 3.807592923916792715e-01
1.305033556775974035e+09 -6.856915842281186002e-02 -1.772151668084454013e-01 9.411983659817602099e-01 -7.178318855935535980e-01 -4.931514171392708534e-01 3.107995135279735255e-01 3.806871762871808507e-01
1.305033556808044910e+09 -7.965377729355016534e-02 -1.698072350692956256e-01 9.417860051889537232e-01 -7.218589689659533626e-01 -4.892297878429091029e-01 3.061612894775658789e-01 3.818888692224837178e-01
1.305033556839919090e+09 -9.252106745685351186e-02 -1.645097858406756597e-01 9.417948570983012413e-01 -7.259630998084340980e-01 -4.851241734925894611e-01 3.005930083092520078e-01 3.837654978828289876e-01
1.305033556876019001e+09 -1.010334522572149396e-01 -1.570566089379816788e-01 9.432364734177537402e-01 -7.299816828696793491e-01 -4.805266922164454502e-01 2.973176444933044449e-01 3.844776443633957097e-01
1.305033556907886982e+09 -1.116314147515373723e-01 -1.498012133744186514e-01 9.462705172953559396e-01 -7.351752934572661768e-01 -4.755197857595129252e-01 2.928910005366104352e-01 3.842044807728206002e-01
1.305033556939975023e+09 -1.206591386249391551e-01 -1.392869156874456671e-01 9.528104767457490354e-01 -7.395497219116601295e-01 -4.716436627145524363e-01 2.888081082686665968e-01 3.836773916193936262e-01
1.305033556975893021e+09 -1.321016361005886708e-01 -1.315442103860362533e-01 9.519338375527701679e-01 -7.430334630296471232e-01 -4.658367750208788349e-01 2.846374965253344325e-01 3.871419215586286433e-01
1.305033557007877111e+09 -1.416972727988696779e-01 -1.259860954064389027e-01 9.554430417597729042e-01 -7.475130012427415593e-01 -4.597669710537926058e-01 2.800725210895390060e-01 3.890989954133002859e-01
1.305033557040035009e+09 -1.526400239360208300e-01 -1.206272047350092080e-01 9.554472474654680525e-01 -7.512012020262184286e-01 -4.529610987800976041e-01 2.762522326370964176e-01 3.926928838536685729e-01
1.305033557075946093e+09 -1.599114466459088391e-01 -1.147885571401925375e-01 9.586897645259668810e-01 -7.550741208404523341e-01 -4.464889626868301931e-01 2.752196221078160310e-01 3.934016240976735967e-01
1.305033557207974911e+09 -1.980633892131122842e-01 -8.746506978603485472e-02 9.626085498156167208e-01 -7.662050341856621039e-01 -4.268073912141040482e-01 2.654863106550234275e-01 4.003527385298413233e-01
1.305033557240011930e+09 -2.075896575041884518e-01 -8.321526013906632713e-02 9.637691378555521826e-01 -7.686792571383427308e-01 -4.216499768224173939e-01 2.634376991406648938e-01 4.024227570135329723e-01
1.305033557276050091e+09 -2.166282805540662437e-01 -8.049692330175517441e-02 9.672299217794222415e-01 -7.706818127130492524e-01 -4.175568852594849778e-01 2.624547587090378942e-01 4.035012896592849452e-01
1.305033557307888985e+09 -2.233991510696318183e-01 -7.053091246933540504e-02 9.644987219032681303e-01 -7.711042323718055869e-01 -4.137465524416794604e-01 2.658284141451092153e-01 4.044098260354333507e-01
1.305033557340044975e+09 -2.327369741526352787e-01 -6.342089543185824851e-02 9.631118280485249095e-01 -7.722656883034011432e-01 -4.103567651800678062e-01 2.658410202181833437e-01 4.056372565600702140e-01
1.305033557376085997e+09 -2.410147051608093616e-01 -6.185597861846137135e-02 9.661543519099899946e-01 -7.743678247628829059e-01 -4.065843490644781011e-01 2.631620535721299614e-01 4.071724114272910477e-01
1.305033557408417940e+09 -2.430131558552748317e-01 -5.423670236428113078e-02 9.680402373671974647e-01 -7.757172634451321436e-01 -4.038719258084341734e-01 2.647818444878450861e-01 4.062521009996093446e-01
1.305033557440157890e+09 -2.503721944736976290e-01 -4.821285589408197403e-02 9.658974178059126503e-01 -7.775568772779827276e-01 -4.011282033693712723e-01 2.649411467684688604e-01 4.053488075822860859e-01
1.305033557476006985e+09 -2.567195211201012128e-01 -4.222386011873191514e-02 9.671246081796402994e-01 -7.791802856238786434e-01 -3.997865043714735611e-01 2.641448705442343003e-01 4.040746475376774671e-01
1.305033557508956909e+09 -2.660755106514434143e-01 -3.958596940734837588e-02 9.654910124510531766e-01 -7.808403059238121502e-01 -3.978888592355915854e-01 2.606552010929301111e-01 4.050083190308700898e-01
1.305033557540147066e+09 -2.753526977845464074e-01 -3.305058270536087583e-02 9.633209697855404929e-01 -7.828349308949578145e-01 -3.956316203311072699e-01 2.582786075689369465e-01 4.048916556773186071e-01
1.305033557576010942e+09 -2.855107544472854642e-01 -2.758169801530052645e-02 9.607966635170258618e-01 -7.848228171254969521e-01 -3.923246161993536596e-01 2.567537234563593840e-01 4.052308807760382492e-01
1.305033557608076096e+09 -2.916892117033109688e-01 -1.749380436765846092e-02 9.581660975394620250e-01 -7.866650588798060895e-01 -3.895289703384113844e-01 2.574972290504062844e-01 4.038817196111886831e-01
1.305033557640067101e+09 -2.993116171591407859e-01 -8.848411079186879746e-03 9.574562020059635969e-01 -7.891014890512813018e-01 -3.867905557263277005e-01 2.553999436795681977e-01 4.030915215511763905e-01
1.305033557675920963e+09 -3.080245286693623630e-01 -3.547119603327875126e-03 9.564119342297394688e-01 -7.920124855232409944e-01 -3.823522310819498227e-01 2.517016789840814672e-01 4.039421480342793025e-01
1.305033557708017111e+09 -3.184325010658199950e-01 4.035855566651536108e-03 9.544632075174286356e-01 -7.942081721619206336e-01 -3.796638425897282954e-01 2.497151660548583285e-01 4.033994072174840739e-01
1.305033557739933968e+09 -3.256049764669854962e-01 1.497471627706303821e-02 9.471277392731669575e-01 -7.946401160881970682e-01 -3.772579966227127546e-01 2.499967977196838054e-01 4.046295725938198751e-01
1.305033557775893927e+09 -3.318370147165528028e-01 2.584501199871613863e-02 9.460270369369814247e-01 -7.962052829566298451e-01 -3.762040647301804763e-01 2.465735885683835171e-01 4.046345443643591389e-01
1.305033557807892084e+09 -3.391880194705636509e-01 3.496810592786792071e-02 9.449993948601194127e-01 -7.985618769019890983e-01 -3.743649321715110667e-01 2.432356941838556275e-01 4.037155228547575359e-01
1.305033557839884043e+09 -3.448104919161163462e-01 4.730097501492558365e-02 9.422019333703377519e-01 -8.001847381403521808e-01 -3.726322905589695145e-01 2.420750293514827289e-01 4.028017391279616333e-01
1.305033557875991106e+09 -3.509886250798341933e-01 5.896145392538465480e-02 9.397531005674553128e-01 -8.017438974609795155e-01 -3.705218115588435057e-01 2.400095758043273020e-01 4.028842433819647129e-01
1.305033557908090115e+09 -3.553522733464660188e-01 6.930170609158925465e-02 9.379530815679384403e-01 -8.037304700891547693e-01 -3.674657200884302033e-01 2.383818195687388841e-01 4.026914254230589130e-01
1.305033557940083981e+09 -3.605166839922535615e-01 7.936267448975664607e-02 9.368769345208391996e-01 -8.065563002852063068e-01 -3.632433886718473004e-01 2.373857465645157205e-01 4.014588177938568370e-01
1.305033557976015091e+09 -3.653134557187158737e-01 9.050468603174954829e-02 9.362857922210723327e-01 -8.099224540522328430e-01 -3.585540782830787254e-01 2.352326873387638462e-01 4.001626846370910373e-01
1.305033558008090973e+09 -3.738518244184749761e-01 9.896968104797165822e-02 9.377440758282049593e-01 -8.138454618871349133e-01 -3.544894208806989577e-01 2.296411220724153546e-01 3.990711336374813678e-01
1.305033558039891958e+09 -3.799893686091220246e-01 1.095460693950307540e-01 9.361534521142980125e-01 -8.171685983037840773e-01 -3.495664266297279776e-01 2.267183590689084705e-01 3.982933353455129222e-01
1.305033558075871944e+09 -3.869373161803661976e-01 1.194620193353530535e-01 9.376811613003148693e-01 -8.204918252736145279e-01 -3.446792858401381832e-01 2.231525973700170251e-01 3.977339221878364861e-01
1.305033558108006954e+09 -3.917120428424043510e-01 1.277542550349164419e-01 9.358728848787167820e-01 -8.230450976862301316e-01 -3.385662424132611092e-01 2.216396259416284487e-01 3.985543161041966709e-01
1.305033558139982939e+09 -3.997008884162440712e-01 1.368998668238348149e-01 9.333536931831896144e-01 -8.256551183753172429e-01 -3.328002838638761118e-01 2.185688103509667024e-01 3.997064819370925726e-01
1.305033558175960064e+09 -4.035252924691214993e-01 1.485518860597845325e-01 9.305268413451120990e-01 -8.278397726916649768e-01 -3.268618456140087170e-01 2.169701169935024376e-01 4.009571211032949556e-01
1.305033558576013088e+09 -4.243580191838571825e-01 2.674963675888755166e-01 9.295252501019135583e-01 -8.572622401488274591e-01 -2.460997451835808258e-01 1.759643893741129339e-01 4.166208116594585786e-01
1.305033558608046055e+09 -4.239570474467868610e-01 2.772159792960073865e-01 9.269439436911964814e-01 -8.592104272739687909e-01 -2.382467363548771977e-01 1.722857709151651429e-01 4.187046063994292466e-01
1.305033558640091896e+09 -4.203137906962581827e-01 2.896657740162562611e-01 9.323406742044726414e-01 -8.619703606290756159e-01 -2.330620708560660614e-01 1.685633791086052213e-01 4.174632387992406879e-01
1.305033558676023006e+09 -4.197226411980086169e-01 2.984818020597801436e-01 9.329075460596043534e-01 -8.637541706765513583e-01 -2.262949556629538783e-01 1.625570944884101032e-01 4.198744058785325861e-01
1.305033558708029985e+09 -4.178639050770067698e-01 3.096398144828438337e-01 9.302167106895931070e-01 -8.647479015642318689e-01 -2.193401992038281900e-01 1.588949854655858918e-01 4.229105429607706301e-01
1.305033558740101099e+09 -4.139804726854989791e-01 3.180548495771013950e-01 9.305014746858742969e-01 -8.663278210413452030e-01 -2.107083644934143463e-01 1.549436303777363133e-01 4.255238689282105358e-01
1.305033558776016951e+09 -4.130001301324175422e-01 3.276027782686243839e-01 9.296294996655531939e-01 -8.687904039752468721e-01 -1.997494015930443290e-01 1.501036003855139578e-01 4.275187945284439905e-01
1.305033558807982922e+09 -4.074119784910741338e-01 3.361352993488175844e-01 9.318877523820070508e-01 -8.716462499521689944e-01 -1.884672022119756041e-01 1.469842584382864970e-01 4.279118558839640762e-01
1.305033558839870930e+09 -4.037719281058029797e-01 3.455699440520105803e-01 9.345179763962359054e-01 -8.752042689588352964e-01 -1.763211749216709867e-01 1.429865477434032472e-01 4.271804981912164512e-01
1.305033558876550913e+09 -3.999347310789671539e-01 3.561944014685383131e-01 9.350169321093733110e-01 -8.779179543977772004e-01 -1.638536288707845845e-01 1.400533875626545632e-01 4.275477777794225998e-01
1.305033558908104897e+09 -3.978558325315904032e-01 3.644414650563843061e-01 9.371142109145207399e-01 -8.806526062611572669e-01 -1.506476257274020347e-01 1.366821650776907926e-01 4.278717865176469015e-01
1.305033558939966917e+09 -3.965044613824855180e-01 3.719133754395471669e-01 9.406634786781590263e-01 -8.825514705072632360e-01 -1.413644024520242515e-01 1.314329657051774847e-01 4.287707815964037494e-01
1.305033558976272106e+09 -3.929130889759411271e-01 3.804336004967310281e-01 9.368763869439682423e-01 -8.817011983619253979e-01 -1.366315897755805975e-01 1.278304947515299939e-01 4.331214265008386799e-01
1.305033559007999897e+09 -3.905218922852553565e-01 3.847233323559864360e-01 9.364136808896859065e-01 -8.816276500445339170e-01 -1.328378159059349917e-01 1.223865352824021063e-01 4.360141480776318912e-01
1.305033559040381908e+09 -3.904776611395175401e-01 3.887037064054854607e-01 9.368540125259433582e-01 -8.823197281302042061e-01 -1.275033611758537022e-01 1.178376129854552118e-01 4.374575261748191446e-01
1.305033559076769114e+09 -3.871112949383865853e-01 3.959331882414658388e-01 9.380181125545752341e-01 -8.824392734944718208e-01 -1.240256571907283611e-01 1.149042525792554337e-01 4.389938242073108676e-01
1.305033559109646082e+09 -3.846103080009568576e-01 4.022032849052137315e-01 9.373199318125213786e-01 -8.816417273396129906e-01 -1.207195164442331492e-01 1.109432674610743713e-01 4.425226032285298206e-01
1.305033559139919996e+09 -3.852441293624728758e-01 4.055575904434427503e-01 9.367761050668144129e-01 -8.809629307667595777e-01 -1.159361466007055863e-01 1.045183514323661522e-01 4.466979278439530687e-01
1.305033559175997019e+09 -3.839595592085638387e-01 4.110568918352248691e-01 9.355748687970437683e-01 -8.808807282195122434e-01 -1.102050072358886912e-01 1.011037288519799765e-01 4.490902304034511960e-01
1.305033559776010990e+09 -3.766652003940733628e-01 3.652753398663319828e-01 9.190005248127899318e-01 -8.855905299252659901e-01 -1.110559463707258970e-01 9.867624425201354521e-02 4.400670277386231066e-01
1.305033559808037996e+09 -3.761149699915775635e-01 3.580062523238860539e-01 9.180076363867354372e-01 -8.861565128438482208e-01 -1.122982586244362091e-01 1.007578855612280833e-01 4.381364905501256013e-01
1.305033559840056896e+09 -3.752841726154163560e-01 3.505586205783393083e-01 9.176029698309642324e-01 -8.866737870366213636e-01 -1.154903459463020726e-01 1.032505576187996293e-01 4.356729251706452644e-01
1.305033559875881910e+09 -3.725614838456801081e-01 3.436638803106641937e-01 9.192718958789063421e-01 -8.868260319330777408e-01 -1.216901051231087105e-01 1.069533182763850732e-01 4.327725674192262617e-01
1.305033559908072948e+09 -3.724683601562521762e-01 3.351309031416107587e-01 9.176459685287163826e-01 -8.861579007410486097e-01 -1.280728835123430553e-01 1.087250157236459569e-01 4.318569003951940322e-01
1.305033559940078974e+09 -3.693965150301401490e-01 3.252647919362134932e-01 9.212737722576223032e-01 -8.858821337625112369e-01 -1.362790587100067841e-01 1.106507871103740159e-01 4.294150283226584874e-01
1.305033559976032972e+09 -3.683373219803920406e-01 3.152386292366993192e-01 9.210618686140510381e-01 -8.852873874787237085e-01 -1.418935990786544532e-01 1.125670430759481699e-01 4.283236030441699982e-01
1.305033560008053064e+09 -3.645534861867745224e-01 3.061853140093961922e-01 9.220200026198861476e-01 -8.852633491074506367e-01 -1.474798179662109576e-01 1.159912789618019330e-01 4.255637780926833091e-01
1.305033560040021896e+09 -3.630643891349802921e-01 2.971828603852033623e-01 9.205348583445824850e-01 -8.852525383538532022e-01 -1.519724314707666946e-01 1.182476812234003055e-01 4.233790373840113364e-01
1.305033560076066017e+09 -3.617743734382812271e-01 2.864380960927275233e-01 9.204758885826157533e-01 -8.848210549346036125e-01 -1.581722593414491007e-01 1.200334736783653378e-01 4.215035021395926451e-01
1.305033560107877970e+09 -3.617714160401623857e-01 2.747193918875632246e-01 9.190210881889184780e-01 -8.840020035912126151e-01 -1.642505837409760083e-01 1.219887509171664053e-01 4.203343288825457380e-01
1.305033560139985085e+09 -3.581652830853856440e-01 2.640699852303347583e-01 9.226018517072780423e-01 -8.830409139107345817e-01 -1.734602901522231955e-01 1.251247414928012280e-01 4.177248749671977346e-01
1.305033560240149021e+09 -3.468906666419757645e-01 2.318788297547671462e-01 9.217700745629899828e-01 -8.767193311249974474e-01 -2.002976719416986739e-01 1.353105264639053451e-01 4.158546843243843272e-01
1.305033560275875092e+09 -3.431400334407761488e-01 2.200310176369240089e-01 9.214075248798782036e-01 -8.748500109161735372e-01 -2.082024986323510185e-01 1.391860893158902990e-01 4.146280387337137330e-01
1.305033560308068037e+09 -3.386843286543330667e-01 2.073112630201605633e-01 9.236899140721035462e-01 -8.731723897972656356e-01 -2.165239043920567930e-01 1.422411670479862833e-01 4.128617527930850128e-01
1.305033560676023960e+09 -2.694326863897922308e-01 5.688227482265695301e-02 9.607783388655068979e-01 -8.426805463048010481e-01 -3.047802199874254381e-01 1.971347962293468759e-01 3.976636600187053450e-01
1.305033560708281994e+09 -2.625918057312950360e-01 4.359580667183315938e-02 9.628719543349383292e-01 -8.393395028003063363e-01 -3.118143137632625184e-01 2.014720841104862548e-01 3.971020424216646361e-01
1.305033560740039110e+09 -2.578437530194945815e-01 3.344744909047969728e-02 9.583263646430850713e-01 -8.355383783033094591e-01 -3.175139527701134057e-01 2.069158227920635529e-01 3.978018985083622283e-01
1.305033560776129961e+09 -2.521975941882299566e-01 2.198082293894643158e-02 9.566189460506170361e-01 -8.311374768662210810e-01 -3.250403124253452014e-01 2.129452563059686110e-01 3.977607417326039507e-01
1.305033560808007002e+09 -2.433815952537659033e-01 1.163041752295135289e-02 9.581487261414063372e-01 -8.274461323066268914e-01 -3.322399790694844923e-01 2.179913778509901257e-01 3.967735545891881710e-01
1.305033560840109110e+09 -2.367685033710147380e-01 -5.174833481371710064e-04 9.580303009618209575e-01 -8.246693085722687222e-01 -3.363832996039577417e-01 2.218863303899644701e-01 3.969046026850355791e-01
1.305033561175991058e+09 -1.665501454617455135e-01 -1.218923321950211580e-01 9.557071230868003919e-01 -8.046027853995686430e-01 -3.986048940789474471e-01 2.430960091997991790e-01 3.669234613031688297e-01
1.305033561207947016e+09 -1.599060271572732006e-01 -1.246109785197462294e-01 9.563870086375725332e-01 -7.992437016031348485e-01 -4.094776323172099053e-01 2.491981732838459140e-01 3.625435760175668154e-01
1.305033561244096041e+09 -1.523727296048393853e-01 -1.355432229430189039e-01 9.561842461101421886e-01 -7.950657533264396948e-01 -4.159349546779169682e-01 2.519476806106446531e-01 3.624788650383035105e-01
1.305033561276017904e+09 -1.495561284276667458e-01 -1.533754333692727290e-01 9.562749938124951443e-01 -7.928743014526035138e-01 -4.209304392821864305e-01 2.525526584086300597e-01 3.610887177862047159e-01
1.305033561308037996e+09 -1.456091292676029436e-01 -1.583102285547899335e-01 9.582590002976374421e-01 -7.895561901304848362e-01 -4.287763511839639552e-01 2.577089756445988256e-01 3.554404973609668339e-01
1.305033561344315052e+09 -1.432738140897260593e-01 -1.653878619255086946e-01 9.629428137894844308e-01 -7.857688943409817384e-01 -4.354053834218338803e-01 2.610687099061353433e-01 3.533164664735896077e-01
1.305033561376023054e+09 -1.409195223075794257e-01 -1.738717810524283980e-01 9.611866457760205318e-01 -7.798171058702308978e-01 -4.421404357218884362e-01 2.668612682861364327e-01 3.538109381866970660e-01
1.305033561408071041e+09 -1.355987664677484883e-01 -1.768198676948333770e-01 9.669714120990270390e-01 -7.746449316766672588e-01 -4.492650010225626711e-01 2.724145346686538405e-01 3.519609495172852376e-01
1.305033561444166899e+09 -1.327147905974612740e-01 -1.880785949920770195e-01 9.694275863838590634e-01 -7.713142856084205246e-01 -4.521866421987590368e-01 2.753242048785727869e-01 3.532677393158977219e-01
1.305033561475883007e+09 -1.284299183090324981e-01 -1.919046934648174219e-01 9.731064679779530824e-01 -7.678267808916557913e-01 -4.564181503359625580e-01 2.816440659874207553e-01 3.504299169356537846e-01
1.305033561508996964e+09 -1.214356996185756987e-01 -1.907315461397327550e-01 9.693706473644921884e-01 -7.636211070248535293e-01 -4.591083349582190665e-01 2.900860340902364776e-01 3.492168874837341952e-01
1.305033561544442892e+09 -1.212127520527819247e-01 -1.990733410436130724e-01 9.734218756833876718e-01 -7.631859364663016176e-01 -4.603047643339176487e-01 2.904642787921217773e-01 3.482775517562445300e-01
1.305033561576172113e+09 -1.205069230559359106e-01 -2.047147104058881784e-01 9.721309554402626230e-01 -7.605292864133578190e-01 -4.613505775961731503e-01 2.945083505201229190e-01 3.493074298281997336e-01
1.305033561608227968e+09 -1.155126040889500327e-01 -2.081459775756457908e-01 9.712602216678958289e-01 -7.567008426243371222e-01 -4.634041562694348193e-01 3.003643479781090142e-01 3.499166774926811829e-01
1.305033561643843889e+09 -1.117636361141765011e-01 -2.117832645424184701e-01 9.713402031740931974e-01 -7.532324316378888884e-01 -4.661853310130928407e-01 3.039124249413619472e-01 3.506413823885408121e-01
1.305033561676177025e+09 -1.081191436379240756e-01 -2.161313170005770834e-01 9.732652170341065112e-01 -7.503598760280477675e-01 -4.675719167334432269e-01 3.082592612734528781e-01 3.511592045903567660e-01
1.305033561708200932e+09 -1.033235679062824985e-01 -2.265751859984399541e-01 9.755232792721786339e-01 -7.472956524673197709e-01 -4.693338401906337332e-01 3.117563067002079857e-01 3.522541120952336069e-01
1.305033561744330883e+09 -9.757375477233476424e-02 -2.318025814778174043e-01 9.739551680787774668e-01 -7.428833776817308499e-01 -4.732412777014680660e-01 3.175285144742401866e-01 3.512016838505293559e-01
1.305033561776129961e+09 -9.394667121770727825e-02 -2.357252791046386964e-01 9.781502122617402595e-01 -7.394237814513803242e-01 -4.778984276236645234e-01 3.202490481835967850e-01 3.497229066510669226e-01
1.305033561808115005e+09 -9.347138742020444369e-02 -2.443209107292036997e-01 9.803888567681692257e-01 -7.351805619449907070e-01 -4.825428383680793187e-01 3.212438534153660430e-01 3.513749238644843231e-01
1.305033561843975067e+09 -8.590052933481184816e-02 -2.485352988166485977e-01 9.811716312022562558e-01 -7.306083683655132388e-01 -4.856889637346093469e-01 3.261280985606038740e-01 3.520768465973428407e-01
1.305033561876179934e+09 -8.205335313101391748e-02 -2.549184216848984219e-01 9.784762150463244268e-01 -7.275937527109430647e-01 -4.874187290310442733e-01 3.294948680781711881e-01 3.527937719347057355e-01
1.305033561908054113e+09 -7.405763212210203505e-02 -2.581771171838170842e-01 9.848142170878924073e-01 -7.261506023703093726e-01 -4.891188290041405540e-01 3.316929084712733622e-01 3.513515166620500008e-01
1.305033561944175005e+09 -6.837591539968990162e-02 -2.641831831785566020e-01 9.848990998770079663e-01 -7.244607444279663744e-01 -4.904942588976237694e-01 3.334311009801908532e-01 3.512772589714358018e-01
1.305033561976031065e+09 -6.542393552060032924e-02 -2.645795033787424755e-01 9.943377072203316569e-01 -7.230785152509481284e-01 -4.946184197508375346e-01 3.339055447213470362e-01 3.478752173265711178e-01
1.305033562008339882e+09 -6.204394526790357745e-02 -2.757044065737113137e-01 9.998244215720548667e-01 -7.220639068646179659e-01 -4.934846759961082352e-01 3.355047290917472780e-01 3.500473763899590862e-01
1.305033562043859005e+09 -6.469908035699334370e-02 -2.880335121790944530e-01 1.003275518539096689e+00 -7.196791698163428341e-01 -4.950749806482825921e-01 3.361184921141502358e-01 3.521178997544314737e-01
1.305033562408174038e+09 -4.002381564290846683e-02 -3.254835912486417904e-01 1.087524965077931727e+00 -6.869182846758261629e-01 -4.980585045324791849e-01 3.764403054744965282e-01 3.719861457838973262e-01
1.305033562444036961e+09 -3.651467245843931231e-02 -3.280419007556027999e-01 1.090759725753859710e+00 -6.839121028625129162e-01 -4.986381475139183284e-01 3.788233249608994879e-01 3.743222166364593706e-01
1.305033562476159096e+09 -3.304594430981144804e-02 -3.274342126617121318e-01 1.095020521270894553e+00 -6.823036748702658860e-01 -4.995844787999275116e-01 3.808556228362834917e-01 3.739332003910881275e-01
1.305033562508225918e+09 -3.255987883124555893e-02 -3.260824020643467991e-01 1.093285549122890332e+00 -6.797874356386749417e-01 -5.010548243459551632e-01 3.822094506626240729e-01 3.751653517738722243e-01
1.305033562544074059e+09 -2.755050529442248930e-02 -3.260605944098629028e-01 1.102492329929655179e+00 -6.787948300441969396e-01 -5.030002576560730354e-01 3.814562012390974588e-01 3.751259602312685404e-01
1.305033562575998068e+09 -2.367444638597748785e-02 -3.293582528005755128e-01 1.107344183168108120e+00 -6.783245803552482300e-01 -5.034278971021929339e-01 3.807147642367162410e-01 3.761547346469559794e-01
1.305033562608171940e+09 -2.234552910567422224e-02 -3.323082551273240925e-01 1.105462308781314684e+00 -6.782388549056621585e-01 -5.023584925249713340e-01 3.821145507281750175e-01 3.763196391448360156e-01
1.305033562643989086e+09 -2.083570979734794548e-02 -3.276958650119347061e-01 1.106434917938217133e+00 -6.769014604223595466e-01 -5.037098761751483966e-01 3.839055085304336479e-01 3.750964329898148208e-01
1.305033562676122904e+09 -1.890144675755367487e-02 -3.284405975966919744e-01 1.104929801796188382e+00 -6.745476869403124187e-01 -5.046040701486945723e-01 3.841949270144783268e-01 3.778285437724173135e-01
1.305033562709352970e+09 -1.598289315316536729e-02 -3.323334109190788643e-01 1.104012033780770174e+00 -6.725281376244601761e-01 -5.052364337481890511e-01 3.841882154946908989e-01 3.805804319612243192e-01
1.305033562744034052e+09 -1.350688317532355853e-02 -3.355705607174809257e-01 1.100520429950432755e+00 -6.701755697924617339e-01 -5.060975609916384954e-01 3.845431204750759946e-01 3.832186750498404182e-01
1.305033562775949001e+09 -9.494409123309122123e-03 -3.333324773844626998e-01 1.100462191503608356e+00 -6.694485236051234134e-01 -5.058947555902989501e-01 3.853341196280922754e-01 3.839619600423915813e-01
1.305033562808427095e+09 -5.437278368298992248e-03 -3.359372383933018069e-01 1.098047111535878750e+00 -6.701025313565901476e-01 -5.034607068282302977e-01 3.865019380459570053e-01 3.848456392324432485e-01
1.305033562844181061e+09 -8.548992742918315457e-05 -3.360804199862185149e-01 1.096079262749078076e+00 -6.712096664456681516e-01 -5.018604392061597474e-01 3.873971961381814100e-01 3.841055787852741821e-01
1.305033562876075983e+09 3.800943704201920070e-03 -3.340571127035723009e-01 1.089001365156861301e+00 -6.721211691180226655e-01 -5.002859660915686124e-01 3.867176594181531701e-01 3.852486704057441758e-01
1.305033562907917976e+09 8.980280220507896871e-03 -3.314041291109905973e-01 1.092614911900456010e+00 -6.753776350502059822e-01 -4.990585838653404660e-01 3.830954126444001684e-01 3.847641937019717906e-01
1.305033562943994999e+09 1.499352806617149092e-02 -3.354415669734203131e-01 1.097502717267444083e+00 -6.793549483106506859e-01 -4.970712613769799892e-01 3.792152773670570687e-01 3.841780690387687214e-01
1.305033562975903988e+09 1.994665372386394964e-02 -3.392654162929736872e-01 1.100336211879173076e+00 -6.824800396330391594e-01 -4.949484866095278379e-01 3.784458369875275396e-01 3.821331437761362193e-01
1.305033563008047104e+09 2.492602428741474974e-02 -3.379711256318735924e-01 1.096611152579308079e+00 -6.828628846981658063e-01 -4.945313588469723021e-01 3.796660704453090895e-01 3.807764314808416151e-01
1.305033563044009924e+09 3.354970163050019494e-02 -3.402186073594277715e-01 1.100013177251880636e+00 -6.841441288784690933e-01 -4.947320137969158926e-01 3.784012943591138489e-01 3.794726681500476539e-01
1.305033563075835943e+09 3.733818633893348782e-02 -3.441395165069567330e-01 1.096817537933159725e+00 -6.846431162345114618e-01 -4.956707202474120999e-01 3.770984597052111087e-01 3.786437536393099657e-01
1.305033563108021021e+09 4.239872332204108751e-02 -3.414854742727240211e-01 1.094399646998167830e+00 -6.837006177767659398e-01 -4.981259168483218036e-01 3.769286894864250503e-01 3.772913983352043088e-01
1.305033563143879890e+09 4.727996150556523780e-02 -3.371686693877092855e-01 1.090154114741146207e+00 -6.829393903989762205e-01 -4.996955051485650889e-01 3.752994774225417718e-01 3.782175213050847362e-01
1.305033563175944090e+09 5.176981316190309990e-02 -3.393829961610191903e-01 1.090019398363872405e+00 -6.842343915425371792e-01 -4.994518931472540224e-01 3.719923021485368464e-01 3.794638731213680893e-01
1.305033563208079100e+09 5.644268667863783229e-02 -3.376394557672613983e-01 1.090057322871495593e+00 -6.860170297701001507e-01 -4.978851820641038706e-01 3.718159672333334886e-01 3.784757150158305494e-01
1.305033563243967056e+09 6.485986734507331875e-02 -3.363380373906141863e-01 1.088354008929498296e+00 -6.877258516301509861e-01 -4.948398494860131169e-01 3.720686987089487086e-01 3.791194532087124314e-01
1.305033563276047945e+09 7.570407903736287025e-02 -3.343998402572601059e-01 1.082299211127832894e+00 -6.887994039206908337e-01 -4.924642305091381234e-01 3.710446188967850278e-01 3.812613980135977076e-01
1.305033563308044910e+09 8.835849698500441995e-02 -3.280240201646417164e-01 1.075840770966054905e+00 -6.903424268556700438e-01 -4.912314468079346241e-01 3.671368777366945113e-01 3.838352672120666220e-01
1.305033563343985081e+09 9.650978668354315282e-02 -3.300212380521397870e-01 1.065721390854635020e+00 -6.945327325136489982e-01 -4.869448885782500791e-01 3.606465342491605996e-01 3.878698703027974037e-01
1.305033563376120090e+09 1.044910151189621939e-01 -3.311215209290554462e-01 1.060212255921273217e+00 -6.996695516157381833e-01 -4.839626095375496595e-01 3.549596790865756635e-01 3.876162242917500222e-01
1.305033563407991886e+09 1.152916387912725771e-01 -3.321467304751257732e-01 1.057192817388915351e+00 -7.053175976168063466e-01 -4.795480342134859075e-01 3.492090849786761986e-01 3.880899178571816655e-01
1.305033563443962097e+09 1.276396991643533596e-01 -3.300332880167760052e-01 1.058175814527744452e+00 -7.118977810901992997e-01 -4.744596569605074032e-01 3.447349102156451184e-01 3.863255426119003300e-01
1.305033564807990074e+09 5.168978719129643240e-01 -4.834620833249555494e-01 9.683191986251684646e-01 -7.929263304856949413e-01 -3.818632405786155370e-01 2.533851400654486552e-01 4.015523262431709428e-01
1.305033564843977928e+09 5.320572274991300921e-01 -4.839161589230214222e-01 9.738261481493950544e-01 -7.976146505113991259e-01 -3.774557434146386115e-01 2.503847668538774496e-01 3.983032758846087318e-01
1.305033564876058102e+09 5.456392244918317758e-01 -4.909146882746260321e-01 9.815910362846407278e-01 -8.012836415500353970e-01 -3.735889622054717751e-01 2.466048643708901866e-01 3.969406176888023441e-01
1.305033564908056974e+09 5.583611995017543350e-01 -4.922512182077968257e-01 9.831934134973181472e-01 -8.040433709762031533e-01 -3.697871549282571446e-01 2.455474789574562944e-01 3.955731957766180362e-01
1.305033564943989992e+09 5.717655362856138845e-01 -4.973717700517715778e-01 9.842522764019896453e-01 -8.068568150273819350e-01 -3.653965815804732231e-01 2.417879464265243472e-01 3.962398354229642594e-01
1.305033564976037025e+09 5.843105463805201572e-01 -4.999420027065855088e-01 9.812066793856462077e-01 -8.094566161703953266e-01 -3.610942341876020034e-01 2.399387026139116197e-01 3.960055044597177165e-01
1.305033565007937908e+09 5.928931799389758339e-01 -5.041004122244276964e-01 9.796461632132642539e-01 -8.124754782178650325e-01 -3.572029668908770494e-01 2.357341013674946195e-01 3.958775962232094492e-01
1.305033565043916941e+09 6.062818497785481542e-01 -5.076382722850550921e-01 9.768360601739141114e-01 -8.154681042625691045e-01 -3.522007587671356355e-01 2.330597814413205848e-01 3.957897607679986551e-01
1.305033565075900078e+09 6.147977748837935019e-01 -5.109221578185328960e-01 9.728693658716880410e-01 -8.189601842987641600e-01 -3.462186627454512111e-01 2.291829680585708573e-01 3.961212204009652016e-01
1.305033565107858896e+09 6.259519979165589776e-01 -5.153453664892851949e-01 9.725707681688542383e-01 -8.228032592475499341e-01 -3.399623322663514191e-01 2.257618413539807245e-01 3.955401372807723082e-01
1.305033565143986940e+09 6.360744246181239125e-01 -5.177218298663901486e-01 9.723662647278228377e-01 -8.259130070014606417e-01 -3.351029773855208616e-01 2.220269553583808231e-01 3.953197825905654383e-01
1.305033565175899982e+09 6.452647714297902182e-01 -5.214838828277629235e-01 9.682351172102446890e-01 -8.291927926495572532e-01 -3.279101877992645075e-01 2.175946506923023827e-01 3.969468344067933474e-01
1.305033565207978010e+09 6.512267851965298782e-01 -5.301677048725108587e-01 9.686435622427094216e-01 -8.330673511628314820e-01 -3.197145795301984950e-01 2.099183235223736066e-01 3.996444338558065024e-01
1.305033565244952917e+09 6.608796975211366220e-01 -5.350796973914272447e-01 9.706786822374346979e-01 -8.371975062934029488e-01 -3.114688529657471117e-01 2.052201621727797187e-01 3.999652161452136312e-01
1.305033565276355982e+09 6.702105537824034620e-01 -5.429571387842273555e-01 9.712717975767466427e-01 -8.402410886149759284e-01 -3.041766620179457425e-01 1.995595332082494011e-01 4.020540560576976730e-01
1.305033565307938099e+09 6.767760699551533810e-01 -5.503977451136788934e-01 9.718100430980436411e-01 -8.442860639845928272e-01 -2.956492904469521510e-01 1.922742431718195699e-01 4.034887292506717515e-01
1.305033565344986916e+09 6.825625722059111000e-01 -5.612827955018434567e-01 9.708602971325643871e-01 -8.478398225460450632e-01 -2.868318976377711160e-01 1.845934784341986823e-01 4.059807206286635273e-01
1.305033565376574039e+09 6.916624731235593293e-01 -5.661367385758498960e-01 9.704990610918413640e-01 -8.508595621701633416e-01 -2.798893017477301903e-01 1.798780197150964266e-01 4.066249897069060815e-01
1.305033565407876015e+09 7.000135077533451433e-01 -5.709119949200478494e-01 9.711511550550169236e-01 -8.540034056355421122e-01 -2.727511059582733433e-01 1.755078982307052282e-01 4.067947824395917733e-01
1.305033565444288969e+09 7.064500853352811971e-01 -5.775612512242620511e-01 9.730645907921456894e-01 -8.567999311155545250e-01 -2.654290527696422930e-01 1.695543711885714178e-01 4.082800646578763071e-01
1.305033565476052999e+09 7.118053044045110633e-01 -5.878454711801788246e-01 9.726687937176371479e-01 -8.592716529982227236e-01 -2.568858326468910769e-01 1.627922759029231392e-01 4.112913447245905019e-01
1.305033565507905006e+09 7.214787447804335008e-01 -5.950365839966146320e-01 9.712423958473201946e-01 -8.619789714384844537e-01 -2.487066486608548732e-01 1.605085284718017480e-01 4.115510515082608789e-01
1.305033565544076920e+09 7.361881511219371399e-01 -5.995542362045581664e-01 9.696396528905932843e-01 -8.643365456757757803e-01 -2.421887992695972158e-01 1.591195422851862107e-01 4.110327147327461628e-01
1.305033565575974941e+09 7.427422234597486073e-01 -6.074209113402372351e-01 9.648733922008967401e-01 -8.669877815549308364e-01 -2.344679009624144328e-01 1.522890347171827197e-01 4.125106543565240091e-01
1.305033565608072042e+09 7.478381241516758315e-01 -6.168846048474804222e-01 9.617201364999754531e-01 -8.697412314423392798e-01 -2.260695090438417099e-01 1.452966060030764228e-01 4.139222918541911600e-01
1.305033565644232988e+09 7.550218980712276595e-01 -6.231410129083065907e-01 9.652341746359507368e-01 -8.734249765771684437e-01 -2.185880872843382616e-01 1.408866056010016354e-01 4.117025901676780730e-01
1.305033565676064014e+09 7.645011737074173253e-01 -6.276297781890257665e-01 9.653100781603015657e-01 -8.753711899543090702e-01 -2.126852089362021303e-01 1.384188091916099816e-01 4.114978918047059175e-01
1.305033565709167957e+09 7.717317582068518034e-01 -6.376861521054126847e-01 9.621541627949273812e-01 -8.770099288921194836e-01 -2.041474776529353941e-01 1.337113322155907558e-01 4.138824369669674708e-01
1.305033565744012117e+09 7.756482983128742958e-01 -6.479187085623233644e-01 9.583716926936324265e-01 -8.781604586070103080e-01 -1.962434427827081107e-01 1.275135672420570354e-01 4.172085932397854302e-01
1.305033565776027918e+09 7.799467867785242481e-01 -6.576583641126680924e-01 9.534894953888679581e-01 -8.788246444972527271e-01 -1.892874085514059945e-01 1.232907419181616671e-01 4.202819460141486996e-01
1.305033565808428049e+09 7.895928543240089414e-01 -6.664524324385969756e-01 9.517294448136814911e-01 -8.796545390242258566e-01 -1.834873679837172589e-01 1.197315047561514634e-01 4.221429195584265326e-01
1.305033565844024897e+09 7.949757082512857176e-01 -6.763935054001335434e-01 9.488699611688388158e-01 -8.811708120332679695e-01 -1.751292565111207677e-01 1.127566031378693517e-01 4.244451578040467910e-01
1.305033565875916958e+09 8.024145066972998563e-01 -6.839593673793133988e-01 9.465537689390222109e-01 -8.825935399031371587e-01 -1.681758208810598121e-01 1.081730177910156243e-01 4.254928140570837236e-01
1.305033565907963991e+09 8.160009561115373344e-01 -6.883365333916787732e-01 9.444123701435960250e-01 -8.839014860912685068e-01 -1.622630584906069040e-01 1.077302061265404398e-01 4.251859186554209358e-01
1.305033565944075108e+09 8.220299504067458685e-01 -6.958217622866648133e-01 9.437978744755373128e-01 -8.848476251241050861e-01 -1.559768196567150877e-01 1.010323710245531748e-01 4.272099858935469729e-01
1.305033565975827932e+09 8.266756759164453072e-01 -7.062454327973752832e-01 9.421443111438024820e-01 -8.858618339843051803e-01 -1.482850535654082202e-01 9.452346245786494294e-02 4.293316538808245597e-01
1.305033566007889986e+09 8.397757116073816253e-01 -7.105529178899406828e-01 9.459880275029658447e-01 -8.874617799250623662e-01 -1.443085286273980417e-01 9.163671386293603671e-02 4.280062504333761453e-01
1.305033566043972969e+09 8.455560518608351561e-01 -7.189018770357797905e-01 9.439188160631704072e-01 -8.873333896727197967e-01 -1.394261205064354914e-01 8.442909129464828966e-02 4.313601059852499864e-01
1.305033566075880051e+09 8.538425271764987778e-01 -7.249131948785629831e-01 9.465619881032161231e-01 -8.888982544070759273e-01 -1.335552124121025530e-01 7.967910526609792154e-02 4.308992210872579776e-01
1.305033566107857943e+09 8.644284794167583774e-01 -7.307926225059308001e-01 9.470630006530776912e-01 -8.902966589610514792e-01 -1.267735388073508718e-01 7.787112562280469608e-02 4.303910044311888283e-01
1.305033566143990993e+09 8.740007266335666491e-01 -7.376342471862881167e-01 9.482158660571410325e-01 -8.917047180076106416e-01 -1.204903851051226937e-01 7.425455565985319972e-02 4.299197878022651964e-01
1.305033566177030087e+09 8.822622980469689846e-01 -7.451529075339764496e-01 9.483863231100457813e-01 -8.926307742467231021e-01 -1.137690358708028093e-01 6.901335882425826962e-02 4.307018268460416355e-01
1.305033566208029985e+09 8.927468557190729737e-01 -7.512198414040136552e-01 9.498095259649677047e-01 -8.935770365856758879e-01 -1.087948276708400885e-01 6.514962144068711658e-02 4.306266271202569551e-01
1.305033566244045973e+09 9.034169055791364533e-01 -7.568920362861748519e-01 9.497584849780009719e-01 -8.945713869801437124e-01 -1.024764336879149945e-01 6.227020233272644034e-02 4.305380773363367553e-01
1.305033566276005030e+09 9.103307107323443947e-01 -7.660868935193125839e-01 9.480681869138154472e-01 -8.947016524540190030e-01 -9.523468572202739568e-02 5.778755535590700265e-02 4.325504666249504471e-01
1.305033566307955980e+09 9.173652433358329139e-01 -7.710880014553558315e-01 9.512426788598891125e-01 -8.967489247242717010e-01 -8.716634539812734284e-02 5.406602120219495405e-02 4.304883965766796439e-01
1.305033566344211102e+09 9.285245874700387425e-01 -7.780437662765127271e-01 9.502598443944056950e-01 -8.973600247865984869e-01 -7.902555110380191095e-02 5.303013154958743924e-02 4.309150186934418425e-01
1.305033566375967026e+09 9.359829448421536080e-01 -7.875922283870583351e-01 9.489975785388664598e-01 -8.973072121969258852e-01 -7.188954224116220204e-02 4.948082760815616932e-02 4.326930879445026190e-01
1.305033566408257008e+09 9.466760313860179687e-01 -7.958717209035690576e-01 9.476324504042987762e-01 -8.977766762078710494e-01 -6.482917638449861575e-02 4.721262233563898458e-02 4.330879654742754714e-01
1.305033566443909883e+09 9.532880016098580489e-01 -8.041092064203267942e-01 9.465848259089175709e-01 -8.990777229665176673e-01 -5.892210507636599925e-02 4.159386294370602533e-02 4.318071145362614160e-01
1.305033566476031065e+09 9.617514317117834555e-01 -8.114179380954840148e-01 9.470645656151498448e-01 -9.005104020757468408e-01 -5.121639322083254564e-02 3.772758021439166776e-02 4.301563977322578891e-01
1.305033566508093119e+09 9.712479830470146513e-01 -8.233979310252034223e-01 9.449173011647162834e-01 -9.006603424456464113e-01 -4.222264153503016426e-02 3.627762411259411596e-02 4.309433026237218800e-01
1.305033566544035912e+09 9.788558285963312455e-01 -8.340196853007842970e-01 9.445149941060893006e-01 -9.016158319016800426e-01 -3.331770745021550573e-02 3.422193533597232828e-02 4.298926391279151993e-01
1.305033566576145887e+09 9.834601436034320354e-01 -8.413803688805212566e-01 9.459780263320012317e-01 -9.035566029965771406e-01 -2.513544198032018756e-02 2.998162491923214712e-02 4.266787748470062258e-01
1.305033566608192921e+09 9.895200800452406131e-01 -8.483939529716432171e-01 9.476915353710977374e-01 -9.051603109834951422e-01 -1.791007177513058782e-02 2.557463483937382626e-02 4.239221376645772588e-01
1.305033566644799948e+09 9.964561140546225326e-01 -8.555227473589981368e-01 9.485424624780093295e-01 -9.066173089438273047e-01 -1.056094005422048010e-02 2.137384498879724148e-02 4.212798124987939263e-01
1.305033566675986052e+09 1.005491123865152270e+00 -8.650571129147911487e-01 9.478775497165548014e-01 -9.072915930884480895e-01 -3.154325101753816668e-03 1.681128620821630698e-02 4.201540146186917846e-01
1.305033566707979918e+09 1.010370671029597212e+00 -8.756748679134920277e-01 9.466054758778210676e-01 -9.075353474093065254e-01 6.939726138523123755e-03 1.150709639238923360e-02 4.197606700685616032e-01
1.305033566743879080e+09 1.017345252996159966e+00 -8.849353274732709718e-01 9.459452793462217457e-01 -9.081132778032089403e-01 1.784610144468415024e-02 8.795880499339554792e-03 4.182516274050575023e-01
1.305033566775928020e+09 1.023612366298248144e+00 -8.944588710664667097e-01 9.475516592268926619e-01 -9.086652506198131807e-01 2.814582430572522970e-02 5.137128420449515835e-03 4.165439770321682778e-01
1.305033566816359997e+09 1.031875198229126323e+00 -9.034719623407662104e-01 9.481922417870647379e-01 -9.086830947880427667e-01 3.721423444786527146e-02 2.012800984654679326e-03 4.158197718159640233e-01
1.305033566844888926e+09 1.036222547168665686e+00 -9.117560338586809809e-01 9.504592432693956816e-01 -9.084707978329309430e-01 4.796188968862591384e-02 -2.065603834007355422e-03 4.151821285930972771e-01
1.305033566876228094e+09 1.039446978655667042e+00 -9.207703222149290490e-01 9.512254485823007366e-01 -9.078001058097422415e-01 5.812555264868140420e-02 -6.242564340589468880e-03 4.153088229397008391e-01
1.305033566907957077e+09 1.038727530583851033e+00 -9.254696345982709182e-01 9.518565485174356189e-01 -9.075614714185540333e-01 6.789972961960136222e-02 -1.289204445020209269e-02 4.141927057591284211e-01
1.305033566944006920e+09 1.042805287176994833e+00 -9.335459547444048267e-01 9.515883697930931362e-01 -9.063049428663926266e-01 7.655643147756972799e-02 -1.706285464446143443e-02 4.152822200946569842e-01
1.305033566975857019e+09 1.042321308731104956e+00 -9.412541218154413247e-01 9.515978946588987686e-01 -9.055322289877454356e-01 8.504615877899412979e-02 -2.329749358669577775e-02 4.150129635734302047e-01
1.305033567007985115e+09 1.050245762988595954e+00 -9.520872715610837478e-01 9.517153905764555999e-01 -9.048892844973472904e-01 9.264927586944865512e-02 -2.593714056912178184e-02 4.146308710429593147e-01
1.305033567043992996e+09 1.054315178960023580e+00 -9.605980400773319605e-01 9.497305270591872572e-01 -9.041119512176633011e-01 1.009849558780802903e-01 -3.176534118333758372e-02 4.139741313792418276e-01
1.305033567076391935e+09 1.056490400111433914e+00 -9.667276754491674895e-01 9.552076867357144341e-01 -9.045970527160918095e-01 1.089164652224477725e-01 -3.797474685056693999e-02 4.103648308791129629e-01
1.305033567108916044e+09 1.055104744660425142e+00 -9.754217020634396995e-01 9.526438777193841911e-01 -9.034473846342490067e-01 1.171635125537330568e-01 -4.385271386110130287e-02 4.100396005395366417e-01
1.305033567143956900e+09 1.056439351382705283e+00 -9.834855734116987325e-01 9.497154336834781052e-01 -9.025182056822159682e-01 1.262099575916939553e-01 -4.804359429545181082e-02 4.089300038686696226e-01
1.305033567177098989e+09 1.057900947326956942e+00 -9.950665609144170309e-01 9.471141299845160511e-01 -9.014425340800115150e-01 1.344741982396098212e-01 -5.216688315959482070e-02 4.081625461267049948e-01
1.305033567208105087e+09 1.058531197941140256e+00 -1.004959579064542918e+00 9.422613149756943196e-01 -9.005319160951641422e-01 1.421756121210162316e-01 -5.733995689607079144e-02 4.068666768797162270e-01
1.305033567244018078e+09 1.057227432137817891e+00 -1.013473716144190018e+00 9.394549705433788978e-01 -8.997227034011003877e-01 1.513285252841649886e-01 -6.324268072509960092e-02 4.044738529925495651e-01
1.305033567275923967e+09 1.056750041673091500e+00 -1.023091744965819228e+00 9.340453830943717950e-01 -8.988421121114568146e-01 1.594868852728551500e-01 -6.766679548232507058e-02 4.025766954384364937e-01
1.305033567308111906e+09 1.055956052603497231e+00 -1.030272709713104584e+00 9.313874857725331635e-01 -8.985018924511597449e-01 1.680331013809682750e-01 -7.118464400972199235e-02 3.992392422585570588e-01
1.305033567343977928e+09 1.052298259235621147e+00 -1.038748318486192090e+00 9.304228757873187483e-01 -8.980028791664238508e-01 1.760682713832154578e-01 -7.405035569683260377e-02 3.963676798656925460e-01
1.305033567375906944e+09 1.050744798210602848e+00 -1.045857964823975861e+00 9.278151493210200496e-01 -8.976417667030242020e-01 1.817038353326088096e-01 -7.557295558865689822e-02 3.943497220479413312e-01
1.305033567408015013e+09 1.048763037265993292e+00 -1.051288052503371429e+00 9.248860765592950006e-01 -8.974156592412667610e-01 1.864752903178459320e-01 -7.860423528674062577e-02 3.920375936621693369e-01
1.305033567443932056e+09 1.048146479714020085e+00 -1.059167802209673104e+00 9.219420285147055250e-01 -8.967975929821900838e-01 1.918589531098256473e-01 -8.068507197440653866e-02 3.904281476705240839e-01
1.305033567476033926e+09 1.045078890136516891e+00 -1.063296424658680017e+00 9.213785063633493921e-01 -8.969344929837935743e-01 1.966958715457066131e-01 -8.262062760304986209e-02 3.872894025238209914e-01
1.305033567507956028e+09 1.044301084154377390e+00 -1.067972223432552159e+00 9.194773108642855242e-01 -8.968032737489777251e-01 2.006632597357550229e-01 -8.334786737628091524e-02 3.853975575806921072e-01
1.305033567544076920e+09 1.044790152451081644e+00 -1.072862331803892344e+00 9.175767375818937310e-01 -8.962053365326163590e-01 2.053260562456371563e-01 -8.407907809230927287e-02 3.841717246547704523e-01
1.305033567576039076e+09 1.042429521532462156e+00 -1.077599236344612077e+00 9.151216498141374611e-01 -8.953119157530422534e-01 2.101633140844051117e-01 -8.596806727312709950e-02 3.832198407350536074e-01
1.305033567608081102e+09 1.041070249985023732e+00 -1.081394159413093803e+00 9.123930978418326454e-01 -8.949202094755687176e-01 2.138016472763264730e-01 -8.642257867773528446e-02 3.820180783533992930e-01
1.305033567643847942e+09 1.042031927588919604e+00 -1.086191566315613866e+00 9.099348901583982352e-01 -8.947042410805832180e-01 2.159434212212290594e-01 -8.611859689128698037e-02 3.813873976590791970e-01
1.305033567676067114e+09 1.043342685983172480e+00 -1.089905183896003660e+00 9.071765660590025426e-01 -8.943606232057429439e-01 2.184201427608123969e-01 -8.702859310565014272e-02 3.805755389898733410e-01
1.305033567708106041e+09 1.046675038283183534e+00 -1.089628797384853298e+00 9.085643441654676078e-01 -8.949923162036561575e-01 2.207150909161959274e-01 -8.780422891682618247e-02 3.775765087536456233e-01
1.305033567743851900e+09 1.049719573986563681e+00 -1.088990885141307263e+00 9.102833095702896893e-01 -8.945506630213578836e-01 2.237836799796620035e-01 -8.911216144288366947e-02 3.765089621055345281e-01
1.305033567776099920e+09 1.053295467448009504e+00 -1.085985638623136129e+00 9.118142959511208456e-01 -8.937472695392332245e-01 2.284016814000792983e-01 -8.976516400640412174e-02 3.754872906713157543e-01
1.305033567807986021e+09 1.057948737491340996e+00 -1.084531649008146692e+00 9.140952910654700503e-01 -8.926410119817973499e-01 2.314888281375965806e-01 -8.982517767998277058e-02 3.762132156508518066e-01
1.305033567843854904e+09 1.061422933475848263e+00 -1.083685665579576352e+00 9.147541587328094081e-01 -8.907099620877999557e-01 2.353224319395994524e-01 -8.998120052906062594e-02 3.783682069293504702e-01
1.305033567876013041e+09 1.067273649515761758e+00 -1.079615792251087392e+00 9.169909945926451034e-01 -8.899615975876409291e-01 2.376260641859433975e-01 -8.967282968078495176e-02 3.787624480539125149e-01
1.305033567907932997e+09 1.072544823493642774e+00 -1.078755699606031015e+00 9.183002030973911323e-01 -8.886648849865224076e-01 2.393075620997228981e-01 -9.059202359873769206e-02 3.805255552181272538e-01
1.305033567944056034e+09 1.077627517937753687e+00 -1.073751032404025141e+00 9.205856591949630463e-01 -8.873740107340449823e-01 2.413862856959852199e-01 -9.287799911189556501e-02 3.816722460864058752e-01
1.305033567975899935e+09 1.081529987321793840e+00 -1.066183865537379427e+00 9.220580335332222432e-01 -8.859194504240521795e-01 2.426982169367076503e-01 -9.617452810907632654e-02 3.833989606129425964e-01
1.305033568007972956e+09 1.086639955639363997e+00 -1.062224326872366120e+00 9.245151682049685959e-01 -8.845346230283616107e-01 2.442805115111959524e-01 -9.753801288786337342e-02 3.852426097951652806e-01
1.305033568044689894e+09 1.090524270984570165e+00 -1.056501517181041017e+00 9.246298933646277529e-01 -8.830271841138074285e-01 2.461414811552403159e-01 -9.943324717829066239e-02 3.870276381943872912e-01
1.305033568076513052e+09 1.097498737561211746e+00 -1.049986413984456801e+00 9.264479056314807170e-01 -8.827691006980450394e-01 2.462119417841388547e-01 -1.002928448516068743e-01 3.873496351453297182e-01
1.305033568107876062e+09 1.103398665127181433e+00 -1.042292880515089504e+00 9.271734690145247981e-01 -8.824167243423104434e-01 2.450571984760021860e-01 -1.029472075681303611e-01 3.881875404105655236e-01
1.305033568144794941e+09 1.108030478298684507e+00 -1.036761015733796087e+00 9.286045494945482925e-01 -8.815836389073484769e-01 2.449196895572502142e-01 -1.044867688244135451e-01 3.897526759609116764e-01
1.305033568175928116e+09 1.114122523591480896e+00 -1.027462345232102114e+00 9.314391874111255243e-01 -8.812622455429153234e-01 2.448442301537597232e-01 -1.040263516445916192e-01 3.906490441618754028e-01
1.305033568208754063e+09 1.122458364654057572e+00 -1.021922132708726449e+00 9.299585713861687752e-01 -8.801853916715174364e-01 2.444622110124773373e-01 -1.033164920359771338e-01 3.934940992547769634e-01
1.305033568244908094e+09 1.129593415046429961e+00 -1.016878972334524178e+00 9.292862471414062853e-01 -8.793909344946411188e-01 2.446876420453278356e-01 -1.036689926682629881e-01 3.950345328171787629e-01
1.305033568276767015e+09 1.135882456350268299e+00 -1.009615786807426252e+00 9.288337955987056027e-01 -8.789421575385575336e-01 2.451912531371484016e-01 -1.038403587709693238e-01 3.956755147552308283e-01
1.305033568308996916e+09 1.143856959097726778e+00 -1.001647373746997083e+00 9.292077342893974023e-01 -8.791397820980608735e-01 2.453665617961985346e-01 -1.035183063904225320e-01 3.952119104062339350e-01
1.305033568344489098e+09 1.150936649927701172e+00 -9.928066657483896051e-01 9.309360105342564529e-01 -8.794864576222064523e-01 2.458450197558877948e-01 -1.036555563405712338e-01 3.941057253581793374e-01
1.305033568376266956e+09 1.157446786774281255e+00 -9.834170188485658048e-01 9.309656034615321207e-01 -8.789801391010467757e-01 2.472943594033525927e-01 -1.032136850845018633e-01 3.944443561321007707e-01
1.305033568408097029e+09 1.164834538259085450e+00 -9.751183533900275036e-01 9.332412120935624777e-01 -8.787728308278983658e-01 2.485098527052642670e-01 -1.008249086883895168e-01 3.947600571171148154e-01
1.305033568443928957e+09 1.172273393123923979e+00 -9.660842535852178781e-01 9.329500338943831350e-01 -8.785929290830246652e-01 2.483164937633749458e-01 -9.958002131606866203e-02 3.955972740617231809e-01
1.305033568477600098e+09 1.182027202683559874e+00 -9.572942891166509316e-01 9.326978067193538724e-01 -8.792057017240408889e-01 2.473402610173973670e-01 -9.824936748496090888e-02 3.951799477764370572e-01
1.305033568510550022e+09 1.188388217675428127e+00 -9.506725341830607467e-01 9.318872769085387864e-01 -8.790971417646196162e-01 2.461902230267900005e-01 -9.865490788289152380e-02 3.960376226798583699e-01
1.305033568544549942e+09 1.194806379223785964e+00 -9.437710612279253120e-01 9.302013635735200126e-01 -8.793480925840030382e-01 2.457378657637176445e-01 -9.822449147661357904e-02 3.958683905958261251e-01
1.305033568577212095e+09 1.204571192404671587e+00 -9.366223101260230388e-01 9.298386114128396329e-01 -8.798194956622216178e-01 2.464982625961057161e-01 -9.705805451037675946e-02 3.946340021392429898e-01
1.305033568612361908e+09 1.211116182009916109e+00 -9.255358577503181028e-01 9.313736241922512260e-01 -8.803455596708469333e-01 2.484645168105271418e-01 -9.808954244503916009e-02 3.919636732107418808e-01
1.305033568676707983e+09 1.226149811103921294e+00 -9.030371570196966680e-01 9.348597169475234558e-01 -8.813721268950190924e-01 2.491587528717860156e-01 -9.732371023169711366e-02 3.893984915567381133e-01
1.305033568712397099e+09 1.232430038138657702e+00 -8.911951471092078858e-01 9.377980264503287255e-01 -8.818151678524730475e-01 2.469747366140739309e-01 -9.851630299173363969e-02 3.894868768836307060e-01
1.305033568844115973e+09 1.265748757243130074e+00 -8.470656537219611870e-01 9.448910050378118708e-01 -8.795105389625057501e-01 2.469561384324102382e-01 -9.565034577931626203e-02 3.953794239673233402e-01
1.305033568875957012e+09 1.272117513882638162e+00 -8.358118398764609047e-01 9.450395033625198504e-01 -8.793226638001216955e-01 2.450221430990210947e-01 -9.830931619503938124e-02 3.963471718933855859e-01
1.305033568912607908e+09 1.280998009122271020e+00 -8.253948514566464834e-01 9.461709015428512171e-01 -8.792149490984424443e-01 2.448239242959109885e-01 -9.889756996344163664e-02 3.965622145760984707e-01
1.305033568945159912e+09 1.289976634525468180e+00 -8.129415064978295913e-01 9.468475409288507061e-01 -8.787120102106331654e-01 2.457323917473949459e-01 -1.007256482517398244e-01 3.966549363640390902e-01
1.305033568976138115e+09 1.297502926027128467e+00 -7.997479997200499513e-01 9.489472146324664514e-01 -8.777716869220123508e-01 2.477793533470220300e-01 -1.026611026184328090e-01 3.969671972621717781e-01
1.305033569010126114e+09 1.306254061164934033e+00 -7.875243596110199640e-01 9.505045999150451008e-01 -8.771918093699011543e-01 2.491108647912602392e-01 -1.026970321981301726e-01 3.974061224931060843e-01
1.305033569044015884e+09 1.314564041783641279e+00 -7.754600072836752567e-01 9.534486784611837518e-01 -8.767723049603756147e-01 2.494932052254265620e-01 -1.035628847113316681e-01 3.978670565793058223e-01
1.305033569910414934e+09 1.546505900356675012e+00 -4.304538087648904776e-01 9.871034801027805949e-01 -8.662706337981440630e-01 2.571148581435850899e-01 -1.391956765626392312e-01 4.050823402310141375e-01
1.305033569944824934e+09 1.552063543458475303e+00 -4.222032385649262531e-01 9.871384815821087066e-01 -8.663077822043003806e-01 2.573999121352335551e-01 -1.351914016783478667e-01 4.061765584536903284e-01
1.305033569981683016e+09 1.561762889866075144e+00 -4.164912536501599316e-01 9.857027846109607250e-01 -8.674589085802331123e-01 2.553615890924557097e-01 -1.305994088836053280e-01 4.065086655167629570e-01
1.305033570011029959e+09 1.570312227113182635e+00 -4.066906689926915730e-01 9.862402424411103041e-01 -8.689286691362622106e-01 2.533198180928842858e-01 -1.304921788375119629e-01 4.046774381859101766e-01
1.305033570045351982e+09 1.573461650277852675e+00 -3.942460194216653724e-01 9.870712166719850522e-01 -8.696148473241852583e-01 2.526339010715319411e-01 -1.316432128833441295e-01 4.032569823877373283e-01
1.305033570081549883e+09 1.580200641965492148e+00 -3.822722893086872853e-01 9.869661405999587966e-01 -8.703729001262860976e-01 2.515188152849062164e-01 -1.286692962772230664e-01 4.032784552625633956e-01
1.305033570109750986e+09 1.588455745849104650e+00 -3.744556844329793854e-01 9.870674925997263705e-01 -8.710030728782219844e-01 2.500760595603686021e-01 -1.257771665834105101e-01 4.037272790358642505e-01
1.305033570145930052e+09 1.595352985375023680e+00 -3.699391261073127213e-01 9.848416400786235148e-01 -8.708940172727182016e-01 2.499174611816071812e-01 -1.241701869173605088e-01 4.045573358079596060e-01
1.305033570181416988e+09 1.598422946436445446e+00 -3.620607508283372189e-01 9.811587671435544333e-01 -8.713672929120811483e-01 2.497962839815121849e-01 -1.236128737616290357e-01 4.037830045859911454e-01
1.305033570210844040e+09 1.605085714925675200e+00 -3.530811169588988774e-01 9.825747186777352704e-01 -8.737851290418602312e-01 2.473874408612884435e-01 -1.219236907604764886e-01 4.005416532656070894e-01
1.305033570244499922e+09 1.610483400195680259e+00 -3.453996079660617280e-01 9.839450578582569218e-01 -8.751285398551529315e-01 2.452732278427220414e-01 -1.208700686670324403e-01 3.992261375899965881e-01
1.305033570281941891e+09 1.614007470688563428e+00 -3.373852334685307763e-01 9.842968608725488622e-01 -8.761065152733152894e-01 2.422327930322193124e-01 -1.193184237902047279e-01 3.994042583895159870e-01
1.305033570312552929e+09 1.619905705922221273e+00 -3.295581798705427001e-01 9.846496918380258645e-01 -8.771305318080886426e-01 2.376358204700401711e-01 -1.176037665036411828e-01 4.004255250402347088e-01
1.305033570344475985e+09 1.623260606563636133e+00 -3.220355841354749504e-01 9.807878923578883246e-01 -8.769881247942822311e-01 2.331159459365471642e-01 -1.182449095995310451e-01 4.031958904474550742e-01
1.305033570380954981e+09 1.627292953841614320e+00 -3.153849100320983423e-01 9.791545360777762497e-01 -8.774741457813843848e-01 2.297682297629178860e-01 -1.175315182870560193e-01 4.042672708567736084e-01
1.305033570413393974e+09 1.629780209603389984e+00 -3.102466341000721384e-01 9.749927774593754037e-01 -8.775017402182242465e-01 2.273980624975305564e-01 -1.178516111973988978e-01 4.054526049053507331e-01
1.305033570444547892e+09 1.631919372941278645e+00 -3.055281780708728467e-01 9.722441452269221518e-01 -8.777241245089444366e-01 2.271031592582257730e-01 -1.173120009973305372e-01 4.052929936872115002e-01
1.305033570481286049e+09 1.632806434639203719e+00 -2.997764655799119993e-01 9.686960411068368249e-01 -8.776300130807908051e-01 2.273238751809478209e-01 -1.169927413817880707e-01 4.054653060084200122e-01
1.305033570513264894e+09 1.633430530549255799e+00 -2.953390328125559128e-01 9.648209412763025794e-01 -8.776395976774143959e-01 2.268659496476578830e-01 -1.158390473254483216e-01 4.060318861786904598e-01
1.305033570545142889e+09 1.635733123006486212e+00 -2.930331577856073455e-01 9.619134989377891021e-01 -8.778175146504881843e-01 2.268302750703446169e-01 -1.139390109669404794e-01 4.062047994106263160e-01
1.305033570580146074e+09 1.636701897581328113e+00 -2.899360675998802206e-01 9.608150778603586906e-01 -8.781766323458409795e-01 2.264438177939602503e-01 -1.136611218380476351e-01 4.057217632406842633e-01
1.305033570615300894e+09 1.636624559342976681e+00 -2.883248100207248532e-01 9.590900800331991771e-01 -8.783885826402795249e-01 2.257428394732103327e-01 -1.129520109891922891e-01 4.058515880556222144e-01
1.305033570644853115e+09 1.637451888840664838e+00 -2.865654671205545290e-01 9.549139473488893470e-01 -8.785526050807134224e-01 2.239971174009266763e-01 -1.125334447340280569e-01 4.065794329749858327e-01
1.305033570678623915e+09 1.637941294227895250e+00 -2.855209951982322636e-01 9.542668766496118504e-01 -8.790689364488004642e-01 2.230208186621584487e-01 -1.125527886057429705e-01 4.059943216242149489e-01
1.305033570712814093e+09 1.637114170887641773e+00 -2.845100898853855087e-01 9.526015094366766522e-01 -8.792101931368933032e-01 2.222640417404979363e-01 -1.130614617154997725e-01 4.059621138827116948e-01
1.305033570744520903e+09 1.636833445482924310e+00 -2.836064082133583630e-01 9.513266272406786239e-01 -8.790599826623849422e-01 2.227570744216253451e-01 -1.125817264263229700e-01 4.061504494046443425e-01
1.305033570777858019e+09 1.636990629464506686e+00 -2.838389796452446268e-01 9.516891003554462936e-01 -8.791136805815192856e-01 2.235213920591918035e-01 -1.115441232001289779e-01 4.059005204306222470e-01
1.305033570812773943e+09 1.636157712882493120e+00 -2.838519729162325422e-01 9.515453310523340757e-01 -8.791245079602253432e-01 2.233884632952834459e-01 -1.114516093273503761e-01 4.059756553644658372e-01
1.305033570844871998e+09 1.636581579864828884e+00 -2.843061971993298132e-01 9.519767174301669854e-01 -8.792703303513721425e-01 2.226941377742813755e-01 -1.109844955089123314e-01 4.061692367983949503e-01
1.305033570881244898e+09 1.635995375180166800e+00 -2.848761848233742899e-01 9.519794798015597248e-01 -8.790794604619077690e-01 2.222989838611925673e-01 -1.112618165733554876e-01 4.067225985128923305e-01
1.305033570912861109e+09 1.634691414324598524e+00 -2.860321323576633379e-01 9.511200659603458174e-01 -8.786062802717758968e-01 2.232228374464341192e-01 -1.109269305313192316e-01 4.073300690990738215e-01
1.305033570949081898e+09 1.634568369195510851e+00 -2.868283353384781798e-01 9.517534479815583648e-01 -8.788048261737744227e-01 2.231014193954424796e-01 -1.105791877922599337e-01 4.070627437934170034e-01
1.305033570980633020e+09 1.633880328912796331e+00 -2.898127885052177444e-01 9.515549089122347093e-01 -8.782120081858425520e-01 2.236229176253363427e-01 -1.111712991947861467e-01 4.078938607361785595e-01
1.305033571012823105e+09 1.631542486882192833e+00 -2.912464710185570516e-01 9.523124053012539392e-01 -8.778377339720007111e-01 2.253812885589287773e-01 -1.116019250249538769e-01 4.076140305646313577e-01
1.305033571046469927e+09 1.631087807622711772e+00 -2.937837132667094897e-01 9.539504904181892453e-01 -8.781374153563176188e-01 2.256230558980655831e-01 -1.104638469119210292e-01 4.071445135624010003e-01
1.305033571077804089e+09 1.630186753884959039e+00 -2.977149661202498354e-01 9.541951244167422574e-01 -8.779071217146824369e-01 2.256152597748182220e-01 -1.107875999357771507e-01 4.075572940088955098e-01
1.305033571112750053e+09 1.628099288029169811e+00 -2.999320147877180265e-01 9.547238046190906768e-01 -8.781076835287550120e-01 2.255378884685460550e-01 -1.115083319421136809e-01 4.069710664167674463e-01
1.305033571147699118e+09 1.627301498177222472e+00 -3.041405601357317634e-01 9.548418423055492488e-01 -8.781160942410188852e-01 2.246651096896404576e-01 -1.117720448614455964e-01 4.073631346974476708e-01
1.305033571177870989e+09 1.625575230357238388e+00 -3.070565266273198590e-01 9.543618463168114241e-01 -8.781110816601989111e-01 2.239322712642730639e-01 -1.133430030022586632e-01 4.073433807273778018e-01
1.305033571212793112e+09 1.624847329801633711e+00 -3.109888910007793106e-01 9.545468661906841845e-01 -8.781547623608221276e-01 2.235946341638724855e-01 -1.137331750541654141e-01 4.073259355948629645e-01
1.305033571246885061e+09 1.624206404121322445e+00 -3.131592788983659226e-01 9.557553171056247798e-01 -8.784109321003491511e-01 2.237885254678414482e-01 -1.147819211997626737e-01 4.063718011885377734e-01
1.305033571277797937e+09 1.623056957790558030e+00 -3.158494019836644018e-01 9.573115232009441478e-01 -8.782415784525460234e-01 2.245606458734280553e-01 -1.158973886366304884e-01 4.059951249821839858e-01
1.305033571312823057e+09 1.621409130993707759e+00 -3.180892770118025625e-01 9.567771003941794028e-01 -8.780735357809829056e-01 2.246630874206316242e-01 -1.177546911550853420e-01 4.057674156739092264e-01
1.305033571345834017e+09 1.620511852522479979e+00 -3.213717024676662204e-01 9.579170780123842377e-01 -8.778247300011707832e-01 2.254937495289419114e-01 -1.190328109041984411e-01 4.054719500162693446e-01
1.305033571377887964e+09 1.619321531887228938e+00 -3.242697950426571829e-01 9.577361428248125641e-01 -8.772466171955716208e-01 2.266127456884131919e-01 -1.197918186502067300e-01 4.058755428637708662e-01
1.305033571412843943e+09 1.618454081173061443e+00 -3.271467658263981226e-01 9.587135744708287222e-01 -8.770688454978744497e-01 2.271774355737925521e-01 -1.199920145625181372e-01 4.058849214548000961e-01
1.305033571446208000e+09 1.618100703319664380e+00 -3.303637245112865939e-01 9.592848327820930887e-01 -8.766419339299780233e-01 2.273435361136804944e-01 -1.210424928396749006e-01 4.064019576601381467e-01
1.305033571479710102e+09 1.615076419987868217e+00 -3.325407308490538894e-01 9.593535350093100877e-01 -8.758077324574355949e-01 2.289451461436217417e-01 -1.229486511674637017e-01 4.067291051807604974e-01
1.305033571513549089e+09 1.613055331671157555e+00 -3.338831857097286360e-01 9.586122098780145429e-01 -8.752292047377832063e-01 2.302389215156043223e-01 -1.232990376716184139e-01 4.071378458245463183e-01
1.305033571546864033e+09 1.612769179351286608e+00 -3.390465414637875430e-01 9.585524548863100236e-01 -8.747144212419877274e-01 2.312926086618333210e-01 -1.231974661665099502e-01 4.076773169798019181e-01
1.305033571577893019e+09 1.609972535768858348e+00 -3.414104561064663645e-01 9.590281872262114149e-01 -8.741882546178317837e-01 2.327391007360433139e-01 -1.252224658875759622e-01 4.073656103721099986e-01
1.305033571612860918e+09 1.606726150578030365e+00 -3.445565667606574900e-01 9.591226741867290295e-01 -8.736111770452951175e-01 2.341133406091056024e-01 -1.254700311139959612e-01 4.077397777782199584e-01
1.305033571646121979e+09 1.604656268561966970e+00 -3.467005956015428714e-01 9.592260487393822199e-01 -8.732131398415384771e-01 2.355265197300718816e-01 -1.252613829302058335e-01 4.078426864102560612e-01
1.305033571678643942e+09 1.602903389274348278e+00 -3.509104704010921338e-01 9.594563139469606261e-01 -8.726152988211295369e-01 2.368866684581280579e-01 -1.248415584895532088e-01 4.084627667780983407e-01
1.305033571712929964e+09 1.600588202598761223e+00 -3.537326472391044696e-01 9.603432496356294479e-01 -8.725719832412645038e-01 2.371872058415950835e-01 -1.253183260972218771e-01 4.082348351030980482e-01
1.305033571747704983e+09 1.598064143540441018e+00 -3.570693322888290888e-01 9.610778365644770949e-01 -8.723309560327516810e-01 2.372829009609148387e-01 -1.259289833829131400e-01 4.085063270044960171e-01
1.305033571780914068e+09 1.594959842847106568e+00 -3.599061624490760281e-01 9.606442951283349352e-01 -8.715609760903613168e-01 2.385159325296501986e-01 -1.264715559359104735e-01 4.092634364624791465e-01
1.305033571812886000e+09 1.592814600315827445e+00 -3.657396279483150492e-01 9.621745941493002885e-01 -8.713035678256403349e-01 2.390045416379686094e-01 -1.254439749522083258e-01 4.098423244601807625e-01
1.305033571848721027e+09 1.592016825140833980e+00 -3.716832484989999186e-01 9.612195851225439069e-01 -8.709497748566651376e-01 2.388601961474172697e-01 -1.252690674862053932e-01 4.107310033399937388e-01
1.305033571878866911e+09 1.588923405244648368e+00 -3.763269476221564602e-01 9.600145467653743436e-01 -8.704205318346439624e-01 2.396469950527997939e-01 -1.267174150002115529e-01 4.109502552116533480e-01
1.305033571914169073e+09 1.586227614878197967e+00 -3.813957683423659928e-01 9.606366937293285835e-01 -8.703491222538540795e-01 2.404650947101097669e-01 -1.270270467655784941e-01 4.105277980941356986e-01
1.305033571947545052e+09 1.584120201347031909e+00 -3.867335802112179532e-01 9.612622806344358617e-01 -8.701789292752070137e-01 2.414447964956309700e-01 -1.273190799443961185e-01 4.102229798204263256e-01
1.305033571978986979e+09 1.581313276096402820e+00 -3.905828107418162221e-01 9.614203086428869671e-01 -8.697836689422570045e-01 2.425925589905321145e-01 -1.280205732360149562e-01 4.101657620914909708e-01
1.305033572013000011e+09 1.578146010877258476e+00 -3.957680977964760372e-01 9.611560440700915864e-01 -8.693283105097031616e-01 2.431469111073780720e-01 -1.284499134384607388e-01 4.106683429519957795e-01
1.305033572050296068e+09 1.576035510859448152e+00 -4.029451149415931299e-01 9.605702608612491922e-01 -8.690860963615809620e-01 2.428954519243807786e-01 -1.287118516736143747e-01 4.112473900028900120e-01
1.305033572078119040e+09 1.574233925694839442e+00 -4.088599833864842159e-01 9.600789931866307025e-01 -8.690403741547324534e-01 2.431681259018198538e-01 -1.297402315292273678e-01 4.108595416406216061e-01
1.305033572112771988e+09 1.571673519481604719e+00 -4.148043341512291926e-01 9.602274699001860370e-01 -8.691425142035630325e-01 2.434859164212647697e-01 -1.315912959773332669e-01 4.098653795228525132e-01
1.305033572148148060e+09 1.569245378904285282e+00 -4.191972932369381066e-01 9.623814757317811219e-01 -8.690170780266924799e-01 2.456656932440320351e-01 -1.323436846709591386e-01 4.085863854665159334e-01
1.305033572182204008e+09 1.565997276530555649e+00 -4.246084006941860389e-01 9.638098343780170385e-01 -8.683244679438515412e-01 2.474111654935053917e-01 -1.331261024911039592e-01 4.087514824373121858e-01
1.305033572217214108e+09 1.563859679323421403e+00 -4.295559917550768603e-01 9.657537594844706197e-01 -8.678063754830217524e-01 2.490820664704773424e-01 -1.334062890641771748e-01 4.087456187801193352e-01
1.305033572250147104e+09 1.560403064407245521e+00 -4.348162738642229463e-01 9.662674440938716636e-01 -8.669665896025615659e-01 2.498187400790193302e-01 -1.348964438114055309e-01 4.095881822822420304e-01
1.305033572278115034e+09 1.556407196038052998e+00 -4.403652862742382101e-01 9.676967249681773797e-01 -8.666214883129225166e-01 2.498940680151533478e-01 -1.362515203174805845e-01 4.098239548590443815e-01
1.305033572317979097e+09 1.551893894705423049e+00 -4.455745766187454437e-01 9.687155625585454066e-01 -8.665094708008626023e-01 2.494527051978358556e-01 -1.380118043272112183e-01 4.097406823202185411e-01
1.305033572350194931e+09 1.547916611619214011e+00 -4.502431676058724630e-01 9.718161077742839549e-01 -8.669778978058758634e-01 2.481697096974490313e-01 -1.393956916454563433e-01 4.090598502120111335e-01
1.305033572378518105e+09 1.542466581319475782e+00 -4.536225884086743099e-01 9.768209711317048516e-01 -8.677174898923103452e-01 2.463962611936640346e-01 -1.413947473644072417e-01 4.078759193952586348e-01
1.305033572418247938e+09 1.534924912645624140e+00 -4.591604432117009083e-01 9.821746972430445144e-01 -8.678178344759633900e-01 2.455882404753537140e-01 -1.426339265626784258e-01 4.077182670656068764e-01
1.305033572450331926e+09 1.527311593463071882e+00 -4.662269382531034623e-01 9.882646195071660422e-01 -8.688920437487523962e-01 2.444490085070218921e-01 -1.409100174598207911e-01 4.067132473002608162e-01
1.305033572482120991e+09 1.521690503831899077e+00 -4.730456748493279129e-01 9.927761119606397511e-01 -8.703550504677223243e-01 2.424936469741209022e-01 -1.385890337989285348e-01 4.055514727050050783e-01
1.305033572517832041e+09 1.515231752469756499e+00 -4.797593761487072284e-01 9.987026465827908428e-01 -8.721765049334171405e-01 2.408032774256036457e-01 -1.367995340541661164e-01 4.032465911892865185e-01
1.305033572550497055e+09 1.511765676366369826e+00 -4.868790331143211247e-01 1.007815762339436816e+00 -8.752204129774656671e-01 2.368874195721686893e-01 -1.351461564611962929e-01 3.995110706222790853e-01
1.305033572582154036e+09 1.505271416109369653e+00 -4.941558083884100006e-01 1.014384073779492468e+00 -8.775841654251137491e-01 2.330168870977275541e-01 -1.363804127866176386e-01 3.961685827151656403e-01
1.305033572616678953e+09 1.496561777784527258e+00 -5.000038866274651994e-01 1.021240857791785972e+00 -8.797005926406168408e-01 2.314543497839688935e-01 -1.366118436856809115e-01 3.922919262980399946e-01
1.305033572650227070e+09 1.488854688975769225e+00 -5.066211716392825526e-01 1.030815408886379236e+00 -8.823090166409782720e-01 2.306384306113307414e-01 -1.336363396859418518e-01 3.879149935159970086e-01
1.305033572680315018e+09 1.481819585869654565e+00 -5.140178367490007005e-01 1.038703549000278725e+00 -8.844332749709136188e-01 2.314622496429986909e-01 -1.307505042105397142e-01 3.835457140460782344e-01
1.305033572718259096e+09 1.473150019105985864e+00 -5.134922597393266619e-01 1.053023421788997771e+00 -8.887607401307811017e-01 2.302941286254305830e-01 -1.264601032560451199e-01 3.756019214638153247e-01
1.305033572750165939e+09 1.470012721191432670e+00 -5.172092391582878701e-01 1.068743115607091454e+00 -8.924603733285686458e-01 2.253175648630111882e-01 -1.200370135979372949e-01 3.719376189214036454e-01
1.305033572780966997e+09 1.463307698070602347e+00 -5.216346362200185993e-01 1.078427738127827329e+00 -8.947849554353278778e-01 2.207136075419225962e-01 -1.170631587574442189e-01 3.700562171267469114e-01
1.305033572816626072e+09 1.450323998859996300e+00 -5.223082024486194186e-01 1.089827051061420526e+00 -8.972358854405991790e-01 2.188427105667938299e-01 -1.132931610274355294e-01 3.663881733541818342e-01
1.305033572847583055e+09 1.432975227034051890e+00 -5.181395276981625164e-01 1.105157865404415407e+00 -9.015181693965064191e-01 2.131979963246540266e-01 -1.083137330314876967e-01 3.606656898679280188e-01
1.305033572879278898e+09 1.425439788366887450e+00 -5.203468520151196541e-01 1.115516555556727241e+00 -9.057179842600805442e-01 2.034215282396074909e-01 -9.866831099898468183e-02 3.585515015184383980e-01
1.305033572915302992e+09 1.416827907699654610e+00 -5.219745589917020867e-01 1.125744554088276894e+00 -9.104392656351152358e-01 1.920785769735211257e-01 -8.953373144492178526e-02 3.552321421143753155e-01
1.305033572951889038e+09 1.407867227205157779e+00 -5.201210257292063766e-01 1.134554504881511772e+00 -9.152549112642240914e-01 1.786606182805886844e-01 -8.113014617815250684e-02 3.518618056331587196e-01
1.305033572978188992e+09 1.401329230736523046e+00 -5.183888776432823420e-01 1.143125593805053075e+00 -9.203191319111716506e-01 1.623846797052784230e-01 -7.174252100418981870e-02 3.485640858081121563e-01
1.305033573015418053e+09 1.387111975880750858e+00 -5.130499587871215628e-01 1.158380614824169985e+00 -9.252110452456397960e-01 1.465531809631269722e-01 -6.445594825284814422e-02 3.440234260045181292e-01
1.305033573047133923e+09 1.368867605590742720e+00 -5.088164986914892607e-01 1.162100322511903538e+00 -9.281698019472287564e-01 1.319524199289945909e-01 -5.888588265239015629e-02 3.429603919585665350e-01
1.305033573080128908e+09 1.365851608887831192e+00 -4.991310192146893865e-01 1.175980710248431205e+00 -9.325782978791499200e-01 1.146107479921642802e-01 -4.496002228730645173e-02 3.393238735565608510e-01
1.305033573115330935e+09 1.350018129294032532e+00 -4.916687115921448692e-01 1.183259924810866170e+00 -9.334466177835170075e-01 9.686932322291741393e-02 -3.606986111643577242e-02 3.435006711578417748e-01
1.305033573146193981e+09 1.339922207476034854e+00 -4.864228285674218055e-01 1.185009812796769424e+00 -9.337426607609892182e-01 7.798216034851186695e-02 -2.451769879066928101e-02 3.484857365637469284e-01
1.305033573177561045e+09 1.325480682990101133e+00 -4.729684954742467973e-01 1.198611163042362371e+00 -9.347181057737767862e-01 5.860517544132430590e-02 -1.506361117036295397e-02 3.502007763679035324e-01
1.305033573215744019e+09 1.318308977507710811e+00 -4.681804150933414066e-01 1.204167301113330257e+00 -9.336903879917428650e-01 3.838047064907679912e-02 -2.258116564116976338e-03 3.560113758774666182e-01
1.305033573245662928e+09 1.312070087008319286e+00 -4.540321267733722355e-01 1.211592376540155280e+00 -9.334364921230204892e-01 1.558566642921408764e-02 8.102792418393268969e-03 3.583123594436172232e-01
1.305033573277719975e+09 1.297266672499827411e+00 -4.426857523946160500e-01 1.216423369047360481e+00 -9.313203061491115431e-01 -4.400937669944201408e-03 1.495166404086932695e-02 3.638675127630375816e-01
1.305033573314326048e+09 1.270434737128499414e+00 -4.210050581629307676e-01 1.226712161125671052e+00 -9.304381730986700516e-01 -2.325670109467743371e-02 1.968908135927652236e-02 3.651797803414505994e-01
1.305033573346700907e+09 1.263459160016811467e+00 -4.086532387320896964e-01 1.234228808210727113e+00 -9.254101892122749140e-01 -4.775585854526537277e-02 3.482923185369640739e-02 3.743291122597703358e-01
1.305033573379446983e+09 1.225508144307034808e+00 -3.789743637920903740e-01 1.252363766985015392e+00 -9.231377249864646251e-01 -6.810016206313899978e-02 3.699421710445285200e-02 3.765773978010591994e-01
1.305033573413474083e+09 1.225376964953434511e+00 -3.669086619746886324e-01 1.252047864933365728e+00 -9.127881327310497506e-01 -8.924069516050611717e-02 5.522649602897259508e-02 3.947200998289740470e-01
1.305033573445595980e+09 1.206452613021211207e+00 -3.602291858309526473e-01 1.244934121949939465e+00 -8.987207080213133192e-01 -1.059280173338294079e-01 6.822983361866258312e-02 4.200298012305352935e-01
1.305033573476821899e+09 1.202255956025340966e+00 -3.567892590989137913e-01 1.235903836789149279e+00 -8.820721608145684067e-01 -1.225379009149381304e-01 8.179811612631646134e-02 4.474843395622518649e-01
1.305033573515495062e+09 1.221988322958620143e+00 -3.691558657215019412e-01 1.187771267436342537e+00 -8.541646179161858088e-01 -1.351930316355265116e-01 1.028271803327365785e-01 4.914796238727609512e-01
1.305033573546940088e+09 1.205253485443038342e+00 -3.367781327538651448e-01 1.208216337207622448e+00 -8.441924362866025655e-01 -1.504445536680774353e-01 1.049594695666490607e-01 5.036755667454907437e-01
1.305033573576905966e+09 1.207318793334038576e+00 -3.301744658934643306e-01 1.201964593119284386e+00 -8.266275781499485831e-01 -1.568280721087707275e-01 1.162758980833918376e-01 5.277989374425620106e-01
1.305033573612730026e+09 1.195238883415101760e+00 -3.157981536316076809e-01 1.203353510198265308e+00 -8.107464309307393924e-01 -1.615189699749584595e-01 1.207627901628384737e-01 5.495618214390283196e-01
1.305033573644867897e+09 1.189204914818365655e+00 -2.983427634936633988e-01 1.204084022949588606e+00 -7.966730867055195064e-01 -1.619650813943153411e-01 1.250317271130165220e-01 5.687234587593242852e-01
1.305033573676914930e+09 1.181371545459210637e+00 -2.806802715187859398e-01 1.214981565026999277e+00 -7.917101767384150390e-01 -1.502517835516078704e-01 1.332098784293082316e-01 5.769527934564816496e-01
1.305033573712810993e+09 1.169256834481498863e+00 -2.751058554208354323e-01 1.231205990006044360e+00 -7.905678464117972259e-01 -1.319342800206872446e-01 1.346728492467697824e-01 5.826311437358909773e-01
1.305033573746551991e+09 1.151811503707550699e+00 -2.736039235613139109e-01 1.248100023854208374e+00 -7.910924583602308990e-01 -1.131611018381394607e-01 1.305449448544943603e-01 5.867923863934174644e-01
1.305033573777048111e+09 1.135241775160247268e+00 -2.716786101224307748e-01 1.263152170654495698e+00 -7.893657404658981358e-01 -9.918245272574097160e-02 1.267154791650287882e-01 5.924590755402501241e-01
1.305033573812928915e+09 1.117928318246356412e+00 -2.705478387154559572e-01 1.274881321340912255e+00 -7.850404604293983457e-01 -8.999932433289985212e-02 1.182202781049224299e-01 6.013614245636433875e-01
1.305033573847554922e+09 1.106070858758078757e+00 -2.669249192088950506e-01 1.281658614262708884e+00 -7.799014489810065509e-01 -8.294247573012034080e-02 1.139212251074081944e-01 6.098329525920290761e-01
1.305033573876900911e+09 1.089513577152011026e+00 -2.641491982143686634e-01 1.293004058206632445e+00 -7.786002384685242195e-01 -7.210066822807012499e-02 1.065809794734648847e-01 6.141853605486702339e-01
1.305033573915599108e+09 1.075374226227285845e+00 -2.606139658647260715e-01 1.303822750563705446e+00 -7.767334276266777415e-01 -5.986943828696101449e-02 1.032743988719535821e-01 6.184134792387315782e-01
1.305033573945652962e+09 1.056999763960509986e+00 -2.547106507589954605e-01 1.313187017010284618e+00 -7.761167501870162022e-01 -4.241682722572466535e-02 1.024528570976145497e-01 6.207632519083126077e-01
1.305033573977056026e+09 1.039086516421600326e+00 -2.476711331221033152e-01 1.320429602217107590e+00 -7.759233837586002602e-01 -2.567684050805946888e-02 1.041996731236580903e-01 6.216317483197351113e-01
