1.305033527670033932e+09 1.490599999999999925e+00 -1.168099999999999916e+00 6.610000000000000320e-01 -8.958911710360140113e-01 -7.129929734888668102e-02 4.599954667670114183e-02 4.360957022980307962e-01
1.305033527701983929e+09 1.494722947606003771e+00 -1.190126760295682873e+00 6.787743030155128920e-01 -8.988374701624255447e-01 -6.934677633024567689e-02 4.466811580010908445e-02 4.304497488389111837e-01
1.305033527733905077e+09 1.496750241638811874e+00 -1.198872690986605427e+00 6.735791661956079812e-01 -9.002883759586025603e-01 -6.815150593637443743e-02 4.403159720917984576e-02 4.276650918646912047e-01
1.305033527769942999e+09 1.496750241638811874e+00 -1.198872690986605427e+00 6.735791661956079812e-01 -9.002883759586025603e-01 -6.815150593637443743e-02 4.403159720917984576e-02 4.276650918646912047e-01
1.305033527801980972e+09 1.496750241638811874e+00 -1.198872690986605427e+00 6.735791661956079812e-01 -9.002883759586025603e-01 -6.815150593637443743e-02 4.403159720917984576e-02 4.276650918646912047e-01
1.305033527833906889e+09 1.498724462017717141e+00 -1.213754515114811916e+00 6.704743588870577531e-01 -9.060911558903396168e-01 -6.752326233104796738e-02 3.839165494195996564e-02 4.158912202635422495e-01
1.305033527869940996e+09 1.498724462017717141e+00 -1.213754515114811916e+00 6.704743588870577531e-01 -9.060911558903396168e-01 -6.752326233104796738e-02 3.839165494195996564e-02 4.158912202635422495e-01
1.305033527901959896e+09 1.498724462017717141e+00 -1.213754515114811916e+00 6.704743588870577531e-01 -9.060911558903396168e-01 -6.752326233104796738e-02 3.839165494195996564e-02 4.158912202635422495e-01
1.305033527933928967e+09 1.504559343469692445e+00 -1.228283298823261482e+00 6.684072970504887357e-01 -9.096275305047921700e-01 -5.219302144991690151e-02 3.855743827170236837e-02 4.103254418307568097e-01
1.305033527969980001e+09 1.504559343469692445e+00 -1.228283298823261482e+00 6.684072970504887357e-01 -9.096275305047921700e-01 -5.219302144991690151e-02 3.855743827170236837e-02 4.103254418307568097e-01
1.305033528002018929e+09 1.511065282726887116e+00 -1.236228248919206907e+00 6.644964994143134351e-01 -9.106946381536474844e-01 -4.271252985499221499e-02 4.180617188538628126e-02 4.087336049603370047e-01
1.305033528034008980e+09 1.511065282726887116e+00 -1.236228248919206907e+00 6.644964994143134351e-01 -9.106946381536474844e-01 -4.271252985499221499e-02 4.180617188538628126e-02 4.087336049603370047e-01
1.305033528070091009e+09 1.511065282726887116e+00 -1.236228248919206907e+00 6.644964994143134351e-01 -9.106946381536474844e-01 -4.271252985499221499e-02 4.180617188538628126e-02 4.087336049603370047e-01
1.305033528102035999e+09 1.511065282726887116e+00 -1.236228248919206907e+00 6.644964994143134351e-01 -9.106946381536474844e-01 -4.271252985499221499e-02 4.180617188538628126e-02 4.087336049603370047e-01
1.305033528133965015e+09 1.511065282726887116e+00 -1.236228248919206907e+00 6.644964994143134351e-01 -9.106946381536474844e-01 -4.271252985499221499e-02 4.180617188538628126e-02 4.087336049603370047e-01
1.305033528169886112e+09 1.511065282726887116e+00 -1.236228248919206907e+00 6.644964994143134351e-01 -9.106946381536474844e-01 -4.271252985499221499e-02 4.180617188538628126e-02 4.087336049603370047e-01
1.305033528202011108e+09 1.510247735795892332e+00 -1.224019312251347191e+00 6.666438383732128381e-01 -9.113055846465087928e-01 -3.635862491506122729e-02 4.278468137334833638e-02 4.078843620760077004e-01
1.305033528234025955e+09 1.510247735795892332e+00 -1.224019312251347191e+00 6.666438383732128381e-01 -9.113055846465087928e-01 -3.635862491506122729e-02 4.278468137334833638e-02 4.078843620760077004e-01
1.305033528269953012e+09 1.512470791603841569e+00 -1.214700980990034873e+00 6.633485709795299279e-01 -9.099910463593368082e-01 -3.682708788510246495e-02 4.618545671269715797e-02 4.103985437741973774e-01
1.305033528301989079e+09 1.512470791603841569e+00 -1.214700980990034873e+00 6.633485709795299279e-01 -9.099910463593368082e-01 -3.682708788510246495e-02 4.618545671269715797e-02 4.103985437741973774e-01
1.305033528333972931e+09 1.512470791603841569e+00 -1.214700980990034873e+00 6.633485709795299279e-01 -9.099910463593368082e-01 -3.682708788510246495e-02 4.618545671269715797e-02 4.103985437741973774e-01
1.305033528369960070e+09 1.512726337647900543e+00 -1.201298187992297706e+00 6.612673241947750746e-01 -9.097086943461973885e-01 -3.887029696197334683e-02 4.361177470435568387e-02 4.111170205089558216e-01
1.305033528402060986e+09 1.512726337647900543e+00 -1.201298187992297706e+00 6.612673241947750746e-01 -9.097086943461973885e-01 -3.887029696197334683e-02 4.361177470435568387e-02 4.111170205089558216e-01
1.305033528433943987e+09 1.515658904286846465e+00 -1.185170639066187581e+00 6.611687014763594217e-01 -9.086585821865467150e-01 -3.939827013159422076e-02 4.338074459895444046e-02 4.134071459559121031e-01
1.305033528470017910e+09 1.515658904286846465e+00 -1.185170639066187581e+00 6.611687014763594217e-01 -9.086585821865467150e-01 -3.939827013159422076e-02 4.338074459895444046e-02 4.134071459559121031e-01
1.305033528502259970e+09 1.515716592661060957e+00 -1.166983310809000418e+00 6.592322943329800289e-01 -9.079457423954433448e-01 -3.961832373147261555e-02 4.410726565546323891e-02 4.148728316087880730e-01
1.305033528534013987e+09 1.517505094424679513e+00 -1.154080800425684172e+00 6.603978557719801801e-01 -9.081070840467395655e-01 -4.129976009974287154e-02 4.601006164512179419e-02 4.141484370938079418e-01
1.305033528570000887e+09 1.517505094424679513e+00 -1.154080800425684172e+00 6.603978557719801801e-01 -9.081070840467395655e-01 -4.129976009974287154e-02 4.601006164512179419e-02 4.141484370938079418e-01
1.305033528601902008e+09 1.519033865346661738e+00 -1.133817795489726166e+00 6.594882112378828154e-01 -9.058409246891893085e-01 -4.669035441100836958e-02 4.790039549420406495e-02 4.183034569241659839e-01
1.305033528633991003e+09 1.520855494827144216e+00 -1.121798531516634556e+00 6.620808778235681702e-01 -9.053122851625784451e-01 -5.052860192411193913e-02 4.918680759976083727e-02 4.188522229610927572e-01
1.305033528669998884e+09 1.525072230833800502e+00 -1.110235485912489439e+00 6.661379145131589574e-01 -9.055501441846786070e-01 -5.359921723009251904e-02 5.205534669709796503e-02 4.176078317748287971e-01
1.305033528702008009e+09 1.529335598150796560e+00 -1.096376472595752993e+00 6.666255551112616473e-01 -9.057634069472672023e-01 -5.022087830749907833e-02 5.522306870032526321e-02 4.171581555005506314e-01
1.305033528734047890e+09 1.529335598150796560e+00 -1.096376472595752993e+00 6.666255551112616473e-01 -9.057634069472672023e-01 -5.022087830749907833e-02 5.522306870032526321e-02 4.171581555005506314e-01
1.305033528770045042e+09 1.538131243608074739e+00 -1.071903635467850169e+00 6.700620004575907895e-01 -9.056858849912673426e-01 -4.974041982301918852e-02 5.764103199347567902e-02 4.170569263231840851e-01
1.305033528801994085e+09 1.543942765971276776e+00 -1.057394679584865660e+00 6.700701673272362324e-01 -9.058233388404016706e-01 -4.827050486548868646e-02 5.929506345390926636e-02 4.166990912181767204e-01
1.305033528834357977e+09 1.544280803901868504e+00 -1.045961320963063823e+00 6.725964719579398121e-01 -9.062678692053550700e-01 -4.544806510320997112e-02 5.800445553722233250e-02 4.162313128083831582e-01
1.305033528870165110e+09 1.550380563461805972e+00 -1.032536947234219626e+00 6.723189818958978936e-01 -9.064924820726166788e-01 -4.347429370593928338e-02 6.066323520263236513e-02 4.155735044818745227e-01
1.305033528902091980e+09 1.556556714644882655e+00 -1.017058152583171449e+00 6.732783060555755927e-01 -9.068267012453573583e-01 -4.224766544430604703e-02 6.333782062209419861e-02 4.145706081620026962e-01
1.305033528934257984e+09 1.561235205017747152e+00 -1.006378710954242361e+00 6.742677413146178633e-01 -9.062453263943548443e-01 -4.226600957872519992e-02 6.383982473574464911e-02 4.157613132560433189e-01
1.305033528969917059e+09 1.567016887202190567e+00 -9.912130663087266313e-01 6.759422089692638247e-01 -9.063262074544499169e-01 -4.276222938617482705e-02 6.295792624456293674e-02 4.156687346218641554e-01
1.305033529002386093e+09 1.570387439328669865e+00 -9.785722074817653215e-01 6.800978717369905446e-01 -9.069096309389078625e-01 -4.153931796275105170e-02 6.080319395961492762e-02 4.148401836584212909e-01
1.305033529033895969e+09 1.573329820718492256e+00 -9.640977519621153347e-01 6.805081643561149418e-01 -9.071896592039392360e-01 -4.179249829447068132e-02 6.047513177092227882e-02 4.142500063452464465e-01
1.305033529069871902e+09 1.575431446367546950e+00 -9.496775776765767896e-01 6.844320564887964586e-01 -9.071473451527677367e-01 -4.364298266417365041e-02 5.953097844564043950e-02 4.142886033331892315e-01
1.305033529101938009e+09 1.577646763784016803e+00 -9.359431963535047583e-01 6.837375076075150604e-01 -9.058683404139488138e-01 -4.544244075937270422e-02 6.003823540640990802e-02 4.168128413362449658e-01
1.305033529133980036e+09 1.582117557351185644e+00 -9.199670453603698839e-01 6.837528955621648974e-01 -9.045619987066076950e-01 -4.773353489208982670e-02 6.160219624307719521e-02 4.191590027193047296e-01
1.305033529170049906e+09 1.583179934386360621e+00 -9.078604421841960370e-01 6.844528057966325907e-01 -9.033067106878993613e-01 -4.676552474142423033e-02 6.216841850546613035e-02 4.218827560619134442e-01
1.305033529201937914e+09 1.587881708319369478e+00 -8.914777753331271093e-01 6.897760206047153231e-01 -9.032987112791903694e-01 -4.682058111816311818e-02 6.237779228281872812e-02 4.218628715768112936e-01
1.305033529233932972e+09 1.588189326965974590e+00 -8.738298031509122987e-01 6.887648883391013221e-01 -9.023565915885105593e-01 -4.658384301895425461e-02 6.079153834070735729e-02 4.241307770635391883e-01
1.305033529270157099e+09 1.590431606486836014e+00 -8.586868866386547783e-01 6.921790173752900843e-01 -9.014419389794645632e-01 -4.603713333117556705e-02 6.046212953055323663e-02 4.261775966615579669e-01
1.305033529302066088e+09 1.593716335218992697e+00 -8.447619242981931897e-01 6.901081593481783738e-01 -9.002051888638221699e-01 -4.347035323640461441e-02 6.294739249340791654e-02 4.286940308780068376e-01
1.305033529333973885e+09 1.590037978160603549e+00 -8.338222630942783153e-01 6.955439633661957277e-01 -8.987227765275250801e-01 -4.361130170028797159e-02 5.739221834047604498e-02 4.325523766997720898e-01
1.305033529369872093e+09 1.587341842143174420e+00 -8.226700597237855961e-01 6.931533927028921127e-01 -8.965116475195833434e-01 -4.304955029459018451e-02 5.437500750109520303e-02 4.375579511795116838e-01
1.305033529402096033e+09 1.589481600485248114e+00 -8.096742966540186881e-01 6.925781641345577500e-01 -8.952472634100889781e-01 -4.208819701983759071e-02 5.490223365782669757e-02 4.401666340918488629e-01
1.305033529434346914e+09 1.587993993828528794e+00 -7.949479694420535925e-01 6.934631519298234403e-01 -8.945244640680672932e-01 -4.148462561228213885e-02 5.370813421570575646e-02 4.418375780087219762e-01
1.305033529470113039e+09 1.585743034788049011e+00 -7.774724137398441037e-01 6.969820849586775280e-01 -8.941311839063788014e-01 -4.178846591598187055e-02 5.237220365171986469e-02 4.427643869680906730e-01
1.305033529502275944e+09 1.584272129233180504e+00 -7.644060299412845927e-01 6.988208955068931916e-01 -8.927600125002073117e-01 -4.200409700479712516e-02 5.146889428434699848e-02 4.456076400114656333e-01
1.305033529534027100e+09 1.586425236392113192e+00 -7.501097533880797252e-01 7.001517018293531569e-01 -8.919491023835722787e-01 -4.090966559595178575e-02 5.224436607623544893e-02 4.472401192103180323e-01
1.305033529569931984e+09 1.585301745247169158e+00 -7.354342612987372352e-01 7.018006816122221991e-01 -8.914726806439269291e-01 -3.875089126467365364e-02 5.142507441798896406e-02 4.484755175177671527e-01
1.305033529601907969e+09 1.581188079485194242e+00 -7.209003611937754297e-01 7.012012170110240028e-01 -8.913530525347864719e-01 -3.642791332588181386e-02 5.071023268587927096e-02 4.489891036189900264e-01
1.305033529634597063e+09 1.586177756643321501e+00 -7.032520991267052768e-01 7.026390622352354232e-01 -8.914310528436175662e-01 -3.758193366300933286e-02 5.198609961092139076e-02 4.485930469094588369e-01
1.305033529670028925e+09 1.588187811024899254e+00 -6.882487614961234623e-01 7.018925080249059922e-01 -8.914157677447085426e-01 -3.653374860632237903e-02 4.917673380137709688e-02 4.490265728011098578e-01
1.305033529701927900e+09 1.585521384598336025e+00 -6.712719086715327466e-01 7.042187515361840733e-01 -8.925052572569884823e-01 -3.393319418533952830e-02 4.590598720800617011e-02 4.474098171022571346e-01
1.305033529735153913e+09 1.581654189096540764e+00 -6.531784223261669631e-01 7.071451191218484089e-01 -8.929636708710629867e-01 -3.175368897361133258e-02 4.275500507663902716e-02 4.469671076062976534e-01
1.305033529769984961e+09 1.577904592295850783e+00 -6.350222168579081616e-01 7.085001705570984631e-01 -8.926647482116534249e-01 -2.625434695124932022e-02 4.234848260202011411e-02 4.479586616951337086e-01
1.305033529801903963e+09 1.574182862007343031e+00 -6.191387815448685661e-01 7.102430508975594581e-01 -8.919862717809033947e-01 -2.015707485814889968e-02 4.416673774041337402e-02 4.494479753708287562e-01
1.305033529835175991e+09 1.572146747800372779e+00 -6.024344910443623080e-01 7.105128954594996937e-01 -8.917234498404442711e-01 -1.397521845067523256e-02 4.637001833745885843e-02 4.499820037215890856e-01
1.305033529870052099e+09 1.572721754851031051e+00 -5.877479812990620278e-01 7.081329135053234802e-01 -8.911569903830286465e-01 -9.720585825230046093e-03 4.727791236864549440e-02 4.511203029179018387e-01
1.305033529902039051e+09 1.567961476107524899e+00 -5.716103655230856395e-01 7.114979346024288276e-01 -8.919098955704706233e-01 -7.931627686914553138e-03 4.503683109158152648e-02 4.498950003177816792e-01
1.305033529934437990e+09 1.566595411009586325e+00 -5.585776685944140452e-01 7.104603866503188536e-01 -8.915406060331537708e-01 -8.971404811474468013e-03 4.473045893810712742e-02 4.506373794226703478e-01
1.305033529969974995e+09 1.564622529243048454e+00 -5.414652236377194283e-01 7.127022762113282006e-01 -8.921406852505520124e-01 -1.021623148707690582e-02 4.459630534860747897e-02 4.494349740330979559e-01
1.305033530002319098e+09 1.563857971323834306e+00 -5.232847826304580785e-01 7.117541846986393805e-01 -8.913542760026266221e-01 -1.203323255204192914e-02 4.446461396858589904e-02 4.509608121231893918e-01
1.305033530034538984e+09 1.563032261324066585e+00 -5.091924248498075345e-01 7.110745901333049845e-01 -8.907123723487004874e-01 -1.154471115558064129e-02 4.525609227131578011e-02 4.521615590711073329e-01
1.305033530070091963e+09 1.564359093410314872e+00 -4.922313467102087392e-01 7.115825769098250708e-01 -8.905217481388095768e-01 -1.200489965681811322e-02 4.667995087537743504e-02 4.523802390271933205e-01
1.305033530102639914e+09 1.565381407212126819e+00 -4.741687689786365789e-01 7.121881387412882791e-01 -8.901852552805332719e-01 -1.267052428900108593e-02 4.710079258084238357e-02 4.529803355926502739e-01
1.305033530133963108e+09 1.565866328254092554e+00 -4.584111256860047279e-01 7.125013592279691998e-01 -8.898123231500639774e-01 -1.420195972679688667e-02 4.628788934445518533e-02 4.537507743356918311e-01
1.305033530169975042e+09 1.563877724741298270e+00 -4.405072573924297963e-01 7.128480499999323428e-01 -8.897579409718679999e-01 -1.483826621710391744e-02 4.582781970697973051e-02 4.538837332115754908e-01
1.305033530202533007e+09 1.565666994719824734e+00 -4.231616138606455468e-01 7.124776573204978369e-01 -8.896687055748740969e-01 -1.629832660414294587e-02 4.719454246059291008e-02 4.538685206450958631e-01
1.305033530234343052e+09 1.566925689697530544e+00 -4.040343337395272405e-01 7.081263393870338430e-01 -8.895083756920174611e-01 -1.740443917590774742e-02 4.770008353277015167e-02 4.540887986965628231e-01
1.305033530270088911e+09 1.566209978963492011e+00 -3.862123971768838260e-01 7.065400084914841283e-01 -8.894120240086305085e-01 -1.812108534316049166e-02 4.715244595221729923e-02 4.543066416591117762e-01
1.305033530302540064e+09 1.567830250975438933e+00 -3.666409606440326208e-01 7.073428945960232861e-01 -8.894543666806777882e-01 -1.897161965294613672e-02 4.842360148721325253e-02 4.540552411980573466e-01
1.305033530334417105e+09 1.568214450553774508e+00 -3.483164907070495087e-01 7.056207697871950124e-01 -8.891290995115177509e-01 -1.923915986143999793e-02 4.980879775013953570e-02 4.545309481172314925e-01
1.305033530369991064e+09 1.572633279939144701e+00 -3.299801706484291053e-01 7.023178994425174348e-01 -8.887504058724328138e-01 -2.141078542271545454e-02 5.173633072618332579e-02 4.549589502495354210e-01
1.305033530402280092e+09 1.577036772972827849e+00 -3.120714434811533433e-01 6.996566516462706664e-01 -8.890900429112346126e-01 -2.304757931264891230e-02 5.055374385297494583e-02 4.543479103796712604e-01
1.305033530433938980e+09 1.577387150879157041e+00 -2.943273488420640183e-01 6.983122110685402451e-01 -8.898053149769573622e-01 -2.281588364354933743e-02 4.806757975690680723e-02 4.532278065924851274e-01
1.305033530470000982e+09 1.577716364076732214e+00 -2.764452303858951909e-01 6.981152874806587638e-01 -8.905214770429173976e-01 -2.217363721601562504e-02 4.805760838317668648e-02 4.518520720483666930e-01
1.305033530503175974e+09 1.583286776463617151e+00 -2.577320386441548372e-01 6.962130788949116855e-01 -8.910149195449859061e-01 -2.269877012801859925e-02 5.001508607218595193e-02 4.506391795528985611e-01
1.305033530534055948e+09 1.586278324547603980e+00 -2.406578743420483280e-01 6.923160139423927273e-01 -8.912393720781395245e-01 -2.262719422479959192e-02 4.998153867791216981e-02 4.502024406094051190e-01
1.305033530570010900e+09 1.589040518360882670e+00 -2.225607582665244388e-01 6.939130585551774866e-01 -8.922197071532043111e-01 -2.453185413909990398e-02 4.881915437210614800e-02 4.482843656278239775e-01
1.305033530603079081e+09 1.593066703374703685e+00 -2.045358480035387450e-01 6.914320642406114326e-01 -8.925093906624480544e-01 -2.776245315595348914e-02 4.806036076590249756e-02 4.476007545761740980e-01
1.305033530634562016e+09 1.595059901273794267e+00 -1.870708935396739880e-01 6.907611294734723462e-01 -8.928802959054401578e-01 -3.017367342356208626e-02 4.596044490912946229e-02 4.469250095034921766e-01
1.305033530670053005e+09 1.596044751602563760e+00 -1.692155559930155206e-01 6.936445886132033278e-01 -8.933671344251717938e-01 -3.285773885063485861e-02 4.491150627584798716e-02 4.458682414465230948e-01
1.305033530702903986e+09 1.596443763023981832e+00 -1.535249409523598008e-01 6.912602619407350879e-01 -8.928068479138731028e-01 -3.327394743698441903e-02 4.460045247980944094e-02 4.469894589122336837e-01
1.305033530733843088e+09 1.596683337300388139e+00 -1.377833874567795380e-01 6.944413583437319959e-01 -8.931090955917230234e-01 -3.330503643885838333e-02 4.426115869330406183e-02 4.464166974366742813e-01
1.305033530770068884e+09 1.597575435295684132e+00 -1.211677820425864915e-01 6.971793716416319064e-01 -8.929320636773390163e-01 -3.285906884841585662e-02 4.476232170066603289e-02 4.467537865618038118e-01
1.305033530802639961e+09 1.599475164235412361e+00 -1.054063447655932961e-01 6.979691635672253813e-01 -8.918728879251029973e-01 -3.296638936911318318e-02 4.544142612211346521e-02 4.487884198016801052e-01
1.305033530834043026e+09 1.598349097736236013e+00 -9.070943225443173219e-02 7.004309803847046378e-01 -8.907777258890319239e-01 -3.251580163956543229e-02 4.498094554135913942e-02 4.510371162575272930e-01
1.305033530869990110e+09 1.597970558492031179e+00 -7.576380089025658293e-02 7.018152590548933922e-01 -8.888169401658243540e-01 -3.311766972405870424e-02 4.496971266240677723e-02 4.548465584890911129e-01
1.305033530903177023e+09 1.598466879924015815e+00 -6.316087760615940461e-02 7.024733373087844734e-01 -8.866994793820697218e-01 -3.422590263767858604e-02 4.445110872313561001e-02 4.589299726379685307e-01
1.305033530935393095e+09 1.598803009543036113e+00 -5.073784206541742670e-02 7.031394369518388920e-01 -8.850866933568229955e-01 -3.266193176218824823e-02 4.409062382204079894e-02 4.621804413291749070e-01
1.305033530969918013e+09 1.598571268009486568e+00 -3.682425083437856905e-02 7.013794630940261010e-01 -8.834119586046986772e-01 -3.041519004284576333e-02 4.416248143977562907e-02 4.655189607759807613e-01
1.305033531001894951e+09 1.598571268009486568e+00 -3.682425083437856905e-02 7.013794630940261010e-01 -8.834119586046986772e-01 -3.041519004284576333e-02 4.416248143977562907e-02 4.655189607759807613e-01
1.305033531035070896e+09 1.598571268009486568e+00 -3.682425083437856905e-02 7.013794630940261010e-01 -8.834119586046986772e-01 -3.041519004284576333e-02 4.416248143977562907e-02 4.655189607759807613e-01
1.305033531070067883e+09 1.597460995405072248e+00 -2.249431903589904636e-02 7.026405854773023485e-01 -8.815300358297331051e-01 -3.115731087304520613e-02 4.492847714288213112e-02 4.689514365590656264e-01
1.305033531103063107e+09 1.597460995405072248e+00 -2.249431903589904636e-02 7.026405854773023485e-01 -8.815300358297331051e-01 -3.115731087304520613e-02 4.492847714288213112e-02 4.689514365590656264e-01
1.305033531134773016e+09 1.593745611331156775e+00 -1.295196748223736982e-02 7.036227212239185569e-01 -8.810510371532439544e-01 -3.138859802988024084e-02 4.447877768705046919e-02 4.698781375850315523e-01
1.305033531169951916e+09 1.593745611331156775e+00 -1.295196748223736982e-02 7.036227212239185569e-01 -8.810510371532439544e-01 -3.138859802988024084e-02 4.447877768705046919e-02 4.698781375850315523e-01
1.305033531203418016e+09 1.593745611331156775e+00 -1.295196748223736982e-02 7.036227212239185569e-01 -8.810510371532439544e-01 -3.138859802988024084e-02 4.447877768705046919e-02 4.698781375850315523e-01
1.305033531234206915e+09 1.593745611331156775e+00 -1.295196748223736982e-02 7.036227212239185569e-01 -8.810510371532439544e-01 -3.138859802988024084e-02 4.447877768705046919e-02 4.698781375850315523e-01
1.305033531272670984e+09 1.593745611331156775e+00 -1.295196748223736982e-02 7.036227212239185569e-01 -8.810510371532439544e-01 -3.138859802988024084e-02 4.447877768705046919e-02 4.698781375850315523e-01
1.305033531303205013e+09 1.593745611331156775e+00 -1.295196748223736982e-02 7.036227212239185569e-01 -8.810510371532439544e-01 -3.138859802988024084e-02 4.447877768705046919e-02 4.698781375850315523e-01
1.305033531335000992e+09 1.593745611331156775e+00 -1.295196748223736982e-02 7.036227212239185569e-01 -8.810510371532439544e-01 -3.138859802988024084e-02 4.447877768705046919e-02 4.698781375850315523e-01
1.305033531370503902e+09 1.591436592729862154e+00 -2.362993230580534565e-02 6.981318072359159466e-01 -8.839451710938968088e-01 -2.530951890100111706e-02 4.394827660090146887e-02 4.648321328572199707e-01
1.305033531403347015e+09 1.591436592729862154e+00 -2.362993230580534565e-02 6.981318072359159466e-01 -8.839451710938968088e-01 -2.530951890100111706e-02 4.394827660090146887e-02 4.648321328572199707e-01
1.305033531435426950e+09 1.591436592729862154e+00 -2.362993230580534565e-02 6.981318072359159466e-01 -8.839451710938968088e-01 -2.530951890100111706e-02 4.394827660090146887e-02 4.648321328572199707e-01
1.305033531470309973e+09 1.591901339333192889e+00 -3.899675291551951695e-02 6.963616865167039371e-01 -8.875089461272361868e-01 -1.757882017369461966e-02 3.950928095714124899e-02 4.587568771622646535e-01
1.305033531503808022e+09 1.591901339333192889e+00 -3.899675291551951695e-02 6.963616865167039371e-01 -8.875089461272361868e-01 -1.757882017369461966e-02 3.950928095714124899e-02 4.587568771622646535e-01
1.305033531534928083e+09 1.593514030063825082e+00 -5.165921293134867476e-02 6.940645156546318972e-01 -8.892246194360944322e-01 -1.153045172565282141e-02 3.625507911901698632e-02 4.558861635428399506e-01
1.305033531571451902e+09 1.593514030063825082e+00 -5.165921293134867476e-02 6.940645156546318972e-01 -8.892246194360944322e-01 -1.153045172565282141e-02 3.625507911901698632e-02 4.558861635428399506e-01
1.305033531603610992e+09 1.593514030063825082e+00 -5.165921293134867476e-02 6.940645156546318972e-01 -8.892246194360944322e-01 -1.153045172565282141e-02 3.625507911901698632e-02 4.558861635428399506e-01
1.305033531635605097e+09 1.593450432265177907e+00 -7.162288106459491210e-02 6.919933465767370562e-01 -8.903835356685840807e-01 -3.723930864593955753e-03 2.888234162084946446e-02 4.542786612771104737e-01
1.305033531671649933e+09 1.593450432265177907e+00 -7.162288106459491210e-02 6.919933465767370562e-01 -8.903835356685840807e-01 -3.723930864593955753e-03 2.888234162084946446e-02 4.542786612771104737e-01
1.305033531703406096e+09 1.593580188182287305e+00 -9.098281793358076186e-02 6.958553459147215348e-01 -8.917315879286451530e-01 8.165242547692193320e-03 1.852444625729601085e-02 4.521116552304912939e-01
1.305033531735411882e+09 1.591141281011389852e+00 -1.021265322459028457e-01 6.990881037410917598e-01 -8.923375162815923023e-01 1.910237377037005135e-02 1.574893712816255106e-02 4.506892802497853290e-01
1.305033531771384001e+09 1.589590340308585370e+00 -1.131016407324285655e-01 7.008743890279054423e-01 -8.922911957256064452e-01 3.011001928942063505e-02 1.451538366016522606e-02 4.502211816498156161e-01
1.305033531802700996e+09 1.589746879587819350e+00 -1.248361453906345897e-01 7.026696078080985064e-01 -8.916903290840686447e-01 3.899299734431660447e-02 1.189512135672416565e-02 4.508063988720218962e-01
1.305033531833841085e+09 1.586868054120747606e+00 -1.390114292992226108e-01 7.027798660897727201e-01 -8.907315919609594124e-01 4.764884471134350763e-02 8.134304434667848777e-03 4.519520458762558146e-01
1.305033531872625113e+09 1.582351151411065970e+00 -1.516531069746873683e-01 7.035666903033356290e-01 -8.904178432529560316e-01 5.393880594487232560e-02 4.941712001620801598e-03 4.519095585540194859e-01
1.305033531902834892e+09 1.581761236159617612e+00 -1.647822918373216261e-01 7.027663941018540417e-01 -8.902233287653690263e-01 5.699441070971883461e-02 3.132384966812229443e-03 4.519339002931482829e-01
1.305033531933903933e+09 1.581438070709856092e+00 -1.757652717380323582e-01 7.038970288069449355e-01 -8.903914782197930311e-01 6.134461856851003425e-02 -5.701856875861693874e-04 4.510427121399230854e-01
1.305033531971524000e+09 1.577407305177109142e+00 -1.865524332533753382e-01 7.055256279352815074e-01 -8.898586658410546635e-01 6.739529605735045115e-02 -4.695923851308049513e-03 4.512065792916841178e-01
1.305033532003220081e+09 1.573585466866020965e+00 -2.005878160526732845e-01 7.036571854334900955e-01 -8.883480807690274927e-01 7.443397294227807603e-02 -7.486174882159947475e-03 4.530355706251412706e-01
1.305033532033792019e+09 1.571327689592146193e+00 -2.138016189210831808e-01 7.031019755641187974e-01 -8.880162844377380571e-01 8.259942147792752321e-02 -9.527944735617105421e-03 4.522318348082334238e-01
1.305033532071576118e+09 1.569441116791588264e+00 -2.272206870611411800e-01 7.018586468350652696e-01 -8.881180765243870123e-01 9.123051612451513193e-02 -1.198634939803049082e-02 4.503105622860583690e-01
1.305033532101891041e+09 1.562075542197707723e+00 -2.388044143749848969e-01 6.985258496143451623e-01 -8.881117629369675859e-01 9.896387503392603535e-02 -1.688754458765297922e-02 4.485292173415920125e-01
1.305033532135137081e+09 1.557821101168246791e+00 -2.521035400136962812e-01 6.972297573993345710e-01 -8.884872664531514586e-01 1.036293529817920028e-01 -2.110174581461640719e-02 4.465490464380785229e-01
1.305033532171224117e+09 1.556251165625532007e+00 -2.655630365686825201e-01 7.000702499253189659e-01 -8.891797786110277046e-01 1.074250381684866695e-01 -2.353572967884499240e-02 4.441455301049733184e-01
1.305033532203553915e+09 1.551015488323026714e+00 -2.774894372198249970e-01 6.994332361546992116e-01 -8.891618774783217605e-01 1.126113408524844345e-01 -2.588436738830019596e-02 4.427638660454791264e-01
1.305033532233902931e+09 1.551346568687415717e+00 -2.908726261412273306e-01 7.006640864359168219e-01 -8.897022449688883894e-01 1.161125715471632014e-01 -2.602744182942892670e-02 4.407611125063561341e-01
1.305033532271672010e+09 1.549952056571862968e+00 -3.026397863969511048e-01 7.013854054898484014e-01 -8.900381284392585579e-01 1.204485625801598458e-01 -2.843505765397762175e-02 4.387661349659179311e-01
1.305033532303369045e+09 1.547264356298030830e+00 -3.139100173365388935e-01 7.021919526917491661e-01 -8.901138588508383798e-01 1.246451895250105246e-01 -3.039803905247979304e-02 4.373063619840306671e-01
1.305033532335390091e+09 1.545888807380919827e+00 -3.247314093900839360e-01 7.024810232277496347e-01 -8.902965694235280836e-01 1.266068271192307138e-01 -3.140561212980582523e-02 4.362985415128620703e-01
1.305033532371840954e+09 1.547181595842049617e+00 -3.364243982259601529e-01 7.034027983738869727e-01 -8.902593758758134967e-01 1.278628679986782701e-01 -3.203297046215222710e-02 4.359624060119526301e-01
1.305033532403249979e+09 1.545107644697809590e+00 -3.476784452999879260e-01 7.040106270784973752e-01 -8.902777506172343536e-01 1.288486147882881849e-01 -3.383664871343814579e-02 4.354981543323693249e-01
1.305033532435086012e+09 1.549216005976576271e+00 -3.567183665955571126e-01 7.062005499130642461e-01 -8.906006261252651379e-01 1.287954878177691165e-01 -3.432024250318718023e-02 4.348153263370448940e-01
1.305033532471927881e+09 1.550086625500763482e+00 -3.690467004756149416e-01 7.062638293817248281e-01 -8.897502594044111035e-01 1.287331185779910236e-01 -3.754204216310993297e-02 4.363059192140200659e-01
1.305033532502026081e+09 1.549317866454174464e+00 -3.801226518326304982e-01 7.053878312164409969e-01 -8.886257138183600857e-01 1.308231396997332763e-01 -4.054733167569932878e-02 4.377048786041743411e-01
1.305033532539103031e+09 1.550597282210851358e+00 -3.923447563311013297e-01 7.064369541128505681e-01 -8.876827819778978501e-01 1.321500030683693261e-01 -4.191420632846189903e-02 4.390886636852118219e-01
1.305033532571563005e+09 1.551033626254936681e+00 -4.062090011219354757e-01 7.066987013792693784e-01 -8.867843920982000361e-01 1.337194795812550741e-01 -4.394389733414327814e-02 4.402288911448569153e-01
1.305033532603569031e+09 1.551816282139612868e+00 -4.190557713826263964e-01 7.072776362555767138e-01 -8.865795460003342843e-01 1.348137933841700720e-01 -4.543601596281961197e-02 4.401562429190772896e-01
1.305033532635683060e+09 1.552853461919925460e+00 -4.332148981246302100e-01 7.072017314719724057e-01 -8.866570654731397161e-01 1.351494122725422908e-01 -4.722470713387581093e-02 4.397086667841180185e-01
1.305033532672619104e+09 1.551559317962370343e+00 -4.458646214128911822e-01 7.090730318383582365e-01 -8.868776691770973164e-01 1.348314440037531037e-01 -4.991089390081143023e-02 4.390642143159516619e-01
1.305033532702116013e+09 1.552391222416888095e+00 -4.592392856832547832e-01 7.115679256869720248e-01 -8.867591877383538268e-01 1.336670978979143110e-01 -5.117012887220447753e-02 4.395143545009267405e-01
1.305033532739490986e+09 1.552406729886029568e+00 -4.732048598137842399e-01 7.114396180955975257e-01 -8.862373818364190914e-01 1.331007497343604240e-01 -5.303191861811584751e-02 4.405168658105634849e-01
1.305033532772109985e+09 1.553109114565727200e+00 -4.887940884449500922e-01 7.101934602115970163e-01 -8.856693024593128571e-01 1.338112966992011654e-01 -5.494465398505291032e-02 4.412091437803341010e-01
1.305033532802328110e+09 1.553805081889227502e+00 -5.033861568715152224e-01 7.103725678049124248e-01 -8.856832461526613631e-01 1.360379067260277797e-01 -5.799670288608009538e-02 4.401082342701946870e-01
1.305033532839648008e+09 1.556485630798500219e+00 -5.195528333715571101e-01 7.107992960324022169e-01 -8.856568315595725327e-01 1.401724873546453809e-01 -6.106966729949230011e-02 4.384451462117013865e-01
1.305033532871166945e+09 1.554327159187125273e+00 -5.338469472901997692e-01 7.085336595075579780e-01 -8.843383057852068907e-01 1.490112993518409035e-01 -6.472314130143100308e-02 4.376668922439767018e-01
1.305033532903404951e+09 1.555893281367870973e+00 -5.464200894256461272e-01 7.093392905272133397e-01 -8.839298228491586640e-01 1.572155335745365479e-01 -6.628957391199145899e-02 4.353814840703441602e-01
1.305033532936355114e+09 1.552965606152569400e+00 -5.606770595351429076e-01 7.088644844879381512e-01 -8.832824814840369854e-01 1.653452755700729193e-01 -7.089064572364023320e-02 4.329520921521730625e-01
1.305033532970791101e+09 1.555134722268061376e+00 -5.758480787890639663e-01 7.076963596162011427e-01 -8.832468963811314078e-01 1.725581610295777168e-01 -7.509822310275063306e-02 4.294867378418090742e-01
1.305033533003809929e+09 1.558377432012885810e+00 -5.894062279390903658e-01 7.077886267764182948e-01 -8.834744359827934046e-01 1.799507282694611243e-01 -7.944136835808311703e-02 4.251819908622319621e-01
1.305033533037900925e+09 1.557098389863714738e+00 -5.993315878234990457e-01 7.093231895414106036e-01 -8.833692421216460255e-01 1.901402084746975918e-01 -8.539413052907407486e-02 4.197777098248671734e-01
1.305033533069931984e+09 1.557098389863714738e+00 -5.993315878234990457e-01 7.093231895414106036e-01 -8.833692421216460255e-01 1.901402084746975918e-01 -8.539413052907407486e-02 4.197777098248671734e-01
1.305033533101969957e+09 1.557015356515198290e+00 -6.153815301847090913e-01 7.095468248483228768e-01 -8.805076150141234459e-01 2.148579105509340059e-01 -9.574094279149233944e-02 4.115532651422206811e-01
1.305033533137701988e+09 1.557015356515198290e+00 -6.153815301847090913e-01 7.095468248483228768e-01 -8.805076150141234459e-01 2.148579105509340059e-01 -9.574094279149233944e-02 4.115532651422206811e-01
1.305033533169878960e+09 1.556400750262442179e+00 -6.319380763488626762e-01 7.116278515933132098e-01 -8.743313792118000416e-01 2.399060896030077439e-01 -1.067057329022065432e-01 4.081710353060197249e-01
1.305033533202523947e+09 1.556400750262442179e+00 -6.319380763488626762e-01 7.116278515933132098e-01 -8.743313792118000416e-01 2.399060896030077439e-01 -1.067057329022065432e-01 4.081710353060197249e-01
1.305033533238626003e+09 1.555078008227042563e+00 -6.447574250623552272e-01 7.083504022906127462e-01 -8.654888544581821330e-01 2.686302940423136998e-01 -1.209077535287430283e-01 4.051519752735217583e-01
1.305033533270603895e+09 1.555078008227042563e+00 -6.447574250623552272e-01 7.083504022906127462e-01 -8.654888544581821330e-01 2.686302940423136998e-01 -1.209077535287430283e-01 4.051519752735217583e-01
1.305033533302453041e+09 1.555078008227042563e+00 -6.447574250623552272e-01 7.083504022906127462e-01 -8.654888544581821330e-01 2.686302940423136998e-01 -1.209077535287430283e-01 4.051519752735217583e-01
1.305033533338310957e+09 1.548765052865127556e+00 -6.543224239853947521e-01 7.125917401594606959e-01 -8.542389280817865860e-01 3.010221990888255483e-01 -1.364352420648772823e-01 4.013065089530769569e-01
1.305033533369923115e+09 1.548765052865127556e+00 -6.543224239853947521e-01 7.125917401594606959e-01 -8.542389280817865860e-01 3.010221990888255483e-01 -1.364352420648772823e-01 4.013065089530769569e-01
1.305033533402013063e+09 1.543842946009997608e+00 -6.603699823187406670e-01 7.209861543160983599e-01 -8.396769447142687914e-01 3.390288987103937668e-01 -1.509290787536883283e-01 3.965128592379963957e-01
1.305033533437813997e+09 1.543842946009997608e+00 -6.603699823187406670e-01 7.209861543160983599e-01 -8.396769447142687914e-01 3.390288987103937668e-01 -1.509290787536883283e-01 3.965128592379963957e-01
1.305033533469893932e+09 1.533479943400785084e+00 -6.684220674287900676e-01 7.231145144633640554e-01 -8.227542372639049528e-01 3.762789225521064318e-01 -1.581321943974308697e-01 3.955803920853117606e-01
1.305033533502496958e+09 1.533479943400785084e+00 -6.684220674287900676e-01 7.231145144633640554e-01 -8.227542372639049528e-01 3.762789225521064318e-01 -1.581321943974308697e-01 3.955803920853117606e-01
1.305033533537975073e+09 1.525307206263533999e+00 -6.790155793958136954e-01 7.230210935896116409e-01 -8.098068157736764139e-01 3.987651388492860494e-01 -1.706306693741240221e-01 3.950752584431817538e-01
1.305033533570826054e+09 1.518786405274099360e+00 -6.867924125478848119e-01 7.239118865388285418e-01 -8.045339053471942670e-01 4.073130480374844709e-01 -1.774892895171316098e-01 3.941050978506996927e-01
1.305033533602884054e+09 1.518786405274099360e+00 -6.867924125478848119e-01 7.239118865388285418e-01 -8.045339053471942670e-01 4.073130480374844709e-01 -1.774892895171316098e-01 3.941050978506996927e-01
1.305033533638668060e+09 1.509950520235447291e+00 -6.985768757575999688e-01 7.247628161688765003e-01 -7.956643220533117233e-01 4.263040584890035456e-01 -1.862639782419021894e-01 3.879289454742304022e-01
1.305033533669970036e+09 1.505029450953037085e+00 -7.074659810546288785e-01 7.245605437351315681e-01 -7.913500442046155214e-01 4.335684108131273584e-01 -1.917498261946778970e-01 3.860253163157090217e-01
1.305033533702207088e+09 1.505029450953037085e+00 -7.074659810546288785e-01 7.245605437351315681e-01 -7.913500442046155214e-01 4.335684108131273584e-01 -1.917498261946778970e-01 3.860253163157090217e-01
1.305033533738135099e+09 1.505029450953037085e+00 -7.074659810546288785e-01 7.245605437351315681e-01 -7.913500442046155214e-01 4.335684108131273584e-01 -1.917498261946778970e-01 3.860253163157090217e-01
1.305033533770018101e+09 1.500212707853884941e+00 -7.222706530983038498e-01 7.277868985206430441e-01 -7.846659247750500388e-01 4.485039123016244522e-01 -1.992622123003012224e-01 3.787323565477896947e-01
1.305033533805969954e+09 1.500212707853884941e+00 -7.222706530983038498e-01 7.277868985206430441e-01 -7.846659247750500388e-01 4.485039123016244522e-01 -1.992622123003012224e-01 3.787323565477896947e-01
1.305033533839051008e+09 1.489747893800056344e+00 -7.323520298376364757e-01 7.334027209679968573e-01 -7.763157547627701494e-01 4.627471632520481215e-01 -2.089421159112898330e-01 3.735533482754582746e-01
1.305033533871274948e+09 1.489747893800056344e+00 -7.323520298376364757e-01 7.334027209679968573e-01 -7.763157547627701494e-01 4.627471632520481215e-01 -2.089421159112898330e-01 3.735533482754582746e-01
1.305033533907675028e+09 1.477698950858409077e+00 -7.439492058028736032e-01 7.348331766071805049e-01 -7.662415943818567943e-01 4.791629244698174528e-01 -2.184369807517608508e-01 3.681874472232000706e-01
1.305033533939019918e+09 1.477698950858409077e+00 -7.439492058028736032e-01 7.348331766071805049e-01 -7.662415943818567943e-01 4.791629244698174528e-01 -2.184369807517608508e-01 3.681874472232000706e-01
1.305033533970792055e+09 1.463010430411032736e+00 -7.562183936499933257e-01 7.359329052665869453e-01 -7.562264449069803218e-01 4.936107796456657981e-01 -2.277897332140371989e-01 3.641178376339527789e-01
1.305033534006647110e+09 1.455662686851525889e+00 -7.633361542952112888e-01 7.375267661977268352e-01 -7.517741886751614366e-01 4.993701732254745007e-01 -2.320567035263535194e-01 3.627873835775499156e-01
1.305033534038451910e+09 1.455662686851525889e+00 -7.633361542952112888e-01 7.375267661977268352e-01 -7.517741886751614366e-01 4.993701732254745007e-01 -2.320567035263535194e-01 3.627873835775499156e-01
1.305033534070750952e+09 1.439775892160168436e+00 -7.754314958796335588e-01 7.421751621232641760e-01 -7.411098383656227195e-01 5.118413659411087391e-01 -2.423609306926533535e-01 3.606047737662541608e-01
1.305033534106542110e+09 1.431941200496498423e+00 -7.834658085110129955e-01 7.445446728946799597e-01 -7.358968647782572203e-01 5.181583244933305465e-01 -2.455144208553174667e-01 3.601255674342961344e-01
1.305033534138453960e+09 1.421036648214794473e+00 -7.898836448745518712e-01 7.447126369636711818e-01 -7.302139537516567636e-01 5.247473353461747925e-01 -2.506041790999417596e-01 3.586437803881544761e-01
1.305033534170552015e+09 1.408919221705394298e+00 -7.982980434061350827e-01 7.475481178507508151e-01 -7.252103519998863712e-01 5.315089497623407544e-01 -2.548946795946076538e-01 3.558045586963393125e-01
1.305033534206831932e+09 1.395381904078757840e+00 -8.030021627547089258e-01 7.522557044174740248e-01 -7.202901195104541854e-01 5.392525515037465134e-01 -2.590137226630289669e-01 3.511420238372991443e-01
1.305033534238661051e+09 1.384663351229096229e+00 -8.082734218598426335e-01 7.542937860694645114e-01 -7.155367693771160775e-01 5.476200232066236184e-01 -2.606880160315990791e-01 3.466427558020583888e-01
1.305033534269973993e+09 1.374077696529644621e+00 -8.148169244132867917e-01 7.579591909103094993e-01 -7.123437821888354282e-01 5.539792991034439007e-01 -2.617994670246253097e-01 3.422489024195463636e-01
1.305033534306394100e+09 1.360293940604217600e+00 -8.182984555835526308e-01 7.632598739023566115e-01 -7.085964207645902846e-01 5.601461488462542437e-01 -2.649136731438580528e-01 3.375620686536788817e-01
1.305033534338522911e+09 1.348158669080475658e+00 -8.256571106031853624e-01 7.644110852912697762e-01 -7.066856924041267085e-01 5.623489220872914807e-01 -2.669941398703830071e-01 3.362635146034069766e-01
1.305033534370488882e+09 1.335531629279754995e+00 -8.308528497202432028e-01 7.681757356578886586e-01 -7.045182467668483772e-01 5.656713810302734791e-01 -2.680982798972842973e-01 3.343549625353071097e-01
1.305033534406522036e+09 1.320319705884931860e+00 -8.380761431277847784e-01 7.685609814995283395e-01 -7.021777154951749367e-01 5.685400466434402666e-01 -2.711254885206466625e-01 3.319633122787705171e-01
1.305033534438478947e+09 1.306403340434323379e+00 -8.447157926702467678e-01 7.718698874343631333e-01 -6.995016287976213443e-01 5.736223174147673243e-01 -2.725795753865883353e-01 3.276511610772254168e-01
1.305033534470618963e+09 1.293303178376405294e+00 -8.493368280581249374e-01 7.731086023814489616e-01 -6.965837717060254786e-01 5.791827106795361946e-01 -2.740033965927828885e-01 3.228630906457573557e-01
1.305033534506416082e+09 1.283709871200174879e+00 -8.523918818911496720e-01 7.743662522637221324e-01 -6.929105397526145182e-01 5.862816006577526995e-01 -2.755911844851935411e-01 3.165412574435940152e-01
1.305033534538585901e+09 1.271734090996202049e+00 -8.558396781550760002e-01 7.762223822465121881e-01 -6.888978155375716783e-01 5.923969698600981548e-01 -2.771570536757524406e-01 3.125213551837882631e-01
1.305033534571041107e+09 1.261118122472496550e+00 -8.628541331075314513e-01 7.744658089633280618e-01 -6.853864879992946912e-01 5.967972763963033112e-01 -2.790562810280624584e-01 3.101708641583444392e-01
1.305033534607084036e+09 1.250548054233527218e+00 -8.700581469569145243e-01 7.761205839940950035e-01 -6.808849891607705596e-01 6.031379769530762491e-01 -2.800187673611428396e-01 3.069359904247693227e-01
1.305033534639611959e+09 1.241206838231331266e+00 -8.756878488183670317e-01 7.819586761101354755e-01 -6.759436486732786076e-01 6.101206450082409249e-01 -2.809752486390664217e-01 3.031598456346061843e-01
1.305033534671420097e+09 1.230144694692857366e+00 -8.749278085893164025e-01 7.843822559162951791e-01 -6.695469947806154121e-01 6.172300264257774005e-01 -2.839658938395570598e-01 3.001621018626137727e-01
1.305033534706998110e+09 1.215770246830266466e+00 -8.739707237998839418e-01 7.872796381747437788e-01 -6.626881311084781290e-01 6.243622224643073926e-01 -2.874476624779127021e-01 2.973047214279772033e-01
1.305033534737977028e+09 1.203041142848962242e+00 -8.735249961583304579e-01 7.889117883659311214e-01 -6.561554517044992929e-01 6.310369200842150805e-01 -2.910985583105248908e-01 2.941327218087548823e-01
1.305033534769898891e+09 1.189145754429996593e+00 -8.702758635341127924e-01 7.930643244332389319e-01 -6.491769822812458735e-01 6.379160199552565969e-01 -2.954509155398714060e-01 2.904154845515494743e-01
1.305033534806777000e+09 1.175769829380545861e+00 -8.722797073712587057e-01 7.942326008530069537e-01 6.426249024474216531e-01 -6.439738142340272198e-01 2.979566892398762823e-01 -2.890549647948152945e-01
1.305033534839366913e+09 1.160734960700653184e+00 -8.663777892841219019e-01 7.979004124823194655e-01 6.355476984240726601e-01 -6.505724987515100199e-01 3.027942269284509824e-01 -2.848687470307726399e-01
1.305033534871560097e+09 1.148438848375987531e+00 -8.644797456916033518e-01 8.005556687815208461e-01 6.294116567908426552e-01 -6.567545427562054838e-01 3.051301812978285954e-01 -2.817978163968777316e-01
1.305033534906881094e+09 1.133817791425500099e+00 -8.647874825668537824e-01 8.019448394187409512e-01 6.241097330324789638e-01 -6.615353721366074025e-01 3.073943871385178550e-01 -2.799404995743617341e-01
1.305033534939455032e+09 1.119091024216114727e+00 -8.623548375956756606e-01 8.049115293144460948e-01 6.195937171098336860e-01 -6.660854441251733427e-01 3.105227660725369265e-01 -2.756980569268677739e-01
1.305033534975302935e+09 1.102300606258141746e+00 -8.596003798341023128e-01 8.043738301566317750e-01 6.139472992820954600e-01 -6.713172732268140042e-01 3.132720154499462062e-01 -2.725114249118098519e-01
1.305033535007643938e+09 1.089248338886148471e+00 -8.546285340445507472e-01 8.084518683259953598e-01 6.080468610347684599e-01 -6.785596183909978762e-01 3.138538324904048826e-01 -2.670798212256269566e-01
1.305033535039541960e+09 1.070889124854128349e+00 -8.524627486288902656e-01 8.092432982305803879e-01 6.019816716303254545e-01 -6.854640099138119558e-01 3.129452522301239825e-01 -2.642393370425012433e-01
1.305033535075357914e+09 1.054577106868590963e+00 -8.496129505512598490e-01 8.080767551011179828e-01 5.976134510490427321e-01 -6.910247979615998792e-01 3.132611480464229659e-01 -2.592495802349941703e-01
1.305033535107726097e+09 1.038971481605950764e+00 -8.455458314817978493e-01 8.049404403630324722e-01 5.937847443822346083e-01 -6.956472947082441571e-01 3.148866676758124150e-01 -2.536550910666851566e-01
1.305033535137975931e+09 1.021210673815034164e+00 -8.442120313875285387e-01 8.074296470574415796e-01 5.906277330174978246e-01 -7.005808943816682621e-01 3.126849958002180796e-01 -2.501467265814416585e-01
1.305033535174375057e+09 1.009315711187486642e+00 -8.379752317540092310e-01 8.097164481607574960e-01 5.887934580304925447e-01 -7.047541076307612951e-01 3.105576773247298861e-01 -2.453524823855117165e-01
1.305033535206381083e+09 9.964603632139337197e-01 -8.332370207473651647e-01 8.064662962432103122e-01 5.862059276656583773e-01 -7.074248759040305812e-01 3.107590895367826622e-01 -2.436009925925626263e-01
1.305033535238647938e+09 9.823709842843636464e-01 -8.278224050341710383e-01 8.067034114717707149e-01 5.844700872044964468e-01 -7.095600823655718870e-01 3.101853481952859815e-01 -2.422896127395900989e-01
1.305033535274514914e+09 9.700364022412848453e-01 -8.268726819103130454e-01 8.075679599527747499e-01 5.841226083896357002e-01 -7.107390830617280608e-01 3.082557029247799951e-01 -2.421345819807896871e-01
1.305033535306554079e+09 9.557350711808999533e-01 -8.260787936306932533e-01 8.067222581910994395e-01 5.837060559360058853e-01 -7.117496277622417100e-01 3.074537325380960473e-01 -2.411885361959308360e-01
1.305033535338664055e+09 9.433092010468822064e-01 -8.270908512371388799e-01 8.050460620670621958e-01 5.837490073345654729e-01 -7.129012441047140047e-01 3.065220926753067232e-01 -2.388579479351923274e-01
1.305033535374612093e+09 9.335053271377338202e-01 -8.241106546414362910e-01 8.103035461097793934e-01 5.837843026345576058e-01 -7.145537137941027073e-01 3.061208538872501328e-01 -2.343051448771011069e-01
1.305033535406681061e+09 9.335053271377338202e-01 -8.241106546414362910e-01 8.103035461097793934e-01 5.837843026345576058e-01 -7.145537137941027073e-01 3.061208538872501328e-01 -2.343051448771011069e-01
1.305033535438750982e+09 9.335053271377338202e-01 -8.241106546414362910e-01 8.103035461097793934e-01 5.837843026345576058e-01 -7.145537137941027073e-01 3.061208538872501328e-01 -2.343051448771011069e-01
1.305033535474571943e+09 9.182038480264803626e-01 -8.218724091370226414e-01 8.107542441218755780e-01 5.809937773599275213e-01 -7.177970791628379699e-01 3.049896430413432391e-01 -2.327979842091755236e-01
1.305033535506535053e+09 9.182038480264803626e-01 -8.218724091370226414e-01 8.107542441218755780e-01 5.809937773599275213e-01 -7.177970791628379699e-01 3.049896430413432391e-01 -2.327979842091755236e-01
1.305033535538690090e+09 9.036069280044709551e-01 -8.226724244188239332e-01 8.145502953031447113e-01 5.804191008839244548e-01 -7.184260169029353937e-01 3.067747951602137757e-01 -2.299281422977378087e-01
1.305033535574683905e+09 9.036069280044709551e-01 -8.226724244188239332e-01 8.145502953031447113e-01 5.804191008839244548e-01 -7.184260169029353937e-01 3.067747951602137757e-01 -2.299281422977378087e-01
1.305033535606540918e+09 8.888883276344591300e-01 -8.252915282016008991e-01 8.195616192119339338e-01 5.782949644593955441e-01 -7.210503401287803316e-01 3.056812960878992347e-01 -2.285175842317150874e-01
1.305033535638674974e+09 8.888883276344591300e-01 -8.252915282016008991e-01 8.195616192119339338e-01 5.782949644593955441e-01 -7.210503401287803316e-01 3.056812960878992347e-01 -2.285175842317150874e-01
1.305033535674647093e+09 8.752201324210322486e-01 -8.267650419851033661e-01 8.175925748316397179e-01 5.758184836536220930e-01 -7.225323108530509186e-01 3.062814277067471558e-01 -2.292854567959122514e-01
1.305033535706589937e+09 8.752201324210322486e-01 -8.267650419851033661e-01 8.175925748316397179e-01 5.758184836536220930e-01 -7.225323108530509186e-01 3.062814277067471558e-01 -2.292854567959122514e-01
1.305033535739049911e+09 8.647426657269615680e-01 -8.271919623278001232e-01 8.185953871179171282e-01 5.745065209510434867e-01 -7.240763825132989773e-01 3.051180631825944900e-01 -2.292566622606317384e-01
1.305033535774483919e+09 8.647426657269615680e-01 -8.271919623278001232e-01 8.185953871179171282e-01 5.745065209510434867e-01 -7.240763825132989773e-01 3.051180631825944900e-01 -2.292566622606317384e-01
1.305033535806446075e+09 8.647426657269615680e-01 -8.271919623278001232e-01 8.185953871179171282e-01 5.745065209510434867e-01 -7.240763825132989773e-01 3.051180631825944900e-01 -2.292566622606317384e-01
1.305033535837735891e+09 8.531421741394695779e-01 -8.304138558685862925e-01 8.179458263156782483e-01 5.743647079887741480e-01 -7.249224314982196660e-01 3.044039504112114880e-01 -2.278834910688529725e-01
1.305033535874455929e+09 8.531421741394695779e-01 -8.304138558685862925e-01 8.179458263156782483e-01 5.743647079887741480e-01 -7.249224314982196660e-01 3.044039504112114880e-01 -2.278834910688529725e-01
1.305033535906797886e+09 8.417669087478178991e-01 -8.281496115876219033e-01 8.222195234033758959e-01 5.713072511879300208e-01 -7.278252937551505930e-01 3.040565240691388560e-01 -2.267774166034036698e-01
1.305033535939291954e+09 8.417669087478178991e-01 -8.281496115876219033e-01 8.222195234033758959e-01 5.713072511879300208e-01 -7.278252937551505930e-01 3.040565240691388560e-01 -2.267774166034036698e-01
1.305033535975404978e+09 8.316547167998931123e-01 -8.284803614015554540e-01 8.236948107705149846e-01 5.703171031830485127e-01 -7.289499258692146988e-01 3.027298338467567795e-01 -2.274314294271511105e-01
1.305033536008090973e+09 8.316547167998931123e-01 -8.284803614015554540e-01 8.236948107705149846e-01 5.703171031830485127e-01 -7.289499258692146988e-01 3.027298338467567795e-01 -2.274314294271511105e-01
1.305033536039419889e+09 8.173527413108754303e-01 -8.318981607736448680e-01 8.217832781501268613e-01 5.721820593810169608e-01 -7.281952642671618570e-01 3.011933360253734038e-01 -2.272045826018546655e-01
1.305033536075320005e+09 8.173527413108754303e-01 -8.318981607736448680e-01 8.217832781501268613e-01 5.721820593810169608e-01 -7.281952642671618570e-01 3.011933360253734038e-01 -2.272045826018546655e-01
1.305033536107441902e+09 8.099249247172406463e-01 -8.292024832317412830e-01 8.149251450798999930e-01 5.702648474286161617e-01 -7.298247096677481505e-01 3.024059517758225790e-01 -2.251766801339853685e-01
1.305033536137918949e+09 8.099249247172406463e-01 -8.292024832317412830e-01 8.149251450798999930e-01 5.702648474286161617e-01 -7.298247096677481505e-01 3.024059517758225790e-01 -2.251766801339853685e-01
1.305033536175220966e+09 8.099249247172406463e-01 -8.292024832317412830e-01 8.149251450798999930e-01 5.702648474286161617e-01 -7.298247096677481505e-01 3.024059517758225790e-01 -2.251766801339853685e-01
1.305033536203649998e+09 8.099249247172406463e-01 -8.292024832317412830e-01 8.149251450798999930e-01 5.702648474286161617e-01 -7.298247096677481505e-01 3.024059517758225790e-01 -2.251766801339853685e-01
1.305033536241699934e+09 8.001166827661295722e-01 -8.337591754446338488e-01 8.157248845661125847e-01 5.684230572201091070e-01 -7.326955231391319989e-01 3.014184582222155795e-01 -2.218094033970624268e-01
1.305033536275135994e+09 8.001166827661295722e-01 -8.337591754446338488e-01 8.157248845661125847e-01 5.684230572201091070e-01 -7.326955231391319989e-01 3.014184582222155795e-01 -2.218094033970624268e-01
1.305033536305855989e+09 8.001166827661295722e-01 -8.337591754446338488e-01 8.157248845661125847e-01 5.684230572201091070e-01 -7.326955231391319989e-01 3.014184582222155795e-01 -2.218094033970624268e-01
1.305033536343051910e+09 8.001166827661295722e-01 -8.337591754446338488e-01 8.157248845661125847e-01 5.684230572201091070e-01 -7.326955231391319989e-01 3.014184582222155795e-01 -2.218094033970624268e-01
1.305033536375071049e+09 8.001166827661295722e-01 -8.337591754446338488e-01 8.157248845661125847e-01 5.684230572201091070e-01 -7.326955231391319989e-01 3.014184582222155795e-01 -2.218094033970624268e-01
1.305033536404679060e+09 8.001166827661295722e-01 -8.337591754446338488e-01 8.157248845661125847e-01 5.684230572201091070e-01 -7.326955231391319989e-01 3.014184582222155795e-01 -2.218094033970624268e-01
1.305033536443576097e+09 8.001166827661295722e-01 -8.337591754446338488e-01 8.157248845661125847e-01 5.684230572201091070e-01 -7.326955231391319989e-01 3.014184582222155795e-01 -2.218094033970624268e-01
1.305033536474256039e+09 8.001166827661295722e-01 -8.337591754446338488e-01 8.157248845661125847e-01 5.684230572201091070e-01 -7.326955231391319989e-01 3.014184582222155795e-01 -2.218094033970624268e-01
1.305033536507268906e+09 8.001166827661295722e-01 -8.337591754446338488e-01 8.157248845661125847e-01 5.684230572201091070e-01 -7.326955231391319989e-01 3.014184582222155795e-01 -2.218094033970624268e-01
1.305033536542479038e+09 8.144847866524105306e-01 -8.363643599211126878e-01 8.154167447953690750e-01 5.609261848124422745e-01 -7.383591698034563944e-01 3.048888806280604102e-01 -2.173253828439663804e-01
1.305033536573337078e+09 8.144847866524105306e-01 -8.363643599211126878e-01 8.154167447953690750e-01 5.609261848124422745e-01 -7.383591698034563944e-01 3.048888806280604102e-01 -2.173253828439663804e-01
1.305033536604428053e+09 8.245212081381620983e-01 -8.380999491969139958e-01 8.161268094948072038e-01 5.579109480776114349e-01 -7.397932709436954024e-01 3.073505744575365517e-01 -2.167415849858791155e-01
1.305033536643163919e+09 8.245212081381620983e-01 -8.380999491969139958e-01 8.161268094948072038e-01 5.579109480776114349e-01 -7.397932709436954024e-01 3.073505744575365517e-01 -2.167415849858791155e-01
1.305033536675457954e+09 8.245212081381620983e-01 -8.380999491969139958e-01 8.161268094948072038e-01 5.579109480776114349e-01 -7.397932709436954024e-01 3.073505744575365517e-01 -2.167415849858791155e-01
1.305033536707439899e+09 8.359469240914997323e-01 -8.407359325363064073e-01 8.166607636775510271e-01 5.546015902893377536e-01 -7.410763511824263183e-01 3.109522684223651745e-01 -2.157118553294273822e-01
1.305033536743295908e+09 8.359469240914997323e-01 -8.407359325363064073e-01 8.166607636775510271e-01 5.546015902893377536e-01 -7.410763511824263183e-01 3.109522684223651745e-01 -2.157118553294273822e-01
1.305033536775275946e+09 8.501162165761745326e-01 -8.457462130502548803e-01 8.196366226031062130e-01 5.503640306296184725e-01 -7.436357336692421827e-01 3.131981510857323459e-01 -2.145046562567040627e-01
1.305033536808196068e+09 8.501162165761745326e-01 -8.457462130502548803e-01 8.196366226031062130e-01 5.503640306296184725e-01 -7.436357336692421827e-01 3.131981510857323459e-01 -2.145046562567040627e-01
1.305033536843462944e+09 8.624166323558183356e-01 -8.473624289021115530e-01 8.217498689540382317e-01 5.445544909384816279e-01 -7.463025513246319687e-01 3.179713713223885074e-01 -2.130425199448129359e-01
1.305033536871273994e+09 8.624166323558183356e-01 -8.473624289021115530e-01 8.217498689540382317e-01 5.445544909384816279e-01 -7.463025513246319687e-01 3.179713713223885074e-01 -2.130425199448129359e-01
1.305033536907651901e+09 8.753519845913827480e-01 -8.496697109226947209e-01 8.201619613631840888e-01 5.378245136346925248e-01 -7.486726571378158335e-01 3.241857147987823873e-01 -2.124562715200739305e-01
1.305033536943378925e+09 8.753519845913827480e-01 -8.496697109226947209e-01 8.201619613631840888e-01 5.378245136346925248e-01 -7.486726571378158335e-01 3.241857147987823873e-01 -2.124562715200739305e-01
1.305033536975402117e+09 8.869798077267764258e-01 -8.514491714068848083e-01 8.230059859733278582e-01 5.308685308334027964e-01 -7.523389376110990456e-01 3.274789777713917882e-01 -2.119486849281957686e-01
1.305033537007345915e+09 8.869798077267764258e-01 -8.514491714068848083e-01 8.230059859733278582e-01 5.308685308334027964e-01 -7.523389376110990456e-01 3.274789777713917882e-01 -2.119486849281957686e-01
1.305033537043379068e+09 8.869798077267764258e-01 -8.514491714068848083e-01 8.230059859733278582e-01 5.308685308334027964e-01 -7.523389376110990456e-01 3.274789777713917882e-01 -2.119486849281957686e-01
1.305033537075248957e+09 8.994732979236075288e-01 -8.515237061268097207e-01 8.263918162949652757e-01 5.252680445071408188e-01 -7.553860998448861386e-01 3.311858111702237206e-01 -2.092875535245638519e-01
1.305033537107490063e+09 9.061904421696515000e-01 -8.554277968981633951e-01 8.332101006529750720e-01 5.241119449286032461e-01 -7.567810289197072215e-01 3.305220254801002899e-01 -2.081930213117578754e-01
1.305033537143619061e+09 9.061904421696515000e-01 -8.554277968981633951e-01 8.332101006529750720e-01 5.241119449286032461e-01 -7.567810289197072215e-01 3.305220254801002899e-01 -2.081930213117578754e-01
1.305033537175494909e+09 9.170198111589777934e-01 -8.587958209123911502e-01 8.378643878740108519e-01 5.206989572533446964e-01 -7.579612237569883781e-01 3.336599993722494939e-01 -2.074569449668976773e-01
1.305033537207417965e+09 9.170198111589777934e-01 -8.587958209123911502e-01 8.378643878740108519e-01 5.206989572533446964e-01 -7.579612237569883781e-01 3.336599993722494939e-01 -2.074569449668976773e-01
1.305033537243686914e+09 9.268576375536300427e-01 -8.636070917600729979e-01 8.361997963961964597e-01 5.169648951160001893e-01 -7.589476159173461634e-01 3.367800755349505959e-01 -2.081465691135752083e-01
1.305033537275552034e+09 9.268576375536300427e-01 -8.636070917600729979e-01 8.361997963961964597e-01 5.169648951160001893e-01 -7.589476159173461634e-01 3.367800755349505959e-01 -2.081465691135752083e-01
1.305033537307573080e+09 9.400490700879559069e-01 -8.645546129917776046e-01 8.347103829135641417e-01 5.094259752999013013e-01 -7.638951006405374500e-01 3.385821476733855140e-01 -2.056977884762143660e-01
1.305033537343854904e+09 9.400490700879559069e-01 -8.645546129917776046e-01 8.347103829135641417e-01 5.094259752999013013e-01 -7.638951006405374500e-01 3.385821476733855140e-01 -2.056977884762143660e-01
1.305033537375637054e+09 9.536683328511341706e-01 -8.682718599019760841e-01 8.328110924311530328e-01 5.032775536751386003e-01 -7.677709887425118174e-01 3.397306419415693779e-01 -2.045055102878237663e-01
1.305033537407661915e+09 9.536683328511341706e-01 -8.682718599019760841e-01 8.328110924311530328e-01 5.032775536751386003e-01 -7.677709887425118174e-01 3.397306419415693779e-01 -2.045055102878237663e-01
1.305033537443628073e+09 9.536683328511341706e-01 -8.682718599019760841e-01 8.328110924311530328e-01 5.032775536751386003e-01 -7.677709887425118174e-01 3.397306419415693779e-01 -2.045055102878237663e-01
1.305033537475436926e+09 9.718352964790792914e-01 -8.717564701586945075e-01 8.348771261831298141e-01 4.975435337103817357e-01 -7.718843447231102939e-01 3.399292168182241891e-01 -2.027143753849477703e-01
1.305033537502234936e+09 9.718352964790792914e-01 -8.717564701586945075e-01 8.348771261831298141e-01 4.975435337103817357e-01 -7.718843447231102939e-01 3.399292168182241891e-01 -2.027143753849477703e-01
1.305033537543400049e+09 9.893564924015773032e-01 -8.756817241933099183e-01 8.313809435956417415e-01 4.920972267226444985e-01 -7.742394632007552069e-01 3.420817850638592228e-01 -2.034050771293882953e-01
1.305033537575726032e+09 9.983873861494467761e-01 -8.789940669442060095e-01 8.268634126459071254e-01 4.878565086010062668e-01 -7.761667956792905887e-01 3.437142598462657461e-01 -2.035230696479206902e-01
1.305033537602339983e+09 1.008254631907643084e+00 -8.771384211298582922e-01 8.246704892589035163e-01 4.832970169478985056e-01 -7.784603559206819678e-01 3.452714802581127174e-01 -2.030051048360103361e-01
1.305033537639756918e+09 1.017611864659545118e+00 -8.811142748087755772e-01 8.246754609001620828e-01 4.799615924187269345e-01 -7.802331739544450251e-01 3.451675879130334801e-01 -2.042850956828494713e-01
1.305033537674026966e+09 1.027135260044178322e+00 -8.851883480265936299e-01 8.267289183111432571e-01 4.765683984138987528e-01 -7.823215945630336288e-01 3.454111146923307674e-01 -2.038299442196003231e-01
1.305033537702286005e+09 1.027135260044178322e+00 -8.851883480265936299e-01 8.267289183111432571e-01 4.765683984138987528e-01 -7.823215945630336288e-01 3.454111146923307674e-01 -2.038299442196003231e-01
1.305033537743773937e+09 1.044089229744383118e+00 -8.912146946198813424e-01 8.227079010610092169e-01 4.700468053646337796e-01 -7.847253301995373853e-01 3.502462188246128205e-01 -2.014689631402088732e-01
1.305033537775789022e+09 1.051365335082079078e+00 -8.982055611082296886e-01 8.162160012726813463e-01 4.649436361526182449e-01 -7.867342381767173931e-01 3.527477847182731718e-01 -2.011110490699916653e-01
1.305033537802398920e+09 1.051365335082079078e+00 -8.982055611082296886e-01 8.162160012726813463e-01 4.649436361526182449e-01 -7.867342381767173931e-01 3.527477847182731718e-01 -2.011110490699916653e-01
1.305033537844739914e+09 1.066038469430184099e+00 -9.020503700722612983e-01 8.138212700022511292e-01 4.514682811567298226e-01 -7.946948987448408941e-01 3.549386319190692141e-01 -1.966086889985650399e-01
1.305033537875838995e+09 1.066038469430184099e+00 -9.020503700722612983e-01 8.138212700022511292e-01 4.514682811567298226e-01 -7.946948987448408941e-01 3.549386319190692141e-01 -1.966086889985650399e-01
1.305033537902446032e+09 1.079912980053535643e+00 -9.091905729725354712e-01 8.090374053150197753e-01 4.404072394533279922e-01 -8.013731220913765663e-01 3.572442974881775424e-01 -1.903131486229925340e-01
1.305033537944108009e+09 1.085818107930859755e+00 -9.175944419914359163e-01 8.070922398728104241e-01 4.360670814661345429e-01 -8.041293240360978256e-01 3.581201877010291579e-01 -1.870065823649949555e-01
1.305033537975959063e+09 1.085818107930859755e+00 -9.175944419914359163e-01 8.070922398728104241e-01 4.360670814661345429e-01 -8.041293240360978256e-01 3.581201877010291579e-01 -1.870065823649949555e-01
1.305033538002466917e+09 1.085818107930859755e+00 -9.175944419914359163e-01 8.070922398728104241e-01 4.360670814661345429e-01 -8.041293240360978256e-01 3.581201877010291579e-01 -1.870065823649949555e-01
1.305033538041599989e+09 1.098099703290407625e+00 -9.324200150138999277e-01 8.064358900522042850e-01 4.257736154962513675e-01 -8.109754966708365709e-01 3.591301846300913314e-01 -1.790560879565292751e-01
1.305033538074354887e+09 1.107823716536194603e+00 -9.389430250329509064e-01 8.092383160732874448e-01 4.217725515619990539e-01 -8.137002084166278237e-01 3.603886962945007100e-01 -1.735507797584538436e-01
1.305033538102510929e+09 1.117255255579663542e+00 -9.440004263072515611e-01 8.102258432303821589e-01 4.179857328718236675e-01 -8.152423367366070650e-01 3.630809547609973320e-01 -1.698236726657501583e-01
1.305033538144040108e+09 1.125615952454872781e+00 -9.528198665905514009e-01 8.095178559019985398e-01 4.146775065215470013e-01 -8.161090324094429915e-01 3.657690922655010279e-01 -1.679928092153547270e-01
1.305033538175946951e+09 1.125615952454872781e+00 -9.528198665905514009e-01 8.095178559019985398e-01 4.146775065215470013e-01 -8.161090324094429915e-01 3.657690922655010279e-01 -1.679928092153547270e-01
1.305033538202594995e+09 1.142497475905428272e+00 -9.631357341474251488e-01 8.133392488263053721e-01 4.033806476189498724e-01 -8.199497581584753725e-01 3.722287599715269346e-01 -1.625182988848752896e-01
1.305033538243994951e+09 1.142497475905428272e+00 -9.631357341474251488e-01 8.133392488263053721e-01 4.033806476189498724e-01 -8.199497581584753725e-01 3.722287599715269346e-01 -1.625182988848752896e-01
1.305033538275794029e+09 1.155396392971639541e+00 -9.759384030833800905e-01 8.132877079886196015e-01 3.896906498110951356e-01 -8.233775415252557739e-01 3.809093784138633532e-01 -1.584255882046722297e-01
1.305033538302690029e+09 1.162206609183123351e+00 -9.831964291110003584e-01 8.163285285561756588e-01 3.844149392757748585e-01 -8.251396091987408532e-01 3.837358565594682913e-01 -1.552951131991050504e-01
1.305033538344099998e+09 1.162206609183123351e+00 -9.831964291110003584e-01 8.163285285561756588e-01 3.844149392757748585e-01 -8.251396091987408532e-01 3.837358565594682913e-01 -1.552951131991050504e-01
1.305033538376149893e+09 1.175952351707495236e+00 -9.908303472039043935e-01 8.219264308609045555e-01 3.733038007629564947e-01 -8.284711626516436667e-01 3.910351554399977836e-01 -1.461893026202030210e-01
1.305033538402749062e+09 1.175952351707495236e+00 -9.908303472039043935e-01 8.219264308609045555e-01 3.733038007629564947e-01 -8.284711626516436667e-01 3.910351554399977836e-01 -1.461893026202030210e-01
1.305033538443205118e+09 1.191103654717391214e+00 -9.974578889634750922e-01 8.240221352935952481e-01 3.624476517781395901e-01 -8.310364995571162261e-01 3.988993623417521617e-01 -1.374384765912049777e-01
1.305033538471633911e+09 1.191103654717391214e+00 -9.974578889634750922e-01 8.240221352935952481e-01 3.624476517781395901e-01 -8.310364995571162261e-01 3.988993623417521617e-01 -1.374384765912049777e-01
1.305033538502753019e+09 1.191103654717391214e+00 -9.974578889634750922e-01 8.240221352935952481e-01 3.624476517781395901e-01 -8.310364995571162261e-01 3.988993623417521617e-01 -1.374384765912049777e-01
1.305033538543405056e+09 1.205606676984503078e+00 -1.001740162802346346e+00 8.250883834810259776e-01 3.478283597102610480e-01 -8.342357952317351888e-01 4.072545858487648385e-01 -1.311860222756011107e-01
1.305033538575516939e+09 1.205606676984503078e+00 -1.001740162802346346e+00 8.250883834810259776e-01 3.478283597102610480e-01 -8.342357952317351888e-01 4.072545858487648385e-01 -1.311860222756011107e-01
1.305033538602850914e+09 1.219073866858763511e+00 -1.009452485784647191e+00 8.269553907974344087e-01 3.330430526050727202e-01 -8.377900778518316827e-01 4.141181090232826656e-01 -1.252848847367350749e-01
1.305033538643531084e+09 1.226390542133248385e+00 -1.014897501437335370e+00 8.316538445260290846e-01 3.256501317218645775e-01 -8.401142260165725961e-01 4.163234264678495333e-01 -1.217985366421806687e-01
1.305033538670914888e+09 1.226390542133248385e+00 -1.014897501437335370e+00 8.316538445260290846e-01 3.256501317218645775e-01 -8.401142260165725961e-01 4.163234264678495333e-01 -1.217985366421806687e-01
1.305033538703005075e+09 1.238410699876294707e+00 -1.022642066463196331e+00 8.346713123969415893e-01 3.091344368960350364e-01 -8.436999039872542516e-01 4.231908458186904309e-01 -1.162578167356093095e-01
1.305033538743340015e+09 1.238410699876294707e+00 -1.022642066463196331e+00 8.346713123969415893e-01 3.091344368960350364e-01 -8.436999039872542516e-01 4.231908458186904309e-01 -1.162578167356093095e-01
1.305033538770881891e+09 1.253093305416676850e+00 -1.028117853397520376e+00 8.405898613699559485e-01 2.894900302940729420e-01 -8.480511423421916994e-01 4.301815280967632993e-01 -1.093098129939577418e-01
1.305033538802948952e+09 1.253093305416676850e+00 -1.028117853397520376e+00 8.405898613699559485e-01 2.894900302940729420e-01 -8.480511423421916994e-01 4.301815280967632993e-01 -1.093098129939577418e-01
1.305033538844388962e+09 1.261835589966595395e+00 -1.037109275585353707e+00 8.441204093852013868e-01 2.690024490557841874e-01 -8.517976655816562603e-01 4.366849328501975491e-01 -1.066990568526708094e-01
1.305033538870946884e+09 1.261835589966595395e+00 -1.037109275585353707e+00 8.441204093852013868e-01 2.690024490557841874e-01 -8.517976655816562603e-01 4.366849328501975491e-01 -1.066990568526708094e-01
1.305033538902976990e+09 1.261835589966595395e+00 -1.037109275585353707e+00 8.441204093852013868e-01 2.690024490557841874e-01 -8.517976655816562603e-01 4.366849328501975491e-01 -1.066990568526708094e-01
1.305033538944633961e+09 1.269779344037128332e+00 -1.044612473395814645e+00 8.409153882445682404e-01 2.522731983338282746e-01 -8.522779247252306734e-01 4.471430739958153211e-01 -1.002179814506745231e-01
1.305033538970999002e+09 1.269779344037128332e+00 -1.044612473395814645e+00 8.409153882445682404e-01 2.522731983338282746e-01 -8.522779247252306734e-01 4.471430739958153211e-01 -1.002179814506745231e-01
1.305033539003001928e+09 1.280330743112479519e+00 -1.049529450659562713e+00 8.381370468375834992e-01 2.312658874433280720e-01 -8.548198561231443726e-01 4.544474928897478949e-01 -9.631499929335624044e-02
1.305033539044576883e+09 1.280330743112479519e+00 -1.049529450659562713e+00 8.381370468375834992e-01 2.312658874433280720e-01 -8.548198561231443726e-01 4.544474928897478949e-01 -9.631499929335624044e-02
1.305033539071038008e+09 1.284718662886981777e+00 -1.058852567645879095e+00 8.350445056175934688e-01 2.149936999344415622e-01 -8.563617064935156176e-01 4.602082440233891125e-01 -9.290160802118327399e-02
1.305033539103072882e+09 1.284718662886981777e+00 -1.058852567645879095e+00 8.350445056175934688e-01 2.149936999344415622e-01 -8.563617064935156176e-01 4.602082440233891125e-01 -9.290160802118327399e-02
1.305033539144433022e+09 1.296162122140726014e+00 -1.065145860942739775e+00 8.359220793725637977e-01 2.020755631301662247e-01 -8.578064173589198260e-01 4.647702962362741941e-01 -8.556978941149093187e-02
1.305033539171128035e+09 1.296162122140726014e+00 -1.065145860942739775e+00 8.359220793725637977e-01 2.020755631301662247e-01 -8.578064173589198260e-01 4.647702962362741941e-01 -8.556978941149093187e-02
1.305033539202974081e+09 1.299757585235309820e+00 -1.077156103193258607e+00 8.354745222231166890e-01 1.905763420569262512e-01 -8.590596532897096793e-01 4.676696301610637763e-01 -8.356007996034427177e-02
1.305033539244401932e+09 1.299757585235309820e+00 -1.077156103193258607e+00 8.354745222231166890e-01 1.905763420569262512e-01 -8.590596532897096793e-01 4.676696301610637763e-01 -8.356007996034427177e-02
1.305033539271203041e+09 1.299757585235309820e+00 -1.077156103193258607e+00 8.354745222231166890e-01 1.905763420569262512e-01 -8.590596532897096793e-01 4.676696301610637763e-01 -8.356007996034427177e-02
1.305033539303420067e+09 1.302070363389436158e+00 -1.088243702194609197e+00 8.303839174634530806e-01 1.836015902271867506e-01 -8.593013909761331171e-01 4.708542951293535617e-01 -7.866262321313019501e-02
1.305033539344491005e+09 1.302070363389436158e+00 -1.088243702194609197e+00 8.303839174634530806e-01 1.836015902271867506e-01 -8.593013909761331171e-01 4.708542951293535617e-01 -7.866262321313019501e-02
1.305033539371428013e+09 1.307680002022996613e+00 -1.098066058811630663e+00 8.312093768328823185e-01 1.753865026371941860e-01 -8.612612221722005801e-01 4.717030633374895143e-01 -7.046206009739824916e-02
1.305033539403098106e+09 1.307680002022996613e+00 -1.098066058811630663e+00 8.312093768328823185e-01 1.753865026371941860e-01 -8.612612221722005801e-01 4.717030633374895143e-01 -7.046206009739824916e-02
1.305033539443552971e+09 1.307954325990190680e+00 -1.108876906788881511e+00 8.232386354933048933e-01 1.648795468524493213e-01 -8.631725448255155309e-01 4.724908819743249278e-01 -6.708397230560327051e-02
1.305033539471316099e+09 1.307954325990190680e+00 -1.108876906788881511e+00 8.232386354933048933e-01 1.648795468524493213e-01 -8.631725448255155309e-01 4.724908819743249278e-01 -6.708397230560327051e-02
1.305033539503331900e+09 1.311211329678440674e+00 -1.120890016687009938e+00 8.212371624196653785e-01 1.591024689893100197e-01 -8.653549821621246974e-01 4.714341019182519688e-01 -5.997538459422686180e-02
1.305033539542411089e+09 1.311211329678440674e+00 -1.120890016687009938e+00 8.212371624196653785e-01 1.591024689893100197e-01 -8.653549821621246974e-01 4.714341019182519688e-01 -5.997538459422686180e-02
1.305033539571542025e+09 1.309811675293757194e+00 -1.131953438578831905e+00 8.158188116098834541e-01 1.530426270042942460e-01 -8.668547578687996191e-01 4.714824496151838740e-01 -5.333931743765509687e-02
1.305033539603503942e+09 1.309811675293757194e+00 -1.131953438578831905e+00 8.158188116098834541e-01 1.530426270042942460e-01 -8.668547578687996191e-01 4.714824496151838740e-01 -5.333931743765509687e-02
1.305033539642471075e+09 1.309811675293757194e+00 -1.131953438578831905e+00 8.158188116098834541e-01 1.530426270042942460e-01 -8.668547578687996191e-01 4.714824496151838740e-01 -5.333931743765509687e-02
1.305033539671545029e+09 1.306167944997407959e+00 -1.142112550365496082e+00 8.110986335321962448e-01 1.477728904933140464e-01 -8.689586357879062195e-01 4.699124252991337958e-01 -4.750131234353352494e-02
1.305033539703341961e+09 1.306167944997407959e+00 -1.142112550365496082e+00 8.110986335321962448e-01 1.477728904933140464e-01 -8.689586357879062195e-01 4.699124252991337958e-01 -4.750131234353352494e-02
1.305033539743168116e+09 1.305743279107804300e+00 -1.152744822611368569e+00 8.066431002012367513e-01 1.456908242337794646e-01 -8.694259197308156217e-01 4.702417403804003970e-01 -4.177869598634444820e-02
1.305033539771214962e+09 1.305743279107804300e+00 -1.152744822611368569e+00 8.066431002012367513e-01 1.456908242337794646e-01 -8.694259197308156217e-01 4.702417403804003970e-01 -4.177869598634444820e-02
1.305033539803392887e+09 1.297608184338299830e+00 -1.161382824118131651e+00 8.020595615735983674e-01 1.460637489697227676e-01 -8.683377814282768892e-01 4.724407588867126639e-01 -3.813932253822482216e-02
1.305033539844495058e+09 1.297608184338299830e+00 -1.161382824118131651e+00 8.020595615735983674e-01 1.460637489697227676e-01 -8.683377814282768892e-01 4.724407588867126639e-01 -3.813932253822482216e-02
1.305033539871406078e+09 1.296226566298988692e+00 -1.172182035489144791e+00 8.043134309788992908e-01 1.397357686502208596e-01 -8.702698344508676964e-01 4.711753057115015686e-01 -3.313851976574211378e-02
1.305033539903595924e+09 1.296226566298988692e+00 -1.172182035489144791e+00 8.043134309788992908e-01 1.397357686502208596e-01 -8.702698344508676964e-01 4.711753057115015686e-01 -3.313851976574211378e-02
1.305033539939496994e+09 1.296226566298988692e+00 -1.172182035489144791e+00 8.043134309788992908e-01 1.397357686502208596e-01 -8.702698344508676964e-01 4.711753057115015686e-01 -3.313851976574211378e-02
1.305033539971508026e+09 1.296226566298988692e+00 -1.172182035489144791e+00 8.043134309788992908e-01 1.397357686502208596e-01 -8.702698344508676964e-01 4.711753057115015686e-01 -3.313851976574211378e-02
1.305033540003525019e+09 1.296226566298988692e+00 -1.172182035489144791e+00 8.043134309788992908e-01 1.397357686502208596e-01 -8.702698344508676964e-01 4.711753057115015686e-01 -3.313851976574211378e-02
1.305033540039518118e+09 1.296226566298988692e+00 -1.172182035489144791e+00 8.043134309788992908e-01 1.397357686502208596e-01 -8.702698344508676964e-01 4.711753057115015686e-01 -3.313851976574211378e-02
1.305033540071556091e+09 1.288667320435942454e+00 -1.179391384522653130e+00 8.039692042352546419e-01 1.260040178286079282e-01 -8.712137617808194401e-01 4.736010224471425833e-01 -2.848930170752888430e-02
1.305033540103574991e+09 1.288667320435942454e+00 -1.179391384522653130e+00 8.039692042352546419e-01 1.260040178286079282e-01 -8.712137617808194401e-01 4.736010224471425833e-01 -2.848930170752888430e-02
1.305033540139564991e+09 1.288667320435942454e+00 -1.179391384522653130e+00 8.039692042352546419e-01 1.260040178286079282e-01 -8.712137617808194401e-01 4.736010224471425833e-01 -2.848930170752888430e-02
1.305033540171613932e+09 1.288667320435942454e+00 -1.179391384522653130e+00 8.039692042352546419e-01 1.260040178286079282e-01 -8.712137617808194401e-01 4.736010224471425833e-01 -2.848930170752888430e-02
1.305033540203599930e+09 1.288667320435942454e+00 -1.179391384522653130e+00 8.039692042352546419e-01 1.260040178286079282e-01 -8.712137617808194401e-01 4.736010224471425833e-01 -2.848930170752888430e-02
1.305033540239618063e+09 1.288667320435942454e+00 -1.179391384522653130e+00 8.039692042352546419e-01 1.260040178286079282e-01 -8.712137617808194401e-01 4.736010224471425833e-01 -2.848930170752888430e-02
1.305033540271677017e+09 1.279461907445357483e+00 -1.174138861848009530e+00 8.027056338339768615e-01 1.145958428753354463e-01 -8.735367686774597740e-01 4.723207034768156509e-01 -2.672937768447984641e-02
1.305033540303649902e+09 1.279461907445357483e+00 -1.174138861848009530e+00 8.027056338339768615e-01 1.145958428753354463e-01 -8.735367686774597740e-01 4.723207034768156509e-01 -2.672937768447984641e-02
1.305033540339663982e+09 1.271893355869223141e+00 -1.168297600946491155e+00 7.994162800229076549e-01 1.102600715868607140e-01 -8.737319524427658024e-01 4.730562966722904328e-01 -2.555253554758283446e-02
1.305033540371701956e+09 1.271893355869223141e+00 -1.168297600946491155e+00 7.994162800229076549e-01 1.102600715868607140e-01 -8.737319524427658024e-01 4.730562966722904328e-01 -2.555253554758283446e-02
1.305033540403697968e+09 1.267650851682816660e+00 -1.159402396380444289e+00 8.025803939912448115e-01 1.060985197240686684e-01 -8.750403884096510376e-01 4.717371807580671983e-01 -2.261537208800314114e-02
1.305033540439718008e+09 1.267650851682816660e+00 -1.159402396380444289e+00 8.025803939912448115e-01 1.060985197240686684e-01 -8.750403884096510376e-01 4.717371807580671983e-01 -2.261537208800314114e-02
1.305033540471744061e+09 1.260023963393517743e+00 -1.152014586580109023e+00 8.001366512046133028e-01 1.034426799265963925e-01 -8.753164389077227048e-01 4.718775354867775773e-01 -2.126817459096153051e-02
1.305033540503736019e+09 1.260023963393517743e+00 -1.152014586580109023e+00 8.001366512046133028e-01 1.034426799265963925e-01 -8.753164389077227048e-01 4.718775354867775773e-01 -2.126817459096153051e-02
1.305033540539756060e+09 1.260023963393517743e+00 -1.152014586580109023e+00 8.001366512046133028e-01 1.034426799265963925e-01 -8.753164389077227048e-01 4.718775354867775773e-01 -2.126817459096153051e-02
1.305033540571669102e+09 1.255397319686619495e+00 -1.141806673652857151e+00 7.976168619646981650e-01 1.005789856578062358e-01 -8.748377249428348490e-01 4.734711996203144757e-01 -1.917930632197674401e-02
1.305033540603777885e+09 1.255397319686619495e+00 -1.141806673652857151e+00 7.976168619646981650e-01 1.005789856578062358e-01 -8.748377249428348490e-01 4.734711996203144757e-01 -1.917930632197674401e-02
1.305033540639801979e+09 1.247898690559772650e+00 -1.129843309778297611e+00 7.904898139189753259e-01 9.926282163672131564e-02 -8.746037600662129874e-01 4.742609754559579671e-01 -1.707870833294999890e-02
1.305033540671865940e+09 1.247898690559772650e+00 -1.129843309778297611e+00 7.904898139189753259e-01 9.926282163672131564e-02 -8.746037600662129874e-01 4.742609754559579671e-01 -1.707870833294999890e-02
1.305033540703705072e+09 1.239591294705087332e+00 -1.120090076332326712e+00 7.869774923167396352e-01 9.513945588315067536e-02 -8.766446934012807057e-01 4.714533970002015573e-01 -1.320075462248219283e-02
1.305033540739866018e+09 1.239591294705087332e+00 -1.120090076332326712e+00 7.869774923167396352e-01 9.513945588315067536e-02 -8.766446934012807057e-01 4.714533970002015573e-01 -1.320075462248219283e-02
1.305033540771871090e+09 1.239591294705087332e+00 -1.120090076332326712e+00 7.869774923167396352e-01 9.513945588315067536e-02 -8.766446934012807057e-01 4.714533970002015573e-01 -1.320075462248219283e-02
1.305033540803745031e+09 1.235651142509894385e+00 -1.108238426582167646e+00 7.866047349181861659e-01 8.921242870105632050e-02 -8.798030374912408913e-01 4.668213608761189182e-01 -8.097827870074882084e-03
1.305033540839890957e+09 1.235651142509894385e+00 -1.108238426582167646e+00 7.866047349181861659e-01 8.921242870105632050e-02 -8.798030374912408913e-01 4.668213608761189182e-01 -8.097827870074882084e-03
1.305033540871947050e+09 1.235651142509894385e+00 -1.108238426582167646e+00 7.866047349181861659e-01 8.921242870105632050e-02 -8.798030374912408913e-01 4.668213608761189182e-01 -8.097827870074882084e-03
1.305033540903964996e+09 1.235651142509894385e+00 -1.108238426582167646e+00 7.866047349181861659e-01 8.921242870105632050e-02 -8.798030374912408913e-01 4.668213608761189182e-01 -8.097827870074882084e-03
1.305033540940141916e+09 1.232119230381370611e+00 -1.098518869351144067e+00 7.893302962470309936e-01 8.504763971818825319e-02 -8.802953849299749445e-01 4.667129536729578976e-01 -5.094420792966868061e-03
1.305033540972017050e+09 1.232119230381370611e+00 -1.098518869351144067e+00 7.893302962470309936e-01 8.504763971818825319e-02 -8.802953849299749445e-01 4.667129536729578976e-01 -5.094420792966868061e-03
1.305033541003911018e+09 1.232119230381370611e+00 -1.098518869351144067e+00 7.893302962470309936e-01 8.504763971818825319e-02 -8.802953849299749445e-01 4.667129536729578976e-01 -5.094420792966868061e-03
1.305033541040004015e+09 1.221496892784711852e+00 -1.088891878388436263e+00 7.940006096896553567e-01 7.806636860980675774e-02 -8.792354420460753994e-01 4.699101636173192431e-01 -5.926016475192828759e-03
1.305033541071959019e+09 1.221496892784711852e+00 -1.088891878388436263e+00 7.940006096896553567e-01 7.806636860980675774e-02 -8.792354420460753994e-01 4.699101636173192431e-01 -5.926016475192828759e-03
1.305033541103979111e+09 1.221496892784711852e+00 -1.088891878388436263e+00 7.940006096896553567e-01 7.806636860980675774e-02 -8.792354420460753994e-01 4.699101636173192431e-01 -5.926016475192828759e-03
1.305033541140007019e+09 1.221496892784711852e+00 -1.088891878388436263e+00 7.940006096896553567e-01 7.806636860980675774e-02 -8.792354420460753994e-01 4.699101636173192431e-01 -5.926016475192828759e-03
1.305033541171937943e+09 1.221496892784711852e+00 -1.088891878388436263e+00 7.940006096896553567e-01 7.806636860980675774e-02 -8.792354420460753994e-01 4.699101636173192431e-01 -5.926016475192828759e-03
1.305033541203984976e+09 1.211768685249643873e+00 -1.075986453002137022e+00 8.003141737421785029e-01 7.230431614976570720e-02 -8.783692344624682846e-01 4.724675079145774226e-01 -3.745367928607360591e-03
1.305033541239962101e+09 1.211768685249643873e+00 -1.075986453002137022e+00 8.003141737421785029e-01 7.230431614976570720e-02 -8.783692344624682846e-01 4.724675079145774226e-01 -3.745367928607360591e-03
1.305033541271980047e+09 1.207183964996491943e+00 -1.066037546425775195e+00 8.030788716747930822e-01 6.834429187433806174e-02 -8.779116607386551197e-01 4.739198633802600424e-01 3.698660940280734666e-04
1.305033541303932905e+09 1.204190619337125900e+00 -1.057253871322892058e+00 8.069736806104945703e-01 6.642743096498895938e-02 -8.780238677491399857e-01 4.739787494790208555e-01 2.372576771412508029e-03
1.305033541339958906e+09 1.204190619337125900e+00 -1.057253871322892058e+00 8.069736806104945703e-01 6.642743096498895938e-02 -8.780238677491399857e-01 4.739787494790208555e-01 2.372576771412508029e-03
1.305033541371973038e+09 1.198974448693321371e+00 -1.043061192516762326e+00 8.072870064766844989e-01 6.164691975206782609e-02 -8.778571648032501562e-01 4.748789762864559227e-01 7.510883424000597969e-03
1.305033541404068947e+09 1.198974448693321371e+00 -1.043061192516762326e+00 8.072870064766844989e-01 6.164691975206782609e-02 -8.778571648032501562e-01 4.748789762864559227e-01 7.510883424000597969e-03
1.305033541439965963e+09 1.188808039274291017e+00 -1.031522049759836079e+00 8.023260368776063967e-01 5.607155983164181789e-02 -8.776087295066103966e-01 4.759945777246783472e-01 9.384031572030455265e-03
1.305033541472054958e+09 1.188808039274291017e+00 -1.031522049759836079e+00 8.023260368776063967e-01 5.607155983164181789e-02 -8.776087295066103966e-01 4.759945777246783472e-01 9.384031572030455265e-03
1.305033541504009008e+09 1.188808039274291017e+00 -1.031522049759836079e+00 8.023260368776063967e-01 5.607155983164181789e-02 -8.776087295066103966e-01 4.759945777246783472e-01 9.384031572030455265e-03
1.305033541539971113e+09 1.182812898403251545e+00 -1.018583002406093563e+00 8.026206752114317666e-01 5.098249754765756675e-02 -8.784679642994233095e-01 4.749207691720845337e-01 1.204506755587628382e-02
1.305033541572082043e+09 1.182812898403251545e+00 -1.018583002406093563e+00 8.026206752114317666e-01 5.098249754765756675e-02 -8.784679642994233095e-01 4.749207691720845337e-01 1.204506755587628382e-02
1.305033541604042053e+09 1.178855589422205696e+00 -1.009114154287715781e+00 8.057539770038804061e-01 4.366886416514415004e-02 -8.794793637905953254e-01 4.736409509742683377e-01 1.653265039872857042e-02
1.305033541639980078e+09 1.178855589422205696e+00 -1.009114154287715781e+00 8.057539770038804061e-01 4.366886416514415004e-02 -8.794793637905953254e-01 4.736409509742683377e-01 1.653265039872857042e-02
1.305033541672022104e+09 1.169654932530045599e+00 -1.000434393033959202e+00 8.043901067576966213e-01 3.580663452103752947e-02 -8.799750335757610120e-01 4.733553207663867557e-01 1.722107748563850294e-02
1.305033541704000950e+09 1.169654932530045599e+00 -1.000434393033959202e+00 8.043901067576966213e-01 3.580663452103752947e-02 -8.799750335757610120e-01 4.733553207663867557e-01 1.722107748563850294e-02
1.305033541739991903e+09 1.165254979558063342e+00 -9.909112474417384187e-01 8.046144906586581991e-01 3.058411962263050260e-02 -8.800827456415596384e-01 4.734106800317566255e-01 2.003248568681010103e-02
1.305033541772023916e+09 1.154835212242633524e+00 -9.894587286223354150e-01 7.994245799682638820e-01 2.924894135097636655e-02 -8.789799472695523086e-01 4.755395203317625552e-01 2.002289515776888712e-02
1.305033541803997040e+09 1.154835212242633524e+00 -9.894587286223354150e-01 7.994245799682638820e-01 2.924894135097636655e-02 -8.789799472695523086e-01 4.755395203317625552e-01 2.002289515776888712e-02
1.305033541839993000e+09 1.146463595547806857e+00 -9.782487973185829411e-01 7.987374397415433203e-01 2.325225082451723435e-02 -8.792693571408574105e-01 4.752504664149492242e-01 2.194822537405361623e-02
1.305033541872000933e+09 1.146463595547806857e+00 -9.782487973185829411e-01 7.987374397415433203e-01 2.325225082451723435e-02 -8.792693571408574105e-01 4.752504664149492242e-01 2.194822537405361623e-02
1.305033541903964996e+09 1.146463595547806857e+00 -9.782487973185829411e-01 7.987374397415433203e-01 2.325225082451723435e-02 -8.792693571408574105e-01 4.752504664149492242e-01 2.194822537405361623e-02
1.305033541939960957e+09 1.139949876210799351e+00 -9.620412577686767719e-01 7.984426975226319723e-01 1.891609352818001549e-02 -8.791215123920118613e-01 4.753029111470982726e-01 2.957516712224343008e-02
1.305033541971944094e+09 1.139949876210799351e+00 -9.620412577686767719e-01 7.984426975226319723e-01 1.891609352818001549e-02 -8.791215123920118613e-01 4.753029111470982726e-01 2.957516712224343008e-02
1.305033542003968000e+09 1.128066179908123967e+00 -9.518505104245530424e-01 8.011975013741251539e-01 1.007809056792975146e-02 -8.809711668050801414e-01 4.719177834922121395e-01 3.289135102725163767e-02
1.305033542039922953e+09 1.123481824723848277e+00 -9.416851917313590059e-01 7.993657933320827969e-01 6.644474281096752685e-03 -8.809471773258608085e-01 4.717504344241980618e-01 3.659848827078121536e-02
1.305033542071937084e+09 1.123481824723848277e+00 -9.416851917313590059e-01 7.993657933320827969e-01 6.644474281096752685e-03 -8.809471773258608085e-01 4.717504344241980618e-01 3.659848827078121536e-02
1.305033542103992939e+09 1.111559393352779646e+00 -9.299044650201087059e-01 8.008916111133695948e-01 -7.443417733372075656e-04 -8.825595964636192559e-01 4.685779509282637090e-01 3.902189832860127050e-02
1.305033542139985085e+09 1.111559393352779646e+00 -9.299044650201087059e-01 8.008916111133695948e-01 -7.443417733372075656e-04 -8.825595964636192559e-01 4.685779509282637090e-01 3.902189832860127050e-02
1.305033542172013044e+09 1.101279117529078588e+00 -9.162228894837731730e-01 7.970365990343180052e-01 -7.106009214475022748e-03 -8.824204731740701302e-01 4.684507925974247811e-01 4.286569807128318144e-02
1.305033542204179049e+09 1.090440682978175202e+00 -9.138357843114695012e-01 7.951024687888166298e-01 -9.961777538010944608e-03 -8.828432472547251830e-01 4.677110545358647009e-01 4.165252969466332750e-02
1.305033542240318060e+09 1.090440682978175202e+00 -9.138357843114695012e-01 7.951024687888166298e-01 -9.961777538010944608e-03 -8.828432472547251830e-01 4.677110545358647009e-01 4.165252969466332750e-02
1.305033542271975994e+09 1.084310162482916562e+00 -9.018795910181927056e-01 7.924778832595305023e-01 -1.872007204903860730e-02 -8.819913479374427157e-01 4.684187317963618979e-01 4.821527525856840468e-02
1.305033542304127932e+09 1.084310162482916562e+00 -9.018795910181927056e-01 7.924778832595305023e-01 -1.872007204903860730e-02 -8.819913479374427157e-01 4.684187317963618979e-01 4.821527525856840468e-02
1.305033542340007067e+09 1.084310162482916562e+00 -9.018795910181927056e-01 7.924778832595305023e-01 -1.872007204903860730e-02 -8.819913479374427157e-01 4.684187317963618979e-01 4.821527525856840468e-02
1.305033542372071028e+09 1.080701285554132252e+00 -8.893064814338815793e-01 7.925581177535900856e-01 -2.750228522496953043e-02 -8.808873262903412771e-01 4.696374328291496592e-01 5.217110669809550683e-02
1.305033542407881021e+09 1.080701285554132252e+00 -8.893064814338815793e-01 7.925581177535900856e-01 -2.750228522496953043e-02 -8.808873262903412771e-01 4.696374328291496592e-01 5.217110669809550683e-02
1.305033542439965963e+09 1.069682379131150274e+00 -8.770720364675854697e-01 7.893320580964993116e-01 3.211443868467225848e-02 8.791981630982903528e-01 -4.725296724172944329e-01 -5.191301876952304772e-02
1.305033542471999884e+09 1.069682379131150274e+00 -8.770720364675854697e-01 7.893320580964993116e-01 3.211443868467225848e-02 8.791981630982903528e-01 -4.725296724172944329e-01 -5.191301876952304772e-02
1.305033542507853985e+09 1.053441622061507044e+00 -8.667220529345335267e-01 7.877658579723083587e-01 3.787638880819332865e-02 8.783804044165561820e-01 -4.736526858186231870e-01 -5.163697826812091440e-02
1.305033542540011883e+09 1.048022315268541504e+00 -8.586578826683426424e-01 7.853627749114601153e-01 4.071470401494130947e-02 8.771567776036849340e-01 -4.755282146117368880e-01 -5.302091558120482218e-02
1.305033542571969032e+09 1.048022315268541504e+00 -8.586578826683426424e-01 7.853627749114601153e-01 4.071470401494130947e-02 8.771567776036849340e-01 -4.755282146117368880e-01 -5.302091558120482218e-02
1.305033542608015060e+09 1.035247885801467316e+00 -8.467027266203005498e-01 7.894468514439211271e-01 4.959502822696627844e-02 8.769026200876993693e-01 -4.751042934657130345e-01 -5.346062465909053041e-02
1.305033542639940977e+09 1.035247885801467316e+00 -8.467027266203005498e-01 7.894468514439211271e-01 4.959502822696627844e-02 8.769026200876993693e-01 -4.751042934657130345e-01 -5.346062465909053041e-02
1.305033542672238111e+09 1.029743268859113048e+00 -8.320916491810230742e-01 7.873390742400457887e-01 5.790711198695541045e-02 8.744916913451888929e-01 -4.781021432481491473e-01 -5.770085589562223144e-02
1.305033542707959890e+09 1.025008270657431719e+00 -8.228327550011981240e-01 7.887500628530006441e-01 6.127272756257765712e-02 8.741959078097762958e-01 -4.781134825598710170e-01 -5.860601863422390534e-02
1.305033542740019083e+09 1.020174011228955457e+00 -8.118934483621984555e-01 7.868437191757642335e-01 6.392210601649613022e-02 8.735368098588145447e-01 -4.787047178404054137e-01 -6.073877922249625722e-02
1.305033542771950006e+09 1.022578428727398903e+00 -8.021651599316237391e-01 7.866959653224091520e-01 6.764880288981846290e-02 8.731558641176213609e-01 -4.783247767297481023e-01 -6.502218383768021415e-02
1.305033542808027983e+09 1.022578428727398903e+00 -8.021651599316237391e-01 7.866959653224091520e-01 6.764880288981846290e-02 8.731558641176213609e-01 -4.783247767297481023e-01 -6.502218383768021415e-02
1.305033542839939117e+09 1.022578428727398903e+00 -8.021651599316237391e-01 7.866959653224091520e-01 6.764880288981846290e-02 8.731558641176213609e-01 -4.783247767297481023e-01 -6.502218383768021415e-02
1.305033542871963978e+09 1.015862074399684234e+00 -7.846213841593453475e-01 7.865506223061869973e-01 7.282931757509199244e-02 8.723347706136050927e-01 -4.786138878657733020e-01 -6.823990637496922529e-02
1.305033542908103943e+09 1.015862074399684234e+00 -7.846213841593453475e-01 7.865506223061869973e-01 7.282931757509199244e-02 8.723347706136050927e-01 -4.786138878657733020e-01 -6.823990637496922529e-02
1.305033542939843893e+09 1.011685464711499893e+00 -7.679981953872279110e-01 7.844843481013971109e-01 7.775698699316122009e-02 8.715701281134397016e-01 -4.788948388992319560e-01 -7.056270990931817755e-02
1.305033542971973896e+09 1.011685464711499893e+00 -7.679981953872279110e-01 7.844843481013971109e-01 7.775698699316122009e-02 8.715701281134397016e-01 -4.788948388992319560e-01 -7.056270990931817755e-02
1.305033543007967949e+09 1.007227621438117282e+00 -7.531536614483276271e-01 7.810734193719323093e-01 8.157418231641347384e-02 8.711378443885141598e-01 -4.783532630143457753e-01 -7.511767180277796607e-02
1.305033543039967060e+09 1.007227621438117282e+00 -7.531536614483276271e-01 7.810734193719323093e-01 8.157418231641347384e-02 8.711378443885141598e-01 -4.783532630143457753e-01 -7.511767180277796607e-02
1.305033543072134972e+09 1.002221099021794570e+00 -7.410740606600030311e-01 7.786234982542850069e-01 8.543663552304560371e-02 8.709840006342188801e-01 -4.774686356691722477e-01 -7.817386968759026944e-02
1.305033543107924938e+09 1.002221099021794570e+00 -7.410740606600030311e-01 7.786234982542850069e-01 8.543663552304560371e-02 8.709840006342188801e-01 -4.774686356691722477e-01 -7.817386968759026944e-02
1.305033543139950991e+09 9.985686256653806270e-01 -7.294481726116686104e-01 7.766266270821190476e-01 9.098045447540625830e-02 8.697749411351528570e-01 -4.782854521419876437e-01 -8.035629997781351674e-02
1.305033543172106028e+09 9.985686256653806270e-01 -7.294481726116686104e-01 7.766266270821190476e-01 9.098045447540625830e-02 8.697749411351528570e-01 -4.782854521419876437e-01 -8.035629997781351674e-02
1.305033543207931042e+09 9.985686256653806270e-01 -7.294481726116686104e-01 7.766266270821190476e-01 9.098045447540625830e-02 8.697749411351528570e-01 -4.782854521419876437e-01 -8.035629997781351674e-02
1.305033543240032911e+09 9.964867438585619519e-01 -7.172417847722090123e-01 7.743007604417366796e-01 9.922139253979406215e-02 8.681766221923731264e-01 -4.784655573554876251e-01 -8.657469818375349013e-02
1.305033543272003889e+09 9.964867438585619519e-01 -7.172417847722090123e-01 7.743007604417366796e-01 9.922139253979406215e-02 8.681766221923731264e-01 -4.784655573554876251e-01 -8.657469818375349013e-02
1.305033543308000088e+09 9.916429081224508169e-01 -7.033914968800898393e-01 7.815740849744816643e-01 1.092443728920915735e-01 8.678739065182687895e-01 -4.763748833672321048e-01 -8.903662096569492368e-02
1.305033543339972019e+09 9.916429081224508169e-01 -7.033914968800898393e-01 7.815740849744816643e-01 1.092443728920915735e-01 8.678739065182687895e-01 -4.763748833672321048e-01 -8.903662096569492368e-02
1.305033543371989965e+09 9.907904434402927674e-01 -6.920179788035989432e-01 7.826761534254267350e-01 1.201308097057081914e-01 8.664647266440200779e-01 -4.756611282435115884e-01 -9.248760521964075054e-02
1.305033543407963991e+09 9.907904434402927674e-01 -6.920179788035989432e-01 7.826761534254267350e-01 1.201308097057081914e-01 8.664647266440200779e-01 -4.756611282435115884e-01 -9.248760521964075054e-02
1.305033543440047979e+09 9.873722360438385026e-01 -6.811281341132930933e-01 7.831045658325678227e-01 1.309972667268174962e-01 8.648590648484381083e-01 -4.743312092478277897e-01 -9.933991138047891523e-02
1.305033543471987963e+09 9.873722360438385026e-01 -6.811281341132930933e-01 7.831045658325678227e-01 1.309972667268174962e-01 8.648590648484381083e-01 -4.743312092478277897e-01 -9.933991138047891523e-02
1.305033543507966042e+09 9.850129052537389684e-01 -6.709592818238474532e-01 7.835864742351863477e-01 1.461607737598008827e-01 8.626992985014629856e-01 -4.730141730892322705e-01 -1.031723831057995561e-01
1.305033543539942980e+09 9.850129052537389684e-01 -6.709592818238474532e-01 7.835864742351863477e-01 1.461607737598008827e-01 8.626992985014629856e-01 -4.730141730892322705e-01 -1.031723831057995561e-01
1.305033543572019100e+09 9.850129052537389684e-01 -6.709592818238474532e-01 7.835864742351863477e-01 1.461607737598008827e-01 8.626992985014629856e-01 -4.730141730892322705e-01 -1.031723831057995561e-01
1.305033543608011961e+09 9.860497563545284061e-01 -6.609522715846255503e-01 7.803709241575398359e-01 1.580273974071371157e-01 8.592202852615965503e-01 -4.740848595488386663e-01 -1.095964826546238780e-01
1.305033543640626907e+09 9.860497563545284061e-01 -6.609522715846255503e-01 7.803709241575398359e-01 1.580273974071371157e-01 8.592202852615965503e-01 -4.740848595488386663e-01 -1.095964826546238780e-01
1.305033543672030926e+09 9.868338589872999167e-01 -6.470498767567111065e-01 7.747445119780487222e-01 1.671717714163701851e-01 8.562641034025461062e-01 -4.745042697333328174e-01 -1.170943297968907171e-01
1.305033543707860947e+09 9.868338589872999167e-01 -6.470498767567111065e-01 7.747445119780487222e-01 1.671717714163701851e-01 8.562641034025461062e-01 -4.745042697333328174e-01 -1.170943297968907171e-01
1.305033543739958048e+09 9.860455911878985846e-01 -6.301058971178791213e-01 7.693157681542507342e-01 1.788255187317354111e-01 8.547757282194613504e-01 -4.711217833952218159e-01 -1.241940155873904744e-01
1.305033543771927118e+09 9.860455911878985846e-01 -6.301058971178791213e-01 7.693157681542507342e-01 1.788255187317354111e-01 8.547757282194613504e-01 -4.711217833952218159e-01 -1.241940155873904744e-01
1.305033543807900906e+09 9.897558568117592603e-01 -6.178473425337351888e-01 7.685887303065928045e-01 1.938520846919534746e-01 8.533721333342545456e-01 -4.655229715301488769e-01 -1.321579898714685952e-01
1.305033543840065956e+09 9.897558568117592603e-01 -6.178473425337351888e-01 7.685887303065928045e-01 1.938520846919534746e-01 8.533721333342545456e-01 -4.655229715301488769e-01 -1.321579898714685952e-01
1.305033543872061968e+09 9.949851654696104664e-01 -6.009967847807291541e-01 7.598490950441663117e-01 2.040726084014575781e-01 8.502629465848404733e-01 -4.652935659658920531e-01 -1.375106891693662348e-01
1.305033543907963037e+09 9.897943881417854417e-01 -5.923100565233638815e-01 7.588197081952081646e-01 2.071021813932305000e-01 8.507788747231895821e-01 -4.628368574829275772e-01 -1.380798180120356156e-01
1.305033543939939976e+09 9.897943881417854417e-01 -5.923100565233638815e-01 7.588197081952081646e-01 2.071021813932305000e-01 8.507788747231895821e-01 -4.628368574829275772e-01 -1.380798180120356156e-01
1.305033543971940994e+09 9.897943881417854417e-01 -5.923100565233638815e-01 7.588197081952081646e-01 2.071021813932305000e-01 8.507788747231895821e-01 -4.628368574829275772e-01 -1.380798180120356156e-01
1.305033544007958889e+09 9.968191764764440244e-01 -5.798849421164681273e-01 7.550630742496389214e-01 2.173205243770078565e-01 8.488524315581911228e-01 -4.596467819929010434e-01 -1.447279341586113488e-01
1.305033544039988995e+09 9.968191764764440244e-01 -5.798849421164681273e-01 7.550630742496389214e-01 2.173205243770078565e-01 8.488524315581911228e-01 -4.596467819929010434e-01 -1.447279341586113488e-01
1.305033544072098017e+09 9.966651492707843119e-01 -5.642787886161723110e-01 7.515671765762306222e-01 2.256885273911930223e-01 8.470427276839253006e-01 -4.579179071170155213e-01 -1.479678898387848107e-01
1.305033544107969999e+09 9.966651492707843119e-01 -5.642787886161723110e-01 7.515671765762306222e-01 2.256885273911930223e-01 8.470427276839253006e-01 -4.579179071170155213e-01 -1.479678898387848107e-01
1.305033544139946938e+09 1.001002055843097871e+00 -5.508712119068899238e-01 7.468550902425684646e-01 2.334492964625000111e-01 8.451125913777546295e-01 -4.559557579715545761e-01 -1.529394672689984025e-01
1.305033544172048092e+09 1.001002055843097871e+00 -5.508712119068899238e-01 7.468550902425684646e-01 2.334492964625000111e-01 8.451125913777546295e-01 -4.559557579715545761e-01 -1.529394672689984025e-01
1.305033544208165884e+09 1.006430184637642222e+00 -5.364481617413275893e-01 7.432908528031824114e-01 2.425206253675970536e-01 8.427133626580320946e-01 -4.542253804961982611e-01 -1.571535503321050964e-01
1.305033544239968061e+09 1.006430184637642222e+00 -5.364481617413275893e-01 7.432908528031824114e-01 2.425206253675970536e-01 8.427133626580320946e-01 -4.542253804961982611e-01 -1.571535503321050964e-01
1.305033544272203922e+09 1.008738609455779756e+00 -5.232645125684060039e-01 7.392897001937250856e-01 2.507203414581823941e-01 8.410703944314026348e-01 -4.517948037766591485e-01 -1.600667275560639091e-01
1.305033544307976961e+09 1.008738609455779756e+00 -5.232645125684060039e-01 7.392897001937250856e-01 2.507203414581823941e-01 8.410703944314026348e-01 -4.517948037766591485e-01 -1.600667275560639091e-01
1.305033544339998960e+09 1.008738609455779756e+00 -5.232645125684060039e-01 7.392897001937250856e-01 2.507203414581823941e-01 8.410703944314026348e-01 -4.517948037766591485e-01 -1.600667275560639091e-01
1.305033544372061968e+09 1.011409159930671597e+00 -5.110960760706176886e-01 7.367769232178776884e-01 2.601785141913062205e-01 8.397222001651999390e-01 -4.480866354392934459e-01 -1.624565617130134254e-01
1.305033544407927036e+09 1.011409159930671597e+00 -5.110960760706176886e-01 7.367769232178776884e-01 2.601785141913062205e-01 8.397222001651999390e-01 -4.480866354392934459e-01 -1.624565617130134254e-01
1.305033544439901114e+09 1.014750635308953708e+00 -5.010038448722453630e-01 7.358980743436733807e-01 2.709166259788706177e-01 8.377986260794074713e-01 -4.439460469709101131e-01 -1.661612207664125984e-01
1.305033544472184896e+09 1.014750635308953708e+00 -5.010038448722453630e-01 7.358980743436733807e-01 2.709166259788706177e-01 8.377986260794074713e-01 -4.439460469709101131e-01 -1.661612207664125984e-01
1.305033544507909060e+09 1.013932214072263083e+00 -4.869561119729824972e-01 7.340682983717098375e-01 2.808097518325695652e-01 8.351205533706326234e-01 -4.428349766729889336e-01 -1.661828151425183697e-01
1.305033544539983034e+09 1.013932214072263083e+00 -4.869561119729824972e-01 7.340682983717098375e-01 2.808097518325695652e-01 8.351205533706326234e-01 -4.428349766729889336e-01 -1.661828151425183697e-01
1.305033544572058916e+09 1.016858367275437436e+00 -4.771036009103898357e-01 7.328345090208816526e-01 2.903722734027103791e-01 8.317782864567734302e-01 -4.423691978985442308e-01 -1.677447995276574733e-01
1.305033544607959986e+09 1.016858367275437436e+00 -4.771036009103898357e-01 7.328345090208816526e-01 2.903722734027103791e-01 8.317782864567734302e-01 -4.423691978985442308e-01 -1.677447995276574733e-01
1.305033544640039921e+09 1.017903434534215723e+00 -4.665902511542513453e-01 7.332969321123478101e-01 2.991679283537784229e-01 8.288736685867326148e-01 -4.409218400955305928e-01 -1.704550471380977816e-01
1.305033544672142029e+09 1.017903434534215723e+00 -4.665902511542513453e-01 7.332969321123478101e-01 2.991679283537784229e-01 8.288736685867326148e-01 -4.409218400955305928e-01 -1.704550471380977816e-01
1.305033544708156109e+09 1.017903434534215723e+00 -4.665902511542513453e-01 7.332969321123478101e-01 2.991679283537784229e-01 8.288736685867326148e-01 -4.409218400955305928e-01 -1.704550471380977816e-01
1.305033544739928007e+09 1.015653550186494725e+00 -4.548451280310203959e-01 7.301943655451761384e-01 3.094714561768012739e-01 8.251284942787386889e-01 -4.400016606115401685e-01 -1.725946824215586206e-01
1.305033544772173882e+09 1.015653550186494725e+00 -4.548451280310203959e-01 7.301943655451761384e-01 3.094714561768012739e-01 8.251284942787386889e-01 -4.400016606115401685e-01 -1.725946824215586206e-01
1.305033544807982922e+09 1.013299317989041493e+00 -4.437548314744739208e-01 7.334233089608700462e-01 3.205020006829238932e-01 8.218770446419252362e-01 -4.370729854694115346e-01 -1.753961129037740485e-01
1.305033544840009928e+09 1.013299317989041493e+00 -4.437548314744739208e-01 7.334233089608700462e-01 3.205020006829238932e-01 8.218770446419252362e-01 -4.370729854694115346e-01 -1.753961129037740485e-01
1.305033544872116089e+09 1.008936842688833879e+00 -4.322355744544883471e-01 7.365450074548178794e-01 3.304265588173679324e-01 8.181687247192370727e-01 -4.351267550250617067e-01 -1.791170962827664526e-01
1.305033544907777071e+09 1.008936842688833879e+00 -4.322355744544883471e-01 7.365450074548178794e-01 3.304265588173679324e-01 8.181687247192370727e-01 -4.351267550250617067e-01 -1.791170962827664526e-01
1.305033544939847946e+09 1.008936842688833879e+00 -4.322355744544883471e-01 7.365450074548178794e-01 3.304265588173679324e-01 8.181687247192370727e-01 -4.351267550250617067e-01 -1.791170962827664526e-01
1.305033544971988916e+09 1.004967468529705199e+00 -4.200327806718223700e-01 7.400510442782253229e-01 3.472453879379914787e-01 8.116371621608007292e-01 -4.314756523055779391e-01 -1.857270013294560762e-01
1.305033545007915020e+09 1.004967468529705199e+00 -4.200327806718223700e-01 7.400510442782253229e-01 3.472453879379914787e-01 8.116371621608007292e-01 -4.314756523055779391e-01 -1.857270013294560762e-01
1.305033545040093899e+09 1.004967468529705199e+00 -4.200327806718223700e-01 7.400510442782253229e-01 3.472453879379914787e-01 8.116371621608007292e-01 -4.314756523055779391e-01 -1.857270013294560762e-01
1.305033545071928024e+09 1.004967468529705199e+00 -4.200327806718223700e-01 7.400510442782253229e-01 3.472453879379914787e-01 8.116371621608007292e-01 -4.314756523055779391e-01 -1.857270013294560762e-01
1.305033545108140945e+09 1.001142595317707551e+00 -4.090339941559506531e-01 7.417892338726299606e-01 3.580969754780048975e-01 8.066895718960789274e-01 -4.294260079624142579e-01 -1.913420874587985487e-01
1.305033545139997005e+09 1.001142595317707551e+00 -4.090339941559506531e-01 7.417892338726299606e-01 3.580969754780048975e-01 8.066895718960789274e-01 -4.294260079624142579e-01 -1.913420874587985487e-01
1.305033545171999931e+09 1.001142595317707551e+00 -4.090339941559506531e-01 7.417892338726299606e-01 3.580969754780048975e-01 8.066895718960789274e-01 -4.294260079624142579e-01 -1.913420874587985487e-01
1.305033545207995892e+09 1.001142595317707551e+00 -4.090339941559506531e-01 7.417892338726299606e-01 3.580969754780048975e-01 8.066895718960789274e-01 -4.294260079624142579e-01 -1.913420874587985487e-01
1.305033545240042925e+09 9.957744009913555017e-01 -3.994510671324580375e-01 7.454011930876212055e-01 3.688961755177569968e-01 8.020108292699249519e-01 -4.255313503573956435e-01 -1.990409789092466020e-01
1.305033545272058964e+09 9.957744009913555017e-01 -3.994510671324580375e-01 7.454011930876212055e-01 3.688961755177569968e-01 8.020108292699249519e-01 -4.255313503573956435e-01 -1.990409789092466020e-01
1.305033545308058023e+09 9.957744009913555017e-01 -3.994510671324580375e-01 7.454011930876212055e-01 3.688961755177569968e-01 8.020108292699249519e-01 -4.255313503573956435e-01 -1.990409789092466020e-01
1.305033545339931011e+09 9.957744009913555017e-01 -3.994510671324580375e-01 7.454011930876212055e-01 3.688961755177569968e-01 8.020108292699249519e-01 -4.255313503573956435e-01 -1.990409789092466020e-01
1.305033545372092962e+09 9.883979463247892783e-01 -3.932737308763096795e-01 7.483081158029599722e-01 3.777846414315091383e-01 7.977452171775086809e-01 -4.247575380681012924e-01 -2.011525963620678370e-01
1.305033545408030987e+09 9.883979463247892783e-01 -3.932737308763096795e-01 7.483081158029599722e-01 3.777846414315091383e-01 7.977452171775086809e-01 -4.247575380681012924e-01 -2.011525963620678370e-01
1.305033545440032005e+09 9.883979463247892783e-01 -3.932737308763096795e-01 7.483081158029599722e-01 3.777846414315091383e-01 7.977452171775086809e-01 -4.247575380681012924e-01 -2.011525963620678370e-01
1.305033545472172022e+09 9.883979463247892783e-01 -3.932737308763096795e-01 7.483081158029599722e-01 3.777846414315091383e-01 7.977452171775086809e-01 -4.247575380681012924e-01 -2.011525963620678370e-01
1.305033545508019924e+09 9.783416184954837336e-01 -3.974467563006169879e-01 7.521574432290896173e-01 3.918222175139836061e-01 7.910895898486944855e-01 -4.213672860220978311e-01 -2.076107438593204901e-01
1.305033545540000916e+09 9.783416184954837336e-01 -3.974467563006169879e-01 7.521574432290896173e-01 3.918222175139836061e-01 7.910895898486944855e-01 -4.213672860220978311e-01 -2.076107438593204901e-01
1.305033545572073936e+09 9.783416184954837336e-01 -3.974467563006169879e-01 7.521574432290896173e-01 3.918222175139836061e-01 7.910895898486944855e-01 -4.213672860220978311e-01 -2.076107438593204901e-01
1.305033545608000994e+09 9.783416184954837336e-01 -3.974467563006169879e-01 7.521574432290896173e-01 3.918222175139836061e-01 7.910895898486944855e-01 -4.213672860220978311e-01 -2.076107438593204901e-01
1.305033545640202999e+09 9.672291661236164240e-01 -4.017835561199276651e-01 7.582469770926005825e-01 4.032983729804107687e-01 7.849708578076655119e-01 -4.212926874639122965e-01 -2.090063306062417969e-01
1.305033545672133923e+09 9.672291661236164240e-01 -4.017835561199276651e-01 7.582469770926005825e-01 4.032983729804107687e-01 7.849708578076655119e-01 -4.212926874639122965e-01 -2.090063306062417969e-01
1.305033545708266020e+09 9.577123977842989522e-01 -4.089476428871096081e-01 7.642639041967994595e-01 4.071766282417099703e-01 7.821602073926459120e-01 -4.215361484450141916e-01 -2.115180345487079339e-01
1.305033545740135908e+09 9.493153467350636809e-01 -4.087803206332094597e-01 7.701872587174615203e-01 4.081072589975556220e-01 7.819503687262333580e-01 -4.220243649196125935e-01 -2.095173534975261209e-01
1.305033545771903038e+09 9.493153467350636809e-01 -4.087803206332094597e-01 7.701872587174615203e-01 4.081072589975556220e-01 7.819503687262333580e-01 -4.220243649196125935e-01 -2.095173534975261209e-01
1.305033545808008909e+09 9.363326976875161467e-01 -4.140749583718210669e-01 7.707964088667484948e-01 4.108536194966657118e-01 7.781715028937042922e-01 -4.257784695217513571e-01 -2.106207737198729224e-01
1.305033545840003014e+09 9.363326976875161467e-01 -4.140749583718210669e-01 7.707964088667484948e-01 4.108536194966657118e-01 7.781715028937042922e-01 -4.257784695217513571e-01 -2.106207737198729224e-01
1.305033545872067928e+09 9.229824078969263157e-01 -4.224832667866524893e-01 7.710558443045955057e-01 4.144007620549776116e-01 7.737799775008415981e-01 -4.292183829651540772e-01 -2.128570754093677686e-01
1.305033545907982111e+09 9.229824078969263157e-01 -4.224832667866524893e-01 7.710558443045955057e-01 4.144007620549776116e-01 7.737799775008415981e-01 -4.292183829651540772e-01 -2.128570754093677686e-01
1.305033545939975977e+09 9.229824078969263157e-01 -4.224832667866524893e-01 7.710558443045955057e-01 4.144007620549776116e-01 7.737799775008415981e-01 -4.292183829651540772e-01 -2.128570754093677686e-01
1.305033545972035885e+09 9.099309903900133500e-01 -4.291144261890100786e-01 7.709919362002968235e-01 4.177038327367863513e-01 7.707134597998163139e-01 -4.315653205125459801e-01 -2.127807442681295402e-01
1.305033546008052111e+09 9.099309903900133500e-01 -4.291144261890100786e-01 7.709919362002968235e-01 4.177038327367863513e-01 7.707134597998163139e-01 -4.315653205125459801e-01 -2.127807442681295402e-01
1.305033546039978981e+09 8.966559953597125210e-01 -4.328129140170652311e-01 7.654246014055293701e-01 4.188827790633015136e-01 7.686762989287398984e-01 -4.339271790377653426e-01 -2.130285618449957730e-01
1.305033546071991920e+09 8.966559953597125210e-01 -4.328129140170652311e-01 7.654246014055293701e-01 4.188827790633015136e-01 7.686762989287398984e-01 -4.339271790377653426e-01 -2.130285618449957730e-01
1.305033546107950926e+09 8.798107675646482662e-01 -4.361767271144929570e-01 7.659959483223384158e-01 4.190692292857436385e-01 7.700995583685097401e-01 -4.320609714122736755e-01 -2.113077571902211016e-01
1.305033546139986992e+09 8.798107675646482662e-01 -4.361767271144929570e-01 7.659959483223384158e-01 4.190692292857436385e-01 7.700995583685097401e-01 -4.320609714122736755e-01 -2.113077571902211016e-01
1.305033546172246933e+09 8.644523509795289939e-01 -4.423105061585038689e-01 7.682691713025042723e-01 4.239186307740648862e-01 7.680896827555158124e-01 -4.302822434089705328e-01 -2.125756917761681963e-01
1.305033546208142042e+09 8.644523509795289939e-01 -4.423105061585038689e-01 7.682691713025042723e-01 4.239186307740648862e-01 7.680896827555158124e-01 -4.302822434089705328e-01 -2.125756917761681963e-01
1.305033546240499020e+09 8.452427689257921983e-01 -4.453666239811094885e-01 7.674671249800522066e-01 4.301205879414609634e-01 7.647730328017814383e-01 -4.307423756876697096e-01 -2.111385656742983397e-01
1.305033546271986961e+09 8.452427689257921983e-01 -4.453666239811094885e-01 7.674671249800522066e-01 4.301205879414609634e-01 7.647730328017814383e-01 -4.307423756876697096e-01 -2.111385656742983397e-01
1.305033546308217049e+09 8.452427689257921983e-01 -4.453666239811094885e-01 7.674671249800522066e-01 4.301205879414609634e-01 7.647730328017814383e-01 -4.307423756876697096e-01 -2.111385656742983397e-01
1.305033546339927912e+09 8.271660155908127088e-01 -4.481481988242256298e-01 7.678388440191947772e-01 4.331815211941794086e-01 7.619882873328600592e-01 -4.302782496014843083e-01 -2.158431087232446921e-01
1.305033546372019053e+09 8.155948140567172988e-01 -4.508043982981272402e-01 7.691417045996625790e-01 4.341980339308537662e-01 7.618174271663398223e-01 -4.282591628768916969e-01 -2.184041309321412827e-01
1.305033546407778025e+09 8.050175787127196170e-01 -4.533725871786268291e-01 7.701702880062344381e-01 4.337919005650940352e-01 7.617286124660552771e-01 -4.270781450960626224e-01 -2.218070466328068979e-01
1.305033546439943075e+09 7.941327001556022225e-01 -4.534212326903087620e-01 7.640992238654079616e-01 4.338120459072325463e-01 7.595761455154943498e-01 -4.290746618718022098e-01 -2.252690003733405777e-01
1.305033546472094059e+09 7.941327001556022225e-01 -4.534212326903087620e-01 7.640992238654079616e-01 4.338120459072325463e-01 7.595761455154943498e-01 -4.290746618718022098e-01 -2.252690003733405777e-01
1.305033546507882118e+09 7.779479008180019139e-01 -4.614926686933416011e-01 7.673546205589050206e-01 4.418194698919825081e-01 7.567336891350191497e-01 -4.250875221777534740e-01 -2.268265377799738580e-01
1.305033546539973974e+09 7.648619480935533455e-01 -4.619566760266023975e-01 7.666988965566557956e-01 4.438075717422855226e-01 7.555942205218584284e-01 -4.254797738184450395e-01 -2.260070247792885234e-01
1.305033546572101116e+09 7.552742515538152235e-01 -4.657485441308257812e-01 7.677669396657548218e-01 4.446836350977390051e-01 7.550705536474695556e-01 -4.239686765799315915e-01 -2.288569093775107977e-01
1.305033546607955933e+09 7.463944208586255069e-01 -4.707163733650397974e-01 7.704445655598020082e-01 4.446365071970030391e-01 7.548563284689211450e-01 -4.231533671810707720e-01 -2.311526069102224079e-01
1.305033546640064001e+09 7.463944208586255069e-01 -4.707163733650397974e-01 7.704445655598020082e-01 4.446365071970030391e-01 7.548563284689211450e-01 -4.231533671810707720e-01 -2.311526069102224079e-01
1.305033546672139883e+09 7.289077690709330204e-01 -4.773062576056528172e-01 7.712928913207480752e-01 4.425702940691836340e-01 7.544186488740716179e-01 -4.258932934828418837e-01 -2.315144479398090760e-01
1.305033546707998037e+09 7.289077690709330204e-01 -4.773062576056528172e-01 7.712928913207480752e-01 4.425702940691836340e-01 7.544186488740716179e-01 -4.258932934828418837e-01 -2.315144479398090760e-01
1.305033546739974976e+09 7.131886263472552168e-01 -4.831919719073629604e-01 7.707894217961204220e-01 4.473465894915645280e-01 7.510051615017370175e-01 -4.265884735877092382e-01 -2.321519986347818643e-01
1.305033546771996975e+09 7.131886263472552168e-01 -4.831919719073629604e-01 7.707894217961204220e-01 4.473465894915645280e-01 7.510051615017370175e-01 -4.265884735877092382e-01 -2.321519986347818643e-01
1.305033546807960033e+09 6.962170021526703501e-01 -4.877506180605896136e-01 7.702793205005651345e-01 4.516240151101022504e-01 7.482704063787145587e-01 -4.248923734244431372e-01 -2.357829911579865934e-01
1.305033546839977980e+09 6.962170021526703501e-01 -4.877506180605896136e-01 7.702793205005651345e-01 4.516240151101022504e-01 7.482704063787145587e-01 -4.248923734244431372e-01 -2.357829911579865934e-01
1.305033546871990919e+09 6.866434564798430396e-01 -4.878606649498733461e-01 7.733370152290272026e-01 4.536084101470555519e-01 7.477454181799755295e-01 -4.239673593385133721e-01 -2.353037994811003342e-01
1.305033546907958984e+09 6.863996443390214530e-01 -4.987360257408407493e-01 7.786814977066000010e-01 4.559152741848119250e-01 7.465896478666907976e-01 -4.207846677919341305e-01 -2.401779003457856776e-01
1.305033546940042019e+09 6.863996443390214530e-01 -4.987360257408407493e-01 7.786814977066000010e-01 4.559152741848119250e-01 7.465896478666907976e-01 -4.207846677919341305e-01 -2.401779003457856776e-01
1.305033546972132921e+09 6.695630436274615516e-01 -5.055880270406682975e-01 7.782615244926731624e-01 4.565505787137912330e-01 7.445316586175504403e-01 -4.234579042295275597e-01 -2.406607191417781400e-01
1.305033547007986069e+09 6.695630436274615516e-01 -5.055880270406682975e-01 7.782615244926731624e-01 4.565505787137912330e-01 7.445316586175504403e-01 -4.234579042295275597e-01 -2.406607191417781400e-01
1.305033547039973021e+09 6.539015571801766180e-01 -5.085997548421871128e-01 7.817604950849558199e-01 4.568965821356371637e-01 7.432903442001721483e-01 -4.253475987378894096e-01 -2.405086229212455573e-01
1.305033547072051048e+09 6.539015571801766180e-01 -5.085997548421871128e-01 7.817604950849558199e-01 4.568965821356371637e-01 7.432903442001721483e-01 -4.253475987378894096e-01 -2.405086229212455573e-01
1.305033547107973099e+09 6.401778948550264081e-01 -5.110906779105020004e-01 7.871496308247530882e-01 4.576305327825322955e-01 7.430948166547797218e-01 -4.232780136936938886e-01 -2.433518277093804361e-01
1.305033547139964104e+09 6.401778948550264081e-01 -5.110906779105020004e-01 7.871496308247530882e-01 4.576305327825322955e-01 7.430948166547797218e-01 -4.232780136936938886e-01 -2.433518277093804361e-01
1.305033547171989918e+09 6.224823978769993271e-01 -5.152182547678566538e-01 7.923987921897930331e-01 4.581668460827530431e-01 7.439574627881943014e-01 -4.202289070167245510e-01 -2.449859188195605553e-01
1.305033547208019018e+09 6.224823978769993271e-01 -5.152182547678566538e-01 7.923987921897930331e-01 4.581668460827530431e-01 7.439574627881943014e-01 -4.202289070167245510e-01 -2.449859188195605553e-01
1.305033547240019083e+09 6.103908969713350841e-01 -5.238893274987185267e-01 7.939114614494051647e-01 4.622147279892382943e-01 7.412468692038947093e-01 -4.184734457269192465e-01 -2.485771496873711572e-01
1.305033547272007942e+09 6.103908969713350841e-01 -5.238893274987185267e-01 7.939114614494051647e-01 4.622147279892382943e-01 7.412468692038947093e-01 -4.184734457269192465e-01 -2.485771496873711572e-01
1.305033547307975054e+09 6.103908969713350841e-01 -5.238893274987185267e-01 7.939114614494051647e-01 4.622147279892382943e-01 7.412468692038947093e-01 -4.184734457269192465e-01 -2.485771496873711572e-01
1.305033547340020895e+09 5.962453759313057766e-01 -5.336769041567560601e-01 7.921731334889404730e-01 4.666661380839842166e-01 7.383583362825294483e-01 -4.162755608473641677e-01 -2.525160197870368051e-01
1.305033547372226954e+09 5.962453759313057766e-01 -5.336769041567560601e-01 7.921731334889404730e-01 4.666661380839842166e-01 7.383583362825294483e-01 -4.162755608473641677e-01 -2.525160197870368051e-01
1.305033547407923937e+09 5.775244596001996022e-01 -5.385237687239271542e-01 7.967387727661626728e-01 4.729159264538879692e-01 7.353756439793135424e-01 -4.137628811005831797e-01 -2.537192680338160589e-01
1.305033547440119028e+09 5.775244596001996022e-01 -5.385237687239271542e-01 7.967387727661626728e-01 4.729159264538879692e-01 7.353756439793135424e-01 -4.137628811005831797e-01 -2.537192680338160589e-01
1.305033547472121000e+09 5.640705787382231939e-01 -5.488439420947003322e-01 7.981702072801785119e-01 4.798423969240936393e-01 7.308635124386293480e-01 -4.122254916729151120e-01 -2.562419643911461042e-01
1.305033547508002043e+09 5.534460470949423838e-01 -5.504518151225814560e-01 7.966498130606605166e-01 4.797539228387887045e-01 7.306679339704819087e-01 -4.128206080828388247e-01 -2.560072056216700087e-01
1.305033547540002108e+09 5.449922337744965706e-01 -5.546225002531883774e-01 8.008729857345138203e-01 4.802058046321823204e-01 7.307154014769995376e-01 -4.104777596573290221e-01 -2.587767301527821862e-01
1.305033547571944952e+09 5.449922337744965706e-01 -5.546225002531883774e-01 8.008729857345138203e-01 4.802058046321823204e-01 7.307154014769995376e-01 -4.104777596573290221e-01 -2.587767301527821862e-01
1.305033547607867002e+09 5.309682957492780631e-01 -5.632388206525847929e-01 8.054508856741029454e-01 4.846976496427167769e-01 7.274717139653250619e-01 -4.085531823313929278e-01 -2.625593095246668285e-01
1.305033547639866114e+09 5.309682957492780631e-01 -5.632388206525847929e-01 8.054508856741029454e-01 4.846976496427167769e-01 7.274717139653250619e-01 -4.085531823313929278e-01 -2.625593095246668285e-01
1.305033547672080994e+09 5.143526560176184814e-01 -5.690583120039369724e-01 8.062894923059222840e-01 4.871131542229861222e-01 7.258350041024507204e-01 -4.078703328341454770e-01 -2.636780487569869713e-01
1.305033547707937002e+09 5.143526560176184814e-01 -5.690583120039369724e-01 8.062894923059222840e-01 4.871131542229861222e-01 7.258350041024507204e-01 -4.078703328341454770e-01 -2.636780487569869713e-01
1.305033547739860058e+09 5.084424766466492107e-01 -5.727501107188878171e-01 8.140685331091790378e-01 4.880408165957236255e-01 7.262059012686318260e-01 -4.054412948606438971e-01 -2.646856753224808290e-01
1.305033547771903038e+09 5.084424766466492107e-01 -5.727501107188878171e-01 8.140685331091790378e-01 4.880408165957236255e-01 7.262059012686318260e-01 -4.054412948606438971e-01 -2.646856753224808290e-01
1.305033547807956934e+09 4.933734706599293141e-01 -5.806510615854456603e-01 8.156961792732335681e-01 4.911086167421179205e-01 7.234922258845257748e-01 -4.067072035246005468e-01 -2.645006167242275885e-01
1.305033547839912891e+09 4.837440577031852929e-01 -5.843070761829436410e-01 8.167481779037102374e-01 4.923645163984738948e-01 7.226181379197763599e-01 -4.073942872611969745e-01 -2.634959287123677663e-01
1.305033547872133017e+09 4.837440577031852929e-01 -5.843070761829436410e-01 8.167481779037102374e-01 4.923645163984738948e-01 7.226181379197763599e-01 -4.073942872611969745e-01 -2.634959287123677663e-01
1.305033547907861948e+09 4.716493387939320048e-01 -5.927144680372472552e-01 8.172297961773301589e-01 4.926657183462027079e-01 7.214653433316420283e-01 -4.088274037057755272e-01 -2.638719430272399302e-01
1.305033547940012932e+09 4.716493387939320048e-01 -5.927144680372472552e-01 8.172297961773301589e-01 4.926657183462027079e-01 7.214653433316420283e-01 -4.088274037057755272e-01 -2.638719430272399302e-01
1.305033547972166061e+09 4.545473553452112903e-01 -5.994162867897780966e-01 8.158598344672800540e-01 4.918685600957319881e-01 7.233617122647059139e-01 -4.083614758102746545e-01 -2.608717268944229506e-01
1.305033548007950068e+09 4.444721169245837711e-01 -6.005234732671577147e-01 8.176536677237833395e-01 4.913729152903514308e-01 7.249078289120600704e-01 -4.080379147874279577e-01 -2.580045693335532020e-01
1.305033548040011883e+09 4.348535413679663897e-01 -6.043114107918842182e-01 8.204274902276991188e-01 4.902340670260542099e-01 7.264634726856125102e-01 -4.076435609979014441e-01 -2.564139418159720463e-01
1.305033548072058916e+09 4.261888465362284606e-01 -6.097516043419018983e-01 8.181821054379240232e-01 4.880523992833319391e-01 7.269516638366795291e-01 -4.098150706526804132e-01 -2.557298220090982732e-01
1.305033548107983112e+09 4.151332288029259132e-01 -6.105760428157919195e-01 8.162317845161104479e-01 4.851017322283623368e-01 7.280984939707459969e-01 -4.124509559755064614e-01 -2.538367612885583657e-01
1.305033548140062094e+09 4.151332288029259132e-01 -6.105760428157919195e-01 8.162317845161104479e-01 4.851017322283623368e-01 7.280984939707459969e-01 -4.124509559755064614e-01 -2.538367612885583657e-01
1.305033548172075987e+09 3.974967073928248329e-01 -6.189739581478589381e-01 8.161850713695661952e-01 4.834757280745745067e-01 7.295930696815496885e-01 -4.126127259697203176e-01 -2.523804893474334010e-01
1.305033548207984924e+09 3.875017423145041828e-01 -6.205410417014710633e-01 8.183966020044607381e-01 4.829659952543133850e-01 7.306455839377655748e-01 -4.135822210481278072e-01 -2.486978579182974602e-01
1.305033548239985943e+09 3.875017423145041828e-01 -6.205410417014710633e-01 8.183966020044607381e-01 4.829659952543133850e-01 7.306455839377655748e-01 -4.135822210481278072e-01 -2.486978579182974602e-01
1.305033548272093058e+09 3.692604798219332185e-01 -6.263032795284129151e-01 8.169306529914395210e-01 4.791352263756916141e-01 7.329717209484876150e-01 -4.162431616298524206e-01 -2.447928134813429635e-01
1.305033548308005095e+09 3.692604798219332185e-01 -6.263032795284129151e-01 8.169306529914395210e-01 4.791352263756916141e-01 7.329717209484876150e-01 -4.162431616298524206e-01 -2.447928134813429635e-01
1.305033548340012074e+09 3.594917839872335819e-01 -6.298366589523844983e-01 8.207865381688331796e-01 4.792539530614992049e-01 7.340195708709946754e-01 -4.157013287270938662e-01 -2.423289568908670866e-01
1.305033548371963024e+09 3.513305150763206264e-01 -6.350716126556513741e-01 8.238015814762851274e-01 4.793902635097705978e-01 7.343238428307777843e-01 -4.156912086068568213e-01 -2.411520022501210669e-01
1.305033548408013105e+09 3.513305150763206264e-01 -6.350716126556513741e-01 8.238015814762851274e-01 4.793902635097705978e-01 7.343238428307777843e-01 -4.156912086068568213e-01 -2.411520022501210669e-01
1.305033548439832926e+09 3.353290664392984954e-01 -6.391172742569068976e-01 8.256785266503168241e-01 4.789652519939806563e-01 7.339726611339997264e-01 -4.183476970619309787e-01 -2.384567559395133207e-01
1.305033548472090006e+09 3.353290664392984954e-01 -6.391172742569068976e-01 8.256785266503168241e-01 4.789652519939806563e-01 7.339726611339997264e-01 -4.183476970619309787e-01 -2.384567559395133207e-01
1.305033548507972002e+09 3.183538831040362282e-01 -6.418124758371954730e-01 8.232321230983125071e-01 4.786933195669131336e-01 7.335564053712629873e-01 -4.191301112248315697e-01 -2.389093045602465604e-01
1.305033548540004015e+09 3.118785518444242566e-01 -6.492510359534593434e-01 8.200153080963568097e-01 4.793238449584384386e-01 7.325726941688336380e-01 -4.184127258517502668e-01 -2.419022328499333407e-01
1.305033548572101116e+09 3.118785518444242566e-01 -6.492510359534593434e-01 8.200153080963568097e-01 4.793238449584384386e-01 7.325726941688336380e-01 -4.184127258517502668e-01 -2.419022328499333407e-01
1.305033548607940912e+09 2.945816428570746659e-01 -6.533967457091603981e-01 8.251685726462396619e-01 4.785107663498668340e-01 7.342635015474922033e-01 -4.175371942960235394e-01 -2.398900751633625261e-01
1.305033548639976978e+09 2.945816428570746659e-01 -6.533967457091603981e-01 8.251685726462396619e-01 4.785107663498668340e-01 7.342635015474922033e-01 -4.175371942960235394e-01 -2.398900751633625261e-01
1.305033548671979904e+09 2.788514218676367840e-01 -6.604836937075712067e-01 8.277307792020349719e-01 4.760698920619277907e-01 7.354095688775508233e-01 -4.169077533615676012e-01 -2.423182804958997905e-01
1.305033548708004951e+09 2.788514218676367840e-01 -6.604836937075712067e-01 8.277307792020349719e-01 4.760698920619277907e-01 7.354095688775508233e-01 -4.169077533615676012e-01 -2.423182804958997905e-01
1.305033548740008116e+09 2.634624563406586795e-01 -6.643077194471704860e-01 8.325633538705480285e-01 4.768363579540185193e-01 7.353737642462423452e-01 -4.159416173625102298e-01 -2.425800600571245136e-01
1.305033548772033930e+09 2.634624563406586795e-01 -6.643077194471704860e-01 8.325633538705480285e-01 4.768363579540185193e-01 7.353737642462423452e-01 -4.159416173625102298e-01 -2.425800600571245136e-01
1.305033548808013916e+09 2.634624563406586795e-01 -6.643077194471704860e-01 8.325633538705480285e-01 4.768363579540185193e-01 7.353737642462423452e-01 -4.159416173625102298e-01 -2.425800600571245136e-01
1.305033548839885950e+09 2.473424686093668168e-01 -6.685476264127940826e-01 8.294971680376721501e-01 4.744567024118161447e-01 7.367503896453300172e-01 -4.173946280068809855e-01 -2.405648050005589622e-01
1.305033548871998072e+09 2.473424686093668168e-01 -6.685476264127940826e-01 8.294971680376721501e-01 4.744567024118161447e-01 7.367503896453300172e-01 -4.173946280068809855e-01 -2.405648050005589622e-01
1.305033548907968044e+09 2.313756397184534297e-01 -6.758058831320956639e-01 8.298528526652270143e-01 4.706516327613792239e-01 7.399123709556399975e-01 -4.153162970474795768e-01 -2.419278762206229783e-01
1.305033548939893007e+09 2.313756397184534297e-01 -6.758058831320956639e-01 8.298528526652270143e-01 4.706516327613792239e-01 7.399123709556399975e-01 -4.153162970474795768e-01 -2.419278762206229783e-01
1.305033548972156048e+09 2.161747522216199702e-01 -6.794990473717882340e-01 8.323033609712116032e-01 4.683368541452779810e-01 7.420826930083844752e-01 -4.127098124311098792e-01 -2.442221908627600913e-01
1.305033549008413076e+09 2.161747522216199702e-01 -6.794990473717882340e-01 8.323033609712116032e-01 4.683368541452779810e-01 7.420826930083844752e-01 -4.127098124311098792e-01 -2.442221908627600913e-01
1.305033549040009022e+09 2.008593630248156625e-01 -6.881141127219916331e-01 8.363711570575460552e-01 4.700138262338089956e-01 7.430367676490644557e-01 -4.076155661460874047e-01 -2.466432956844555047e-01
1.305033549071865082e+09 2.008593630248156625e-01 -6.881141127219916331e-01 8.363711570575460552e-01 4.700138262338089956e-01 7.430367676490644557e-01 -4.076155661460874047e-01 -2.466432956844555047e-01
1.305033549108050108e+09 1.845505395864672771e-01 -6.966562642660929505e-01 8.382974095579956986e-01 4.732054318947837013e-01 7.426685547416718158e-01 -4.057464126218810474e-01 -2.447241011172822112e-01
1.305033549140011072e+09 1.749745534617290765e-01 -7.010643556182765135e-01 8.418318087246083881e-01 4.726781681509376609e-01 7.438040828351879519e-01 -4.044986802480876054e-01 -2.443596803663284356e-01
1.305033549171993971e+09 1.667369982399291573e-01 -7.065118383158071058e-01 8.474925972888469605e-01 4.718462133938493563e-01 7.453080507615138517e-01 -4.023217628458413131e-01 -2.449780796654538739e-01
1.305033549207990885e+09 1.566510362268114243e-01 -7.103938292200442373e-01 8.471178949649917911e-01 4.705740888165531044e-01 7.454750619967938086e-01 -4.032235708482272418e-01 -2.454337197447649110e-01
1.305033549240016937e+09 1.485931389983934370e-01 -7.205906639112455991e-01 8.482228217286815752e-01 4.722374324154728908e-01 7.441543053315990974e-01 -4.026369384515473548e-01 -2.472037076511023890e-01
1.305033549271996021e+09 1.485931389983934370e-01 -7.205906639112455991e-01 8.482228217286815752e-01 4.722374324154728908e-01 7.441543053315990974e-01 -4.026369384515473548e-01 -2.472037076511023890e-01
1.305033549307929993e+09 1.388572612907537085e-01 -7.196959981828243702e-01 8.513881755673647911e-01 4.729604045113121602e-01 7.432489327239839572e-01 -4.047018020122038484e-01 -2.451651101140407130e-01
1.305033549339823961e+09 1.260509442238217925e-01 -7.192803597391541626e-01 8.537234729024647528e-01 4.733764948123507788e-01 7.431928709751683959e-01 -4.057179352210759649e-01 -2.428415280194181070e-01
1.305033549371997118e+09 1.260509442238217925e-01 -7.192803597391541626e-01 8.537234729024647528e-01 4.733764948123507788e-01 7.431928709751683959e-01 -4.057179352210759649e-01 -2.428415280194181070e-01
1.305033549407979012e+09 1.101754916880808288e-01 -7.240690750886434879e-01 8.517570461460510778e-01 4.751673679674525141e-01 7.425192986592442645e-01 -4.042593284979341117e-01 -2.438349008240352223e-01
1.305033549440046072e+09 9.978926721377856524e-02 -7.228792042549530006e-01 8.519515097864240882e-01 4.745570893218958863e-01 7.433941245679011045e-01 -4.042905573772884176e-01 -2.423012376109860977e-01
1.305033549471996069e+09 9.978926721377856524e-02 -7.228792042549530006e-01 8.519515097864240882e-01 4.745570893218958863e-01 7.433941245679011045e-01 -4.042905573772884176e-01 -2.423012376109860977e-01
1.305033549507981062e+09 8.359440352043900901e-02 -7.306130565816850719e-01 8.504826856838627602e-01 4.749370664966792721e-01 7.430431325740816106e-01 -4.036159651718452257e-01 -2.437536433787696466e-01
1.305033549540004969e+09 7.342074393691921941e-02 -7.308074888641675759e-01 8.545277571876157552e-01 4.744982384555849197e-01 7.442839458056664803e-01 -4.026103549341618626e-01 -2.424824361026640673e-01
1.305033549572036028e+09 7.342074393691921941e-02 -7.308074888641675759e-01 8.545277571876157552e-01 4.744982384555849197e-01 7.442839458056664803e-01 -4.026103549341618626e-01 -2.424824361026640673e-01
1.305033549607937098e+09 5.698274412442683179e-02 -7.364110681763458288e-01 8.543458980356981591e-01 4.720632931530055476e-01 7.456638696114612497e-01 -4.027465026429606909e-01 -2.427692225601606191e-01
1.305033549640078068e+09 4.671660534264399089e-02 -7.356409068705875853e-01 8.542110329857648399e-01 4.698686880360619655e-01 7.477934931464940149e-01 -4.030000671481688279e-01 -2.400401080853064029e-01
1.305033549672038078e+09 4.671660534264399089e-02 -7.356409068705875853e-01 8.542110329857648399e-01 4.698686880360619655e-01 7.477934931464940149e-01 -4.030000671481688279e-01 -2.400401080853064029e-01
1.305033549707959890e+09 2.846257673092367213e-02 -7.424345689963544048e-01 8.580537467040252331e-01 4.678044629884580696e-01 7.518546781568483661e-01 -4.015653686691530444e-01 -2.337066152836707600e-01
1.305033549739984035e+09 1.546918976333988560e-02 -7.462331086524350843e-01 8.611558720965447611e-01 4.636167042891182755e-01 7.554131376555460742e-01 -4.017370584036874526e-01 -2.302561158072710112e-01
1.305033549772048950e+09 5.921510203686253249e-03 -7.446215107139484424e-01 8.575870075251145197e-01 4.588205534543353670e-01 7.563278100643699986e-01 -4.070721511948765525e-01 -2.274735307077881408e-01
1.305033549807960033e+09 -4.619757967474269478e-03 -7.466487613835866011e-01 8.560016423980422173e-01 4.541761881288163272e-01 7.587929892738229931e-01 -4.101247975100481558e-01 -2.230579297694118557e-01
1.305033549839997053e+09 -2.178632901172083969e-02 -7.472255639759056711e-01 8.582472856619138835e-01 4.490323359700801320e-01 7.629912928213521406e-01 -4.112637549278150839e-01 -2.169709017696357101e-01
1.305033549871994019e+09 -3.072790430608418610e-02 -7.529201154769448179e-01 8.591383606431951536e-01 4.464855584549037859e-01 7.641893950967364457e-01 -4.118643868669983332e-01 -2.168707941230634817e-01
1.305033549907983065e+09 -4.414446033317753759e-02 -7.563222660080322068e-01 8.643837374469329760e-01 4.423320956302558282e-01 7.671661810132014425e-01 -4.126620918749643874e-01 -2.133268989470013532e-01
1.305033549939937115e+09 -5.595388041452764583e-02 -7.628676674236776201e-01 8.718529361126172716e-01 4.387872920437616564e-01 7.697198799648666823e-01 -4.130693640018603952e-01 -2.106435834552584652e-01
1.305033549971986055e+09 -6.727408491973285720e-02 -7.667262348116632431e-01 8.753753892796812819e-01 4.334909126260835799e-01 7.715291429627771924e-01 -4.158322915688040800e-01 -2.095517013015277541e-01
1.305033550007989883e+09 -7.716731270959997779e-02 -7.686429286712157527e-01 8.737244018318639505e-01 4.271381654588527477e-01 7.725976198539121764e-01 -4.208006349829432891e-01 -2.087408225586632193e-01
1.305033550040087938e+09 -8.955874723947632177e-02 -7.714518357605082421e-01 8.825558376092896840e-01 4.204535614657412546e-01 7.766018649079342584e-01 -4.206702041533220138e-01 -2.077135657820525227e-01
1.305033550072002888e+09 -9.961040374538199238e-02 -7.759253480516068446e-01 8.832880878478042153e-01 4.147847823998299654e-01 7.777242892442677302e-01 -4.236915423207939790e-01 -2.087677924749196667e-01
1.305033550107985973e+09 -1.122431501397895826e-01 -7.794912726335735398e-01 8.937555990277752382e-01 4.110618355724976469e-01 7.793146685658184358e-01 -4.245378839861310150e-01 -2.084811736212548450e-01
1.305033550139998913e+09 -1.241396129634426693e-01 -7.865194233474218644e-01 8.959210158680854796e-01 4.071118284922367048e-01 7.787670782192723795e-01 -4.286462104184520783e-01 -2.098671562618251718e-01
1.305033550172048092e+09 -1.241396129634426693e-01 -7.865194233474218644e-01 8.959210158680854796e-01 4.071118284922367048e-01 7.787670782192723795e-01 -4.286462104184520783e-01 -2.098671562618251718e-01
1.305033550207964897e+09 -1.437589916859787209e-01 -7.958235204312265054e-01 8.963936423893024141e-01 3.977343317349690821e-01 7.776784941986495392e-01 -4.371612731748739655e-01 -2.142745487835217011e-01
1.305033550240031004e+09 -1.537300181084648720e-01 -7.997197091326918583e-01 9.018248246828499681e-01 3.952407677187242951e-01 7.777077889345516137e-01 -4.387710789663346045e-01 -2.154884470832788279e-01
1.305033550271998882e+09 -1.648585163615807758e-01 -8.041551126521593318e-01 8.984749513332781490e-01 3.926503208578768778e-01 7.761576518471231534e-01 -4.432888052324484018e-01 -2.165642171850065134e-01
1.305033550307969093e+09 -1.687986355844182107e-01 -8.147555295178663393e-01 8.899601134873088570e-01 3.881775772412008330e-01 7.734299948649429046e-01 -4.484534040902076746e-01 -2.236375548298422111e-01
1.305033550339998960e+09 -1.754634840773496851e-01 -8.345664428386587730e-01 8.872439538604559583e-01 3.858507754104349430e-01 7.734909250323889207e-01 -4.470929410660559600e-01 -2.300844846064366012e-01
1.305033550372041941e+09 -1.746562179447816998e-01 -8.622420695737061935e-01 8.984529596031739507e-01 3.864606806156666297e-01 7.770292256976921719e-01 -4.352325281024243542e-01 -2.396797263668605793e-01
1.305033550407993078e+09 -1.852733178622811838e-01 -8.699655692821626207e-01 8.973591363783486319e-01 3.836923017077090714e-01 7.777893495494668796e-01 -4.358466113512998730e-01 -2.405445420524993660e-01
1.305033550439997911e+09 -1.754086024737373517e-01 -9.051733238523828051e-01 8.558028802869428464e-01 3.792298340842861215e-01 7.701151459995588811e-01 -4.431041540201582918e-01 -2.583913766606057982e-01
1.305033550471997976e+09 -1.809652730100288487e-01 -9.149324330331276567e-01 8.617177920325022056e-01 3.730887327434998513e-01 7.723754318647889638e-01 -4.424749000161344314e-01 -2.616427958252278696e-01
1.305033550507973909e+09 -1.901657081185275100e-01 -9.218100562398712228e-01 8.580731028455832465e-01 3.699281920948668256e-01 7.730715848860389983e-01 -4.449279913980234147e-01 -2.599087143705106073e-01
1.305033550540051937e+09 -1.943335600501490124e-01 -9.318364346391799780e-01 8.594116796018386184e-01 3.667784747866008055e-01 7.746163341977836403e-01 -4.449627882030912085e-01 -2.597136930193197357e-01
1.305033550572005987e+09 -1.969280428222872636e-01 -9.437510841570367903e-01 8.579858830148949789e-01 3.647070497067981254e-01 7.755223456348168121e-01 -4.453652016181073869e-01 -2.592367576230217852e-01
1.305033550608021021e+09 -2.019729774573593151e-01 -9.527500345023085515e-01 8.595793699734669557e-01 3.609423544778957438e-01 7.774276360587336621e-01 -4.477498385443399176e-01 -2.546506813648837797e-01
1.305033550640048981e+09 -2.087341126582173967e-01 -9.624293409217086204e-01 8.546481480252423601e-01 3.538170993474177850e-01 7.787112903487639626e-01 -4.520926468483353333e-01 -2.530502423599090278e-01
1.305033550671947002e+09 -2.087341126582173967e-01 -9.624293409217086204e-01 8.546481480252423601e-01 3.538170993474177850e-01 7.787112903487639626e-01 -4.520926468483353333e-01 -2.530502423599090278e-01
1.305033550708008051e+09 -2.099815503342716827e-01 -9.758372497775325005e-01 8.505918806519179309e-01 3.514902509603977654e-01 7.790655111906136243e-01 -4.560143362202964123e-01 -2.481178307068374611e-01
1.305033550739973068e+09 -2.157191254369748012e-01 -9.906602987617375566e-01 8.451272067481829797e-01 3.482128929077450974e-01 7.800123900567609292e-01 -4.598665276802993418e-01 -2.425927230772249865e-01
1.305033550940001965e+09 -2.157191254369748012e-01 -9.906602987617375566e-01 8.451272067481829797e-01 3.482128929077450974e-01 7.800123900567609292e-01 -4.598665276802993418e-01 -2.425927230772249865e-01
1.305033551071927071e+09 -2.487361803994581066e-01 -1.105797912367716851e+00 8.524175142022119012e-01 2.910155541142637192e-01 7.865562272502857333e-01 -5.053072171902953658e-01 -2.032335230535670112e-01
1.305033551107954025e+09 -2.425829487995510014e-01 -1.119680550493987958e+00 8.587417201261373645e-01 2.794574935976111285e-01 7.897544871670320044e-01 -5.072452952125777736e-01 -2.022215857824883334e-01
1.305033551139974117e+09 -2.425829487995510014e-01 -1.119680550493987958e+00 8.587417201261373645e-01 2.794574935976111285e-01 7.897544871670320044e-01 -5.072452952125777736e-01 -2.022215857824883334e-01
1.305033551172173023e+09 -2.425829487995510014e-01 -1.119680550493987958e+00 8.587417201261373645e-01 2.794574935976111285e-01 7.897544871670320044e-01 -5.072452952125777736e-01 -2.022215857824883334e-01
1.305033551208178043e+09 -2.562252528246955485e-01 -1.139250628741378391e+00 8.700012408097610450e-01 2.398789934099578858e-01 7.996213852417446422e-01 -5.193790464455914080e-01 -1.825078488667460086e-01
1.305033551239972115e+09 -2.584794645836010485e-01 -1.146415510434572793e+00 8.819344592938797023e-01 2.272607245213245086e-01 8.036232206110173193e-01 -5.201132069082068377e-01 -1.789540007501355390e-01
1.305033551272480011e+09 -2.608527966322389258e-01 -1.158311954752684336e+00 8.689282278831949036e-01 2.178582807523916642e-01 8.019483495191885858e-01 -5.275437182322681995e-01 -1.763922888471451400e-01
1.305033551307991982e+09 -2.608527966322389258e-01 -1.158311954752684336e+00 8.689282278831949036e-01 2.178582807523916642e-01 8.019483495191885858e-01 -5.275437182322681995e-01 -1.763922888471451400e-01
1.305033551339823008e+09 -2.608527966322389258e-01 -1.158311954752684336e+00 8.689282278831949036e-01 2.178582807523916642e-01 8.019483495191885858e-01 -5.275437182322681995e-01 -1.763922888471451400e-01
1.305033551372200966e+09 -2.608527966322389258e-01 -1.158311954752684336e+00 8.689282278831949036e-01 2.178582807523916642e-01 8.019483495191885858e-01 -5.275437182322681995e-01 -1.763922888471451400e-01
1.305033551407983065e+09 -2.593638232400177213e-01 -1.178673191767428019e+00 8.496920418333860914e-01 2.123279023981509139e-01 7.997735799034418891e-01 -5.327198122501966004e-01 -1.774505125034848141e-01
1.305033551440025091e+09 -2.593638232400177213e-01 -1.178673191767428019e+00 8.496920418333860914e-01 2.123279023981509139e-01 7.997735799034418891e-01 -5.327198122501966004e-01 -1.774505125034848141e-01
1.305033551471981049e+09 -2.593638232400177213e-01 -1.178673191767428019e+00 8.496920418333860914e-01 2.123279023981509139e-01 7.997735799034418891e-01 -5.327198122501966004e-01 -1.774505125034848141e-01
1.305033551508090019e+09 -2.802073524358006384e-01 -1.162785820375686896e+00 8.545175572398940878e-01 1.951688174321762337e-01 8.018247289428419577e-01 -5.413293740835638523e-01 -1.610861431413659894e-01
1.305033551539849043e+09 -2.688925379775506386e-01 -1.180982855254121722e+00 8.515583470409930911e-01 1.935065611493495541e-01 8.033229640279622163e-01 -5.377179902218418572e-01 -1.675911371441389242e-01
1.305033551572012901e+09 -2.651409349883366851e-01 -1.195542083528503330e+00 8.432925903424153269e-01 1.880272031899107299e-01 8.027267955180774628e-01 -5.395255666827334373e-01 -1.708438629671371889e-01
1.305033551607862949e+09 -2.647752378752821212e-01 -1.210923449287079068e+00 8.396005468119815962e-01 1.784853710503684354e-01 8.034376228235242667e-01 -5.402055492869837217e-01 -1.755247078682793671e-01
1.305033551640053988e+09 -2.647752378752821212e-01 -1.210923449287079068e+00 8.396005468119815962e-01 1.784853710503684354e-01 8.034376228235242667e-01 -5.402055492869837217e-01 -1.755247078682793671e-01
1.305033551672322989e+09 -2.647752378752821212e-01 -1.210923449287079068e+00 8.396005468119815962e-01 1.784853710503684354e-01 8.034376228235242667e-01 -5.402055492869837217e-01 -1.755247078682793671e-01
1.305033551708184958e+09 -2.647752378752821212e-01 -1.210923449287079068e+00 8.396005468119815962e-01 1.784853710503684354e-01 8.034376228235242667e-01 -5.402055492869837217e-01 -1.755247078682793671e-01
1.305033551740242958e+09 -2.647752378752821212e-01 -1.210923449287079068e+00 8.396005468119815962e-01 1.784853710503684354e-01 8.034376228235242667e-01 -5.402055492869837217e-01 -1.755247078682793671e-01
1.305033551775846958e+09 -2.647752378752821212e-01 -1.210923449287079068e+00 8.396005468119815962e-01 1.784853710503684354e-01 8.034376228235242667e-01 -5.402055492869837217e-01 -1.755247078682793671e-01
1.305033551808033943e+09 -2.669255118080990918e-01 -1.216048979519131157e+00 8.712738672608999480e-01 1.829037086296708137e-01 8.066291685744082507e-01 -5.358333342752132911e-01 -1.696415504939131347e-01
1.305033551840133905e+09 -2.762681690469019902e-01 -1.214832642387988271e+00 8.748331414755894375e-01 1.844109391630289474e-01 8.070808543320174833e-01 -5.357763182667388824e-01 -1.660025206804053854e-01
1.305033551875926971e+09 -2.869495782390862892e-01 -1.218484657576382579e+00 8.739171783709545061e-01 1.833642985676071924e-01 8.070510331027231921e-01 -5.366352255081603406e-01 -1.645259819069387897e-01
1.305033551908205986e+09 -2.869495782390862892e-01 -1.218484657576382579e+00 8.739171783709545061e-01 1.833642985676071924e-01 8.070510331027231921e-01 -5.366352255081603406e-01 -1.645259819069387897e-01
1.305033551940355062e+09 -2.949688500423546245e-01 -1.224898555241561882e+00 8.753160883727040265e-01 1.755941557706419132e-01 8.092471572642662148e-01 -5.351792787769044102e-01 -1.669397211173299922e-01
1.305033551975963116e+09 -3.047442254906904680e-01 -1.223473013560690825e+00 8.792919945504558132e-01 1.699689248477556092e-01 8.115320545340544145e-01 -5.346238631217350434e-01 -1.634124047636136279e-01
1.305033552007946014e+09 -3.028838300016230001e-01 -1.243087108869229240e+00 8.623281190257264806e-01 1.644152222830002619e-01 8.092236380855721833e-01 -5.385363186543188352e-01 -1.676406028843743234e-01
1.305033552040169954e+09 -3.010062725388089611e-01 -1.249408095612980274e+00 8.762367473590890743e-01 1.601823358052278656e-01 8.119512762582028476e-01 -5.348547626717984338e-01 -1.703147883360430215e-01
1.305033553240046024e+09 -3.010062725388089611e-01 -1.249408095612980274e+00 8.762367473590890743e-01 1.601823358052278656e-01 8.119512762582028476e-01 -5.348547626717984338e-01 -1.703147883360430215e-01
1.305033553275903940e+09 -3.010062725388089611e-01 -1.249408095612980274e+00 8.762367473590890743e-01 1.601823358052278656e-01 8.119512762582028476e-01 -5.348547626717984338e-01 -1.703147883360430215e-01
1.305033553307809114e+09 -3.010062725388089611e-01 -1.249408095612980274e+00 8.762367473590890743e-01 1.601823358052278656e-01 8.119512762582028476e-01 -5.348547626717984338e-01 -1.703147883360430215e-01
1.305033553340014935e+09 -3.010062725388089611e-01 -1.249408095612980274e+00 8.762367473590890743e-01 1.601823358052278656e-01 8.119512762582028476e-01 -5.348547626717984338e-01 -1.703147883360430215e-01
1.305033553375997066e+09 -2.961238006075688212e-01 -1.234807514253338567e+00 8.751102083200472670e-01 1.695772812067450619e-01 8.102500217233085111e-01 -5.330360149089267141e-01 -1.749601520515940978e-01
1.305033553407850027e+09 -3.010168182676300486e-01 -1.219656657535958200e+00 8.689072916171354244e-01 1.761506946210445457e-01 8.087674164071110283e-01 -5.321559983768008317e-01 -1.779780670034387391e-01
1.305033553440080881e+09 -3.042038753071369950e-01 -1.231592967265913385e+00 8.540708033505027830e-01 1.839879585009416008e-01 8.057141065839826810e-01 -5.320032287204710109e-01 -1.842437901510508014e-01
1.305033553475868940e+09 -2.971531692517574985e-01 -1.222185098859619012e+00 8.535948477045992577e-01 1.973382559633172773e-01 8.038270084343184241e-01 -5.272996500411858412e-01 -1.920282070721211487e-01
1.305033553507983923e+09 -2.930460757139425887e-01 -1.202347849681128622e+00 8.677756264671282471e-01 2.064825263804180855e-01 8.054794380843917079e-01 -5.205275853545909825e-01 -1.939558558222243545e-01
1.305033553540018082e+09 -2.888985045562371123e-01 -1.184213038564246423e+00 8.741149057134307565e-01 2.197341422433462810e-01 8.035555208023352769e-01 -5.168685861809002580e-01 -1.971352234889189592e-01
1.305033553576020956e+09 -2.870130330870424018e-01 -1.173929993488186163e+00 8.710907902035653905e-01 2.289542468569099043e-01 8.004866390295874989e-01 -5.152777073505615535e-01 -2.031993550404355142e-01
1.305033553607952118e+09 -2.855712099033811402e-01 -1.167951978853104533e+00 8.611403123203174026e-01 2.370504369818769996e-01 7.957498058114702566e-01 -5.148776394709720927e-01 -2.132846765487579344e-01
1.305033553639905930e+09 -2.746703301315902568e-01 -1.169776362578922591e+00 8.579482733388859028e-01 2.469141111795766230e-01 7.911738724329481220e-01 -5.115625478734926457e-01 -2.266739616564575344e-01
1.305033553676166058e+09 -2.725595622476635338e-01 -1.154687986657224386e+00 8.572013834543097399e-01 2.578044968091285361e-01 7.867536889085685603e-01 -5.118599718943932508e-01 -2.292484320252206886e-01
1.305033553707981110e+09 -2.644106129541425876e-01 -1.140275868837174578e+00 8.578126651564403904e-01 2.695562184849508158e-01 7.813233509348370687e-01 -5.114464690118037948e-01 -2.351505383693794360e-01
1.305033553740025997e+09 -2.552332708557194518e-01 -1.135286879604930466e+00 8.653790732367321326e-01 2.810250610154169659e-01 7.774823749507409065e-01 -5.082982558418011054e-01 -2.412031401752872117e-01
1.305033553775867939e+09 -2.461537199113754681e-01 -1.127366742443167036e+00 8.637117711164675748e-01 2.898281339951446212e-01 7.722735205969656347e-01 -5.075063249246312136e-01 -2.490594151827140168e-01
1.305033553807987928e+09 -2.437594018237798643e-01 -1.118716680229538074e+00 8.569132494208396844e-01 2.981664760582544704e-01 7.669448042464891424e-01 -5.076278395590817505e-01 -2.553554313087854633e-01
1.305033553839976072e+09 -2.323212297132171145e-01 -1.113839827331436272e+00 8.552499000134329288e-01 3.079461373997637308e-01 7.619382139723580583e-01 -5.046926992134993517e-01 -2.643948068888100078e-01
1.305033553875967026e+09 -2.286699995493326476e-01 -1.113427084064403827e+00 8.430336304891397070e-01 3.160151912458735168e-01 7.557567281812076487e-01 -5.043109387900105434e-01 -2.731970785484509889e-01
1.305033553907990932e+09 -2.204400627268496837e-01 -1.097182563102865549e+00 8.474236480818695405e-01 3.257815961258344606e-01 7.524278559241444064e-01 -5.015406965438430342e-01 -2.759992807335112652e-01
1.305033553940005064e+09 -2.204400627268496837e-01 -1.097182563102865549e+00 8.474236480818695405e-01 3.257815961258344606e-01 7.524278559241444064e-01 -5.015406965438430342e-01 -2.759992807335112652e-01
1.305033553975991011e+09 -1.993474917711621774e-01 -1.075385226509240733e+00 8.471669981450822284e-01 3.501128113313221601e-01 7.407121165926402462e-01 -4.972992939927409206e-01 -2.854119686853555105e-01
1.305033554007992983e+09 -1.946184408050672943e-01 -1.060113646915760377e+00 8.482059151400097585e-01 3.617699966128264388e-01 7.356231490724184363e-01 -4.967944207499438436e-01 -2.849146461859445312e-01
1.305033554040034056e+09 -1.875884791827928666e-01 -1.048216069422519325e+00 8.398941568145849024e-01 3.706933980635371828e-01 7.293842675582544732e-01 -4.962879852351080312e-01 -2.903157429108761400e-01
1.305033554076023102e+09 -1.743654911605085900e-01 -1.042299373284191200e+00 8.413225572035005762e-01 3.817824158292141279e-01 7.248303250073916404e-01 -4.924173314238491916e-01 -2.939189660887893685e-01
1.305033554108000040e+09 -1.623352371972672792e-01 -1.022441259395567625e+00 8.443689094758644043e-01 3.908954193479141637e-01 7.216255099322596012e-01 -4.888840176059597309e-01 -2.957191435759278786e-01
1.305033554140043974e+09 -1.540843837507883674e-01 -1.008651657243926802e+00 8.378955701756971575e-01 4.014366755193300440e-01 7.168287712779728427e-01 -4.884356473519545494e-01 -2.939995350540149932e-01
1.305033554176007032e+09 -1.518118045355503209e-01 -9.897279525148485746e-01 8.354858297289310398e-01 4.077869756849671901e-01 7.161481545666185111e-01 -4.870590155948475997e-01 -2.891627889274700491e-01
1.305033554208055019e+09 -1.518118045355503209e-01 -9.897279525148485746e-01 8.354858297289310398e-01 4.077869756849671901e-01 7.161481545666185111e-01 -4.870590155948475997e-01 -2.891627889274700491e-01
1.305033554240171909e+09 -1.308577111523847591e-01 -9.959238867282805829e-01 8.199236652029705530e-01 4.254538310678711577e-01 7.049806170125632043e-01 -4.787302487703372078e-01 -3.046452300275654390e-01
1.305033554276067019e+09 -1.213670519703584638e-01 -9.921029976517228288e-01 8.140849870843894776e-01 4.322210411396321117e-01 7.008818722136914703e-01 -4.752894515841171730e-01 -3.099185538351522107e-01
1.305033554308152914e+09 -1.107121547806679818e-01 -9.858024139004869513e-01 8.162895120426518769e-01 4.406677184295779703e-01 6.979903433351832831e-01 -4.705105166321053578e-01 -3.118353672749332173e-01
1.305033554340248108e+09 -9.782451288347671081e-02 -9.851191293729137932e-01 8.194061735607237607e-01 4.535690335708087439e-01 6.921709935852675688e-01 -4.656272813020960744e-01 -3.136330376922129570e-01
1.305033554375987053e+09 -8.857089510540094857e-02 -9.904709724281524075e-01 8.122260434856364286e-01 4.644975018815673540e-01 6.851608733311824739e-01 -4.627493391109622767e-01 -3.172691248044820500e-01
1.305033554407989979e+09 -8.219234121012086725e-02 -9.811505240557866214e-01 8.085000623461695568e-01 4.714729669486952268e-01 6.818216265761725126e-01 -4.612949546009289525e-01 -3.162901766247944169e-01
1.305033554440087080e+09 -8.219234121012086725e-02 -9.811505240557866214e-01 8.085000623461695568e-01 4.714729669486952268e-01 6.818216265761725126e-01 -4.612949546009289525e-01 -3.162901766247944169e-01
1.305033554476212978e+09 -6.733563023243127610e-02 -9.682839708073722740e-01 8.083846258086474501e-01 4.830402733653358371e-01 6.766871611633209493e-01 -4.530280627236350499e-01 -3.217641288408910061e-01
1.305033554508045912e+09 -6.066050638223474678e-02 -9.574025324844981366e-01 8.082121213864333908e-01 4.890061535195293074e-01 6.724695721587954367e-01 -4.496332206802958753e-01 -3.263244140441616814e-01
1.305033554540139914e+09 -5.386784507433040048e-02 -9.495227347767469794e-01 8.075812859160431678e-01 4.971785807006799951e-01 6.660390829600851825e-01 -4.478762587507752468e-01 -3.295637354284524645e-01
1.305033554576065063e+09 -4.419555898423133122e-02 -9.492465498227160570e-01 8.048602687137242917e-01 5.053104236324642562e-01 6.591930576180229373e-01 -4.455071418700635166e-01 -3.341396042066077654e-01
1.305033554608016014e+09 -3.236399269486822661e-02 -9.386862682372477673e-01 8.121651375872905865e-01 5.143218270196631137e-01 6.544615125446110460e-01 -4.439631202665832443e-01 -3.317377498750103682e-01
1.305033554639904976e+09 -2.482892036784356549e-02 -9.310642954962986551e-01 8.087198879062003076e-01 5.221459634892643420e-01 6.479262693682257268e-01 -4.419045240951546827e-01 -3.350754151809349768e-01
1.305033554676229954e+09 -1.364394206228025652e-02 -9.266336755375002010e-01 8.122684984108348161e-01 5.323810427573629767e-01 6.419707835971268928e-01 -4.381284608317463913e-01 -3.353913984130754145e-01
1.305033554708024979e+09 -3.312866144522086387e-03 -9.215835325193761918e-01 8.129299436464679784e-01 5.398656313908565263e-01 6.363537348589799469e-01 -4.363836076638187289e-01 -3.364050700216765222e-01
1.305033554740334034e+09 7.572022702718506082e-03 -9.144930074768449213e-01 8.099993698049703372e-01 5.473714230977844153e-01 6.296111056398389083e-01 -4.359942520895317974e-01 -3.374661360429747070e-01
1.305033554776017904e+09 1.669441592405895847e-02 -9.077908228945268387e-01 8.081674802051594941e-01 5.529058475754190516e-01 6.256254362123054857e-01 -4.352164742062404890e-01 -3.368598489885057390e-01
1.305033554807959080e+09 3.068575108721494082e-02 -9.069772220305549748e-01 8.085096623186928122e-01 5.579745925807699791e-01 6.219366189667663303e-01 -4.333908556347865759e-01 -3.376855967829526239e-01
1.305033554840166092e+09 4.035590739198613441e-02 -9.049431630326680853e-01 8.038785649295634439e-01 5.612633931447266189e-01 6.190525995811769766e-01 -4.327081104348874385e-01 -3.384094762729380479e-01
1.305033554875814915e+09 5.162298704592571674e-02 -8.965883617977896680e-01 8.047548839115730157e-01 5.651142463095301105e-01 6.182824162537250423e-01 -4.305039199210078382e-01 -3.362129047227568890e-01
1.305033554907958984e+09 6.419583883785517919e-02 -9.002223120502067522e-01 8.011028120996186441e-01 5.677179434954631176e-01 6.158990908280556065e-01 -4.271049987396522973e-01 -3.405083943195206242e-01
1.305033554940186024e+09 7.714451706916714002e-02 -9.014585853814108818e-01 7.995666176527441715e-01 5.704521805602839057e-01 6.141441955758250026e-01 -4.243842018446801201e-01 -3.425044028318376954e-01
1.305033554975950956e+09 8.820479116321355839e-02 -8.965185416838232779e-01 7.966222103456186421e-01 5.736514415036263470e-01 6.121531484907115628e-01 -4.236595045403850346e-01 -3.416213849663335411e-01
1.305033555007831097e+09 9.922929817615400161e-02 -8.967324393554245709e-01 7.944912819741414278e-01 5.760282196129126175e-01 6.105946490959459627e-01 -4.222315332271459609e-01 -3.421786040266547313e-01
1.305033555039870024e+09 1.114866452174372302e-01 -8.947317637549643266e-01 7.937250282797122525e-01 5.768544647058317931e-01 6.102586223043143798e-01 -4.206485886901307203e-01 -3.433338102855438834e-01
1.305033555075829983e+09 1.223998423448591222e-01 -8.940869643910038800e-01 7.918408371446408189e-01 5.773087309312942006e-01 6.092011220643926972e-01 -4.202519608021341724e-01 -3.449302994924408061e-01
1.305033555107911110e+09 1.223998423448591222e-01 -8.940869643910038800e-01 7.918408371446408189e-01 5.773087309312942006e-01 6.092011220643926972e-01 -4.202519608021341724e-01 -3.449302994924408061e-01
1.305033555139873028e+09 1.423356842844913928e-01 -8.923102883601057300e-01 7.939994964451270176e-01 5.769384581387387856e-01 6.083661278054953714e-01 -4.193507877429291097e-01 -3.481057122180375996e-01
1.305033555175848007e+09 1.530751716180176469e-01 -8.942630793458822280e-01 7.952789781743512254e-01 5.774796478161989821e-01 6.062736821332876946e-01 -4.188566945038317835e-01 -3.514378297507931848e-01
1.305033555211405993e+09 1.638381909442385709e-01 -8.990326755898722100e-01 7.911167556382938670e-01 5.781901625248235810e-01 6.026425425706630756e-01 -4.194430772619927583e-01 -3.557887108671022314e-01
1.305033555239871979e+09 1.750966253843335707e-01 -8.991127924706321384e-01 7.916916324363106883e-01 5.781403639967134245e-01 6.019818339387352779e-01 -4.199341081715270985e-01 -3.564083836271092487e-01
1.305033555275906086e+09 1.750966253843335707e-01 -8.991127924706321384e-01 7.916916324363106883e-01 5.781403639967134245e-01 6.019818339387352779e-01 -4.199341081715270985e-01 -3.564083836271092487e-01
1.305033555307888985e+09 1.968343692754908059e-01 -9.016745239091201736e-01 7.880195461016737957e-01 5.786124028773557137e-01 6.001526431648673832e-01 -4.194360064165854607e-01 -3.593020020261815106e-01
1.305033555340023994e+09 2.060750254138008497e-01 -9.053134017924986399e-01 7.839938047068217841e-01 5.785211989589708059e-01 6.002129949940291365e-01 -4.188161433960906344e-01 -3.600703001167934736e-01
1.305033555376127005e+09 2.162993428159369902e-01 -9.052869146641464582e-01 7.807586782711107842e-01 5.782492734476459839e-01 6.006312929951779234e-01 -4.188081943288929354e-01 -3.598187376932761028e-01
1.305033555407926083e+09 2.279729239975740729e-01 -9.049326985409171797e-01 7.813255648269760156e-01 5.789590695380044671e-01 6.016386408045929501e-01 -4.178850220383664160e-01 -3.580634720918679514e-01
1.305033555439798117e+09 2.377484284882978027e-01 -9.060795353668653629e-01 7.794641247437846809e-01 5.788957285946070286e-01 6.026990253370102524e-01 -4.170738497647871745e-01 -3.573276145431764639e-01
1.305033555475830078e+09 2.377484284882978027e-01 -9.060795353668653629e-01 7.794641247437846809e-01 5.788957285946070286e-01 6.026990253370102524e-01 -4.170738497647871745e-01 -3.573276145431764639e-01
1.305033555508054018e+09 2.460219421378002647e-01 -9.098866215545199365e-01 7.705179177574675853e-01 5.772987031252692081e-01 6.024459052045822993e-01 -4.188516544262319563e-01 -3.582574915567321439e-01
1.305033555540167093e+09 2.542890127010857260e-01 -9.036422899391265418e-01 7.709133066980817794e-01 5.774463836480986378e-01 6.041592084827889231e-01 -4.200023675549943158e-01 -3.537588671190904366e-01
1.305033555576014996e+09 2.542890127010857260e-01 -9.036422899391265418e-01 7.709133066980817794e-01 5.774463836480986378e-01 6.041592084827889231e-01 -4.200023675549943158e-01 -3.537588671190904366e-01
1.305033555607899904e+09 2.704016692243880193e-01 -9.020178500827067403e-01 7.704951062203010403e-01 5.781681974408565683e-01 6.057912894685066885e-01 -4.186971403612462783e-01 -3.513277013350777356e-01
1.305033555640029907e+09 2.704016692243880193e-01 -9.020178500827067403e-01 7.704951062203010403e-01 5.781681974408565683e-01 6.057912894685066885e-01 -4.186971403612462783e-01 -3.513277013350777356e-01
1.305033555676146984e+09 2.821498442446641608e-01 -9.030188134417991286e-01 7.695080920054253593e-01 5.794143492388016403e-01 6.065706437145452767e-01 -4.174554363632594356e-01 -3.494023822624263698e-01
1.305033555707998991e+09 2.821498442446641608e-01 -9.030188134417991286e-01 7.695080920054253593e-01 5.794143492388016403e-01 6.065706437145452767e-01 -4.174554363632594356e-01 -3.494023822624263698e-01
1.305033555740084887e+09 2.927627373508920883e-01 -9.036751483269390706e-01 7.686538967733833605e-01 5.808302545101174941e-01 6.066225506836060433e-01 -4.166919892386034552e-01 -3.478693469568762686e-01
1.305033555776006937e+09 2.927627373508920883e-01 -9.036751483269390706e-01 7.686538967733833605e-01 5.808302545101174941e-01 6.066225506836060433e-01 -4.166919892386034552e-01 -3.478693469568762686e-01
1.305033555808005095e+09 2.927627373508920883e-01 -9.036751483269390706e-01 7.686538967733833605e-01 5.808302545101174941e-01 6.066225506836060433e-01 -4.166919892386034552e-01 -3.478693469568762686e-01
1.305033555839876890e+09 2.927627373508920883e-01 -9.036751483269390706e-01 7.686538967733833605e-01 5.808302545101174941e-01 6.066225506836060433e-01 -4.166919892386034552e-01 -3.478693469568762686e-01
1.305033555876036882e+09 2.927627373508920883e-01 -9.036751483269390706e-01 7.686538967733833605e-01 5.808302545101174941e-01 6.066225506836060433e-01 -4.166919892386034552e-01 -3.478693469568762686e-01
1.305033555908152103e+09 2.927627373508920883e-01 -9.036751483269390706e-01 7.686538967733833605e-01 5.808302545101174941e-01 6.066225506836060433e-01 -4.166919892386034552e-01 -3.478693469568762686e-01
1.305033555940116882e+09 2.927627373508920883e-01 -9.036751483269390706e-01 7.686538967733833605e-01 5.808302545101174941e-01 6.066225506836060433e-01 -4.166919892386034552e-01 -3.478693469568762686e-01
1.305033556040213108e+09 2.877499862576615719e-01 -8.949981154737325362e-01 7.663390369643603428e-01 5.953010931519561177e-01 5.960032797186474163e-01 -4.146727525875061882e-01 -3.441557893137966451e-01
1.305033556076013088e+09 2.877499862576615719e-01 -8.949981154737325362e-01 7.663390369643603428e-01 5.953010931519561177e-01 5.960032797186474163e-01 -4.146727525875061882e-01 -3.441557893137966451e-01
1.305033556108100891e+09 2.877499862576615719e-01 -8.949981154737325362e-01 7.663390369643603428e-01 5.953010931519561177e-01 5.960032797186474163e-01 -4.146727525875061882e-01 -3.441557893137966451e-01
1.305033556140059948e+09 2.877499862576615719e-01 -8.949981154737325362e-01 7.663390369643603428e-01 5.953010931519561177e-01 5.960032797186474163e-01 -4.146727525875061882e-01 -3.441557893137966451e-01
1.305033556176121950e+09 2.877499862576615719e-01 -8.949981154737325362e-01 7.663390369643603428e-01 5.953010931519561177e-01 5.960032797186474163e-01 -4.146727525875061882e-01 -3.441557893137966451e-01
1.305033556207982063e+09 2.877499862576615719e-01 -8.949981154737325362e-01 7.663390369643603428e-01 5.953010931519561177e-01 5.960032797186474163e-01 -4.146727525875061882e-01 -3.441557893137966451e-01
1.305033556239929914e+09 2.755613400069432117e-01 -8.868893132958826087e-01 7.677995225860514417e-01 6.019628093103626121e-01 5.914608981728782799e-01 -4.126550264937804968e-01 -3.428273782082252308e-01
1.305033556275993109e+09 2.755613400069432117e-01 -8.868893132958826087e-01 7.677995225860514417e-01 6.019628093103626121e-01 5.914608981728782799e-01 -4.126550264937804968e-01 -3.428273782082252308e-01
1.305033556307938099e+09 2.632327669148799565e-01 -8.833362273915539298e-01 7.710198832848489392e-01 6.063496472207622334e-01 5.889243862948619901e-01 -4.100375386428488644e-01 -3.426038374656529273e-01
1.305033556340038061e+09 2.632327669148799565e-01 -8.833362273915539298e-01 7.710198832848489392e-01 6.063496472207622334e-01 5.889243862948619901e-01 -4.100375386428488644e-01 -3.426038374656529273e-01
1.305033556375885963e+09 2.492617680613520292e-01 -8.802985727599118571e-01 7.731972948117149524e-01 6.110986960867150763e-01 5.854587863562707994e-01 -4.065044868995020266e-01 -3.443116252030008484e-01
1.305033556407970905e+09 2.492617680613520292e-01 -8.802985727599118571e-01 7.731972948117149524e-01 6.110986960867150763e-01 5.854587863562707994e-01 -4.065044868995020266e-01 -3.443116252030008484e-01
1.305033556439968109e+09 2.315209644809272937e-01 -8.763555238939240155e-01 7.729087854836809157e-01 6.176124631502225570e-01 5.794331963495790161e-01 -4.028002493475641432e-01 -3.472232357650699153e-01
1.305033556475858927e+09 2.315209644809272937e-01 -8.763555238939240155e-01 7.729087854836809157e-01 6.176124631502225570e-01 5.794331963495790161e-01 -4.028002493475641432e-01 -3.472232357650699153e-01
1.305033556507904053e+09 2.215487256667336702e-01 -8.772719986084044352e-01 7.723443791986616125e-01 6.206733159788924148e-01 5.762881296222182037e-01 -4.011521272135609162e-01 -3.489034211932093843e-01
1.305033556540024996e+09 2.114879178579287533e-01 -8.749547885713935269e-01 7.740159595413378391e-01 6.233525743586603163e-01 5.737379794236446839e-01 -3.999636904014223227e-01 -3.496932160734315120e-01
1.305033556575851917e+09 2.010113622930740362e-01 -8.701712430188653924e-01 7.748522849709065241e-01 6.254811739420205186e-01 5.716427702193920268e-01 -3.993265411163894330e-01 -3.500516502746868763e-01
1.305033556607872009e+09 1.909917683883171069e-01 -8.686311623206837140e-01 7.775794523296496452e-01 6.282028599156633808e-01 5.691688765281677220e-01 -3.979113810081633673e-01 -3.508197395381582595e-01
1.305033556640041113e+09 1.783060377712553102e-01 -8.659089437442555326e-01 7.766228878865202301e-01 6.300827683575420668e-01 5.660883608540639989e-01 -3.974672924003334606e-01 -3.529297723292876832e-01
1.305033556675955057e+09 1.725712315281029419e-01 -8.619491030083217264e-01 7.871427674203324010e-01 -6.343294155602345885e-01 -5.641827065569117172e-01 3.931589730195143018e-01 3.531997849820549540e-01
1.305033556707983017e+09 1.621366551808529621e-01 -8.601450607664424819e-01 7.898820586901654783e-01 -6.384517610230920903e-01 -5.608403944671533914e-01 3.902681654243129739e-01 3.542995340623257272e-01
1.305033556739979982e+09 1.501854828269753028e-01 -8.559419717249350246e-01 7.902639840386499470e-01 -6.421149743890190997e-01 -5.575054124129200650e-01 3.888488606180297014e-01 3.545033686606511858e-01
1.305033556775974035e+09 1.389142438989150463e-01 -8.512913324198987386e-01 7.913634814083068125e-01 -6.463408734848360426e-01 -5.538924176939711286e-01 3.863026342860766960e-01 3.552702346490970164e-01
1.305033556808044910e+09 1.276021873624508807e-01 -8.487532147789307313e-01 7.918582282424203589e-01 -6.510122034253704726e-01 -5.499604607982059301e-01 3.815376562010961425e-01 3.579882951305018435e-01
1.305033556839919090e+09 1.147266582400265911e-01 -8.453788141581486393e-01 7.938502714846463748e-01 -6.556729651817907456e-01 -5.467631695076804466e-01 3.765260989920716783e-01 3.596819372410108850e-01
1.305033556876019001e+09 1.026540903053827503e-01 -8.438756827907982760e-01 7.945091593289167475e-01 -6.607046021604920938e-01 -5.420253557531207189e-01 3.722583547312641183e-01 3.620796317627119620e-01
1.305033556907886982e+09 9.006912686765633502e-02 -8.376098661300828141e-01 7.943510221067340282e-01 -6.656765456322164543e-01 -5.374427818656809519e-01 3.693276754894228575e-01 3.628044389657013591e-01
1.305033556939975023e+09 7.837423370288743030e-02 -8.291576021135425023e-01 8.021186380606860622e-01 -6.708799217861147746e-01 -5.342375787082208616e-01 3.647132017803711990e-01 3.626218698414978014e-01
1.305033556975893021e+09 6.633046162569944393e-02 -8.201149560100846614e-01 8.064116371121691218e-01 -6.749504365419215501e-01 -5.308788374652609887e-01 3.609981125368242338e-01 3.637168278870979710e-01
1.305033557007877111e+09 5.693684162710899166e-02 -8.101822755249206143e-01 8.128061293483106464e-01 -6.800932421199975542e-01 -5.260975038185308206e-01 3.578874020286300639e-01 3.641582155709507940e-01
1.305033557040035009e+09 4.663301003965769631e-02 -8.048390536791460992e-01 8.178002558251756815e-01 -6.856258410917169810e-01 -5.199716395116559253e-01 3.542442488881868412e-01 3.661389248092590809e-01
1.305033557075946093e+09 4.663301003965769631e-02 -8.048390536791460992e-01 8.178002558251756815e-01 -6.856258410917169810e-01 -5.199716395116559253e-01 3.542442488881868412e-01 3.661389248092590809e-01
1.305033557207974911e+09 -3.532392026623254466e-03 -7.839008136828848894e-01 8.272519972643339603e-01 -7.044066725015999397e-01 -4.945828504284046079e-01 3.455848536626309198e-01 3.738584661557311506e-01
1.305033557240011930e+09 -3.532392026623254466e-03 -7.839008136828848894e-01 8.272519972643339603e-01 -7.044066725015999397e-01 -4.945828504284046079e-01 3.455848536626309198e-01 3.738584661557311506e-01
1.305033557276050091e+09 -2.404256476458255243e-02 -7.818820127664247721e-01 8.321609024900297191e-01 -7.099313346234654709e-01 -4.856662338583735972e-01 3.430638122582342353e-01 3.774030075773319171e-01
1.305033557307888985e+09 -3.337810223604797955e-02 -7.775946582824619924e-01 8.312273679247359492e-01 -7.113348844589493236e-01 -4.816751447760482252e-01 3.445037065593778980e-01 3.785616637003755836e-01
1.305033557340044975e+09 -3.337810223604797955e-02 -7.775946582824619924e-01 8.312273679247359492e-01 -7.113348844589493236e-01 -4.816751447760482252e-01 3.445037065593778980e-01 3.785616637003755836e-01
1.305033557376085997e+09 -4.926369669947083807e-02 -7.704471719188266121e-01 8.355046436619117944e-01 -7.141486096937761374e-01 -4.771024311469078683e-01 3.425932291963357246e-01 3.807819753809045249e-01
1.305033557408417940e+09 -4.926369669947083807e-02 -7.704471719188266121e-01 8.355046436619117944e-01 -7.141486096937761374e-01 -4.771024311469078683e-01 3.425932291963357246e-01 3.807819753809045249e-01
1.305033557440157890e+09 -6.616921741886794273e-02 -7.674563800046203532e-01 8.346026123862504420e-01 -7.193975483663199721e-01 -4.703574350863669595e-01 3.408054818209679260e-01 3.808971963985561260e-01
1.305033557476006985e+09 -7.365834627715139860e-02 -7.607179066013023405e-01 8.341281647264653376e-01 -7.208071343433681832e-01 -4.687949696095121688e-01 3.410770342770143015e-01 3.799142116811561332e-01
1.305033557508956909e+09 -8.249115564468434414e-02 -7.557752296814419513e-01 8.315176169326820022e-01 -7.219349892540224412e-01 -4.677170573792541197e-01 3.398658552913492725e-01 3.801865672723928613e-01
1.305033557540147066e+09 -8.993902969444422801e-02 -7.517092171715544779e-01 8.389728926803026177e-01 -7.252296643328439707e-01 -4.674327659652925404e-01 3.358322591648715272e-01 3.778428733983544285e-01
1.305033557576010942e+09 -1.006469861891297057e-01 -7.471575388478935986e-01 8.364581864891350582e-01 -7.275056739578230625e-01 -4.643063793104129089e-01 3.355336552517629300e-01 3.775874027085910911e-01
1.305033557608076096e+09 -1.091222875553916616e-01 -7.390983869062737188e-01 8.336547287336040224e-01 -7.293987756085135166e-01 -4.620786951304295398e-01 3.361190334721760875e-01 3.761445214077844268e-01
1.305033557640067101e+09 -1.163241079643502207e-01 -7.303963872326588724e-01 8.373177244837153310e-01 -7.321646753113935091e-01 -4.613297218401117283e-01 3.333190277578368388e-01 3.741766985097512155e-01
1.305033557675920963e+09 -1.274641879935867195e-01 -7.294743668031165029e-01 8.375488714897360021e-01 -7.360023443216175965e-01 -4.572973719985573560e-01 3.287400647576458335e-01 3.756456209506969790e-01
1.305033557708017111e+09 -1.274641879935867195e-01 -7.294743668031165029e-01 8.375488714897360021e-01 -7.360023443216175965e-01 -4.572973719985573560e-01 3.287400647576458335e-01 3.756456209506969790e-01
1.305033557739933968e+09 -1.463797100424903963e-01 -7.199162135986724165e-01 8.378298716516827671e-01 -7.402572204739007455e-01 -4.540842128232078223e-01 3.243585250309655721e-01 3.749910964819283543e-01
1.305033557775893927e+09 -1.540491790734523914e-01 -7.123503246417245416e-01 8.375086839774511516e-01 -7.420935641489239121e-01 -4.531705267890759892e-01 3.212881706253241654e-01 3.751100200137168494e-01
1.305033557807892084e+09 -1.617894904289158831e-01 -7.038782625790612757e-01 8.381875508936222907e-01 -7.444936610291548185e-01 -4.523684267200813736e-01 3.186912464031259606e-01 3.735343152378723386e-01
1.305033557839884043e+09 -1.696403925413598746e-01 -6.972339018265876209e-01 8.380164058403620775e-01 -7.467258763504039942e-01 -4.508879937635232871e-01 3.158008512345561458e-01 3.733233250523680935e-01
1.305033557875991106e+09 -1.766966902793325467e-01 -6.888442464391928421e-01 8.380758739899025755e-01 -7.496866090035050334e-01 -4.477661508994398853e-01 3.134183149982334160e-01 3.731546893892588868e-01
1.305033557908090115e+09 -1.827588765325096620e-01 -6.805120927141073972e-01 8.400718224849395011e-01 -7.531543199189699722e-01 -4.446993780306474631e-01 3.113851279523365267e-01 3.715377984225242125e-01
1.305033557940083981e+09 -1.900666237470358677e-01 -6.739462222908594313e-01 8.432679794172632803e-01 -7.573612116340198153e-01 -4.410868563994642666e-01 3.076285712823884078e-01 3.704200890268294355e-01
1.305033557976015091e+09 -1.962023366846077366e-01 -6.660764382703600051e-01 8.456579418757153022e-01 -7.617874453535290469e-01 -4.372339965633652570e-01 3.043450478619458832e-01 3.686196036470129611e-01
1.305033558008090973e+09 -2.017379719633300983e-01 -6.555419996561686613e-01 8.475447008640641933e-01 -7.659669477742130361e-01 -4.332583440401497343e-01 3.023784647409555326e-01 3.662637114128912130e-01
1.305033558039891958e+09 -2.103239595493897607e-01 -6.484138543824081724e-01 8.462105625097905426e-01 -7.697902760500011654e-01 -4.287876087966651095e-01 2.989830084198585314e-01 3.662967077623165424e-01
1.305033558075871944e+09 -2.181749060778779281e-01 -6.397611893063082089e-01 8.477547238537312957e-01 -7.738534646912818005e-01 -4.239165260721532991e-01 2.964159309026046518e-01 3.654903418906700896e-01
1.305033558108006954e+09 -2.181749060778779281e-01 -6.397611893063082089e-01 8.477547238537312957e-01 -7.738534646912818005e-01 -4.239165260721532991e-01 2.964159309026046518e-01 3.654903418906700896e-01
1.305033558139982939e+09 -2.268530767399339343e-01 -6.316392616297082929e-01 8.467813391637803999e-01 -7.773074449893564442e-01 -4.187817329172385805e-01 2.936977179177973074e-01 3.662740048499636414e-01
1.305033558175960064e+09 -2.360458651431622812e-01 -6.248095472211011581e-01 8.468845063099976755e-01 -7.815075087865386294e-01 -4.126977057272959160e-01 2.895140175794448933e-01 3.675707428818203448e-01
1.305033558207948923e+09 -2.425748365647457661e-01 -6.157011851821873050e-01 8.487130339974626736e-01 -7.852191064273004173e-01 -4.073552445819798029e-01 2.875710552961833755e-01 3.671451317516098434e-01
1.305033558576013088e+09 -2.848086956694115823e-01 -5.071935147175020697e-01 8.382731019982117004e-01 -8.208198282857709360e-01 -3.363809296847504737e-01 2.541736288393280918e-01 3.853549610942982317e-01
1.305033558608046055e+09 -2.848086956694115823e-01 -5.071935147175020697e-01 8.382731019982117004e-01 -8.208198282857709360e-01 -3.363809296847504737e-01 2.541736288393280918e-01 3.853549610942982317e-01
1.305033558640091896e+09 -2.832588439037999617e-01 -4.858251382374109140e-01 8.437228894261012968e-01 -8.272712621429688662e-01 -3.245805289370315427e-01 2.461607605799894238e-01 3.868780415299081787e-01
1.305033558676023006e+09 -2.804771092627673656e-01 -4.762045774717511559e-01 8.559044831317376145e-01 -8.313000637520474578e-01 -3.205263517892887881e-01 2.381097701830065250e-01 3.866610908248811485e-01
1.305033558708029985e+09 -2.809502908785017627e-01 -4.653726883428812577e-01 8.557555579203551810e-01 -8.336576575763490204e-01 -3.146180585711559341e-01 2.335415398591483283e-01 3.892155397019102514e-01
1.305033558740101099e+09 -2.782224054780528810e-01 -4.513233345440790245e-01 8.544024991431824478e-01 -8.358052754350364655e-01 -3.080932117577926954e-01 2.312679482105973461e-01 3.911818637848527014e-01
1.305033558776016951e+09 -2.771601512457251282e-01 -4.406935206669619909e-01 8.549416058182497391e-01 -8.397355530246274347e-01 -2.982221484876401707e-01 2.274758591692548348e-01 3.926353074203188798e-01
1.305033558807982922e+09 -2.741943831507058782e-01 -4.291711246500212740e-01 8.555165699419717829e-01 -8.437298153150541991e-01 -2.881329725427307920e-01 2.248428345475286250e-01 3.931222311632187605e-01
1.305033558839870930e+09 -2.741943831507058782e-01 -4.291711246500212740e-01 8.555165699419717829e-01 -8.437298153150541991e-01 -2.881329725427307920e-01 2.248428345475286250e-01 3.931222311632187605e-01
1.305033558876550913e+09 -2.759552491729111434e-01 -4.126004568270885686e-01 8.543813118868031076e-01 -8.535373068683735909e-01 -2.613981543689753995e-01 2.157375499356073423e-01 3.957301861422229949e-01
1.305033558908104897e+09 -2.743056579254525840e-01 -4.011726473378437463e-01 8.548786559548601227e-01 -8.575531564982595834e-01 -2.496106207631901275e-01 2.135503504218820570e-01 3.958451333751339951e-01
1.305033558939966917e+09 -2.743056579254525840e-01 -4.011726473378437463e-01 8.548786559548601227e-01 -8.575531564982595834e-01 -2.496106207631901275e-01 2.135503504218820570e-01 3.958451333751339951e-01
1.305033558976272106e+09 -2.751748181380473390e-01 -3.881581650797661931e-01 8.565452412659759762e-01 -8.609930496735852534e-01 -2.351888984530855486e-01 2.030978161661916581e-01 4.026517447208283751e-01
1.305033559007999897e+09 -2.751748181380473390e-01 -3.881581650797661931e-01 8.565452412659759762e-01 -8.609930496735852534e-01 -2.351888984530855486e-01 2.030978161661916581e-01 4.026517447208283751e-01
1.305033559040381908e+09 -2.751748181380473390e-01 -3.881581650797661931e-01 8.565452412659759762e-01 -8.609930496735852534e-01 -2.351888984530855486e-01 2.030978161661916581e-01 4.026517447208283751e-01
1.305033559076769114e+09 -2.721970542353810973e-01 -3.696799706874014380e-01 8.602354895339281438e-01 -8.641344580067303882e-01 -2.238139142890917255e-01 1.900143893457354460e-01 4.087462563713294417e-01
1.305033559109646082e+09 -2.721970542353810973e-01 -3.696799706874014380e-01 8.602354895339281438e-01 -8.641344580067303882e-01 -2.238139142890917255e-01 1.900143893457354460e-01 4.087462563713294417e-01
1.305033559139919996e+09 -2.721970542353810973e-01 -3.696799706874014380e-01 8.602354895339281438e-01 -8.641344580067303882e-01 -2.238139142890917255e-01 1.900143893457354460e-01 4.087462563713294417e-01
1.305033559175997019e+09 -2.721970542353810973e-01 -3.696799706874014380e-01 8.602354895339281438e-01 -8.641344580067303882e-01 -2.238139142890917255e-01 1.900143893457354460e-01 4.087462563713294417e-01
1.305033559208039999e+09 -2.744778076907663511e-01 -3.554776031291794203e-01 8.554768600864829375e-01 -8.660082026191742166e-01 -2.069810857096586743e-01 1.773203458233915120e-01 4.192208464661925094e-01
1.305033559239862919e+09 -2.744778076907663511e-01 -3.554776031291794203e-01 8.554768600864829375e-01 -8.660082026191742166e-01 -2.069810857096586743e-01 1.773203458233915120e-01 4.192208464661925094e-01
1.305033559276036978e+09 -2.744778076907663511e-01 -3.554776031291794203e-01 8.554768600864829375e-01 -8.660082026191742166e-01 -2.069810857096586743e-01 1.773203458233915120e-01 4.192208464661925094e-01
1.305033559307898045e+09 -2.744778076907663511e-01 -3.554776031291794203e-01 8.554768600864829375e-01 -8.660082026191742166e-01 -2.069810857096586743e-01 1.773203458233915120e-01 4.192208464661925094e-01
1.305033559340097904e+09 -2.743618553518212266e-01 -3.457943758690933400e-01 8.523159652957290611e-01 -8.663712478570368969e-01 -1.971802745941585444e-01 1.686462632951678808e-01 4.267074385034667627e-01
1.305033559375961065e+09 -2.743618553518212266e-01 -3.457943758690933400e-01 8.523159652957290611e-01 -8.663712478570368969e-01 -1.971802745941585444e-01 1.686462632951678808e-01 4.267074385034667627e-01
1.305033559407979012e+09 -2.743618553518212266e-01 -3.457943758690933400e-01 8.523159652957290611e-01 -8.663712478570368969e-01 -1.971802745941585444e-01 1.686462632951678808e-01 4.267074385034667627e-01
1.305033559440041065e+09 -2.743618553518212266e-01 -3.457943758690933400e-01 8.523159652957290611e-01 -8.663712478570368969e-01 -1.971802745941585444e-01 1.686462632951678808e-01 4.267074385034667627e-01
1.305033559476020098e+09 -2.743618553518212266e-01 -3.457943758690933400e-01 8.523159652957290611e-01 -8.663712478570368969e-01 -1.971802745941585444e-01 1.686462632951678808e-01 4.267074385034667627e-01
1.305033559507931948e+09 -2.689051233301669175e-01 -3.542663670908032802e-01 8.514363059495487773e-01 -8.688269380125828167e-01 -1.965226169155752656e-01 1.666825036330070176e-01 4.227712807263122041e-01
1.305033559776010990e+09 -2.452519505429908708e-01 -4.036910339329237152e-01 8.544933754489747457e-01 -8.718067160818195882e-01 -2.145358458571038907e-01 1.823812182798186243e-01 4.008297791529210619e-01
1.305033559808037996e+09 -2.419187785806351521e-01 -4.134818874705328273e-01 8.539453770779896757e-01 -8.715967558918035207e-01 -2.165978642287267608e-01 1.840142759702345088e-01 3.994286000896635769e-01
1.305033559840056896e+09 -2.419187785806351521e-01 -4.134818874705328273e-01 8.539453770779896757e-01 -8.715967558918035207e-01 -2.165978642287267608e-01 1.840142759702345088e-01 3.994286000896635769e-01
1.305033559875881910e+09 -2.362733675330122018e-01 -4.296092034762742928e-01 8.587609875100441492e-01 -8.712889085505343134e-01 -2.261723117917538717e-01 1.876812679038710463e-01 3.930362132088947025e-01
1.305033559908072948e+09 -2.362733675330122018e-01 -4.296092034762742928e-01 8.587609875100441492e-01 -8.712889085505343134e-01 -2.261723117917538717e-01 1.876812679038710463e-01 3.930362132088947025e-01
1.305033559940078974e+09 -2.247640973494211547e-01 -4.455423295438478704e-01 8.632923975777865300e-01 -8.680951346888112763e-01 -2.411297422482471531e-01 1.930184362509588802e-01 3.886015540372209642e-01
1.305033559976032972e+09 -2.247640973494211547e-01 -4.455423295438478704e-01 8.632923975777865300e-01 -8.680951346888112763e-01 -2.411297422482471531e-01 1.930184362509588802e-01 3.886015540372209642e-01
1.305033560008053064e+09 -2.247640973494211547e-01 -4.455423295438478704e-01 8.632923975777865300e-01 -8.680951346888112763e-01 -2.411297422482471531e-01 1.930184362509588802e-01 3.886015540372209642e-01
1.305033560040021896e+09 -2.154923517758289275e-01 -4.631382237001493429e-01 8.637556764236471452e-01 -8.668175905270205650e-01 -2.500058261475910371e-01 1.993638732114544343e-01 3.825942990993436155e-01
1.305033560076066017e+09 -2.154923517758289275e-01 -4.631382237001493429e-01 8.637556764236471452e-01 -8.668175905270205650e-01 -2.500058261475910371e-01 1.993638732114544343e-01 3.825942990993436155e-01
1.305033560107877970e+09 -2.051989081537786141e-01 -4.786602593026112462e-01 8.635300612616531035e-01 -8.637303898648663880e-01 -2.633649351000276750e-01 2.056170564458995320e-01 3.772669488335388954e-01
1.305033560139985085e+09 -2.051989081537786141e-01 -4.786602593026112462e-01 8.635300612616531035e-01 -8.637303898648663880e-01 -2.633649351000276750e-01 2.056170564458995320e-01 3.772669488335388954e-01
1.305033560175952911e+09 -1.947634502236754717e-01 -4.975750297810627165e-01 8.659864858752551742e-01 -8.582715251111628918e-01 -2.808183824530247064e-01 2.120800632804939467e-01 3.735412587904673454e-01
1.305033560207885027e+09 -1.898412038324206463e-01 -5.075330973800652457e-01 8.674176749481017357e-01 -8.553216991106712408e-01 -2.887569281245046526e-01 2.144751300952733308e-01 3.728869078704022400e-01
1.305033560240149021e+09 -1.828892334616900595e-01 -5.156815806285692805e-01 8.663540308061182804e-01 -8.520278454364258458e-01 -2.970009919841813950e-01 2.189292155615578106e-01 3.713609563954931025e-01
1.305033560275875092e+09 -1.755386852588587399e-01 -5.238951370055102696e-01 8.677282295624415553e-01 -8.494161784346345723e-01 -3.043475126959798160e-01 2.233517373816588658e-01 3.687529643784117073e-01
1.305033560308068037e+09 -1.678762035827769949e-01 -5.366739566565950081e-01 8.694263675303914862e-01 -8.464359994951645705e-01 -3.115873992809524706e-01 2.263371410900955061e-01 3.677375285867847121e-01
1.305033560340794086e+09 -1.635631883371211348e-01 -5.494174414077683810e-01 8.708442532927233026e-01 -8.443708325949317306e-01 -3.172516934772380837e-01 2.295593018542343156e-01 3.656388750953085132e-01
1.305033560376140118e+09 -1.570104773588549829e-01 -5.626696464076502702e-01 8.734127196892476075e-01 -8.413037279199039320e-01 -3.240612235989014378e-01 2.337741502150592621e-01 3.640631915463053980e-01
1.305033560408222914e+09 -1.497635732583681989e-01 -5.725238041820905899e-01 8.780626059648451998e-01 -8.374096615088062467e-01 -3.335420483260612690e-01 2.384010845238348497e-01 3.614687866303548658e-01
1.305033560440133095e+09 -1.399560255786849172e-01 -5.833736043581824182e-01 8.836059975995760318e-01 -8.323674904276664455e-01 -3.443641716801453811e-01 2.428849779208995807e-01 3.599785627541727817e-01
1.305033560476175070e+09 -1.296186952182678542e-01 -5.931609453905504203e-01 8.854271911212477919e-01 -8.273532263132880038e-01 -3.529052285527269905e-01 2.489251755734879779e-01 3.591389641000388155e-01
1.305033560508009911e+09 -1.210144114228284273e-01 -6.047263192827787570e-01 8.873752678175378383e-01 -8.238102721258643291e-01 -3.588995934430018186e-01 2.550335216735563626e-01 3.570512850966104379e-01
1.305033560540071011e+09 -1.113831763188168900e-01 -6.151093784781859197e-01 8.926743695972290116e-01 -8.206205421753125506e-01 -3.649852873308092605e-01 2.612919614112756972e-01 3.536865514743121608e-01
1.305033560576121092e+09 -1.016973070212783270e-01 -6.279917244131207887e-01 8.916277901528438798e-01 -8.160303108573920827e-01 -3.708635277498221194e-01 2.684162025778255578e-01 3.528562281448983651e-01
1.305033560608124018e+09 -9.048620539637153293e-02 -6.371645994784006506e-01 8.964048453111976844e-01 -8.114177837177217745e-01 -3.792205172766284771e-01 2.736321279102643111e-01 3.505972591426917973e-01
1.305033560640090942e+09 -7.985920977685179167e-02 -6.492682513273454470e-01 8.974450872427077730e-01 -8.071449093939297992e-01 -3.847132786082346212e-01 2.780065515505915075e-01 3.510343940369889948e-01
1.305033560676023960e+09 -7.006259762918487510e-02 -6.583932696966621201e-01 8.983604368868730594e-01 -8.027231459684807113e-01 -3.915312661085852408e-01 2.834053163542920029e-01 3.493139637174512702e-01
1.305033560708281994e+09 -6.097566134243459501e-02 -6.673114800904922372e-01 8.989834273112691232e-01 -7.983759692947389741e-01 -3.976592821687471857e-01 2.886853775213824580e-01 3.480282456397177926e-01
1.305033560740039110e+09 -5.352252511827226833e-02 -6.832061373922865277e-01 9.023132101024006202e-01 -7.948479811044451004e-01 -4.028241143644568645e-01 2.912146069378758195e-01 3.480567087799013026e-01
1.305033560776129961e+09 -4.447905314902200757e-02 -6.905346180248785881e-01 9.016597942854741587e-01 -7.885251253590866982e-01 -4.110916109764329307e-01 2.979260346324930642e-01 3.470906105765413363e-01
1.305033560808007002e+09 -3.476362923311082653e-02 -6.957586411359064638e-01 9.005077851101395137e-01 -7.835361733181900323e-01 -4.172747669758948286e-01 3.045594944709833496e-01 3.452482415229354284e-01
1.305033560840109110e+09 -2.539351987233562369e-02 -7.081975204934161106e-01 9.029549976412989398e-01 -7.805397041044129791e-01 -4.209197861406731578e-01 3.072258150709690216e-01 3.452486097088068862e-01
1.305033561075980902e+09 5.354222511159067999e-02 -7.662859754227523412e-01 9.094098651834899849e-01 -7.643985711385604676e-01 -4.587789214292621320e-01 3.227725520268903692e-01 3.178594112993644583e-01
1.305033561108011007e+09 6.266717856449988133e-02 -7.777981610304786075e-01 9.093011826644918916e-01 -7.587710489545773651e-01 -4.675583117315688653e-01 3.234780717828369401e-01 3.178327507900233218e-01
1.305033561175991058e+09 7.914653713758368347e-02 -7.963755683740463276e-01 9.102472731496812353e-01 -7.506275446352547176e-01 -4.823387680636372910e-01 3.294722999021545973e-01 3.087970298673323177e-01
1.305033561207947016e+09 7.914653713758368347e-02 -7.963755683740463276e-01 9.102472731496812353e-01 -7.506275446352547176e-01 -4.823387680636372910e-01 3.294722999021545973e-01 3.087970298673323177e-01
1.305033561244096041e+09 1.001581104890043594e-01 -7.986082017576578984e-01 9.166946199774053117e-01 -7.383352516718466596e-01 -4.996674722851127126e-01 3.395059848743072206e-01 2.998819092799758779e-01
1.305033561276017904e+09 1.089587681086581217e-01 -8.071733466827031300e-01 9.235357677286704092e-01 -7.353413877255187137e-01 -5.063846939665200830e-01 3.409401147977375590e-01 2.942913918823444330e-01
1.305033561308037996e+09 1.188869681469484352e-01 -8.046612321534823975e-01 9.303819982369857522e-01 -7.290981028815634035e-01 -5.162541801046911516e-01 3.468290928384859528e-01 2.856696663276852566e-01
1.305033561344315052e+09 1.188869681469484352e-01 -8.046612321534823975e-01 9.303819982369857522e-01 -7.290981028815634035e-01 -5.162541801046911516e-01 3.468290928384859528e-01 2.856696663276852566e-01
1.305033561376023054e+09 1.312094752108892148e-01 -8.083553422379761155e-01 9.398816451073728206e-01 -7.170535181687103243e-01 -5.290252910992184754e-01 3.586590203955016820e-01 2.780830820963425265e-01
1.305033561408071041e+09 1.312094752108892148e-01 -8.083553422379761155e-01 9.398816451073728206e-01 -7.170535181687103243e-01 -5.290252910992184754e-01 3.586590203955016820e-01 2.780830820963425265e-01
1.305033561444166899e+09 1.312094752108892148e-01 -8.083553422379761155e-01 9.398816451073728206e-01 -7.170535181687103243e-01 -5.290252910992184754e-01 3.586590203955016820e-01 2.780830820963425265e-01
1.305033561475883007e+09 1.416408193097411505e-01 -8.183965737368241733e-01 9.447593795628790314e-01 7.081894602377288850e-01 5.353140055893376159e-01 -3.686654503390801030e-01 -2.756671717023553847e-01
1.305033561508996964e+09 1.416408193097411505e-01 -8.183965737368241733e-01 9.447593795628790314e-01 7.081894602377288850e-01 5.353140055893376159e-01 -3.686654503390801030e-01 -2.756671717023553847e-01
1.305033561544442892e+09 1.502916491877213101e-01 -8.254876134706414792e-01 9.435116257677598206e-01 7.023732906961660527e-01 5.378429530639965428e-01 -3.773661545319358934e-01 -2.738457663901665007e-01
1.305033561576172113e+09 1.502916491877213101e-01 -8.254876134706414792e-01 9.435116257677598206e-01 7.023732906961660527e-01 5.378429530639965428e-01 -3.773661545319358934e-01 -2.738457663901665007e-01
1.305033561608227968e+09 1.580909328865871544e-01 -8.328985580127998833e-01 9.417263194015579320e-01 6.953503480269863646e-01 5.394983725735557067e-01 -3.869334768012658299e-01 -2.751579255985883710e-01
1.305033561643843889e+09 1.580909328865871544e-01 -8.328985580127998833e-01 9.417263194015579320e-01 6.953503480269863646e-01 5.394983725735557067e-01 -3.869334768012658299e-01 -2.751579255985883710e-01
1.305033561676177025e+09 1.680734227133224845e-01 -8.387095482288347004e-01 9.429307078384218110e-01 6.887009468532186984e-01 5.414026180620322704e-01 -3.957697033126933439e-01 -2.755731352995783312e-01
1.305033561708200932e+09 1.757557426286875391e-01 -8.453708964003670001e-01 9.437861293154345965e-01 6.857377543955802679e-01 5.414325734258028655e-01 -4.001803454829475637e-01 -2.765324424351837118e-01
1.305033561744330883e+09 1.757557426286875391e-01 -8.453708964003670001e-01 9.437861293154345965e-01 6.857377543955802679e-01 5.414325734258028655e-01 -4.001803454829475637e-01 -2.765324424351837118e-01
1.305033561776129961e+09 1.829757803024520957e-01 -8.540223903577167652e-01 9.426943937888130343e-01 6.765262326094008127e-01 5.481253383335692453e-01 -4.078775959590525968e-01 -2.747848918385161210e-01
1.305033561808115005e+09 1.829757803024520957e-01 -8.540223903577167652e-01 9.426943937888130343e-01 6.765262326094008127e-01 5.481253383335692453e-01 -4.078775959590525968e-01 -2.747848918385161210e-01
1.305033561843975067e+09 1.829757803024520957e-01 -8.540223903577167652e-01 9.426943937888130343e-01 6.765262326094008127e-01 5.481253383335692453e-01 -4.078775959590525968e-01 -2.747848918385161210e-01
1.305033561876179934e+09 1.947566359274921499e-01 -8.590049313590834013e-01 9.397666759178417983e-01 6.672606844839175100e-01 5.526054859715477940e-01 -4.164907680630166031e-01 -2.755463589570398275e-01
1.305033561908054113e+09 1.947566359274921499e-01 -8.590049313590834013e-01 9.397666759178417983e-01 6.672606844839175100e-01 5.526054859715477940e-01 -4.164907680630166031e-01 -2.755463589570398275e-01
1.305033561944175005e+09 2.082901576170634872e-01 -8.651486460441857318e-01 9.411980198059786140e-01 6.634520635050602522e-01 5.540360724314019603e-01 -4.210365021015549658e-01 -2.749611859403996439e-01
1.305033561976031065e+09 2.082901576170634872e-01 -8.651486460441857318e-01 9.411980198059786140e-01 6.634520635050602522e-01 5.540360724314019603e-01 -4.210365021015549658e-01 -2.749611859403996439e-01
1.305033562008339882e+09 2.174236696387950030e-01 -8.682058655202786746e-01 9.520273866013040376e-01 6.599862471198322256e-01 5.555644086602425924e-01 -4.261455950090560219e-01 -2.723348550902956466e-01
1.305033562043859005e+09 2.174236696387950030e-01 -8.682058655202786746e-01 9.520273866013040376e-01 6.599862471198322256e-01 5.555644086602425924e-01 -4.261455950090560219e-01 -2.723348550902956466e-01
1.305033562408174038e+09 2.547563039426012921e-01 -8.927894646064444828e-01 1.039185816841875720e+00 6.244857198664416353e-01 5.508007766830133045e-01 -4.734451838797583134e-01 -2.872033216196208105e-01
1.305033562444036961e+09 2.547563039426012921e-01 -8.927894646064444828e-01 1.039185816841875720e+00 6.244857198664416353e-01 5.508007766830133045e-01 -4.734451838797583134e-01 -2.872033216196208105e-01
1.305033562476159096e+09 2.547563039426012921e-01 -8.927894646064444828e-01 1.039185816841875720e+00 6.244857198664416353e-01 5.508007766830133045e-01 -4.734451838797583134e-01 -2.872033216196208105e-01
1.305033562508225918e+09 2.547563039426012921e-01 -8.927894646064444828e-01 1.039185816841875720e+00 6.244857198664416353e-01 5.508007766830133045e-01 -4.734451838797583134e-01 -2.872033216196208105e-01
1.305033562544074059e+09 2.547563039426012921e-01 -8.927894646064444828e-01 1.039185816841875720e+00 6.244857198664416353e-01 5.508007766830133045e-01 -4.734451838797583134e-01 -2.872033216196208105e-01
1.305033562575998068e+09 2.630758302319833319e-01 -8.922094302372420849e-01 1.045590141967863040e+00 6.194929559428570265e-01 5.535115685902987082e-01 -4.743478778147815489e-01 -2.912859622201208198e-01
1.305033562608171940e+09 2.630758302319833319e-01 -8.922094302372420849e-01 1.045590141967863040e+00 6.194929559428570265e-01 5.535115685902987082e-01 -4.743478778147815489e-01 -2.912859622201208198e-01
1.305033562643989086e+09 2.630758302319833319e-01 -8.922094302372420849e-01 1.045590141967863040e+00 6.194929559428570265e-01 5.535115685902987082e-01 -4.743478778147815489e-01 -2.912859622201208198e-01
1.305033562676122904e+09 2.726717411765848809e-01 -8.952486562819498284e-01 1.047172587223396345e+00 6.163783354096752376e-01 5.533104649990040480e-01 -4.770204965321072077e-01 -2.938991712278985480e-01
1.305033562709352970e+09 2.726717411765848809e-01 -8.952486562819498284e-01 1.047172587223396345e+00 6.163783354096752376e-01 5.533104649990040480e-01 -4.770204965321072077e-01 -2.938991712278985480e-01
1.305033562744034052e+09 2.726717411765848809e-01 -8.952486562819498284e-01 1.047172587223396345e+00 6.163783354096752376e-01 5.533104649990040480e-01 -4.770204965321072077e-01 -2.938991712278985480e-01
1.305033562775949001e+09 2.726717411765848809e-01 -8.952486562819498284e-01 1.047172587223396345e+00 6.163783354096752376e-01 5.533104649990040480e-01 -4.770204965321072077e-01 -2.938991712278985480e-01
1.305033562808427095e+09 2.726717411765848809e-01 -8.952486562819498284e-01 1.047172587223396345e+00 6.163783354096752376e-01 5.533104649990040480e-01 -4.770204965321072077e-01 -2.938991712278985480e-01
1.305033562844181061e+09 2.851831778864679645e-01 -8.921322174842626351e-01 1.042731834633006560e+00 6.181441336485796745e-01 5.490938601205170855e-01 -4.797197416869839470e-01 -2.937051791330382300e-01
1.305033562876075983e+09 2.851831778864679645e-01 -8.921322174842626351e-01 1.042731834633006560e+00 6.181441336485796745e-01 5.490938601205170855e-01 -4.797197416869839470e-01 -2.937051791330382300e-01
1.305033562907917976e+09 2.939230695795111981e-01 -8.888197224995666446e-01 1.038200770621715785e+00 6.226750280664995474e-01 5.470213270201185196e-01 -4.750158253090588367e-01 -2.956407328388396816e-01
1.305033562943994999e+09 2.939230695795111981e-01 -8.888197224995666446e-01 1.038200770621715785e+00 6.226750280664995474e-01 5.470213270201185196e-01 -4.750158253090588367e-01 -2.956407328388396816e-01
1.305033562975903988e+09 2.939230695795111981e-01 -8.888197224995666446e-01 1.038200770621715785e+00 6.226750280664995474e-01 5.470213270201185196e-01 -4.750158253090588367e-01 -2.956407328388396816e-01
1.305033563008047104e+09 3.085077656646482147e-01 -8.919084249833374445e-01 1.036202419451984769e+00 6.300710908056821324e-01 5.433039513897891526e-01 -4.715994285212784520e-01 -2.922759243481799496e-01
1.305033563044009924e+09 3.085077656646482147e-01 -8.919084249833374445e-01 1.036202419451984769e+00 6.300710908056821324e-01 5.433039513897891526e-01 -4.715994285212784520e-01 -2.922759243481799496e-01
1.305033563075835943e+09 3.085077656646482147e-01 -8.919084249833374445e-01 1.036202419451984769e+00 6.300710908056821324e-01 5.433039513897891526e-01 -4.715994285212784520e-01 -2.922759243481799496e-01
1.305033563108021021e+09 3.176684324688316963e-01 -8.911475030231057470e-01 1.032061507070698436e+00 6.290176941231995222e-01 5.472013785291257593e-01 -4.699765815641698818e-01 -2.898782582344084924e-01
1.305033563143879890e+09 3.176684324688316963e-01 -8.911475030231057470e-01 1.032061507070698436e+00 6.290176941231995222e-01 5.472013785291257593e-01 -4.699765815641698818e-01 -2.898782582344084924e-01
1.305033563175944090e+09 3.269314161207599323e-01 -8.832863907359451705e-01 1.031432191603006476e+00 6.297533875609604426e-01 5.499159790202073905e-01 -4.651718755407813211e-01 -2.908920986888667848e-01
1.305033563208079100e+09 3.269314161207599323e-01 -8.832863907359451705e-01 1.031432191603006476e+00 6.297533875609604426e-01 5.499159790202073905e-01 -4.651718755407813211e-01 -2.908920986888667848e-01
1.305033563243967056e+09 3.371620350304629365e-01 -8.784762205572217431e-01 1.027330989623348012e+00 6.343098111704350561e-01 5.453543301049328385e-01 -4.647686089654592956e-01 -2.902238071024481059e-01
1.305033563276047945e+09 3.437209865840489265e-01 -8.798118639611549607e-01 1.013049473477598328e+00 6.349271335634647517e-01 5.425125886445537615e-01 -4.646314539675222011e-01 -2.943896027564387730e-01
1.305033563308044910e+09 3.479573092531862422e-01 -8.733504622749154178e-01 1.000442886995485781e+00 6.374439426638424111e-01 5.410914781622649938e-01 -4.617893901484095842e-01 -2.960334294766576724e-01
1.305033563343985081e+09 3.619426162034269367e-01 -8.731037430676114042e-01 9.943372608226066500e-01 6.427479566917773113e-01 5.381003787630401769e-01 -4.553073338153953431e-01 -3.000304623159685824e-01
1.305033563376120090e+09 3.706754110336860641e-01 -8.814520274553614421e-01 9.862191198882427345e-01 6.492201629467849733e-01 5.347072098272991347e-01 -4.479222664268495135e-01 -3.032606519499173037e-01
1.305033563407991886e+09 3.793946005841082325e-01 -8.734853044353065865e-01 9.805604578202926636e-01 6.556050590758686347e-01 5.310516461191168158e-01 -4.444559514936384792e-01 -3.010399688582690025e-01
1.305033563443962097e+09 3.929190048884849684e-01 -8.653823946917089671e-01 9.859058144952086433e-01 6.627213563192966284e-01 5.284255373069244310e-01 -4.391844653994974590e-01 -2.977983558583849333e-01
1.305033563475960016e+09 4.023740524618741876e-01 -8.699184017107194355e-01 9.839050214330877786e-01 6.677559656346830907e-01 5.245575480918325262e-01 -4.342210787441069253e-01 -3.006549581721228437e-01
1.305033564807990074e+09 4.023740524618741876e-01 -8.699184017107194355e-01 9.839050214330877786e-01 6.677559656346830907e-01 5.245575480918325262e-01 -4.342210787441069253e-01 -3.006549581721228437e-01
1.305033564843977928e+09 4.023740524618741876e-01 -8.699184017107194355e-01 9.839050214330877786e-01 6.677559656346830907e-01 5.245575480918325262e-01 -4.342210787441069253e-01 -3.006549581721228437e-01
1.305033564876058102e+09 4.023740524618741876e-01 -8.699184017107194355e-01 9.839050214330877786e-01 6.677559656346830907e-01 5.245575480918325262e-01 -4.342210787441069253e-01 -3.006549581721228437e-01
1.305033564908056974e+09 4.119219888877589941e-01 -8.679629218385178646e-01 9.786059883117277369e-01 6.703318923350862768e-01 5.216479789905897890e-01 -4.334291135775965587e-01 -3.011274541399939220e-01
1.305033564943989992e+09 4.265201561089717597e-01 -8.610181369561004106e-01 9.780804668312563788e-01 6.744967797894372286e-01 5.187050687686831640e-01 -4.311747902425465684e-01 -3.001457078597841721e-01
1.305033564976037025e+09 4.404969598357617588e-01 -8.568154488322365925e-01 9.736497304743829684e-01 6.778610127061849289e-01 5.158789384661700561e-01 -4.293365261344211925e-01 -3.000725172800568497e-01
1.305033565007937908e+09 4.514983818070710253e-01 -8.531252498648267402e-01 9.685888803390911850e-01 6.815958959300587594e-01 5.131878745908687867e-01 -4.266338774655948907e-01 -3.000812800273936487e-01
1.305033565043916941e+09 4.632050122522330948e-01 -8.492408334452314911e-01 9.638526547728020200e-01 6.867984681654725199e-01 5.088277342235686396e-01 -4.240338401318110573e-01 -2.993284206912862344e-01
1.305033565075900078e+09 4.748995090020569076e-01 -8.454252044593622006e-01 9.614347886053213887e-01 6.924782610127803162e-01 5.044968655462345186e-01 -4.208815023570122715e-01 -2.980193477820602954e-01
1.305033565107858896e+09 4.861376628438258685e-01 -8.397153462068706054e-01 9.587136196019814260e-01 6.978462063778371194e-01 5.001531367980852627e-01 -4.182304769290600688e-01 -2.965481076702192187e-01
1.305033565143986940e+09 4.977752305747294992e-01 -8.370972349843697202e-01 9.602297145319955707e-01 -7.035331650751502908e-01 -4.961741230547210280e-01 4.136722929115507208e-01 2.961883848626074012e-01
1.305033565175899982e+09 5.099678515603980333e-01 -8.314037975339771958e-01 9.570767615541928564e-01 -7.087722795829529687e-01 -4.912613645660280359e-01 4.096910223455491606e-01 2.974178770500638946e-01
1.305033565207978010e+09 5.199948917748353772e-01 -8.286323138578904901e-01 9.569083526518451510e-01 -7.151842554668461638e-01 -4.855045353665201069e-01 4.050219504795051217e-01 2.979161736137359573e-01
1.305033565244952917e+09 5.304784633415596806e-01 -8.265245256883685387e-01 9.532110381652936226e-01 -7.213514068103360488e-01 -4.783907995249511713e-01 4.022788344413696371e-01 2.982719064597263436e-01
1.305033565276355982e+09 5.378155482152596756e-01 -8.243435166631600808e-01 9.444343182920837965e-01 -7.261482889237833582e-01 -4.718186151896371916e-01 3.997276963390719029e-01 3.005222548049530373e-01
1.305033565307938099e+09 5.494453561656467144e-01 -8.210231526839570915e-01 9.465627032241799022e-01 -7.334440262516779274e-01 -4.654638109531307189e-01 3.942703754999601351e-01 2.999236103607660908e-01
1.305033565344986916e+09 5.586878742150176436e-01 -8.196581787462344781e-01 9.419173357713050976e-01 -7.386156971331481191e-01 -4.595573931061434636e-01 3.908543515181656658e-01 3.008101233158772536e-01
1.305033565376574039e+09 5.686266423027397376e-01 -8.243038797271236007e-01 9.424120210239183004e-01 -7.449945755514648660e-01 -4.533805228939454812e-01 3.842509224636038168e-01 3.029528221442656655e-01
1.305033565407876015e+09 5.798558414069955314e-01 -8.250121920875228554e-01 9.437774782846797272e-01 -7.502301935868517235e-01 -4.483362168413568272e-01 3.792636614955660068e-01 3.038229227164920276e-01
1.305033565444288969e+09 5.900702941425818304e-01 -8.284742991230413800e-01 9.436851144469747821e-01 -7.549959849870594430e-01 -4.425298126202375504e-01 3.738824802884073706e-01 3.071812470335810175e-01
1.305033565476052999e+09 5.992058135447174694e-01 -8.358807765107705290e-01 9.453874517550640011e-01 -7.613534015368818020e-01 -4.352249563738850857e-01 3.671960978841631862e-01 3.099794525709944071e-01
1.305033565507905006e+09 6.106602428273806282e-01 -8.375835206275670242e-01 9.440517536943733301e-01 -7.663131434945604781e-01 -4.291917231448480474e-01 3.641495421178411185e-01 3.097640099604988539e-01
1.305033565544076920e+09 6.225362584168445679e-01 -8.424418319969910751e-01 9.420469164804824436e-01 -7.719574027619436896e-01 -4.220448727402743017e-01 3.593350560373577141e-01 3.111883854151840101e-01
1.305033565575974941e+09 6.327512266197891089e-01 -8.398095354805924506e-01 9.385157303975930621e-01 -7.767056735311510529e-01 -4.176187801702481162e-01 3.544433409678325320e-01 3.109546095448587621e-01
1.305033565608072042e+09 6.439762430114481795e-01 -8.428507697991534098e-01 9.366977593747831676e-01 -7.815530858397464753e-01 -4.126820191315090369e-01 3.489965677697506319e-01 3.115601399165893737e-01
1.305033565644232988e+09 6.439762430114481795e-01 -8.428507697991534098e-01 9.366977593747831676e-01 -7.815530858397464753e-01 -4.126820191315090369e-01 3.489965677697506319e-01 3.115601399165893737e-01
1.305033565676064014e+09 6.673568484209474461e-01 -8.430043882742777051e-01 9.408929596990622812e-01 -7.907720007982758093e-01 -4.023246508447974601e-01 3.420023735948464205e-01 3.095947262657983146e-01
1.305033565709167957e+09 6.774758671440903601e-01 -8.418840478906202129e-01 9.364217528421103776e-01 -7.950231132231728726e-01 -3.958550411757447152e-01 3.392106283955096391e-01 3.101180185029679959e-01
1.305033565744012117e+09 6.774758671440903601e-01 -8.418840478906202129e-01 9.364217528421103776e-01 -7.950231132231728726e-01 -3.958550411757447152e-01 3.392106283955096391e-01 3.101180185029679959e-01
1.305033565776027918e+09 6.954075807531868714e-01 -8.483259301303234245e-01 9.337032038244208465e-01 -8.035040719633858020e-01 -3.833929918553397043e-01 3.309183529215921071e-01 3.128642898033114350e-01
1.305033565808428049e+09 7.048909272867469600e-01 -8.511474752282041090e-01 9.319375448185834854e-01 -8.061740494819128466e-01 -3.792517332084665571e-01 3.263109194620568698e-01 3.158681823801431365e-01
1.305033565844024897e+09 7.177294203291102459e-01 -8.526144044720715964e-01 9.264205173118686965e-01 -8.095737479798300607e-01 -3.730949580042333680e-01 3.224242675170131966e-01 3.184856207269450845e-01
1.305033565875916958e+09 7.177294203291102459e-01 -8.526144044720715964e-01 9.264205173118686965e-01 -8.095737479798300607e-01 -3.730949580042333680e-01 3.224242675170131966e-01 3.184856207269450845e-01
1.305033565907963991e+09 7.395083111133350373e-01 -8.558973546868275939e-01 9.253512909614958204e-01 -8.180173007044331257e-01 -3.614971577498795607e-01 3.130003128947566049e-01 3.196846959345663319e-01
1.305033565944075108e+09 7.509373830504656455e-01 -8.519186503770496133e-01 9.252777900185413795e-01 -8.213571986925676249e-01 -3.569585569522008561e-01 3.093178362388799285e-01 3.198052797547249471e-01
1.305033565975827932e+09 7.618099510134127561e-01 -8.527669723872084440e-01 9.253422404724377381e-01 -8.252151563420022651e-01 -3.516110699029902364e-01 3.042245237509841882e-01 3.206821485733284960e-01
1.305033566007889986e+09 7.740196073476598437e-01 -8.526450527877618146e-01 9.268897242145194282e-01 -8.278848645393187544e-01 -3.486227785825008474e-01 2.989638595030343349e-01 3.220084160874995827e-01
1.305033566043972969e+09 7.847838595056672029e-01 -8.486631595357694291e-01 9.235506397774828624e-01 -8.296369279296484933e-01 -3.454849790586746461e-01 2.958314535220016306e-01 3.237691278787128146e-01
1.305033566075880051e+09 7.946941744779717487e-01 -8.538823965390359705e-01 9.201012639681255267e-01 -8.319338300476888381e-01 -3.401925323394822120e-01 2.910595682612044377e-01 3.277796074899027579e-01
1.305033566107857943e+09 8.139323049565161394e-01 -8.477133196638741985e-01 9.256700507120698695e-01 -8.362960289119769630e-01 -3.351496384568966036e-01 2.890927787864753795e-01 3.235877579912185276e-01
1.305033566143990993e+09 8.241969218170542844e-01 -8.475889627864342524e-01 9.203753894662027868e-01 -8.396971795750107770e-01 -3.283477072563035226e-01 2.865513695293857577e-01 3.240134910372317045e-01
1.305033566177030087e+09 8.358061480834175772e-01 -8.426363651577599700e-01 9.188822441586914636e-01 -8.425833225905410284e-01 -3.241272503689732742e-01 2.837141437115557885e-01 3.232663835268862473e-01
1.305033566208029985e+09 8.552096489528706602e-01 -8.409300261556025280e-01 9.259805959161118150e-01 -8.461780214848523274e-01 -3.199733283943946849e-01 2.794148641687403956e-01 3.217563655217374752e-01
1.305033566244045973e+09 8.657877176820251153e-01 -8.426683528228970932e-01 9.252875163562787053e-01 -8.496422226378295139e-01 -3.141677207227576707e-01 2.745326397226451887e-01 3.225500991998490052e-01
1.305033566276005030e+09 8.767033029839668146e-01 -8.449802485486590520e-01 9.223030275779799947e-01 -8.524677499849886431e-01 -3.078265747460112167e-01 2.707374838970979525e-01 3.244113899491475883e-01
1.305033566307955980e+09 8.882270530203099090e-01 -8.420685516942829629e-01 9.187882673643392728e-01 -8.557587120377673218e-01 -3.003430882111625122e-01 2.696381012179397407e-01 3.236763051365175725e-01
1.305033566344211102e+09 8.882270530203099090e-01 -8.420685516942829629e-01 9.187882673643392728e-01 -8.557587120377673218e-01 -3.003430882111625122e-01 2.696381012179397407e-01 3.236763051365175725e-01
1.305033566375967026e+09 9.122652334920366979e-01 -8.422878736022720858e-01 9.166928411005916821e-01 -8.628415086949444701e-01 -2.856444298423901351e-01 2.643506693777391559e-01 3.225376166784106324e-01
1.305033566408257008e+09 9.274970302534597533e-01 -8.416532030692693844e-01 9.112742592211091619e-01 -8.649062232616239188e-01 -2.798038798258805082e-01 2.627310818866684938e-01 3.234492114820480824e-01
1.305033566443909883e+09 9.417452785466060572e-01 -8.450396280262510995e-01 9.031185156631040822e-01 -8.667799958794808468e-01 -2.737909691404266099e-01 2.602726315270255664e-01 3.255596738515236233e-01
1.305033566476031065e+09 9.417452785466060572e-01 -8.450396280262510995e-01 9.031185156631040822e-01 -8.667799958794808468e-01 -2.737909691404266099e-01 2.602726315270255664e-01 3.255596738515236233e-01
1.305033566508093119e+09 9.618298171276110642e-01 -8.534181112033543126e-01 8.994337720454380625e-01 -8.738846219723525044e-01 -2.599505218719509458e-01 2.505818242196113377e-01 3.255151963111871383e-01
1.305033566544035912e+09 9.758529873049416326e-01 -8.586795468502003148e-01 8.933803977442140720e-01 -8.762277423239455132e-01 -2.519859976200142238e-01 2.494641941462756585e-01 3.263366611710626364e-01
1.305033566576145887e+09 9.847476130975210129e-01 -8.619893518194058357e-01 8.897342952331608323e-01 -8.798161427824724434e-01 -2.442885772905251662e-01 2.456221053244442842e-01 3.254480408309914363e-01
1.305033566608192921e+09 9.974169359513084254e-01 -8.631625292889069101e-01 8.892826580770371026e-01 -8.827888743876679545e-01 -2.387465252214953648e-01 2.429421241723885849e-01 3.235166522060708427e-01
1.305033566644799948e+09 9.974169359513084254e-01 -8.631625292889069101e-01 8.892826580770371026e-01 -8.827888743876679545e-01 -2.387465252214953648e-01 2.429421241723885849e-01 3.235166522060708427e-01
1.305033566675986052e+09 1.007847346800190058e+00 -8.659769945784721035e-01 8.880985557908525063e-01 -8.864424919115569956e-01 -2.323973548811322787e-01 2.365322853143178028e-01 3.228988324256815701e-01
1.305033566707979918e+09 1.007847346800190058e+00 -8.659769945784721035e-01 8.880985557908525063e-01 -8.864424919115569956e-01 -2.323973548811322787e-01 2.365322853143178028e-01 3.228988324256815701e-01
1.305033566743879080e+09 1.024857328354188191e+00 -8.773501611885661244e-01 8.818494811821966373e-01 -8.939271210724577532e-01 -2.141666230319362874e-01 2.252330486602386606e-01 3.229505125888772477e-01
1.305033566775928020e+09 1.036449140104653166e+00 -8.795707142418287550e-01 8.817292367736433434e-01 -8.973299198493418505e-01 -2.059238965357062523e-01 2.213603880705344029e-01 3.215492845148130163e-01
1.305033566816359997e+09 1.046675713123262907e+00 -8.840893908162237302e-01 8.815318016077673402e-01 -9.006196947071787307e-01 -1.968454817696466685e-01 2.164852660841578846e-01 3.213567353905861235e-01
1.305033566844888926e+09 1.046675713123262907e+00 -8.840893908162237302e-01 8.815318016077673402e-01 -9.006196947071787307e-01 -1.968454817696466685e-01 2.164852660841578846e-01 3.213567353905861235e-01
1.305033566876228094e+09 1.065126744343081189e+00 -8.913739330129941685e-01 8.808122092514392154e-01 -9.059730026068729680e-01 -1.796361404384842209e-01 2.082961815278772943e-01 3.218019209960649718e-01
1.305033566907957077e+09 1.065126744343081189e+00 -8.913739330129941685e-01 8.808122092514392154e-01 -9.059730026068729680e-01 -1.796361404384842209e-01 2.082961815278772943e-01 3.218019209960649718e-01
1.305033566944006920e+09 1.081232454225685036e+00 -8.994356827381085884e-01 8.820294467970185570e-01 -9.108045620763198791e-01 -1.626764277071219844e-01 1.990967077524783690e-01 3.230045363946717485e-01
1.305033566975857019e+09 1.081232454225685036e+00 -8.994356827381085884e-01 8.820294467970185570e-01 -9.108045620763198791e-01 -1.626764277071219844e-01 1.990967077524783690e-01 3.230045363946717485e-01
1.305033567007985115e+09 1.099444644298542162e+00 -9.105024266513154219e-01 8.811986282759041167e-01 -9.148783947234716551e-01 -1.472673840124284483e-01 1.902175527930793641e-01 3.242331307620360259e-01
1.305033567043992996e+09 1.099444644298542162e+00 -9.105024266513154219e-01 8.811986282759041167e-01 -9.148783947234716551e-01 -1.472673840124284483e-01 1.902175527930793641e-01 3.242331307620360259e-01
1.305033567076391935e+09 1.113136116282124721e+00 -9.212383790141505102e-01 8.793350026302256817e-01 -9.195333895499684385e-01 -1.333978606335715633e-01 1.765688729911362165e-01 3.247872986614042667e-01
1.305033567108916044e+09 1.119121320713809098e+00 -9.313034323970699191e-01 8.794927462891395376e-01 -9.214114701277990038e-01 -1.255961833954103990e-01 1.707080301396805000e-01 3.257073377731374286e-01
1.305033567143956900e+09 1.119121320713809098e+00 -9.313034323970699191e-01 8.794927462891395376e-01 -9.214114701277990038e-01 -1.255961833954103990e-01 1.707080301396805000e-01 3.257073377731374286e-01
1.305033567177098989e+09 1.123708149621126084e+00 -9.400973935397023418e-01 8.737646069698675744e-01 -9.230774334441375073e-01 -1.182913711379821042e-01 1.647119488414300614e-01 3.268106137954185919e-01
1.305033567208105087e+09 1.123708149621126084e+00 -9.400973935397023418e-01 8.737646069698675744e-01 -9.230774334441375073e-01 -1.182913711379821042e-01 1.647119488414300614e-01 3.268106137954185919e-01
1.305033567244018078e+09 1.131876912184069717e+00 -9.538171593285330596e-01 8.684768135739240336e-01 -9.280002040135553187e-01 -1.024037343449132470e-01 1.517059323801247528e-01 3.245218122464084143e-01
1.305033567275923967e+09 1.131876912184069717e+00 -9.538171593285330596e-01 8.684768135739240336e-01 -9.280002040135553187e-01 -1.024037343449132470e-01 1.517059323801247528e-01 3.245218122464084143e-01
1.305033567308111906e+09 1.137150908732812216e+00 -9.714477086247041981e-01 8.653037507081050572e-01 -9.329964105506044492e-01 -8.667693810155915890e-02 1.396703720909198421e-01 3.201515164121673807e-01
1.305033567343977928e+09 1.137150908732812216e+00 -9.714477086247041981e-01 8.653037507081050572e-01 -9.329964105506044492e-01 -8.667693810155915890e-02 1.396703720909198421e-01 3.201515164121673807e-01
1.305033567375906944e+09 1.146790932071458213e+00 -9.850170691352716501e-01 8.644601223478560748e-01 -9.366643127402756175e-01 -7.414872636926260474e-02 1.355065391616587234e-01 3.143245288885886390e-01
1.305033567408015013e+09 1.146790932071458213e+00 -9.850170691352716501e-01 8.644601223478560748e-01 -9.366643127402756175e-01 -7.414872636926260474e-02 1.355065391616587234e-01 3.143245288885886390e-01
1.305033567443932056e+09 1.148861175881040975e+00 -9.977776662437718436e-01 8.622327890852117260e-01 -9.398025577154197618e-01 -6.491268032681755951e-02 1.269281735966504288e-01 3.105587467642184629e-01
1.305033567476033926e+09 1.148861175881040975e+00 -9.977776662437718436e-01 8.622327890852117260e-01 -9.398025577154197618e-01 -6.491268032681755951e-02 1.269281735966504288e-01 3.105587467642184629e-01
1.305033567507956028e+09 1.152261673919866336e+00 -1.009049202923052446e+00 8.598207520163794193e-01 -9.421998030547203973e-01 -5.672446284016257473e-02 1.233907888789847751e-01 3.062949226790461776e-01
1.305033567544076920e+09 1.152261673919866336e+00 -1.009049202923052446e+00 8.598207520163794193e-01 -9.421998030547203973e-01 -5.672446284016257473e-02 1.233907888789847751e-01 3.062949226790461776e-01
1.305033567576039076e+09 1.152261673919866336e+00 -1.009049202923052446e+00 8.598207520163794193e-01 -9.421998030547203973e-01 -5.672446284016257473e-02 1.233907888789847751e-01 3.062949226790461776e-01
1.305033567608081102e+09 1.152261673919866336e+00 -1.009049202923052446e+00 8.598207520163794193e-01 -9.421998030547203973e-01 -5.672446284016257473e-02 1.233907888789847751e-01 3.062949226790461776e-01
1.305033567643847942e+09 1.152261673919866336e+00 -1.009049202923052446e+00 8.598207520163794193e-01 -9.421998030547203973e-01 -5.672446284016257473e-02 1.233907888789847751e-01 3.062949226790461776e-01
1.305033567676067114e+09 1.158138374547921234e+00 -1.020009950677452704e+00 8.572207498574806461e-01 -9.459865158717029043e-01 -4.670430668888148062e-02 1.160331619101534067e-01 2.991062100036697702e-01
1.305033567708106041e+09 1.158138374547921234e+00 -1.020009950677452704e+00 8.572207498574806461e-01 -9.459865158717029043e-01 -4.670430668888148062e-02 1.160331619101534067e-01 2.991062100036697702e-01
1.305033567743851900e+09 1.158138374547921234e+00 -1.020009950677452704e+00 8.572207498574806461e-01 -9.459865158717029043e-01 -4.670430668888148062e-02 1.160331619101534067e-01 2.991062100036697702e-01
1.305033567776099920e+09 1.158138374547921234e+00 -1.020009950677452704e+00 8.572207498574806461e-01 -9.459865158717029043e-01 -4.670430668888148062e-02 1.160331619101534067e-01 2.991062100036697702e-01
1.305033567807986021e+09 1.158138374547921234e+00 -1.020009950677452704e+00 8.572207498574806461e-01 -9.459865158717029043e-01 -4.670430668888148062e-02 1.160331619101534067e-01 2.991062100036697702e-01
1.305033567843854904e+09 1.158138374547921234e+00 -1.020009950677452704e+00 8.572207498574806461e-01 -9.459865158717029043e-01 -4.670430668888148062e-02 1.160331619101534067e-01 2.991062100036697702e-01
1.305033567876013041e+09 1.164182953275678889e+00 -1.005899447212139641e+00 8.574421546468207200e-01 -9.453599606439568870e-01 -3.682639226005782890e-02 1.157181923446139182e-01 3.025684411911783167e-01
1.305033567907932997e+09 1.164182953275678889e+00 -1.005899447212139641e+00 8.574421546468207200e-01 -9.453599606439568870e-01 -3.682639226005782890e-02 1.157181923446139182e-01 3.025684411911783167e-01
1.305033567944056034e+09 1.171928770393787733e+00 -9.920491088426975912e-01 8.576158357918223230e-01 -9.447163581998825332e-01 -3.152197855254364189e-02 1.152493772556402729e-01 3.053439838278644847e-01
1.305033567975899935e+09 1.171928770393787733e+00 -9.920491088426975912e-01 8.576158357918223230e-01 -9.447163581998825332e-01 -3.152197855254364189e-02 1.152493772556402729e-01 3.053439838278644847e-01
1.305033568007972956e+09 1.173438213470896496e+00 -9.775125080995418214e-01 8.592146581558115503e-01 -9.438168480415810579e-01 -2.756261547268745379e-02 1.120273596061790583e-01 3.096771387765453465e-01
1.305033568044689894e+09 1.173438213470896496e+00 -9.775125080995418214e-01 8.592146581558115503e-01 -9.438168480415810579e-01 -2.756261547268745379e-02 1.120273596061790583e-01 3.096771387765453465e-01
1.305033568076513052e+09 1.172543569437842770e+00 -9.606989440342539321e-01 8.584004073233977294e-01 -9.434653455069527128e-01 -2.423874138374914472e-02 1.092481653696853044e-01 3.120103581725063857e-01
1.305033568107876062e+09 1.172543569437842770e+00 -9.606989440342539321e-01 8.584004073233977294e-01 -9.434653455069527128e-01 -2.423874138374914472e-02 1.092481653696853044e-01 3.120103581725063857e-01
1.305033568144794941e+09 1.169815438031229338e+00 -9.507282814256862169e-01 8.574879195239237806e-01 -9.431080056215213059e-01 -2.376558064817383548e-02 1.072238476955343495e-01 3.138240484641295902e-01
1.305033568175928116e+09 1.170114695664610238e+00 -9.407146009063369618e-01 8.574551945053534574e-01 -9.424972644153493118e-01 -2.374028684082067978e-02 1.082002330848609167e-01 3.153220812291470665e-01
1.305033568208754063e+09 1.170114695664610238e+00 -9.407146009063369618e-01 8.574551945053534574e-01 -9.424972644153493118e-01 -2.374028684082067978e-02 1.082002330848609167e-01 3.153220812291470665e-01
1.305033568244908094e+09 1.173804127330064562e+00 -9.223644633689384031e-01 8.493723169979536802e-01 -9.409753909016703721e-01 -2.220318617319115562e-02 1.099199718126381842e-01 3.193586260584107550e-01
1.305033568276767015e+09 1.173804127330064562e+00 -9.223644633689384031e-01 8.493723169979536802e-01 -9.409753909016703721e-01 -2.220318617319115562e-02 1.099199718126381842e-01 3.193586260584107550e-01
1.305033568308996916e+09 1.174719083760902727e+00 -9.016328776650437415e-01 8.452139525926998243e-01 -9.410656230238203523e-01 -2.238114982353779647e-02 1.095998181516874281e-01 3.191903149478101387e-01
1.305033568344489098e+09 1.174937068298033349e+00 -8.906237583281682024e-01 8.418027526702456242e-01 -9.410774172672587978e-01 -2.108475784883712123e-02 1.093433464936568178e-01 3.193317401599936045e-01
1.305033568376266956e+09 1.175020136765873247e+00 -8.790477966864678194e-01 8.405225830749621929e-01 -9.411732071495901852e-01 -1.991700427441145393e-02 1.100784175148118993e-01 3.188715244137086957e-01
1.305033568408097029e+09 1.173894629952333624e+00 -8.691650085367930156e-01 8.380208971426538200e-01 -9.407167184457662090e-01 -1.820504645705232558e-02 1.112740038766860534e-01 3.199042481452484266e-01
1.305033568443928957e+09 1.174917214207883198e+00 -8.571269653293898116e-01 8.346277425385530968e-01 -9.403481812740954737e-01 -1.819571144236019691e-02 1.135766976519727023e-01 3.201789309278166851e-01
1.305033568477600098e+09 1.177335303476157780e+00 -8.440461012018449782e-01 8.303399634514716521e-01 -9.403202593462235415e-01 -1.921529739983433502e-02 1.156271329757287691e-01 3.194666623118913029e-01
1.305033568510550022e+09 1.177384331050273181e+00 -8.324436155660892567e-01 8.289607418586635301e-01 -9.404226347917249429e-01 -1.928040755522801922e-02 1.154775389898841514e-01 3.192154003877848423e-01
1.305033568544549942e+09 1.177869970238149433e+00 -8.201945435509110371e-01 8.253741601980255638e-01 -9.405905640765500619e-01 -2.043132298290753837e-02 1.159788263144366088e-01 3.184664246950556499e-01
1.305033568577212095e+09 1.179838558645237789e+00 -8.082861034486704677e-01 8.228697290924534835e-01 -9.411977917625676815e-01 -1.957824424986275014e-02 1.161995398555405873e-01 3.166402944521111706e-01
1.305033568612361908e+09 1.180809032622953003e+00 -7.947872729088536481e-01 8.201546485167527933e-01 -9.419385560202040431e-01 -1.795486901780921074e-02 1.160056102170272385e-01 3.145982799687578879e-01
1.305033568645039082e+09 1.179476051398499870e+00 -7.821150212401049018e-01 8.218168154507498047e-01 -9.428726887504867982e-01 -1.653077734435607141e-02 1.155569786801137061e-01 3.120327080405871922e-01
1.305033568676707983e+09 1.177030586447622262e+00 -7.708699630783282242e-01 8.198945434905606788e-01 -9.428117391904341504e-01 -1.726002551668144938e-02 1.149771754874303886e-01 3.123913652468723323e-01
1.305033568712397099e+09 1.175200883753793946e+00 -7.554796807153376648e-01 8.185228331866660767e-01 -9.427276805276501026e-01 -1.748212015215279413e-02 1.153432906466831526e-01 3.124977138232172269e-01
1.305033568844115973e+09 1.175047263008765164e+00 -7.045434590589425561e-01 8.139277225786821779e-01 -9.399204529401284924e-01 -1.687877526864740504e-02 1.196856576630906110e-01 3.192804291528181793e-01
1.305033568875957012e+09 1.174805688822401439e+00 -6.921668354358471165e-01 8.134103045476561711e-01 -9.396428066044355543e-01 -1.789790851821317780e-02 1.185449385614844031e-01 3.204655338857314573e-01
1.305033568912607908e+09 1.177180904818397433e+00 -6.782965552323352298e-01 8.104667401466965071e-01 -9.392786661744100263e-01 -1.799489181406721192e-02 1.191617928569865259e-01 3.212977408282385317e-01
1.305033568945159912e+09 1.178887243952534414e+00 -6.625726059832331982e-01 8.085328096515088658e-01 -9.393429633568195491e-01 -1.661868125944429564e-02 1.187547622847619083e-01 3.213345967366657008e-01
1.305033568976138115e+09 1.177098319558951278e+00 -6.522503925345882747e-01 8.076468994314024430e-01 -9.388796689488194680e-01 -1.415671393309759010e-02 1.169387667055531155e-01 3.234654224589638694e-01
1.305033569010126114e+09 1.175567875297246045e+00 -6.367447385433847584e-01 8.101156416576250630e-01 -9.392494384253975426e-01 -1.303125475973812564e-02 1.160275079370195750e-01 3.227666281059538567e-01
1.305033569044015884e+09 1.174541802700293625e+00 -6.220630029129050609e-01 8.074744638783513118e-01 -9.386297685918917333e-01 -1.273711387826559696e-02 1.154428773365712702e-01 3.247843369305812855e-01
1.305033569910414934e+09 1.174541802700293625e+00 -6.220630029129050609e-01 8.074744638783513118e-01 -9.386297685918917333e-01 -1.273711387826559696e-02 1.154428773365712702e-01 3.247843369305812855e-01
1.305033569944824934e+09 1.174541802700293625e+00 -6.220630029129050609e-01 8.074744638783513118e-01 -9.386297685918917333e-01 -1.273711387826559696e-02 1.154428773365712702e-01 3.247843369305812855e-01
1.305033569981683016e+09 1.174541802700293625e+00 -6.220630029129050609e-01 8.074744638783513118e-01 -9.386297685918917333e-01 -1.273711387826559696e-02 1.154428773365712702e-01 3.247843369305812855e-01
1.305033570011029959e+09 1.174541802700293625e+00 -6.220630029129050609e-01 8.074744638783513118e-01 -9.386297685918917333e-01 -1.273711387826559696e-02 1.154428773365712702e-01 3.247843369305812855e-01
1.305033570045351982e+09 1.168850841550677977e+00 -6.107636866577629275e-01 8.052088050407357755e-01 -9.387679632022511989e-01 -1.368091553383736156e-02 1.143230465502732274e-01 3.247426440163295736e-01
1.305033570081549883e+09 1.166009819868942365e+00 -6.002166854110532190e-01 8.026885204091059878e-01 -9.384904216976300839e-01 -1.385529883994129907e-02 1.172360758356424532e-01 3.244987852034582620e-01
1.305033570109750986e+09 1.167830355863077374e+00 -5.903098282378127504e-01 7.999065401549304566e-01 -9.380406975333978048e-01 -1.522542453095433040e-02 1.208072674393719098e-01 3.244278661778924877e-01
1.305033570145930052e+09 1.167830355863077374e+00 -5.903098282378127504e-01 7.999065401549304566e-01 -9.380406975333978048e-01 -1.522542453095433040e-02 1.208072674393719098e-01 3.244278661778924877e-01
1.305033570181416988e+09 1.163784464963146359e+00 -5.731688700448932527e-01 7.931260416960366211e-01 -9.386727134214807311e-01 -1.591402645348156952e-02 1.218483378629232478e-01 3.221696189898036744e-01
1.305033570210844040e+09 1.163438517675597472e+00 -5.632302074058830321e-01 7.907448280224625980e-01 -9.393173721335040804e-01 -1.798655651484509788e-02 1.233014683232918629e-01 3.196186885998167360e-01
1.305033570244499922e+09 1.163438517675597472e+00 -5.632302074058830321e-01 7.907448280224625980e-01 -9.393173721335040804e-01 -1.798655651484509788e-02 1.233014683232918629e-01 3.196186885998167360e-01
1.305033570281941891e+09 1.155185115617389791e+00 -5.442222835455066132e-01 7.852422989447706003e-01 -9.392344995730127488e-01 -2.461313721701445523e-02 1.235861752450106710e-01 3.193105159190318676e-01
1.305033570312552929e+09 1.155185115617389791e+00 -5.442222835455066132e-01 7.852422989447706003e-01 -9.392344995730127488e-01 -2.461313721701445523e-02 1.235861752450106710e-01 3.193105159190318676e-01
1.305033570344475985e+09 1.152690020305719543e+00 -5.274466817568130850e-01 7.797074190549733164e-01 -9.371210410494732468e-01 -3.191540640464626127e-02 1.273168407724870055e-01 3.233821011003715773e-01
1.305033570380954981e+09 1.152690020305719543e+00 -5.274466817568130850e-01 7.797074190549733164e-01 -9.371210410494732468e-01 -3.191540640464626127e-02 1.273168407724870055e-01 3.233821011003715773e-01
1.305033570413393974e+09 1.148871034740465591e+00 -5.164860612292142550e-01 7.719758717245190915e-01 -9.354898627173349190e-01 -3.831660292898106390e-02 1.286692485967034782e-01 3.268558996846229192e-01
1.305033570444547892e+09 1.148871034740465591e+00 -5.164860612292142550e-01 7.719758717245190915e-01 -9.354898627173349190e-01 -3.831660292898106390e-02 1.286692485967034782e-01 3.268558996846229192e-01
1.305033570481286049e+09 1.143794628956497306e+00 -5.066876132994562187e-01 7.654791027880850640e-01 -9.356297487293092630e-01 -3.842798639330810562e-02 1.300159706572472651e-01 3.259081320380626257e-01
1.305033570513264894e+09 1.143794628956497306e+00 -5.066876132994562187e-01 7.654791027880850640e-01 -9.356297487293092630e-01 -3.842798639330810562e-02 1.300159706572472651e-01 3.259081320380626257e-01
1.305033570545142889e+09 1.143794628956497306e+00 -5.066876132994562187e-01 7.654791027880850640e-01 -9.356297487293092630e-01 -3.842798639330810562e-02 1.300159706572472651e-01 3.259081320380626257e-01
1.305033570580146074e+09 1.143794628956497306e+00 -5.066876132994562187e-01 7.654791027880850640e-01 -9.356297487293092630e-01 -3.842798639330810562e-02 1.300159706572472651e-01 3.259081320380626257e-01
1.305033570615300894e+09 1.139521010976651816e+00 -5.001015127635906055e-01 7.583841588550401802e-01 -9.355164303335019582e-01 -4.022573979652004084e-02 1.323347021082652841e-01 3.250821819968013893e-01
1.305033570644853115e+09 1.139521010976651816e+00 -5.001015127635906055e-01 7.583841588550401802e-01 -9.355164303335019582e-01 -4.022573979652004084e-02 1.323347021082652841e-01 3.250821819968013893e-01
1.305033570678623915e+09 1.139521010976651816e+00 -5.001015127635906055e-01 7.583841588550401802e-01 -9.355164303335019582e-01 -4.022573979652004084e-02 1.323347021082652841e-01 3.250821819968013893e-01
1.305033570712814093e+09 1.139521010976651816e+00 -5.001015127635906055e-01 7.583841588550401802e-01 -9.355164303335019582e-01 -4.022573979652004084e-02 1.323347021082652841e-01 3.250821819968013893e-01
1.305033570744520903e+09 1.139521010976651816e+00 -5.001015127635906055e-01 7.583841588550401802e-01 -9.355164303335019582e-01 -4.022573979652004084e-02 1.323347021082652841e-01 3.250821819968013893e-01
1.305033570777858019e+09 1.139521010976651816e+00 -5.001015127635906055e-01 7.583841588550401802e-01 -9.355164303335019582e-01 -4.022573979652004084e-02 1.323347021082652841e-01 3.250821819968013893e-01
1.305033570812773943e+09 1.139521010976651816e+00 -5.001015127635906055e-01 7.583841588550401802e-01 -9.355164303335019582e-01 -4.022573979652004084e-02 1.323347021082652841e-01 3.250821819968013893e-01
1.305033570844871998e+09 1.139521010976651816e+00 -5.001015127635906055e-01 7.583841588550401802e-01 -9.355164303335019582e-01 -4.022573979652004084e-02 1.323347021082652841e-01 3.250821819968013893e-01
1.305033570881244898e+09 1.139521010976651816e+00 -5.001015127635906055e-01 7.583841588550401802e-01 -9.355164303335019582e-01 -4.022573979652004084e-02 1.323347021082652841e-01 3.250821819968013893e-01
1.305033570912861109e+09 1.139521010976651816e+00 -5.001015127635906055e-01 7.583841588550401802e-01 -9.355164303335019582e-01 -4.022573979652004084e-02 1.323347021082652841e-01 3.250821819968013893e-01
1.305033570949081898e+09 1.139521010976651816e+00 -5.001015127635906055e-01 7.583841588550401802e-01 -9.355164303335019582e-01 -4.022573979652004084e-02 1.323347021082652841e-01 3.250821819968013893e-01
1.305033570980633020e+09 1.139521010976651816e+00 -5.001015127635906055e-01 7.583841588550401802e-01 -9.355164303335019582e-01 -4.022573979652004084e-02 1.323347021082652841e-01 3.250821819968013893e-01
1.305033571012823105e+09 1.139521010976651816e+00 -5.001015127635906055e-01 7.583841588550401802e-01 -9.355164303335019582e-01 -4.022573979652004084e-02 1.323347021082652841e-01 3.250821819968013893e-01
1.305033571046469927e+09 1.139521010976651816e+00 -5.001015127635906055e-01 7.583841588550401802e-01 -9.355164303335019582e-01 -4.022573979652004084e-02 1.323347021082652841e-01 3.250821819968013893e-01
1.305033571077804089e+09 1.142407111064204450e+00 -5.116759675251714157e-01 7.626169625857042167e-01 -9.356294537963767421e-01 -3.760631125473370973e-02 1.310917992588994385e-01 3.255736947444773377e-01
1.305033571112750053e+09 1.142407111064204450e+00 -5.116759675251714157e-01 7.626169625857042167e-01 -9.356294537963767421e-01 -3.760631125473370973e-02 1.310917992588994385e-01 3.255736947444773377e-01
1.305033571147699118e+09 1.142407111064204450e+00 -5.116759675251714157e-01 7.626169625857042167e-01 -9.356294537963767421e-01 -3.760631125473370973e-02 1.310917992588994385e-01 3.255736947444773377e-01
1.305033571177870989e+09 1.146556306728232277e+00 -5.204192520178785308e-01 7.668497675782176559e-01 -9.360141876945090589e-01 -3.905957413738191802e-02 1.295817519379112159e-01 3.249005381151230387e-01
1.305033571212793112e+09 1.146556306728232277e+00 -5.204192520178785308e-01 7.668497675782176559e-01 -9.360141876945090589e-01 -3.905957413738191802e-02 1.295817519379112159e-01 3.249005381151230387e-01
1.305033571246885061e+09 1.146556306728232277e+00 -5.204192520178785308e-01 7.668497675782176559e-01 -9.360141876945090589e-01 -3.905957413738191802e-02 1.295817519379112159e-01 3.249005381151230387e-01
1.305033571277797937e+09 1.146556306728232277e+00 -5.204192520178785308e-01 7.668497675782176559e-01 -9.360141876945090589e-01 -3.905957413738191802e-02 1.295817519379112159e-01 3.249005381151230387e-01
1.305033571312823057e+09 1.146556306728232277e+00 -5.204192520178785308e-01 7.668497675782176559e-01 -9.360141876945090589e-01 -3.905957413738191802e-02 1.295817519379112159e-01 3.249005381151230387e-01
1.305033571345834017e+09 1.153015693282540166e+00 -5.311582813923837465e-01 7.705415551144221276e-01 -9.365016919046852406e-01 -3.677489295400564878e-02 1.254782274253544438e-01 3.253727135917738322e-01
1.305033571377887964e+09 1.153015693282540166e+00 -5.311582813923837465e-01 7.705415551144221276e-01 -9.365016919046852406e-01 -3.677489295400564878e-02 1.254782274253544438e-01 3.253727135917738322e-01
1.305033571412843943e+09 1.153015693282540166e+00 -5.311582813923837465e-01 7.705415551144221276e-01 -9.365016919046852406e-01 -3.677489295400564878e-02 1.254782274253544438e-01 3.253727135917738322e-01
1.305033571446208000e+09 1.153015693282540166e+00 -5.311582813923837465e-01 7.705415551144221276e-01 -9.365016919046852406e-01 -3.677489295400564878e-02 1.254782274253544438e-01 3.253727135917738322e-01
1.305033571479710102e+09 1.153015693282540166e+00 -5.311582813923837465e-01 7.705415551144221276e-01 -9.365016919046852406e-01 -3.677489295400564878e-02 1.254782274253544438e-01 3.253727135917738322e-01
1.305033571513549089e+09 1.153015693282540166e+00 -5.311582813923837465e-01 7.705415551144221276e-01 -9.365016919046852406e-01 -3.677489295400564878e-02 1.254782274253544438e-01 3.253727135917738322e-01
1.305033571546864033e+09 1.156439389121829198e+00 -5.412448180681831422e-01 7.716111826704636911e-01 -9.362373517131346023e-01 -3.303518317444532199e-02 1.240573604097077592e-01 3.270750208407592896e-01
1.305033571577893019e+09 1.156439389121829198e+00 -5.412448180681831422e-01 7.716111826704636911e-01 -9.362373517131346023e-01 -3.303518317444532199e-02 1.240573604097077592e-01 3.270750208407592896e-01
1.305033571612860918e+09 1.156439389121829198e+00 -5.412448180681831422e-01 7.716111826704636911e-01 -9.362373517131346023e-01 -3.303518317444532199e-02 1.240573604097077592e-01 3.270750208407592896e-01
1.305033571646121979e+09 1.155579416245626767e+00 -5.522934162199810704e-01 7.758621353849989299e-01 -9.367001571505302326e-01 -2.864833130365968678e-02 1.216675909474102257e-01 3.270612878662668144e-01
1.305033571678643942e+09 1.155579416245626767e+00 -5.522934162199810704e-01 7.758621353849989299e-01 -9.367001571505302326e-01 -2.864833130365968678e-02 1.216675909474102257e-01 3.270612878662668144e-01
1.305033571712929964e+09 1.155579416245626767e+00 -5.522934162199810704e-01 7.758621353849989299e-01 -9.367001571505302326e-01 -2.864833130365968678e-02 1.216675909474102257e-01 3.270612878662668144e-01
1.305033571747704983e+09 1.155579416245626767e+00 -5.522934162199810704e-01 7.758621353849989299e-01 -9.367001571505302326e-01 -2.864833130365968678e-02 1.216675909474102257e-01 3.270612878662668144e-01
1.305033571780914068e+09 1.155579416245626767e+00 -5.522934162199810704e-01 7.758621353849989299e-01 -9.367001571505302326e-01 -2.864833130365968678e-02 1.216675909474102257e-01 3.270612878662668144e-01
1.305033571812886000e+09 1.157564159385702451e+00 -5.661446270813951243e-01 7.795255079087441974e-01 -9.361748121609367868e-01 -2.582815366859909922e-02 1.217546744284331711e-01 3.287634815613375006e-01
1.305033571848721027e+09 1.157564159385702451e+00 -5.661446270813951243e-01 7.795255079087441974e-01 -9.361748121609367868e-01 -2.582815366859909922e-02 1.217546744284331711e-01 3.287634815613375006e-01
1.305033571878866911e+09 1.160084017692163183e+00 -5.761436794074359380e-01 7.820958674215577888e-01 -9.363753979613095302e-01 -2.583959036199882583e-02 1.195765001725521554e-01 3.289907145638108488e-01
1.305033571914169073e+09 1.160084017692163183e+00 -5.761436794074359380e-01 7.820958674215577888e-01 -9.363753979613095302e-01 -2.583959036199882583e-02 1.195765001725521554e-01 3.289907145638108488e-01
1.305033571947545052e+09 1.162051016477734899e+00 -5.866796830382904337e-01 7.844713804222085418e-01 -9.367972684204215472e-01 -2.480159009763616140e-02 1.176229596231769259e-01 3.285735813758461910e-01
1.305033571978986979e+09 1.162051016477734899e+00 -5.866796830382904337e-01 7.844713804222085418e-01 -9.367972684204215472e-01 -2.480159009763616140e-02 1.176229596231769259e-01 3.285735813758461910e-01
1.305033572013000011e+09 1.163699675785581755e+00 -5.986198316870076086e-01 7.885484557658746230e-01 -9.368956856757680862e-01 -2.256649885364867339e-02 1.161885320927781157e-01 3.289642112779840311e-01
1.305033572050296068e+09 1.163699675785581755e+00 -5.986198316870076086e-01 7.885484557658746230e-01 -9.368956856757680862e-01 -2.256649885364867339e-02 1.161885320927781157e-01 3.289642112779840311e-01
1.305033572078119040e+09 1.163699675785581755e+00 -5.986198316870076086e-01 7.885484557658746230e-01 -9.368956856757680862e-01 -2.256649885364867339e-02 1.161885320927781157e-01 3.289642112779840311e-01
1.305033572112771988e+09 1.170383266097025476e+00 -6.103504039140386084e-01 7.940212539270632419e-01 -9.378441862750896973e-01 -2.352145883383351121e-02 1.128798128244561105e-01 3.273425898062439221e-01
1.305033572148148060e+09 1.170383266097025476e+00 -6.103504039140386084e-01 7.940212539270632419e-01 -9.378441862750896973e-01 -2.352145883383351121e-02 1.128798128244561105e-01 3.273425898062439221e-01
1.305033572182204008e+09 1.172615953103483655e+00 -6.212683956718658695e-01 7.979629249079895903e-01 -9.382412085692217740e-01 -1.991021454680095074e-02 1.105284400661598887e-01 3.272468209712780518e-01
1.305033572217214108e+09 1.172615953103483655e+00 -6.212683956718658695e-01 7.979629249079895903e-01 -9.382412085692217740e-01 -1.991021454680095074e-02 1.105284400661598887e-01 3.272468209712780518e-01
1.305033572250147104e+09 1.174376788548632256e+00 -6.320767965494163976e-01 8.018009076454468698e-01 -9.381408100965568098e-01 -1.677665982348640339e-02 1.083536426563802280e-01 3.284354613004457080e-01
1.305033572278115034e+09 1.174376788548632256e+00 -6.320767965494163976e-01 8.018009076454468698e-01 -9.381408100965568098e-01 -1.677665982348640339e-02 1.083536426563802280e-01 3.284354613004457080e-01
1.305033572317979097e+09 1.176307192354487441e+00 -6.446132583575907571e-01 8.065408211582928422e-01 -9.380377839655028582e-01 -1.652170250543857563e-02 1.061457361422342427e-01 3.294620340771201583e-01
1.305033572350194931e+09 1.176307192354487441e+00 -6.446132583575907571e-01 8.065408211582928422e-01 -9.380377839655028582e-01 -1.652170250543857563e-02 1.061457361422342427e-01 3.294620340771201583e-01
1.305033572378518105e+09 1.179050001050834240e+00 -6.556398741247903006e-01 8.164024785327583800e-01 -9.381209453327516989e-01 -2.073455229422100504e-02 1.040284795411505064e-01 3.296623207366882191e-01
1.305033572418247938e+09 1.177576368801809714e+00 -6.628030440992095373e-01 8.234619143957953025e-01 -9.380700040141081164e-01 -2.136274717739431589e-02 1.030233059661153916e-01 3.300825639591075111e-01
1.305033572450331926e+09 1.176804373083143895e+00 -6.717846346782005984e-01 8.306703982920045082e-01 -9.381886749958778804e-01 -2.240625173603437437e-02 1.043412372462644150e-01 3.292611064224548745e-01
1.305033572482120991e+09 1.177996891910467969e+00 -6.790084448551523266e-01 8.393418651686163079e-01 -9.388318796952486167e-01 -2.404762467036956897e-02 1.063515727749620166e-01 3.266584705527947885e-01
1.305033572517832041e+09 1.180016273426562012e+00 -6.880218246114624403e-01 8.481893750978375390e-01 -9.395030655220240057e-01 -2.675500292782346384e-02 1.080328193178201196e-01 3.239553513114035166e-01
1.305033572550497055e+09 1.185040981041737496e+00 -6.935316098849609867e-01 8.570257570274597558e-01 -9.402852118367013290e-01 -3.199439181324794518e-02 1.096481380052917454e-01 3.206514698635923866e-01
1.305033572582154036e+09 1.185786153271920940e+00 -7.016111693095119506e-01 8.654256810089839824e-01 -9.410616124000587002e-01 -3.695038462231629156e-02 1.077999749382993894e-01 3.184601641439108177e-01
1.305033572616678953e+09 1.182320369741265864e+00 -7.097147218359789456e-01 8.753235914393804329e-01 -9.422775414879469569e-01 -3.985054517743712166e-02 1.058789367044848384e-01 3.151422212570369474e-01
1.305033572650227070e+09 1.184092286131088301e+00 -7.175871954027881472e-01 8.868660965303705179e-01 -9.436987625657847767e-01 -4.110819895873073226e-02 1.083896799098547775e-01 3.098296932174439688e-01
1.305033572680315018e+09 1.180995553747828719e+00 -7.258605224784728804e-01 8.990283683995294872e-01 -9.455774507126086803e-01 -4.187062247695236272e-02 1.077350161784770832e-01 3.041764322991836189e-01
1.305033572718259096e+09 1.176527580492057634e+00 -7.297061921597814971e-01 9.110180622358240443e-01 -9.474422457748620241e-01 -4.405160916445116648e-02 1.100729583041121368e-01 2.971474221683395034e-01
1.305033572750165939e+09 1.176137683664304268e+00 -7.317750356495806852e-01 9.240318320094951243e-01 -9.478047604912437363e-01 -5.004720575868271126e-02 1.142636350691613040e-01 2.934369351098558010e-01
1.305033572780966997e+09 1.175809803732291048e+00 -7.348572554259311662e-01 9.381951209315164686e-01 -9.483264627443220851e-01 -5.477714157271092177e-02 1.170494977438845258e-01 2.897857827738782865e-01
1.305033572816626072e+09 1.168921766937893070e+00 -7.409069829551240272e-01 9.524553879450121663e-01 -9.489664835476665505e-01 -6.005389658711624001e-02 1.184590757329986588e-01 2.860482301717038323e-01
1.305033572847583055e+09 1.159594586925034143e+00 -7.452490597226146818e-01 9.682900172972079833e-01 -9.496498689457051334e-01 -6.683730276857606512e-02 1.237049960329578008e-01 2.799910272250034637e-01
1.305033572879278898e+09 1.156039997274728393e+00 -7.490776826453096060e-01 9.802330852061456046e-01 -9.489265741196023507e-01 -7.653243357111687295e-02 1.333291921526735813e-01 2.755076588068522403e-01
1.305033572915302992e+09 1.152713402165777001e+00 -7.526413031781771235e-01 9.948670860797501625e-01 -9.484308748684410206e-01 -8.760735028178739947e-02 1.420653756454917094e-01 2.694833145402382168e-01
1.305033572951889038e+09 1.147627007075389560e+00 -7.561817804458332848e-01 1.005722632273228001e+00 -9.469893316879925971e-01 -1.007989484990773343e-01 1.505763072454151252e-01 2.652876803527520200e-01
1.305033572978188992e+09 1.139165366883107211e+00 -7.585876930266450824e-01 1.024141188431727967e+00 -9.456516249528090778e-01 -1.164961645736061618e-01 1.579348766305105900e-01 2.592840577580042827e-01
1.305033573015418053e+09 1.139428729828155795e+00 -7.558676281422911369e-01 1.034298444940411787e+00 -9.424800762649251373e-01 -1.328017103383612452e-01 1.703001696401486575e-01 2.551330315647180602e-01
1.305033573047133923e+09 1.126211207329569808e+00 -7.637297624012346908e-01 1.041830691640088347e+00 -9.391878998298834880e-01 -1.470539026844357444e-01 1.774955485365687646e-01 2.545517015620049062e-01
1.305033573080128908e+09 1.111992506631561239e+00 -7.613103024259022522e-01 1.050412929408825802e+00 -9.355168789576613353e-01 -1.629872911655257384e-01 1.868131076173321081e-01 2.516826869814364209e-01
1.305033573115330935e+09 1.105810988893903168e+00 -7.599290637250271097e-01 1.065616325135439801e+00 -9.297083000543558962e-01 -1.779083179713044915e-01 2.012423852012527048e-01 2.519773989967587502e-01
1.305033573146193981e+09 1.105810988893903168e+00 -7.599290637250271097e-01 1.065616325135439801e+00 -9.297083000543558962e-01 -1.779083179713044915e-01 2.012423852012527048e-01 2.519773989967587502e-01
1.305033573177561045e+09 1.105810988893903168e+00 -7.599290637250271097e-01 1.065616325135439801e+00 -9.297083000543558962e-01 -1.779083179713044915e-01 2.012423852012527048e-01 2.519773989967587502e-01
1.305033573215744019e+09 1.088607636885357666e+00 -7.571581847713113600e-01 1.075426043935597153e+00 -9.131933033163369684e-01 -2.102890792883786719e-01 2.322612971763033385e-01 2.605977431679400991e-01
1.305033573245662928e+09 1.063899457345350186e+00 -7.602062077831214237e-01 1.082038922247696933e+00 -9.056391524098428292e-01 -2.273360415551399782e-01 2.387948472703994574e-01 2.666703409633849331e-01
1.305033573277719975e+09 1.063899457345350186e+00 -7.602062077831214237e-01 1.082038922247696933e+00 -9.056391524098428292e-01 -2.273360415551399782e-01 2.387948472703994574e-01 2.666703409633849331e-01
1.305033573314326048e+09 1.040411370340647235e+00 -7.524483443868552612e-01 1.112062661892065041e+00 -8.881107525062921226e-01 -2.577695689871045692e-01 2.643846570843656485e-01 2.737058524863734688e-01
1.305033573346700907e+09 1.013028993259738275e+00 -7.494248919683181853e-01 1.108399067486284251e+00 -8.710785743395557112e-01 -2.831714538091189559e-01 2.791336491690978860e-01 2.883061757502604627e-01
1.305033573379446983e+09 9.902865982100474973e-01 -7.552198367125987355e-01 1.101042980647256142e+00 -8.551689203483097135e-01 -2.972878277657161616e-01 2.951736482615781032e-01 3.052516707646302230e-01
1.305033573413474083e+09 1.010047032792430244e+00 -7.702046254880661191e-01 1.051011041969549975e+00 -8.263750800257836371e-01 -2.978413417222372517e-01 3.350127098032220085e-01 3.408243631898687509e-01
1.305033573445595980e+09 1.063274874389010582e+00 -7.860266746588367992e-01 1.047992291554789013e+00 -7.954700052353452788e-01 -3.035043295125123275e-01 3.668465558846862318e-01 3.748815775329374933e-01
1.305033573476821899e+09 1.063274874389010582e+00 -7.860266746588367992e-01 1.047992291554789013e+00 -7.954700052353452788e-01 -3.035043295125123275e-01 3.668465558846862318e-01 3.748815775329374933e-01
1.305033573515495062e+09 1.089027419874116553e+00 -8.138970000853418263e-01 1.055439803203378268e+00 -7.490056294725321306e-01 -3.050979150671942475e-01 3.954715821708665313e-01 4.353252312184289208e-01
1.305033573546940088e+09 1.066604363792653443e+00 -7.999074315772443100e-01 1.132015532811231129e+00 -7.533615693626298793e-01 -3.102195843876966452e-01 3.885138329527695888e-01 4.304267148704264967e-01
1.305033573576905966e+09 1.066604363792653443e+00 -7.999074315772443100e-01 1.132015532811231129e+00 -7.533615693626298793e-01 -3.102195843876966452e-01 3.885138329527695888e-01 4.304267148704264967e-01
1.305033573612730026e+09 1.066604363792653443e+00 -7.999074315772443100e-01 1.132015532811231129e+00 -7.533615693626298793e-01 -3.102195843876966452e-01 3.885138329527695888e-01 4.304267148704264967e-01
1.305033573644867897e+09 1.066604363792653443e+00 -7.999074315772443100e-01 1.132015532811231129e+00 -7.533615693626298793e-01 -3.102195843876966452e-01 3.885138329527695888e-01 4.304267148704264967e-01
1.305033573676914930e+09 1.049776182628734844e+00 -7.985140913338484303e-01 1.138887722995120200e+00 -7.540460071784411689e-01 -2.899200176775309501e-01 3.919688130925559344e-01 4.401379919649329731e-01
1.305033573712810993e+09 1.038269325122840314e+00 -7.930910582577892498e-01 1.153427366667778342e+00 -7.568959180216703331e-01 -2.712180821628911165e-01 3.947090533156819570e-01 4.446954962900506181e-01
1.305033573746551991e+09 1.023920818691869794e+00 -7.845354847714256508e-01 1.162884465550547031e+00 -7.569902320705502730e-01 -2.584401105651588093e-01 3.954040302332179069e-01 4.514755261098565842e-01
1.305033573777048111e+09 1.009443588783763390e+00 -7.872863661368221244e-01 1.181138036853891959e+00 -7.596212749939558195e-01 -2.459584073869800214e-01 3.903864304511319716e-01 4.583431196514687889e-01
1.305033573812928915e+09 9.936313998854803264e-01 -7.906155642844463483e-01 1.190457860156407310e+00 -7.569109963761042614e-01 -2.354823406190207080e-01 3.861929684824741416e-01 4.716871865084052429e-01
1.305033573847554922e+09 9.795307550389700246e-01 -7.922389550131940794e-01 1.200640900679353917e+00 -7.560078266552253679e-01 -2.277685597614042823e-01 3.800726635349057636e-01 4.817866951813226661e-01
1.305033573876900911e+09 9.666303426242865982e-01 -7.951211907417483626e-01 1.213701800986444646e+00 -7.576678018508300472e-01 -2.182177650588363327e-01 3.739708336858540982e-01 4.883301389465584119e-01
1.305033573915599108e+09 9.509532678029989361e-01 -7.969079333477776528e-01 1.227117086965323178e+00 -7.602334020697774086e-01 -2.062916355572331217e-01 3.691446564372091177e-01 4.931745716279262726e-01
1.305033573945652962e+09 9.360265713481266125e-01 -8.001791879730044688e-01 1.239139291729014491e+00 -7.639510288937469973e-01 -1.904709795865751620e-01 3.676062214278615903e-01 4.949396906240656757e-01
1.305033573977056026e+09 9.196603388538141521e-01 -8.036352967509614587e-01 1.250680829421230378e+00 -7.686034659353966347e-01 -1.749611384982131257e-01 3.669924751727889900e-01 4.939168303814465144e-01
