1.305033527670033932e+09 1.490599999999999925e+00 -1.168099999999999916e+00 6.610000000000000320e-01 -8.958911710360140113e-01 -7.129929734888668102e-02 4.599954667670114183e-02 4.360957022980307962e-01
1.305033527701983929e+09 1.494039631696093107e+00 -1.190548735130584124e+00 6.770082452437310438e-01 -8.987023320295165485e-01 -6.794731689587552026e-02 4.492096071404283464e-02 4.309285182253403401e-01
1.305033527733905077e+09 1.494039631696093107e+00 -1.190548735130584124e+00 6.770082452437310438e-01 -8.987023320295165485e-01 -6.794731689587552026e-02 4.492096071404283464e-02 4.309285182253403401e-01
1.305033527769942999e+09 1.491163386695912640e+00 -1.206319025766201980e+00 6.735381766768170353e-01 -9.029940892665159202e-01 -6.724597501986667725e-02 3.922144284875177245e-02 4.225415151369451006e-01
1.305033527801980972e+09 1.491163386695912640e+00 -1.206319025766201980e+00 6.735381766768170353e-01 -9.029940892665159202e-01 -6.724597501986667725e-02 3.922144284875177245e-02 4.225415151369451006e-01
1.305033527833906889e+09 1.491739797111119259e+00 -1.218721732345281694e+00 6.710181373351524758e-01 -9.061654087988553208e-01 -6.660790636923510921e-02 3.409831207891194510e-02 4.162510586399510437e-01
1.305033527869940996e+09 1.491739797111119259e+00 -1.218721732345281694e+00 6.710181373351524758e-01 -9.061654087988553208e-01 -6.660790636923510921e-02 3.409831207891194510e-02 4.162510586399510437e-01
1.305033527901959896e+09 1.491739797111119259e+00 -1.218721732345281694e+00 6.710181373351524758e-01 -9.061654087988553208e-01 -6.660790636923510921e-02 3.409831207891194510e-02 4.162510586399510437e-01
1.305033527933928967e+09 1.496648721264208781e+00 -1.232022479578361418e+00 6.696493063249174815e-01 -9.097256252806841248e-01 -5.201934357279214965e-02 3.351600101362928880e-02 4.105727125345505213e-01
1.305033527969980001e+09 1.496648721264208781e+00 -1.232022479578361418e+00 6.696493063249174815e-01 -9.097256252806841248e-01 -5.201934357279214965e-02 3.351600101362928880e-02 4.105727125345505213e-01
1.305033528002018929e+09 1.496648721264208781e+00 -1.232022479578361418e+00 6.696493063249174815e-01 -9.097256252806841248e-01 -5.201934357279214965e-02 3.351600101362928880e-02 4.105727125345505213e-01
1.305033528034008980e+09 1.496648721264208781e+00 -1.232022479578361418e+00 6.696493063249174815e-01 -9.097256252806841248e-01 -5.201934357279214965e-02 3.351600101362928880e-02 4.105727125345505213e-01
1.305033528070091009e+09 1.496648721264208781e+00 -1.232022479578361418e+00 6.696493063249174815e-01 -9.097256252806841248e-01 -5.201934357279214965e-02 3.351600101362928880e-02 4.105727125345505213e-01
1.305033528102035999e+09 1.496648721264208781e+00 -1.232022479578361418e+00 6.696493063249174815e-01 -9.097256252806841248e-01 -5.201934357279214965e-02 3.351600101362928880e-02 4.105727125345505213e-01
1.305033528133965015e+09 1.496648721264208781e+00 -1.232022479578361418e+00 6.696493063249174815e-01 -9.097256252806841248e-01 -5.201934357279214965e-02 3.351600101362928880e-02 4.105727125345505213e-01
1.305033528169886112e+09 1.496648721264208781e+00 -1.232022479578361418e+00 6.696493063249174815e-01 -9.097256252806841248e-01 -5.201934357279214965e-02 3.351600101362928880e-02 4.105727125345505213e-01
1.305033528202011108e+09 1.493643416497121068e+00 -1.223019070473223335e+00 6.730339690630240401e-01 -9.113485953594975264e-01 -4.363879988252140907e-02 3.288497775745785612e-02 4.079926115985138546e-01
1.305033528234025955e+09 1.493643416497121068e+00 -1.223019070473223335e+00 6.730339690630240401e-01 -9.113485953594975264e-01 -4.363879988252140907e-02 3.288497775745785612e-02 4.079926115985138546e-01
1.305033528269953012e+09 1.493643416497121068e+00 -1.223019070473223335e+00 6.730339690630240401e-01 -9.113485953594975264e-01 -4.363879988252140907e-02 3.288497775745785612e-02 4.079926115985138546e-01
1.305033528301989079e+09 1.501992130906399492e+00 -1.210800807157849990e+00 6.700283743138218950e-01 -9.103489591193734132e-01 -4.753248926980050554e-02 3.411559714655984510e-02 4.096847094113025278e-01
1.305033528333972931e+09 1.501992130906399492e+00 -1.210800807157849990e+00 6.700283743138218950e-01 -9.103489591193734132e-01 -4.753248926980050554e-02 3.411559714655984510e-02 4.096847094113025278e-01
1.305033528369960070e+09 1.501163538060090064e+00 -1.198299665180558637e+00 6.718563901993829246e-01 -9.105893680798980983e-01 -4.878329143278774260e-02 3.081320711235295551e-02 4.092648769248184992e-01
1.305033528402060986e+09 1.501163538060090064e+00 -1.198299665180558637e+00 6.718563901993829246e-01 -9.105893680798980983e-01 -4.878329143278774260e-02 3.081320711235295551e-02 4.092648769248184992e-01
1.305033528433943987e+09 1.503382957056832225e+00 -1.180608661825040429e+00 6.707628326749136560e-01 -9.094186152214888130e-01 -4.973624280456385299e-02 3.035401731365925532e-02 4.117799437481591274e-01
1.305033528470017910e+09 1.504126311438302999e+00 -1.169698552098406230e+00 6.720195118828083958e-01 -9.092311740907234041e-01 -5.012946504057532587e-02 3.055839038906713739e-02 4.121309180020106822e-01
1.305033528502259970e+09 1.504126311438302999e+00 -1.169698552098406230e+00 6.720195118828083958e-01 -9.092311740907234041e-01 -5.012946504057532587e-02 3.055839038906713739e-02 4.121309180020106822e-01
1.305033528534013987e+09 1.508174545869837013e+00 -1.149897369835058747e+00 6.722339556446150777e-01 -9.086684993861512405e-01 -5.270000912031595069e-02 3.462266768370229897e-02 4.127293764011745747e-01
1.305033528570000887e+09 1.508174545869837013e+00 -1.149897369835058747e+00 6.722339556446150777e-01 -9.086684993861512405e-01 -5.270000912031595069e-02 3.462266768370229897e-02 4.127293764011745747e-01
1.305033528601902008e+09 1.511549626453994044e+00 -1.127192912497195776e+00 6.732191407793877147e-01 -9.069634945652622626e-01 -5.894779919782801303e-02 3.769401710801463523e-02 4.153571205239662278e-01
1.305033528633991003e+09 1.515260605433757624e+00 -1.114235492427684493e+00 6.735289535329879174e-01 -9.062401745300679989e-01 -6.258012617891847706e-02 4.047456213352323279e-02 4.161421436183099232e-01
1.305033528669998884e+09 1.518076536529060272e+00 -1.103327481096963325e+00 6.719454109258321539e-01 -9.059318109748190073e-01 -6.278850020381515629e-02 4.344742901221783360e-02 4.164822673515263807e-01
1.305033528702008009e+09 1.523880686607285817e+00 -1.088484993902733233e+00 6.729524584041856050e-01 -9.062942233597764963e-01 -6.125147657614820468e-02 4.642266963105910749e-02 4.156007375670386916e-01
1.305033528734047890e+09 1.523275135344869025e+00 -1.075408053528120744e+00 6.735354976923555448e-01 -9.061449904707056247e-01 -6.037013095735345447e-02 4.600294790433546999e-02 4.161014687755233421e-01
1.305033528770045042e+09 1.528275639308059874e+00 -1.061053942163022512e+00 6.748103971052338279e-01 -9.065295915509672398e-01 -6.061178775900771115e-02 4.772697431808031049e-02 4.150330670555477663e-01
1.305033528801994085e+09 1.532258296965483435e+00 -1.046069181007829085e+00 6.735109314613004772e-01 -9.063223545444453189e-01 -5.941832109561637904e-02 4.841221039700974171e-02 4.155785252580628808e-01
1.305033528834357977e+09 1.534333436455266098e+00 -1.033651350988809448e+00 6.761430614356281898e-01 -9.068549783662011032e-01 -5.679299151746157459e-02 4.847748449146720845e-02 4.147752859372336176e-01
1.305033528870165110e+09 1.537614047863095967e+00 -1.021469145561659575e+00 6.742750431249676657e-01 -9.066654541459938654e-01 -5.436553231176467771e-02 4.975973271551129701e-02 4.153626272966529087e-01
1.305033528902091980e+09 1.539997487507615892e+00 -1.009432188654759699e+00 6.755565163438932430e-01 -9.066941112243062095e-01 -5.245598512531549074e-02 5.084424665089057327e-02 4.154142762089449437e-01
1.305033528934257984e+09 1.543664548436023187e+00 -9.976896287581875633e-01 6.763433289702762696e-01 -9.061805320278338849e-01 -5.267100412113520647e-02 5.138865970838523561e-02 4.164394486020734365e-01
1.305033528969917059e+09 1.552892153030398514e+00 -9.823527751819739473e-01 6.767733320860792601e-01 -9.060650886175206642e-01 -5.270396071026271778e-02 5.307975159043008817e-02 4.164743541745082878e-01
1.305033529002386093e+09 1.553678870548175217e+00 -9.715386624438171470e-01 6.757542242208741667e-01 -9.054816854370423274e-01 -5.168716586839980365e-02 4.948931340460677175e-02 4.183086923329781270e-01
1.305033529033895969e+09 1.553723571213402987e+00 -9.584284784023791026e-01 6.794414111310632665e-01 -9.062732015855187173e-01 -5.139407976318104143e-02 4.767798613628152632e-02 4.168385086471952938e-01
1.305033529069871902e+09 1.556216209999945033e+00 -9.445860987984671109e-01 6.820060817010318299e-01 -9.059900118532739910e-01 -5.286444847486808374e-02 4.774434821496745252e-02 4.172624182970234852e-01
1.305033529101938009e+09 1.557537600978005754e+00 -9.314418585603816414e-01 6.824553701991780130e-01 -9.047107212596949832e-01 -5.412367326476920371e-02 4.783255936023966814e-02 4.198585298587373948e-01
1.305033529133980036e+09 1.560515125125840896e+00 -9.166114500782508445e-01 6.871529721540448055e-01 -9.040818478383448875e-01 -5.520685672954084300e-02 4.889371804170721675e-02 4.209484763190217693e-01
1.305033529170049906e+09 1.563466382493412743e+00 -9.041834329044506902e-01 6.895625530738667130e-01 -9.030408230008299952e-01 -5.491535101790946671e-02 5.011679959447123966e-02 4.230719591452152817e-01
1.305033529201937914e+09 1.567331776451020176e+00 -8.860917068565639099e-01 6.919954383913151652e-01 -9.028884220341364397e-01 -5.504869383510344744e-02 5.046172162078926826e-02 4.233388162155961032e-01
1.305033529233932972e+09 1.565796721247386891e+00 -8.727307070505461173e-01 6.923038483932024700e-01 -9.014315255270518579e-01 -5.417600000827520190e-02 4.748062553703720490e-02 4.268861159696891727e-01
1.305033529270157099e+09 1.565765397163349393e+00 -8.595284175019651807e-01 6.953750631468477161e-01 -9.003879690066927122e-01 -5.321325605705737316e-02 4.633754644371741727e-02 4.293281803438777633e-01
1.305033529302066088e+09 1.569210613467861615e+00 -8.429356004280208481e-01 6.978474132065886071e-01 -8.997598487295832559e-01 -5.239063503445669234e-02 4.781909162034680277e-02 4.305818974961773682e-01
1.305033529333973885e+09 1.573346399894568926e+00 -8.253532931453934074e-01 7.003570580964773029e-01 -8.986536994269063161e-01 -5.259982131329923871e-02 4.806130089408982425e-02 4.328335692393928125e-01
1.305033529369872093e+09 1.575264869531336487e+00 -8.092553409327303271e-01 6.990917327209271726e-01 -8.970715569660137056e-01 -5.245173300880034972e-02 4.722860723960506379e-02 4.362119852149327626e-01
1.305033529402096033e+09 1.573473525192212508e+00 -7.963993485317946153e-01 7.017041544400711706e-01 -8.962393377615035517e-01 -5.175318476041446125e-02 4.572067995988476907e-02 4.381623862679016046e-01
1.305033529434346914e+09 1.572741535345461017e+00 -7.826142798640298714e-01 7.018350741201061505e-01 -8.952195942972402953e-01 -5.065673562563751536e-02 4.484713375178935729e-02 4.404594280024980435e-01
1.305033529470113039e+09 1.573579171226765938e+00 -7.635004509159228903e-01 7.044547572547382730e-01 -8.949638430571796865e-01 -5.081077120185659851e-02 4.570327731466691801e-02 4.408732194099510004e-01
1.305033529502275944e+09 1.572268253374390579e+00 -7.492277009990577774e-01 7.079048752513308340e-01 -8.938508996514041849e-01 -5.171676600154929276e-02 4.383483266640452597e-02 4.432092651917654003e-01
1.305033529534027100e+09 1.575419755292937429e+00 -7.356030494935104080e-01 7.054178877562519157e-01 -8.925055795048566498e-01 -5.074922222620741052e-02 4.563964965686204828e-02 4.458422696148649500e-01
1.305033529569931984e+09 1.573484712596511681e+00 -7.211007469249834934e-01 7.077817173843874432e-01 -8.921015794874531668e-01 -4.842104440792045772e-02 4.442902168914706490e-02 4.470304646958448425e-01
1.305033529601907969e+09 1.570977383162315499e+00 -7.062275398385845504e-01 7.095393787220443116e-01 -8.921748272431102578e-01 -4.638254048915245453e-02 4.414885411375256419e-02 4.471281877179532627e-01
1.305033529634597063e+09 1.573620239580137525e+00 -6.895875003140687909e-01 7.102285623530759651e-01 -8.920538961710283710e-01 -4.716997721852515812e-02 4.448238578113353908e-02 4.472540183503220801e-01
1.305033529670028925e+09 1.574739152994532265e+00 -6.748928517163923502e-01 7.066029192050758967e-01 -8.912944072145182473e-01 -4.657539149236521875e-02 4.144118209936710484e-02 4.491187381992214900e-01
1.305033529701927900e+09 1.566423126925214904e+00 -6.602299095240397042e-01 7.070730510525298218e-01 -8.922174619732125000e-01 -4.268840992125161327e-02 3.608866694383626450e-02 4.481331368317801878e-01
1.305033529735153913e+09 1.562861457623474948e+00 -6.432543644202187716e-01 7.104168075568143559e-01 -8.925975214639887412e-01 -4.001602317304109313e-02 3.351275890013930003e-02 4.478228193791157774e-01
1.305033529769984961e+09 1.555207339358430918e+00 -6.269806782098703568e-01 7.093074220682563658e-01 -8.918553926176800983e-01 -3.464249309593489534e-02 3.152187002670051724e-02 4.498891286093516517e-01
1.305033529801903963e+09 1.553468447923468387e+00 -6.107173440216497884e-01 7.091703260993070801e-01 -8.908368379791449243e-01 -2.835616770501495076e-02 3.448469335194076502e-02 4.521243875050607319e-01
1.305033529835175991e+09 1.554504827463903505e+00 -5.949618017797450031e-01 7.116696099317640911e-01 -8.908853053065393102e-01 -2.279449306132600231e-02 3.762700762220060058e-02 4.520929021477225751e-01
1.305033529870052099e+09 1.552132843786939720e+00 -5.804140470795325912e-01 7.089854570772270437e-01 -8.903260990376080652e-01 -1.827323621854713004e-02 3.778338506892686688e-02 4.533849821325245943e-01
1.305033529902039051e+09 1.550506958910120581e+00 -5.638747179421471634e-01 7.119201501883977157e-01 -8.910172021571479695e-01 -1.669626743906314076e-02 3.669589830985196116e-02 4.521758409743759644e-01
1.305033529934437990e+09 1.548418202672556365e+00 -5.503073790213942607e-01 7.102032427398411452e-01 -8.905610356041608888e-01 -1.796835929401490589e-02 3.630521788324399257e-02 4.530564104859083341e-01
1.305033529969974995e+09 1.549404898815058829e+00 -5.331743614849456803e-01 7.145955608534180215e-01 -8.915027981504457522e-01 -1.998543974559785497e-02 3.733556016010482204e-02 4.510314834195412459e-01
1.305033530002319098e+09 1.548289936859672755e+00 -5.164722787912197077e-01 7.137710971079288536e-01 -8.904737503119128927e-01 -2.182037673279330764e-02 3.732069085931714880e-02 4.529763097541187333e-01
1.305033530034538984e+09 1.546978547415450489e+00 -5.018883237668723130e-01 7.129866958280494105e-01 -8.898792629254653752e-01 -2.161190745419355047e-02 3.758961220370171663e-02 4.541308665195499250e-01
1.305033530070091963e+09 1.544476983425300931e+00 -4.838484908405722429e-01 7.151663546827575768e-01 -8.900992557315824394e-01 -2.101003201324092365e-02 3.807961484323148932e-02 4.536869365920474517e-01
1.305033530102639914e+09 1.545233681873459775e+00 -4.670150611447523303e-01 7.166077343067583927e-01 -8.897919058490502131e-01 -2.204966592760640096e-02 3.840367423254373996e-02 4.542128733572358690e-01
1.305033530133963108e+09 1.545838059610723514e+00 -4.510485691569917632e-01 7.182289732244512281e-01 -8.896000558113357215e-01 -2.354226505461860103e-02 3.784469317959860551e-02 4.545605368426834381e-01
1.305033530169975042e+09 1.545711336786287582e+00 -4.338758235860732393e-01 7.186497421612990655e-01 -8.894582682101273008e-01 -2.406652048905985608e-02 3.821515579389617862e-02 4.547794999467753563e-01
1.305033530202533007e+09 1.546794792046759737e+00 -4.168931852196855470e-01 7.174492411976681749e-01 -8.892385322038067752e-01 -2.575770636287648060e-02 3.978587296844254134e-02 4.549818213061727623e-01
1.305033530234343052e+09 1.547469198714432226e+00 -3.972137656196553790e-01 7.164681112155913967e-01 -8.895716379491510617e-01 -2.679231416307048530e-02 4.016250002844846956e-02 4.542372138538592341e-01
1.305033530270088911e+09 1.547123281854465349e+00 -3.785256625726133306e-01 7.152050048146684214e-01 -8.894592972921937513e-01 -2.762054756323930119e-02 3.963331753085975323e-02 4.544540284278284492e-01
1.305033530302540064e+09 1.549048623510334455e+00 -3.575902437632507702e-01 7.135900943355104609e-01 -8.891881681524727021e-01 -2.812479610542013148e-02 4.136624309140514433e-02 4.547991110305529827e-01
1.305033530334417105e+09 1.548435501687154048e+00 -3.399420218778707037e-01 7.127829204270804686e-01 -8.888752030812330229e-01 -2.816123625491744054e-02 4.294566644644292469e-02 4.552619991316673720e-01
1.305033530369991064e+09 1.553389450082409473e+00 -3.190407071776847348e-01 7.078870638827258199e-01 -8.885206729875007037e-01 -2.999922517921936593e-02 4.504249780573413298e-02 4.556338810425600294e-01
1.305033530402280092e+09 1.561509678985809835e+00 -3.019690990079821891e-01 7.058137353030267125e-01 -8.887611021234166353e-01 -3.179982325360126982e-02 4.572633344937673816e-02 4.549742597364008767e-01
1.305033530433938980e+09 1.564290124558710637e+00 -2.827717075519523560e-01 7.010801662238806964e-01 -8.891550628076988483e-01 -3.226010974655470903e-02 4.367105203116333767e-02 4.543736334967830026e-01
1.305033530470000982e+09 1.563859523366596171e+00 -2.662714338966357674e-01 7.011458753761153906e-01 -8.897027342398491356e-01 -3.163914412550870164e-02 4.352970780415071905e-02 4.533576665102591052e-01
1.305033530503175974e+09 1.568217261743428903e+00 -2.477840014707597405e-01 6.986855616986572537e-01 -8.900605817477705850e-01 -3.179770683660682745e-02 4.503724209405770423e-02 4.524960922298829624e-01
1.305033530534055948e+09 1.570949610462708312e+00 -2.297689415452544015e-01 6.982933695269335495e-01 -8.908331086914687003e-01 -3.161871280710329413e-02 4.467809581982989248e-02 4.510216150179832684e-01
1.305033530570010900e+09 1.573247263817953101e+00 -2.112541055411558677e-01 6.978938985128182448e-01 -8.915372195469479788e-01 -3.323564460674367782e-02 4.357419361940803593e-02 4.496199147507699001e-01
1.305033530603079081e+09 1.575503238740167067e+00 -1.931297224451719030e-01 6.975841802422849680e-01 -8.920981755482093600e-01 -3.607107343638513847e-02 4.182231522574586524e-02 4.484535837674413772e-01
1.305033530634562016e+09 1.575782663766034375e+00 -1.761625210146526843e-01 6.942705179905673818e-01 -8.919925185745586349e-01 -3.814100795539502459e-02 3.940303826700885387e-02 4.487115007379360865e-01
1.305033530670053005e+09 1.578365448682417238e+00 -1.574561382383092845e-01 6.984630753546244852e-01 -8.926630360582058499e-01 -4.000814469066982237e-02 3.908665228139249909e-02 4.472407472795725258e-01
1.305033530702903986e+09 1.579118726867055456e+00 -1.422766501655237104e-01 6.979682797892490242e-01 -8.923767528705697227e-01 -4.111574995699333879e-02 3.896146570101270690e-02 4.477222690821630602e-01
1.305033530733843088e+09 1.579157633898916835e+00 -1.254928247134021735e-01 6.994550462984473471e-01 -8.925824266046167299e-01 -4.059519326061887534e-02 3.909651377067464156e-02 4.473478563844096034e-01
1.305033530770068884e+09 1.578184834243335333e+00 -1.088118179964141508e-01 7.003046083442718839e-01 -8.921288712550697886e-01 -3.959811630930481358e-02 3.880360680116698435e-02 4.483663082314842119e-01
1.305033530802639961e+09 1.578495350023682464e+00 -9.323604186562062246e-02 7.011390468930639441e-01 -8.910937091883470718e-01 -3.955872996848275314e-02 3.900205721850046048e-02 4.504064251994622237e-01
1.305033530834043026e+09 1.576905421876471314e+00 -7.890351108483217857e-02 7.047302878410963700e-01 -8.901133798028999511e-01 -3.989916210989980644e-02 3.817938213468773795e-02 4.523809929015583653e-01
1.305033530869990110e+09 1.577469674106742881e+00 -6.327658501942057256e-02 7.073213429153543119e-01 -8.884633970090005661e-01 -4.090924212688727690e-02 3.860549687032638344e-02 4.554874769905600806e-01
1.305033530903177023e+09 1.577760707200647206e+00 -5.314501533136373190e-02 7.059178713071676547e-01 -8.857374078965845055e-01 -4.132092837932775653e-02 3.809096314256745636e-02 4.607720734347746094e-01
1.305033530935393095e+09 1.575515363723465123e+00 -4.035941989905067473e-02 7.061765799028133506e-01 -8.840770509221526074e-01 -3.943928031807256152e-02 3.653085028718009580e-02 4.642389559031831481e-01
1.305033530969918013e+09 1.575945270126911879e+00 -2.932789096256804839e-02 7.066491654809116119e-01 -8.825033632932287597e-01 -3.808436966752733188e-02 3.664636895679717482e-02 4.673269072131938096e-01
1.305033531001894951e+09 1.575945270126911879e+00 -2.932789096256804839e-02 7.066491654809116119e-01 -8.825033632932287597e-01 -3.808436966752733188e-02 3.664636895679717482e-02 4.673269072131938096e-01
1.305033531035070896e+09 1.575945270126911879e+00 -2.932789096256804839e-02 7.066491654809116119e-01 -8.825033632932287597e-01 -3.808436966752733188e-02 3.664636895679717482e-02 4.673269072131938096e-01
1.305033531070067883e+09 1.574742075453885226e+00 -1.429095298352356380e-02 7.072436367489821629e-01 -8.803599512689115336e-01 -3.944886690648159722e-02 3.723784206421239251e-02 4.711936822793736379e-01
1.305033531103063107e+09 1.574742075453885226e+00 -1.429095298352356380e-02 7.072436367489821629e-01 -8.803599512689115336e-01 -3.944886690648159722e-02 3.723784206421239251e-02 4.711936822793736379e-01
1.305033531134773016e+09 1.571261229851647956e+00 -4.508393214351258393e-03 7.088406698796620997e-01 -8.800324143871146587e-01 -3.965790181338614551e-02 3.691450334134686873e-02 4.718130136980188682e-01
1.305033531169951916e+09 1.571261229851647956e+00 -4.508393214351258393e-03 7.088406698796620997e-01 -8.800324143871146587e-01 -3.965790181338614551e-02 3.691450334134686873e-02 4.718130136980188682e-01
1.305033531203418016e+09 1.571261229851647956e+00 -4.508393214351258393e-03 7.088406698796620997e-01 -8.800324143871146587e-01 -3.965790181338614551e-02 3.691450334134686873e-02 4.718130136980188682e-01
1.305033531234206915e+09 1.571261229851647956e+00 -4.508393214351258393e-03 7.088406698796620997e-01 -8.800324143871146587e-01 -3.965790181338614551e-02 3.691450334134686873e-02 4.718130136980188682e-01
1.305033531272670984e+09 1.571261229851647956e+00 -4.508393214351258393e-03 7.088406698796620997e-01 -8.800324143871146587e-01 -3.965790181338614551e-02 3.691450334134686873e-02 4.718130136980188682e-01
1.305033531303205013e+09 1.571261229851647956e+00 -4.508393214351258393e-03 7.088406698796620997e-01 -8.800324143871146587e-01 -3.965790181338614551e-02 3.691450334134686873e-02 4.718130136980188682e-01
1.305033531335000992e+09 1.571261229851647956e+00 -4.508393214351258393e-03 7.088406698796620997e-01 -8.800324143871146587e-01 -3.965790181338614551e-02 3.691450334134686873e-02 4.718130136980188682e-01
1.305033531370503902e+09 1.572655436708465082e+00 -1.466307735404792645e-02 7.046003085632510654e-01 -8.831992186914233711e-01 -3.389171987189313479e-02 3.746875821674620910e-02 4.662687889883680992e-01
1.305033531403347015e+09 1.572655436708465082e+00 -1.466307735404792645e-02 7.046003085632510654e-01 -8.831992186914233711e-01 -3.389171987189313479e-02 3.746875821674620910e-02 4.662687889883680992e-01
1.305033531435426950e+09 1.573878903699570397e+00 -2.450562622094820675e-02 7.022877467986503586e-01 -8.855186410946683795e-01 -2.901150869640180263e-02 3.573987451247049446e-02 4.623177803273885167e-01
1.305033531470309973e+09 1.573878903699570397e+00 -2.450562622094820675e-02 7.022877467986503586e-01 -8.855186410946683795e-01 -2.901150869640180263e-02 3.573987451247049446e-02 4.623177803273885167e-01
1.305033531503808022e+09 1.571695600208989241e+00 -3.859061741881864016e-02 7.019388493994792588e-01 -8.875791722787620408e-01 -2.161715174294849204e-02 3.107148671893865746e-02 4.590974563211440151e-01
1.305033531534928083e+09 1.571695600208989241e+00 -3.859061741881864016e-02 7.019388493994792588e-01 -8.875791722787620408e-01 -2.161715174294849204e-02 3.107148671893865746e-02 4.590974563211440151e-01
1.305033531571451902e+09 1.573972338049283604e+00 -5.458426992439924241e-02 7.004507988456382117e-01 -8.888083215299564799e-01 -1.602503007217624328e-02 2.582535547035024956e-02 4.572701794400300113e-01
1.305033531603610992e+09 1.573972338049283604e+00 -5.458426992439924241e-02 7.004507988456382117e-01 -8.888083215299564799e-01 -1.602503007217624328e-02 2.582535547035024956e-02 4.572701794400300113e-01
1.305033531635605097e+09 1.574646732210433386e+00 -6.487013339548042268e-02 6.989949222254477901e-01 -8.891498827786937786e-01 -1.252948569853233780e-02 2.191026833972334678e-02 4.569195094150027003e-01
1.305033531671649933e+09 1.574646732210433386e+00 -6.487013339548042268e-02 6.989949222254477901e-01 -8.891498827786937786e-01 -1.252948569853233780e-02 2.191026833972334678e-02 4.569195094150027003e-01
1.305033531703406096e+09 1.575766758717613181e+00 -8.485675353010679878e-02 7.053525617843338091e-01 -8.909804719157035091e-01 1.911411426638916916e-04 1.218673664729721592e-02 4.538780073762370137e-01
1.305033531735411882e+09 1.573377675285050570e+00 -9.740723154012131957e-02 7.053995042304317398e-01 -8.908094831453677864e-01 9.971490677032734951e-03 9.055636547818846430e-03 4.541773107043926561e-01
1.305033531771384001e+09 1.574074819475214548e+00 -1.072344324600711385e-01 7.082514141402587171e-01 -8.911545906742351919e-01 2.064979490917934549e-02 8.419613795177008711e-03 4.531514003001482216e-01
1.305033531802700996e+09 1.573729724118740902e+00 -1.189002712899560610e-01 7.070698606450854795e-01 -8.900069426920982352e-01 2.900127758768947933e-02 5.708996618919322079e-03 4.549878846911761809e-01
1.305033531833841085e+09 1.569940350489959391e+00 -1.332363492190791199e-01 7.068868150808788053e-01 -8.890224585493738951e-01 3.791545612233288010e-02 1.706015261720771753e-03 4.562878213296832075e-01
1.305033531872625113e+09 1.565351510091539833e+00 -1.451148814668112852e-01 7.060933857042758222e-01 -8.885866977550472834e-01 4.453706346026978236e-02 -1.124822862414418673e-03 4.565401026466833767e-01
1.305033531902834892e+09 1.562140974165052931e+00 -1.571822716271689124e-01 7.053817812805405207e-01 -8.882495255168180170e-01 4.906051662286166348e-02 -3.745961940467074786e-03 4.567185280859386576e-01
1.305033531933903933e+09 1.564155357320280437e+00 -1.693349788579030513e-01 7.073575799539149056e-01 -8.885256084533671439e-01 5.334464190324277044e-02 -6.457867996358300500e-03 4.556697139856127343e-01
1.305033531971524000e+09 1.560839656432471134e+00 -1.803979827478574549e-01 7.103309518240787934e-01 -8.881944213126239385e-01 5.924712216193832315e-02 -1.054267388742189879e-02 4.555099345699993307e-01
1.305033532003220081e+09 1.557178912362962020e+00 -1.914784477636781723e-01 7.085709183585043869e-01 -8.869391913053840115e-01 6.593433680585468470e-02 -1.312975613430585400e-02 4.569673332530204135e-01
1.305033532033792019e+09 1.556502945579846919e+00 -2.050135284665399737e-01 7.064668209496465234e-01 -8.863852142159077685e-01 7.393668289539348515e-02 -1.463982395548656806e-02 4.567715999231976576e-01
1.305033532071576118e+09 1.554197329200654565e+00 -2.186440767534364449e-01 7.026693631945170049e-01 -8.860456411587155356e-01 8.313728691076466282e-02 -1.748902935804074951e-02 4.557471307214905898e-01
1.305033532101891041e+09 1.550807413088882702e+00 -2.312300585990515467e-01 7.031014308616536646e-01 -8.867732842132683979e-01 9.028855203613345148e-02 -2.033585967312249998e-02 4.528438721990035720e-01
1.305033532135137081e+09 1.545867062751788090e+00 -2.434476025285806644e-01 7.035815381368019095e-01 -8.875627455770680463e-01 9.503320090729437675e-02 -2.450565430812541579e-02 4.501116931339834148e-01
1.305033532171224117e+09 1.542277115624737460e+00 -2.538900420664612634e-01 7.065641957217048130e-01 -8.887143974414447589e-01 9.907113779865299452e-02 -2.846975310502936063e-02 4.467226237764425623e-01
1.305033532203553915e+09 1.538416961355199897e+00 -2.663296755917181624e-01 7.090038092821489002e-01 -8.893305810424313451e-01 1.036755179931956872e-01 -3.056107205875380900e-02 4.443067920549873540e-01
1.305033532233902931e+09 1.538171297789538094e+00 -2.792658259663268749e-01 7.098175014465677446e-01 -8.898780512904835849e-01 1.073008698948727524e-01 -3.104897286773560666e-02 4.423115852372778156e-01
1.305033532271672010e+09 1.538254981742321448e+00 -2.917579859758308025e-01 7.119284618055092828e-01 -8.903818073781960551e-01 1.120534902870377464e-01 -3.243275110939283778e-02 4.400140555253954644e-01
1.305033532303369045e+09 1.534516621858430740e+00 -3.032214098958071480e-01 7.127286229213609658e-01 -8.904620627633071939e-01 1.164474193223018900e-01 -3.478764412369745457e-02 4.385283720910370109e-01
1.305033532335390091e+09 1.533950337172677036e+00 -3.143363014819477996e-01 7.168077166240519604e-01 -8.912216260259885336e-01 1.188236970597544989e-01 -3.541255843598345443e-02 4.362922105947604212e-01
1.305033532371840954e+09 1.533080560206552256e+00 -3.253096129304707818e-01 7.184695041212589839e-01 -8.912471497964402634e-01 1.202709686255248600e-01 -3.701519191739803538e-02 4.357100958813298064e-01
1.305033532403249979e+09 1.534260227162448365e+00 -3.372936820993770457e-01 7.194209870774240789e-01 -8.912641789171124040e-01 1.215693288647981263e-01 -3.712851444315210664e-02 4.353051057290884263e-01
1.305033532435086012e+09 1.538259618004869989e+00 -3.481677380839760527e-01 7.203076441143675401e-01 -8.911489339637900242e-01 1.218778793387822468e-01 -3.730487473771201129e-02 4.354396701540698134e-01
1.305033532471927881e+09 1.539910379789743544e+00 -3.595175579828664425e-01 7.230668233236776654e-01 -8.906924747181560464e-01 1.228804184079231032e-01 -3.986935757480685599e-02 4.358643740648149301e-01
1.305033532502026081e+09 1.541689751905579886e+00 -3.705570954924418681e-01 7.253859139839666792e-01 -8.902605480977009433e-01 1.242923806094067274e-01 -4.197355489300640813e-02 4.361488063870760379e-01
1.305033532539103031e+09 1.541465896877472597e+00 -3.826756423832144982e-01 7.265150056065677875e-01 -8.893240349650729515e-01 1.252209937123452410e-01 -4.458546470726212213e-02 4.375323986906251017e-01
1.305033532571563005e+09 1.540029127061707248e+00 -3.968385372476558315e-01 7.262640285751866820e-01 -8.881714662798194659e-01 1.277520089746498055e-01 -4.694813838530869504e-02 4.388926326465854566e-01
1.305033532603569031e+09 1.539072964500693752e+00 -4.095132684188917960e-01 7.245806098851241828e-01 -8.876733138511621046e-01 1.287728126934218342e-01 -4.928761670685191665e-02 4.393454010535212118e-01
1.305033532635683060e+09 1.537636956438749758e+00 -4.224496935794271879e-01 7.256132606823170184e-01 -8.877828719529944346e-01 1.301126065006626420e-01 -5.212029787544657233e-02 4.384013645574926232e-01
1.305033532672619104e+09 1.536981462271723498e+00 -4.328108878081288191e-01 7.254930903429853695e-01 -8.878341490937776692e-01 1.301820139574862423e-01 -5.451535125998629994e-02 4.379854374541471973e-01
1.305033532702116013e+09 1.537851710927834015e+00 -4.466877477295408960e-01 7.265163042880914412e-01 -8.874860840399840800e-01 1.285679822022958718e-01 -5.599875359336117797e-02 4.389793436869149912e-01
1.305033532739490986e+09 1.538553975520273731e+00 -4.607555692132851988e-01 7.262350632963348041e-01 -8.868633719809339011e-01 1.286510920575739403e-01 -5.718768208345765408e-02 4.400588880694523697e-01
1.305033532772109985e+09 1.538334653182848788e+00 -4.767264770617989367e-01 7.261311828520559120e-01 -8.863352912953137430e-01 1.293200340720178920e-01 -5.942399730044439776e-02 4.406300815161170448e-01
1.305033532802328110e+09 1.541828383487784171e+00 -4.926445517289637088e-01 7.254300398440787223e-01 -8.861734094397420991e-01 1.320501460305507080e-01 -6.106549584266254826e-02 4.399209617110138582e-01
1.305033532839648008e+09 1.544414527572659290e+00 -5.094949273911988374e-01 7.265735964526748303e-01 -8.860355637393149131e-01 1.358190345715761249e-01 -6.413426620188725225e-02 4.386125460311696145e-01
1.305033532871166945e+09 1.540314110410013093e+00 -5.237606737217447295e-01 7.261408591713162108e-01 -8.850461526505303267e-01 1.447456194580060418e-01 -6.881007684343679043e-02 4.370436896364168211e-01
1.305033532903404951e+09 1.543466247015309767e+00 -5.395808864496635104e-01 7.268286361694562547e-01 -8.845031672866426886e-01 1.531433397447396760e-01 -6.918047999586987573e-02 4.352187102357453763e-01
1.305033532936355114e+09 1.546975102698489035e+00 -5.552878222237390693e-01 7.270149638042165963e-01 -8.842725247358029783e-01 1.614398220528211469e-01 -7.093305791944001792e-02 4.323977187117429843e-01
1.305033532970791101e+09 1.550223738056134115e+00 -5.709773300153461184e-01 7.256477186659558987e-01 -8.840123349831299215e-01 1.688932472059805900e-01 -7.472947330353782447e-02 4.294330779826699973e-01
1.305033533003809929e+09 1.548926915458044506e+00 -5.819742333970384651e-01 7.238514093467249833e-01 -8.839373083429643563e-01 1.753642943002680921e-01 -8.160784101469915897e-02 4.257256857283615581e-01
1.305033533037900925e+09 1.548926915458044506e+00 -5.819742333970384651e-01 7.238514093467249833e-01 -8.839373083429643563e-01 1.753642943002680921e-01 -8.160784101469915897e-02 4.257256857283615581e-01
1.305033533069931984e+09 1.549783607985240952e+00 -6.010737667302636922e-01 7.247806825612758130e-01 -8.828402082678956653e-01 1.977868419315958470e-01 -9.193461178495981878e-02 4.159586024836764984e-01
1.305033533101969957e+09 1.549783607985240952e+00 -6.010737667302636922e-01 7.247806825612758130e-01 -8.828402082678956653e-01 1.977868419315958470e-01 -9.193461178495981878e-02 4.159586024836764984e-01
1.305033533137701988e+09 1.554465319987519800e+00 -6.162982704986204041e-01 7.257919028579344900e-01 -8.787515037843940391e-01 2.216637103646744711e-01 -9.923397169169204113e-02 4.108693380702972964e-01
1.305033533169878960e+09 1.554465319987519800e+00 -6.162982704986204041e-01 7.257919028579344900e-01 -8.787515037843940391e-01 2.216637103646744711e-01 -9.923397169169204113e-02 4.108693380702972964e-01
1.305033533202523947e+09 1.554585274779919368e+00 -6.317773800786562477e-01 7.282165898018648775e-01 -8.714065178552455881e-01 2.492861124514187399e-01 -1.121573079339780454e-01 4.073424272712786176e-01
1.305033533238626003e+09 1.554585274779919368e+00 -6.317773800786562477e-01 7.282165898018648775e-01 -8.714065178552455881e-01 2.492861124514187399e-01 -1.121573079339780454e-01 4.073424272712786176e-01
1.305033533270603895e+09 1.535219379286816732e+00 -6.373398208886850158e-01 7.357465721375027190e-01 -8.620257248267455541e-01 2.810702122385096979e-01 -1.333797132115543405e-01 4.001512684382327323e-01
1.305033533302453041e+09 1.535219379286816732e+00 -6.373398208886850158e-01 7.357465721375027190e-01 -8.620257248267455541e-01 2.810702122385096979e-01 -1.333797132115543405e-01 4.001512684382327323e-01
1.305033533338310957e+09 1.535219379286816732e+00 -6.373398208886850158e-01 7.357465721375027190e-01 -8.620257248267455541e-01 2.810702122385096979e-01 -1.333797132115543405e-01 4.001512684382327323e-01
1.305033533369923115e+09 1.533958581014978506e+00 -6.502336901295412419e-01 7.389873260839792124e-01 -8.502552739015447614e-01 3.122896859714791029e-01 -1.496720196730902397e-01 3.964081328194744569e-01
1.305033533402013063e+09 1.523269730112790210e+00 -6.558782023951864604e-01 7.406169276886358510e-01 -8.412950164045026602e-01 3.308742688509362373e-01 -1.602994682689754258e-01 3.962940752244344944e-01
1.305033533437813997e+09 1.512384388134363711e+00 -6.576409841093432407e-01 7.383558262139126027e-01 -8.322948089256073656e-01 3.484733212841325534e-01 -1.672501413405245718e-01 3.973400125966010110e-01
1.305033533469893932e+09 1.512384388134363711e+00 -6.576409841093432407e-01 7.383558262139126027e-01 -8.322948089256073656e-01 3.484733212841325534e-01 -1.672501413405245718e-01 3.973400125966010110e-01
1.305033533502496958e+09 1.502199794858451565e+00 -6.660820949992598550e-01 7.366687034785500687e-01 -8.162725494025954154e-01 3.795642021826193813e-01 -1.770897494106076775e-01 3.978308210369668196e-01
1.305033533537975073e+09 1.502199794858451565e+00 -6.660820949992598550e-01 7.366687034785500687e-01 -8.162725494025954154e-01 3.795642021826193813e-01 -1.770897494106076775e-01 3.978308210369668196e-01
1.305033533570826054e+09 1.492059788252785957e+00 -6.800783164440704631e-01 7.377096267442182498e-01 -8.055142513671864624e-01 3.974991549687928449e-01 -1.905086846007927881e-01 3.960399648206384127e-01
1.305033533602884054e+09 1.484807195244547628e+00 -6.886474303609442238e-01 7.379546690373346429e-01 -8.003173048945240176e-01 4.073136526808656122e-01 -1.955010388898903440e-01 3.941663907781968734e-01
1.305033533638668060e+09 1.484807195244547628e+00 -6.886474303609442238e-01 7.379546690373346429e-01 -8.003173048945240176e-01 4.073136526808656122e-01 -1.955010388898903440e-01 3.941663907781968734e-01
1.305033533669970036e+09 1.476868179411202631e+00 -7.033182020788455446e-01 7.364047146658666554e-01 -7.915858138761580065e-01 4.236578337759708823e-01 -2.054609402608607582e-01 3.894762395543474032e-01
1.305033533702207088e+09 1.476868179411202631e+00 -7.033182020788455446e-01 7.364047146658666554e-01 -7.915858138761580065e-01 4.236578337759708823e-01 -2.054609402608607582e-01 3.894762395543474032e-01
1.305033533738135099e+09 1.467409178153920468e+00 -7.202775717431890712e-01 7.359607837788972873e-01 -7.840148973952640876e-01 4.390955790858535046e-01 -2.137683198558885667e-01 3.831694383892629840e-01
1.305033533770018101e+09 1.467409178153920468e+00 -7.202775717431890712e-01 7.359607837788972873e-01 -7.840148973952640876e-01 4.390955790858535046e-01 -2.137683198558885667e-01 3.831694383892629840e-01
1.305033533805969954e+09 1.467409178153920468e+00 -7.202775717431890712e-01 7.359607837788972873e-01 -7.840148973952640876e-01 4.390955790858535046e-01 -2.137683198558885667e-01 3.831694383892629840e-01
1.305033533839051008e+09 1.459136623249779774e+00 -7.316429521097498334e-01 7.386235398073610625e-01 -7.754866529685006116e-01 4.529142630162770744e-01 -2.227302655831585876e-01 3.793156340271129356e-01
1.305033533871274948e+09 1.459136623249779774e+00 -7.316429521097498334e-01 7.386235398073610625e-01 -7.754866529685006116e-01 4.529142630162770744e-01 -2.227302655831585876e-01 3.793156340271129356e-01
1.305033533907675028e+09 1.442862901095581352e+00 -7.376744618525243880e-01 7.407259171996588565e-01 -7.644213225543332602e-01 4.709818025276097386e-01 -2.360921150571745342e-01 3.716136387701044486e-01
1.305033533939019918e+09 1.442862901095581352e+00 -7.376744618525243880e-01 7.407259171996588565e-01 -7.644213225543332602e-01 4.709818025276097386e-01 -2.360921150571745342e-01 3.716136387701044486e-01
1.305033533970792055e+09 1.429059787151450989e+00 -7.494246056457236627e-01 7.419761724873750186e-01 -7.542754780211862187e-01 4.859306319548156727e-01 -2.450144729073525651e-01 3.672980155811306768e-01
1.305033534006647110e+09 1.423487109574358644e+00 -7.582557712264179628e-01 7.422686579282993247e-01 -7.499511586512414008e-01 4.910154586461922266e-01 -2.481802986347755868e-01 3.672650519416237325e-01
1.305033534038451910e+09 1.415438617908660213e+00 -7.652405842952634263e-01 7.430193419177590908e-01 -7.449911216800856328e-01 4.965605105967238475e-01 -2.534517999791789378e-01 3.663032528125883536e-01
1.305033534070750952e+09 1.406408294148303373e+00 -7.714102945512042453e-01 7.466001570606536353e-01 -7.388628642033775451e-01 5.036568058642705292e-01 -2.580131831212396643e-01 3.658424348588166231e-01
1.305033534106542110e+09 1.395135934777180564e+00 -7.756375856231348953e-01 7.467012625000059023e-01 -7.330815456649379946e-01 5.094429059397737047e-01 -2.635605193686875181e-01 3.655068065347787387e-01
1.305033534138453960e+09 1.385702260705948596e+00 -7.857809514561329145e-01 7.477340092950901518e-01 -7.277144845580684196e-01 5.158631507193046639e-01 -2.672987649960927858e-01 3.645109174303295951e-01
1.305033534170552015e+09 1.373109077396917233e+00 -7.878689316402374132e-01 7.505965999129050603e-01 -7.218213472531509467e-01 5.242314866977240140e-01 -2.735260182602234913e-01 3.596370508429964641e-01
1.305033534206831932e+09 1.360434424449128432e+00 -7.918710152715084938e-01 7.527023014690289449e-01 -7.166566024418030700e-01 5.318338571112946056e-01 -2.776815533580272999e-01 3.555967062999424444e-01
1.305033534238661051e+09 1.349722687275086708e+00 -8.010866617544387669e-01 7.548264860545120802e-01 -7.128441093223759628e-01 5.385531020779436018e-01 -2.787857623722308498e-01 3.522674136861745353e-01
1.305033534269973993e+09 1.335174663830026809e+00 -8.077541413562145944e-01 7.567275444063784606e-01 -7.091174285707068092e-01 5.441051925503472830e-01 -2.818435309829537827e-01 3.488068749036905558e-01
1.305033534306394100e+09 1.326486225904491389e+00 -8.153175539556813955e-01 7.607522034611369222e-01 -7.056233187485593250e-01 5.506689877409720602e-01 -2.818994680400488950e-01 3.455316018793933575e-01
1.305033534338522911e+09 1.312436659506104331e+00 -8.203540716659186716e-01 7.628181463303717047e-01 -7.025699760816033201e-01 5.544769077502740284e-01 -2.845518778436181839e-01 3.434836477855388592e-01
1.305033534370488882e+09 1.300395207523974195e+00 -8.225126687548334203e-01 7.659983661804457000e-01 -7.007129237999879523e-01 5.577185769780249602e-01 -2.870470737948835893e-01 3.399343535729709709e-01
1.305033534406522036e+09 1.281559456854453050e+00 -8.242945636723324476e-01 7.639435710684824299e-01 -6.966870012603043616e-01 5.615932501193531268e-01 -2.915248208368279581e-01 3.380140862913285638e-01
1.305033534438478947e+09 1.267017745139968898e+00 -8.274305384602176350e-01 7.660045452774699726e-01 -6.936131849611426592e-01 5.669282952751377724e-01 -2.947272013177971717e-01 3.326092819929479250e-01
1.305033534470618963e+09 1.255177383402486857e+00 -8.307957794901404958e-01 7.667996569574080379e-01 -6.903631924475075454e-01 5.729810413664017110e-01 -2.960680857783410946e-01 3.277729051216838330e-01
1.305033534506416082e+09 1.243764580701377520e+00 -8.385646031100837394e-01 7.656215924066683831e-01 -6.864857521726142053e-01 5.793449047228137472e-01 -2.965463989154532021e-01 3.242792418980763314e-01
1.305033534538585901e+09 1.233936746196204748e+00 -8.446272162753933888e-01 7.681444239181385303e-01 -6.825106642435598836e-01 5.863101946501584338e-01 -2.960283888526025198e-01 3.206037146329413501e-01
1.305033534571041107e+09 1.224005333259160722e+00 -8.519560102598124907e-01 7.675819789916185076e-01 -6.788421278342254839e-01 5.912230234901086900e-01 -2.968122747228913449e-01 3.186395699635223289e-01
1.305033534607084036e+09 1.211808543084671452e+00 -8.583762104424760286e-01 7.693211165431687037e-01 -6.744838966924693313e-01 5.969433401047447019e-01 -2.989485977240775028e-01 3.152139871990787268e-01
1.305033534639611959e+09 1.200931160546365728e+00 -8.610840677131474941e-01 7.738434062482841824e-01 -6.684300525803006376e-01 6.046566897447683830e-01 -3.012179789421934872e-01 3.112222381456313247e-01
1.305033534671420097e+09 1.187594349276510641e+00 -8.645453597497507747e-01 7.774966839686614506e-01 -6.620673032656312351e-01 6.115932154650296493e-01 -3.029055698455346834e-01 3.096269376205376123e-01
1.305033534706998110e+09 1.172577338376868283e+00 -8.640967456373467304e-01 7.797504411966788007e-01 -6.548058800110815314e-01 6.191072447823242619e-01 -3.055415159010181347e-01 3.075383895091150510e-01
1.305033534737977028e+09 1.162735120514328369e+00 -8.660857071257842543e-01 7.860493599491096273e-01 -6.495353915949854118e-01 6.261453663170527539e-01 -3.067738060185247750e-01 3.032088178898187936e-01
1.305033534769898891e+09 1.148588159577653922e+00 -8.645469238078500318e-01 7.894099001413271699e-01 6.428987152248148984e-01 -6.325002112517653652e-01 3.109375972546992162e-01 -2.999042102775971164e-01
1.305033534806777000e+09 1.134987997857745956e+00 -8.629572042650786035e-01 7.870715935570475885e-01 6.360090375681078934e-01 -6.378467522609589935e-01 3.154393871242662795e-01 -2.985666053203257508e-01
1.305033534839366913e+09 1.120526781813695028e+00 -8.625195651668893237e-01 7.884894612104083045e-01 6.287119703790395864e-01 -6.444877758580218607e-01 3.183077430539204000e-01 -2.967102050547050784e-01
1.305033534871560097e+09 1.106243945173584153e+00 -8.635230134059083129e-01 7.861692038931670234e-01 6.217667247576753597e-01 -6.500934983739291573e-01 3.206595548736211887e-01 -2.965839395926728184e-01
1.305033534906881094e+09 1.091890178347619367e+00 -8.639756906326306884e-01 7.852268823847172730e-01 6.163043649850840078e-01 -6.547876629420196215e-01 3.230545785316668028e-01 -2.950555633249228871e-01
1.305033534939455032e+09 1.080864609720435299e+00 -8.608087636200484338e-01 7.912142547765433909e-01 6.133842100949118414e-01 -6.587629619251280655e-01 3.257067742570676772e-01 -2.893203553242129078e-01
1.305033534975302935e+09 1.066737400991380369e+00 -8.559769387346025660e-01 7.852927057291918533e-01 6.068297102322992576e-01 -6.639774611813854532e-01 3.299584961859318710e-01 -2.863896377616060862e-01
1.305033535007643938e+09 1.054780303732056446e+00 -8.456669165402878052e-01 7.931085230793771812e-01 5.996576945354330501e-01 -6.735709610721547502e-01 3.293790289837143503e-01 -2.796824360780068575e-01
1.305033535039541960e+09 1.033374060485966250e+00 -8.496135368403663346e-01 7.907764160658052877e-01 5.945730436384712991e-01 -6.791192939599511869e-01 3.280837545378355591e-01 -2.786412215702820938e-01
1.305033535075357914e+09 1.019008862878150623e+00 -8.435728208066911593e-01 7.893737906050509734e-01 5.899016603707953887e-01 -6.854549017896173213e-01 3.278176503096783545e-01 -2.733188556426472959e-01
1.305033535107726097e+09 1.002431588052999256e+00 -8.338890925644815155e-01 8.004135996160689492e-01 5.853607416497301763e-01 -6.934223324332462468e-01 3.265193906173738947e-01 -2.643924328890165376e-01
1.305033535137975931e+09 9.929950009549468604e-01 -8.200957156295923811e-01 8.043040432222007263e-01 5.846591837253335422e-01 -6.974956400336693729e-01 3.268567293798192441e-01 -2.546333628548629324e-01
1.305033535174375057e+09 9.668747783433436771e-01 -8.306394770554581530e-01 8.131660243602097937e-01 5.846850943823895808e-01 -7.001137316972640967e-01 3.208687957158997128e-01 -2.550045470806657777e-01
1.305033535206381083e+09 9.484446909059962572e-01 -8.379479038467547714e-01 8.088397864704668372e-01 5.838774573917799859e-01 -7.006757660647204844e-01 3.197301468709762839e-01 -2.567356982992263781e-01
1.305033535238647938e+09 9.294108974907215881e-01 -8.324553447717151222e-01 8.044909711740032554e-01 5.815254285081248309e-01 -7.020463131606139440e-01 3.210241426538077425e-01 -2.567151144935154172e-01
1.305033535274514914e+09 9.178671263980798800e-01 -8.270269674687831252e-01 8.017964238113868269e-01 5.794801539785040534e-01 -7.040363196601385765e-01 3.207669112174826864e-01 -2.562112417761016059e-01
1.305033535306554079e+09 9.054254702643513841e-01 -8.184352638116341172e-01 7.952003260345055224e-01 5.769972849428515183e-01 -7.060702299473594623e-01 3.218726128933730446e-01 -2.548273623845241365e-01
1.305033535338664055e+09 8.918802193821134816e-01 -8.212536091783453340e-01 7.940615910197239558e-01 5.765169813789282616e-01 -7.077068288519476891e-01 3.200208079418058738e-01 -2.537043497110808010e-01
1.305033535374612093e+09 8.825167202067970562e-01 -8.190170422792660831e-01 7.981940976779030583e-01 5.760319591469333922e-01 -7.099476198190002307e-01 3.192366951893846894e-01 -2.494984801541724750e-01
1.305033535406681061e+09 8.698813050692036919e-01 -8.169147758051091834e-01 8.046118201280632043e-01 5.736888896526547432e-01 -7.135481753065147092e-01 3.178343177925778695e-01 -2.463968462443748009e-01
1.305033535438750982e+09 8.595048064613282079e-01 -8.180510056794465523e-01 8.134280549158843243e-01 5.744371024075057841e-01 -7.145956198160160477e-01 3.159308009952921936e-01 -2.440550030216663280e-01
1.305033535474571943e+09 8.496534793152530352e-01 -8.198109218526039577e-01 8.147915372349083807e-01 5.732853462405284040e-01 -7.160682595948750784e-01 3.146917669159136066e-01 -2.440476412956790186e-01
1.305033535506535053e+09 8.496534793152530352e-01 -8.198109218526039577e-01 8.147915372349083807e-01 5.732853462405284040e-01 -7.160682595948750784e-01 3.146917669159136066e-01 -2.440476412956790186e-01
1.305033535538690090e+09 8.347986626167083202e-01 -8.246813135197935685e-01 8.144500113294109722e-01 5.733412375690870588e-01 -7.155570848727088595e-01 3.164124289602807116e-01 -2.431893467869711278e-01
1.305033535574683905e+09 8.347986626167083202e-01 -8.246813135197935685e-01 8.144500113294109722e-01 5.733412375690870588e-01 -7.155570848727088595e-01 3.164124289602807116e-01 -2.431893467869711278e-01
1.305033535606540918e+09 8.211302645976790160e-01 -8.215215613881950985e-01 8.196991940695178558e-01 5.705687899150579945e-01 -7.185933182070164404e-01 3.171705637901754415e-01 -2.397451406559015230e-01
1.305033535638674974e+09 8.211302645976790160e-01 -8.215215613881950985e-01 8.196991940695178558e-01 5.705687899150579945e-01 -7.185933182070164404e-01 3.171705637901754415e-01 -2.397451406559015230e-01
1.305033535674647093e+09 8.211302645976790160e-01 -8.215215613881950985e-01 8.196991940695178558e-01 5.705687899150579945e-01 -7.185933182070164404e-01 3.171705637901754415e-01 -2.397451406559015230e-01
1.305033535706589937e+09 8.088883669800607246e-01 -8.268206247160123645e-01 8.210221370054306966e-01 5.689197083139213573e-01 -7.208747876674701516e-01 3.143273509543159649e-01 -2.405581477302827509e-01
1.305033535739049911e+09 8.088883669800607246e-01 -8.268206247160123645e-01 8.210221370054306966e-01 5.689197083139213573e-01 -7.208747876674701516e-01 3.143273509543159649e-01 -2.405581477302827509e-01
1.305033535774483919e+09 7.975893449269819691e-01 -8.273646154541614006e-01 8.212176401656632319e-01 5.685135552169380269e-01 -7.212256377030140664e-01 3.134759138122399924e-01 -2.415755958578170437e-01
1.305033535806446075e+09 7.975893449269819691e-01 -8.273646154541614006e-01 8.212176401656632319e-01 5.685135552169380269e-01 -7.212256377030140664e-01 3.134759138122399924e-01 -2.415755958578170437e-01
1.305033535837735891e+09 7.853350752900241094e-01 -8.317627339442050793e-01 8.225017530963218970e-01 5.684484644660156016e-01 -7.224187872773317753e-01 3.119810668694379396e-01 -2.400942584694301107e-01
1.305033535874455929e+09 7.853350752900241094e-01 -8.317627339442050793e-01 8.225017530963218970e-01 5.684484644660156016e-01 -7.224187872773317753e-01 3.119810668694379396e-01 -2.400942584694301107e-01
1.305033535906797886e+09 7.853350752900241094e-01 -8.317627339442050793e-01 8.225017530963218970e-01 5.684484644660156016e-01 -7.224187872773317753e-01 3.119810668694379396e-01 -2.400942584694301107e-01
1.305033535939291954e+09 7.690423788369100677e-01 -8.348991179021083564e-01 8.223244869274974889e-01 5.644186427395653238e-01 -7.259369226369138950e-01 3.102330836449366802e-01 -2.412521790422372248e-01
1.305033535975404978e+09 7.690423788369100677e-01 -8.348991179021083564e-01 8.223244869274974889e-01 5.644186427395653238e-01 -7.259369226369138950e-01 3.102330836449366802e-01 -2.412521790422372248e-01
1.305033536008090973e+09 7.690423788369100677e-01 -8.348991179021083564e-01 8.223244869274974889e-01 5.644186427395653238e-01 -7.259369226369138950e-01 3.102330836449366802e-01 -2.412521790422372248e-01
1.305033536039419889e+09 7.575073715262329310e-01 -8.342746271073815389e-01 8.217387105500524314e-01 5.658333341239398795e-01 -7.260176132356938039e-01 3.093409710396334833e-01 -2.388288653031478415e-01
1.305033536075320005e+09 7.575073715262329310e-01 -8.342746271073815389e-01 8.217387105500524314e-01 5.658333341239398795e-01 -7.260176132356938039e-01 3.093409710396334833e-01 -2.388288653031478415e-01
1.305033536107441902e+09 7.463706016674882537e-01 -8.319932140597123826e-01 8.205037346198600368e-01 5.645774017082012541e-01 -7.276524096759603433e-01 3.095758810612779244e-01 -2.365102577866727840e-01
1.305033536137918949e+09 7.463706016674882537e-01 -8.319932140597123826e-01 8.205037346198600368e-01 5.645774017082012541e-01 -7.276524096759603433e-01 3.095758810612779244e-01 -2.365102577866727840e-01
1.305033536175220966e+09 7.463706016674882537e-01 -8.319932140597123826e-01 8.205037346198600368e-01 5.645774017082012541e-01 -7.276524096759603433e-01 3.095758810612779244e-01 -2.365102577866727840e-01
1.305033536203649998e+09 7.351019828737462847e-01 -8.368310054901322292e-01 8.187369219603770620e-01 5.621811819559492385e-01 -7.307372772290378071e-01 3.078079625279019349e-01 -2.350098051718821912e-01
1.305033536241699934e+09 7.351019828737462847e-01 -8.368310054901322292e-01 8.187369219603770620e-01 5.621811819559492385e-01 -7.307372772290378071e-01 3.078079625279019349e-01 -2.350098051718821912e-01
1.305033536275135994e+09 7.351019828737462847e-01 -8.368310054901322292e-01 8.187369219603770620e-01 5.621811819559492385e-01 -7.307372772290378071e-01 3.078079625279019349e-01 -2.350098051718821912e-01
1.305033536305855989e+09 7.351019828737462847e-01 -8.368310054901322292e-01 8.187369219603770620e-01 5.621811819559492385e-01 -7.307372772290378071e-01 3.078079625279019349e-01 -2.350098051718821912e-01
1.305033536343051910e+09 7.351019828737462847e-01 -8.368310054901322292e-01 8.187369219603770620e-01 5.621811819559492385e-01 -7.307372772290378071e-01 3.078079625279019349e-01 -2.350098051718821912e-01
1.305033536375071049e+09 7.351019828737462847e-01 -8.368310054901322292e-01 8.187369219603770620e-01 5.621811819559492385e-01 -7.307372772290378071e-01 3.078079625279019349e-01 -2.350098051718821912e-01
1.305033536404679060e+09 7.351019828737462847e-01 -8.368310054901322292e-01 8.187369219603770620e-01 5.621811819559492385e-01 -7.307372772290378071e-01 3.078079625279019349e-01 -2.350098051718821912e-01
1.305033536443576097e+09 7.351019828737462847e-01 -8.368310054901322292e-01 8.187369219603770620e-01 5.621811819559492385e-01 -7.307372772290378071e-01 3.078079625279019349e-01 -2.350098051718821912e-01
1.305033536474256039e+09 7.355643575849371008e-01 -8.489361389027565430e-01 8.158031613619494138e-01 5.548883531566104477e-01 -7.368473738995635625e-01 3.094731903780426063e-01 -2.310437351362236158e-01
1.305033536507268906e+09 7.355643575849371008e-01 -8.489361389027565430e-01 8.158031613619494138e-01 5.548883531566104477e-01 -7.368473738995635625e-01 3.094731903780426063e-01 -2.310437351362236158e-01
1.305033536542479038e+09 7.355643575849371008e-01 -8.489361389027565430e-01 8.158031613619494138e-01 5.548883531566104477e-01 -7.368473738995635625e-01 3.094731903780426063e-01 -2.310437351362236158e-01
1.305033536573337078e+09 7.440840202428511407e-01 -8.553483544188618115e-01 8.155166475171697904e-01 5.522031118223802437e-01 -7.382786030195340743e-01 3.096208962964571154e-01 -2.327043794039626023e-01
1.305033536604428053e+09 7.440840202428511407e-01 -8.553483544188618115e-01 8.155166475171697904e-01 5.522031118223802437e-01 -7.382786030195340743e-01 3.096208962964571154e-01 -2.327043794039626023e-01
1.305033536643163919e+09 7.440840202428511407e-01 -8.553483544188618115e-01 8.155166475171697904e-01 5.522031118223802437e-01 -7.382786030195340743e-01 3.096208962964571154e-01 -2.327043794039626023e-01
1.305033536675457954e+09 7.608934702652847548e-01 -8.580780539440935328e-01 8.170740562437128762e-01 5.469027460389792594e-01 -7.404412051990287846e-01 3.147624014160969597e-01 -2.314494300559091777e-01
1.305033536707439899e+09 7.653900200398386922e-01 -8.611921325382594361e-01 8.083795782166567356e-01 5.440750816093465891e-01 -7.403661115418787020e-01 3.185637812192528284e-01 -2.331468287312386811e-01
1.305033536743295908e+09 7.653900200398386922e-01 -8.611921325382594361e-01 8.083795782166567356e-01 5.440750816093465891e-01 -7.403661115418787020e-01 3.185637812192528284e-01 -2.331468287312386811e-01
1.305033536775275946e+09 7.781118224838486919e-01 -8.632844029988216983e-01 8.179332427768155611e-01 5.393930251179944735e-01 -7.440397216514622603e-01 3.197356980602775733e-01 -2.307144131708728785e-01
1.305033536808196068e+09 7.781118224838486919e-01 -8.632844029988216983e-01 8.179332427768155611e-01 5.393930251179944735e-01 -7.440397216514622603e-01 3.197356980602775733e-01 -2.307144131708728785e-01
1.305033536843462944e+09 7.894810191125150034e-01 -8.631512403841157255e-01 8.157669848048016981e-01 5.325185873070600318e-01 -7.464017882964905093e-01 3.264830727194757420e-01 -2.296021076295762520e-01
1.305033536871273994e+09 7.894810191125150034e-01 -8.631512403841157255e-01 8.157669848048016981e-01 5.325185873070600318e-01 -7.464017882964905093e-01 3.264830727194757420e-01 -2.296021076295762520e-01
1.305033536907651901e+09 7.894810191125150034e-01 -8.631512403841157255e-01 8.157669848048016981e-01 5.325185873070600318e-01 -7.464017882964905093e-01 3.264830727194757420e-01 -2.296021076295762520e-01
1.305033536943378925e+09 8.010636379945671459e-01 -8.648950848593791596e-01 8.150440969575767358e-01 5.251061525625996262e-01 -7.492331799406835025e-01 3.318040552145574695e-01 -2.298243667674301216e-01
1.305033536975402117e+09 8.010636379945671459e-01 -8.648950848593791596e-01 8.150440969575767358e-01 5.251061525625996262e-01 -7.492331799406835025e-01 3.318040552145574695e-01 -2.298243667674301216e-01
1.305033537007345915e+09 8.100312669584478487e-01 -8.694168467846535853e-01 8.199178934046036371e-01 5.192562637140233361e-01 -7.524660318597486963e-01 3.346568201536752607e-01 -2.284132575303519652e-01
1.305033537043379068e+09 8.100312669584478487e-01 -8.694168467846535853e-01 8.199178934046036371e-01 5.192562637140233361e-01 -7.524660318597486963e-01 3.346568201536752607e-01 -2.284132575303519652e-01
1.305033537075248957e+09 8.240613545425562458e-01 -8.697834583730965630e-01 8.187428698936149996e-01 5.132414653662947801e-01 -7.554435440314328787e-01 3.386284757254312550e-01 -2.263161625641390562e-01
1.305033537107490063e+09 8.240613545425562458e-01 -8.697834583730965630e-01 8.187428698936149996e-01 5.132414653662947801e-01 -7.554435440314328787e-01 3.386284757254312550e-01 -2.263161625641390562e-01
1.305033537143619061e+09 8.344389277659045590e-01 -8.734125583646423774e-01 8.211872206222432524e-01 5.084459341447472580e-01 -7.570106160889188418e-01 3.421004660217143445e-01 -2.266824438020654808e-01
1.305033537175494909e+09 8.344389277659045590e-01 -8.734125583646423774e-01 8.211872206222432524e-01 5.084459341447472580e-01 -7.570106160889188418e-01 3.421004660217143445e-01 -2.266824438020654808e-01
1.305033537207417965e+09 8.487452490520674964e-01 -8.697689902069094536e-01 8.185684955969034782e-01 5.043390997357504180e-01 -7.578891231242049775e-01 3.478939509905063510e-01 -2.240891527762369217e-01
1.305033537243686914e+09 8.487452490520674964e-01 -8.697689902069094536e-01 8.185684955969034782e-01 5.043390997357504180e-01 -7.578891231242049775e-01 3.478939509905063510e-01 -2.240891527762369217e-01
1.305033537275552034e+09 8.487452490520674964e-01 -8.697689902069094536e-01 8.185684955969034782e-01 5.043390997357504180e-01 -7.578891231242049775e-01 3.478939509905063510e-01 -2.240891527762369217e-01
1.305033537307573080e+09 8.623020546498438854e-01 -8.764838193953448098e-01 8.188810257421317296e-01 4.975628011179029642e-01 -7.627645745415395639e-01 3.478334935922496873e-01 -2.227853754257235197e-01
1.305033537343854904e+09 8.623020546498438854e-01 -8.764838193953448098e-01 8.188810257421317296e-01 4.975628011179029642e-01 -7.627645745415395639e-01 3.478334935922496873e-01 -2.227853754257235197e-01
1.305033537375637054e+09 8.788229301631667045e-01 -8.781895199046371170e-01 8.125603828217788926e-01 4.908856461843470465e-01 -7.663121832031238867e-01 3.504390305404970762e-01 -2.213355057790651059e-01
1.305033537407661915e+09 8.788229301631667045e-01 -8.781895199046371170e-01 8.125603828217788926e-01 4.908856461843470465e-01 -7.663121832031238867e-01 3.504390305404970762e-01 -2.213355057790651059e-01
1.305033537443628073e+09 8.962680923789658749e-01 -8.818489560349761502e-01 8.044737034146874910e-01 4.838135106523898110e-01 -7.701038553253074515e-01 3.518475151869933093e-01 -2.215126745358965976e-01
1.305033537475436926e+09 9.032291558116410934e-01 -8.853899416537127642e-01 8.108916826270388123e-01 4.820048353309529521e-01 -7.719015376943325624e-01 3.511973372936992299e-01 -2.202266675507797700e-01
1.305033537502234936e+09 9.090169041009859008e-01 -8.868380824811878949e-01 8.204332580734320368e-01 4.797775498816591044e-01 -7.743241685716292233e-01 3.490749690795017512e-01 -2.199596566590159563e-01
1.305033537543400049e+09 9.090169041009859008e-01 -8.868380824811878949e-01 8.204332580734320368e-01 4.797775498816591044e-01 -7.743241685716292233e-01 3.490749690795017512e-01 -2.199596566590159563e-01
1.305033537575726032e+09 9.252499878192872451e-01 -8.947039130821327069e-01 8.191316694955592670e-01 4.741713918783150850e-01 -7.768798600138090427e-01 3.507731003238636069e-01 -2.204028273827050299e-01
1.305033537602339983e+09 9.306260752616366538e-01 -9.047456693357600610e-01 8.291765795304513187e-01 4.732989761281276020e-01 -7.788032924548838887e-01 3.481195813415768336e-01 -2.196958532700695743e-01
1.305033537639756918e+09 9.306260752616366538e-01 -9.047456693357600610e-01 8.291765795304513187e-01 4.732989761281276020e-01 -7.788032924548838887e-01 3.481195813415768336e-01 -2.196958532700695743e-01
1.305033537674026966e+09 9.441486647851274894e-01 -9.186039813261225317e-01 8.310479916988620097e-01 4.667401216491821603e-01 -7.821176619381966511e-01 3.473889991793750465e-01 -2.230840760260299760e-01
1.305033537702286005e+09 9.441486647851274894e-01 -9.186039813261225317e-01 8.310479916988620097e-01 4.667401216491821603e-01 -7.821176619381966511e-01 3.473889991793750465e-01 -2.230840760260299760e-01
1.305033537743773937e+09 9.441486647851274894e-01 -9.186039813261225317e-01 8.310479916988620097e-01 4.667401216491821603e-01 -7.821176619381966511e-01 3.473889991793750465e-01 -2.230840760260299760e-01
1.305033537775789022e+09 9.598751637102588274e-01 -9.230955259157810344e-01 8.295638865483120350e-01 4.583473231931377012e-01 -7.860082383163367048e-01 3.528458273720139204e-01 -2.181939566685866805e-01
1.305033537802398920e+09 9.598751637102588274e-01 -9.230955259157810344e-01 8.295638865483120350e-01 4.583473231931377012e-01 -7.860082383163367048e-01 3.528458273720139204e-01 -2.181939566685866805e-01
1.305033537844739914e+09 9.758633767738376097e-01 -9.324328732001471165e-01 8.257317468698039953e-01 4.457888005043759705e-01 -7.938161293553424036e-01 3.536386707565408183e-01 -2.146345467666355700e-01
1.305033537875838995e+09 9.758633767738376097e-01 -9.324328732001471165e-01 8.257317468698039953e-01 4.457888005043759705e-01 -7.938161293553424036e-01 3.536386707565408183e-01 -2.146345467666355700e-01
1.305033537902446032e+09 9.904983050202605943e-01 -9.407730526105101410e-01 8.239701512283337248e-01 4.349075419885492511e-01 -8.012525056291891490e-01 3.540819287759956469e-01 -2.085086085961324054e-01
1.305033537944108009e+09 9.963741418125435789e-01 -9.488618694001746956e-01 8.256543951000900883e-01 4.309031156922414341e-01 -8.042860636679177722e-01 3.544056506681096397e-01 -2.045557807806924477e-01
1.305033537975959063e+09 1.001824256383477607e+00 -9.528361611357176741e-01 8.335721981410417758e-01 4.264876983880011574e-01 -8.088821526552852914e-01 3.527457169016536831e-01 -1.984650232333023401e-01
1.305033538002466917e+09 1.001824256383477607e+00 -9.528361611357176741e-01 8.335721981410417758e-01 4.264876983880011574e-01 -8.088821526552852914e-01 3.527457169016536831e-01 -1.984650232333023401e-01
1.305033538041599989e+09 1.012710485817942541e+00 -9.714069366062813016e-01 8.358999858175152342e-01 4.169124285184503398e-01 -8.159246603815187848e-01 3.524574801601402241e-01 -1.903278755393322808e-01
1.305033538074354887e+09 1.016805983447752748e+00 -9.855436876097964927e-01 8.328547322753599991e-01 4.133338345027540162e-01 -8.179361047113956618e-01 3.527111923247137071e-01 -1.890250900639322551e-01
1.305033538102510929e+09 1.026153182257316887e+00 -9.821405965569329766e-01 8.277808061464262401e-01 4.071378653454366114e-01 -8.194562152746904804e-01 3.581685089599803695e-01 -1.855952290308826580e-01
1.305033538144040108e+09 1.035904052277953236e+00 -9.953701234334986214e-01 8.279076024526335065e-01 4.043305535417963670e-01 -8.204462450759781866e-01 3.599972632517649540e-01 -1.838116777154056858e-01
1.305033538175946951e+09 1.040429517009236804e+00 -9.963308707789670926e-01 8.380146525008123071e-01 3.988359547334291433e-01 -8.229354700979876203e-01 3.623146419893026882e-01 -1.800977330968983048e-01
1.305033538202594995e+09 1.048738642810168376e+00 -1.001862102571168478e+00 8.450221779660962440e-01 3.933675921982105472e-01 -8.256133813235744245e-01 3.643749344366234988e-01 -1.756570213283341064e-01
1.305033538243994951e+09 1.048738642810168376e+00 -1.001862102571168478e+00 8.450221779660962440e-01 3.933675921982105472e-01 -8.256133813235744245e-01 3.643749344366234988e-01 -1.756570213283341064e-01
1.305033538275794029e+09 1.063371893092327269e+00 -1.016209786385332547e+00 8.490344662511541962e-01 3.807271198435590587e-01 -8.295436892359485670e-01 3.712755720641664481e-01 -1.704657662196907009e-01
1.305033538302690029e+09 1.073957982626394081e+00 -1.016941145006621916e+00 8.501603178820467122e-01 3.744655918659992588e-01 -8.311318638418393467e-01 3.764470253549278556e-01 -1.651756111436055163e-01
1.305033538344099998e+09 1.080718632545805802e+00 -1.027788248445637542e+00 8.570307640625608459e-01 3.695034022328819168e-01 -8.336311297510610174e-01 3.776272699285340706e-01 -1.610093793995144018e-01
1.305033538376149893e+09 1.080718632545805802e+00 -1.027788248445637542e+00 8.570307640625608459e-01 3.695034022328819168e-01 -8.336311297510610174e-01 3.776272699285340706e-01 -1.610093793995144018e-01
1.305033538402749062e+09 1.083866000666108942e+00 -1.035468422937538158e+00 8.662592130573432136e-01 3.659704829109543534e-01 -8.356195734656586271e-01 3.783182305315886396e-01 -1.571014020511628528e-01
1.305033538443205118e+09 1.083866000666108942e+00 -1.035468422937538158e+00 8.662592130573432136e-01 3.659704829109543534e-01 -8.356195734656586271e-01 3.783182305315886396e-01 -1.571014020511628528e-01
1.305033538471633911e+09 1.096876951824997004e+00 -1.049050920349721361e+00 8.715944930957114645e-01 3.566031180147150592e-01 -8.385825493383788354e-01 3.831521386226062198e-01 -1.510230539892899460e-01
1.305033538502753019e+09 1.096876951824997004e+00 -1.049050920349721361e+00 8.715944930957114645e-01 3.566031180147150592e-01 -8.385825493383788354e-01 3.831521386226062198e-01 -1.510230539892899460e-01
1.305033538543405056e+09 1.112265757510327857e+00 -1.053461357281612720e+00 8.708006501437716151e-01 3.417923993937461713e-01 -8.417411325397869959e-01 3.920702766707771514e-01 -1.446745300963604985e-01
1.305033538575516939e+09 1.112265757510327857e+00 -1.053461357281612720e+00 8.708006501437716151e-01 3.417923993937461713e-01 -8.417411325397869959e-01 3.920702766707771514e-01 -1.446745300963604985e-01
1.305033538602850914e+09 1.124396366409401438e+00 -1.061504387435728614e+00 8.706936545619251566e-01 3.272722450871521360e-01 -8.451536291398262790e-01 3.991410776653517289e-01 -1.389050786239932056e-01
1.305033538643531084e+09 1.134158532425155297e+00 -1.069380936078486499e+00 8.747222640316829612e-01 3.193814713354709012e-01 -8.479658476745266515e-01 4.009271291142331717e-01 -1.349327020608052097e-01
1.305033538670914888e+09 1.142736097210768964e+00 -1.073069698460311194e+00 8.829114209917540146e-01 3.120551540808776392e-01 -8.506935641799474590e-01 4.022713316222595870e-01 -1.308427163782204250e-01
1.305033538703005075e+09 1.142736097210768964e+00 -1.073069698460311194e+00 8.829114209917540146e-01 3.120551540808776392e-01 -8.506935641799474590e-01 4.022713316222595870e-01 -1.308427163782204250e-01
1.305033538743340015e+09 1.154106408869289169e+00 -1.085759954923952941e+00 8.852657458196970808e-01 2.943591049621139821e-01 -8.550947449576852266e-01 4.080401597443012451e-01 -1.251755667352844326e-01
1.305033538770881891e+09 1.154106408869289169e+00 -1.085759954923952941e+00 8.852657458196970808e-01 2.943591049621139821e-01 -8.550947449576852266e-01 4.080401597443012451e-01 -1.251755667352844326e-01
1.305033538802948952e+09 1.169022392693553902e+00 -1.093431147908421330e+00 8.870533252076118202e-01 2.755195348004073619e-01 -8.583951529291183880e-01 4.159732346212382526e-01 -1.192183519845282785e-01
1.305033538844388962e+09 1.169022392693553902e+00 -1.093431147908421330e+00 8.870533252076118202e-01 2.755195348004073619e-01 -8.583951529291183880e-01 4.159732346212382526e-01 -1.192183519845282785e-01
1.305033538870946884e+09 1.169022392693553902e+00 -1.093431147908421330e+00 8.870533252076118202e-01 2.755195348004073619e-01 -8.583951529291183880e-01 4.159732346212382526e-01 -1.192183519845282785e-01
1.305033538902976990e+09 1.178083218210690841e+00 -1.100895411524796197e+00 8.864508147159807505e-01 2.593178012129200849e-01 -8.594335980280699561e-01 4.258272734673714810e-01 -1.131339989833599485e-01
1.305033538944633961e+09 1.178083218210690841e+00 -1.100895411524796197e+00 8.864508147159807505e-01 2.593178012129200849e-01 -8.594335980280699561e-01 4.258272734673714810e-01 -1.131339989833599485e-01
1.305033538970999002e+09 1.188002461823438383e+00 -1.100822618930946240e+00 8.796544391700280574e-01 2.377114052333743066e-01 -8.609502422382722120e-01 4.369545777440930201e-01 -1.064362024891741670e-01
1.305033539003001928e+09 1.194601161032717629e+00 -1.107097163317980026e+00 8.846628084909597955e-01 2.284827379558950211e-01 -8.633693338663760430e-01 4.376380791695205219e-01 -1.042206479356190124e-01
1.305033539044576883e+09 1.194601161032717629e+00 -1.107097163317980026e+00 8.846628084909597955e-01 2.284827379558950211e-01 -8.633693338663760430e-01 4.376380791695205219e-01 -1.042206479356190124e-01
1.305033539071038008e+09 1.201194113272121111e+00 -1.121568512659254724e+00 8.899613658142484507e-01 2.133546486349700011e-01 -8.667789068168038069e-01 4.396282735085279003e-01 -9.950427998446043087e-02
1.305033539103072882e+09 1.201194113272121111e+00 -1.121568512659254724e+00 8.899613658142484507e-01 2.133546486349700011e-01 -8.667789068168038069e-01 4.396282735085279003e-01 -9.950427998446043087e-02
1.305033539144433022e+09 1.208190008261659010e+00 -1.132091125647538998e+00 8.854484141524511243e-01 2.023331879882624140e-01 -8.673113515460445511e-01 4.451276019614371915e-01 -9.324011202235082951e-02
1.305033539171128035e+09 1.208190008261659010e+00 -1.132091125647538998e+00 8.854484141524511243e-01 2.023331879882624140e-01 -8.673113515460445511e-01 4.451276019614371915e-01 -9.324011202235082951e-02
1.305033539202974081e+09 1.218872248729109931e+00 -1.138201494973372974e+00 8.796172156054571367e-01 1.902468729070115605e-01 -8.678554001662007744e-01 4.505419390953513958e-01 -8.743622171427219147e-02
1.305033539244401932e+09 1.218872248729109931e+00 -1.138201494973372974e+00 8.796172156054571367e-01 1.902468729070115605e-01 -8.678554001662007744e-01 4.505419390953513958e-01 -8.743622171427219147e-02
1.305033539271203041e+09 1.218872248729109931e+00 -1.138201494973372974e+00 8.796172156054571367e-01 1.902468729070115605e-01 -8.678554001662007744e-01 4.505419390953513958e-01 -8.743622171427219147e-02
1.305033539303420067e+09 1.219775672980482950e+00 -1.155378497907980195e+00 8.738542275254965741e-01 1.846786616679036985e-01 -8.684247824977764374e-01 4.525447257837441062e-01 -8.327941062205955480e-02
1.305033539344491005e+09 1.219775672980482950e+00 -1.155378497907980195e+00 8.738542275254965741e-01 1.846786616679036985e-01 -8.684247824977764374e-01 4.525447257837441062e-01 -8.327941062205955480e-02
1.305033539371428013e+09 1.225214243124494562e+00 -1.163689523568955053e+00 8.713206821086290077e-01 1.763468588315831309e-01 -8.699244004589481438e-01 4.544294113799439705e-01 -7.501488478462839393e-02
1.305033539403098106e+09 1.225214243124494562e+00 -1.163689523568955053e+00 8.713206821086290077e-01 1.763468588315831309e-01 -8.699244004589481438e-01 4.544294113799439705e-01 -7.501488478462839393e-02
1.305033539443552971e+09 1.222866707241949680e+00 -1.176108111528233469e+00 8.666763437071618448e-01 1.673695926745076556e-01 -8.722765796893988677e-01 4.537282914762367780e-01 -7.246809979148141623e-02
1.305033539471316099e+09 1.222866707241949680e+00 -1.176108111528233469e+00 8.666763437071618448e-01 1.673695926745076556e-01 -8.722765796893988677e-01 4.537282914762367780e-01 -7.246809979148141623e-02
1.305033539503331900e+09 1.226295666527012385e+00 -1.188654013672779897e+00 8.638930882508659703e-01 1.610311023175481915e-01 -8.745401130297137948e-01 4.527622042309272232e-01 -6.523006368479912498e-02
1.305033539542411089e+09 1.226295666527012385e+00 -1.188654013672779897e+00 8.638930882508659703e-01 1.610311023175481915e-01 -8.745401130297137948e-01 4.527622042309272232e-01 -6.523006368479912498e-02
1.305033539571542025e+09 1.220934466447180844e+00 -1.199398023776430788e+00 8.604531265429334885e-01 1.570008997199056622e-01 -8.760606326956720258e-01 4.520622574361277124e-01 -5.923006609612489065e-02
1.305033539603503942e+09 1.220934466447180844e+00 -1.199398023776430788e+00 8.604531265429334885e-01 1.570008997199056622e-01 -8.760606326956720258e-01 4.520622574361277124e-01 -5.923006609612489065e-02
1.305033539642471075e+09 1.220934466447180844e+00 -1.199398023776430788e+00 8.604531265429334885e-01 1.570008997199056622e-01 -8.760606326956720258e-01 4.520622574361277124e-01 -5.923006609612489065e-02
1.305033539671545029e+09 1.217069551104600578e+00 -1.212779404671905148e+00 8.559806265196961972e-01 1.540925132622411320e-01 -8.781728982371930226e-01 4.497050327845936724e-01 -5.322820348670542767e-02
1.305033539703341961e+09 1.217069551104600578e+00 -1.212779404671905148e+00 8.559806265196961972e-01 1.540925132622411320e-01 -8.781728982371930226e-01 4.497050327845936724e-01 -5.322820348670542767e-02
1.305033539743168116e+09 1.216186467808296978e+00 -1.225189816733427195e+00 8.549571995906207755e-01 1.515342558206106416e-01 -8.798891963342905242e-01 4.478098219758737120e-01 -4.794512309949880424e-02
1.305033539771214962e+09 1.216186467808296978e+00 -1.225189816733427195e+00 8.549571995906207755e-01 1.515342558206106416e-01 -8.798891963342905242e-01 4.478098219758737120e-01 -4.794512309949880424e-02
1.305033539803392887e+09 1.216186467808296978e+00 -1.225189816733427195e+00 8.549571995906207755e-01 1.515342558206106416e-01 -8.798891963342905242e-01 4.478098219758737120e-01 -4.794512309949880424e-02
1.305033539844495058e+09 1.210327328027886562e+00 -1.240001425077318142e+00 8.506052733651530140e-01 1.492403484170299055e-01 -8.800042740135435304e-01 4.490613777970237086e-01 -4.078817344891227242e-02
1.305033539871406078e+09 1.207907099210018709e+00 -1.249546295620574954e+00 8.555976409870708066e-01 1.458716988566449713e-01 -8.819308610735715481e-01 4.464845379353069577e-01 -3.963535219220810230e-02
1.305033539903595924e+09 1.207907099210018709e+00 -1.249546295620574954e+00 8.555976409870708066e-01 1.458716988566449713e-01 -8.819308610735715481e-01 4.464845379353069577e-01 -3.963535219220810230e-02
1.305033539939496994e+09 1.207907099210018709e+00 -1.249546295620574954e+00 8.555976409870708066e-01 1.458716988566449713e-01 -8.819308610735715481e-01 4.464845379353069577e-01 -3.963535219220810230e-02
1.305033539971508026e+09 1.207907099210018709e+00 -1.249546295620574954e+00 8.555976409870708066e-01 1.458716988566449713e-01 -8.819308610735715481e-01 4.464845379353069577e-01 -3.963535219220810230e-02
1.305033540003525019e+09 1.207907099210018709e+00 -1.249546295620574954e+00 8.555976409870708066e-01 1.458716988566449713e-01 -8.819308610735715481e-01 4.464845379353069577e-01 -3.963535219220810230e-02
1.305033540039518118e+09 1.207907099210018709e+00 -1.249546295620574954e+00 8.555976409870708066e-01 1.458716988566449713e-01 -8.819308610735715481e-01 4.464845379353069577e-01 -3.963535219220810230e-02
1.305033540071556091e+09 1.198141438865472530e+00 -1.257940318694504622e+00 8.566067049550846191e-01 1.329420740035766879e-01 -8.833877435563141090e-01 4.479768544075912184e-01 -3.562635834871291651e-02
1.305033540103574991e+09 1.198141438865472530e+00 -1.257940318694504622e+00 8.566067049550846191e-01 1.329420740035766879e-01 -8.833877435563141090e-01 4.479768544075912184e-01 -3.562635834871291651e-02
1.305033540139564991e+09 1.198141438865472530e+00 -1.257940318694504622e+00 8.566067049550846191e-01 1.329420740035766879e-01 -8.833877435563141090e-01 4.479768544075912184e-01 -3.562635834871291651e-02
1.305033540171613932e+09 1.198141438865472530e+00 -1.257940318694504622e+00 8.566067049550846191e-01 1.329420740035766879e-01 -8.833877435563141090e-01 4.479768544075912184e-01 -3.562635834871291651e-02
1.305033540203599930e+09 1.198141438865472530e+00 -1.257940318694504622e+00 8.566067049550846191e-01 1.329420740035766879e-01 -8.833877435563141090e-01 4.479768544075912184e-01 -3.562635834871291651e-02
1.305033540239618063e+09 1.198141438865472530e+00 -1.257940318694504622e+00 8.566067049550846191e-01 1.329420740035766879e-01 -8.833877435563141090e-01 4.479768544075912184e-01 -3.562635834871291651e-02
1.305033540271677017e+09 1.198141438865472530e+00 -1.257940318694504622e+00 8.566067049550846191e-01 1.329420740035766879e-01 -8.833877435563141090e-01 4.479768544075912184e-01 -3.562635834871291651e-02
1.305033540303649902e+09 1.184595780075689220e+00 -1.250995254349771324e+00 8.557013844165840544e-01 1.191762444274275801e-01 -8.861593029799194055e-01 4.465429661948052686e-01 -3.343788043914306535e-02
1.305033540339663982e+09 1.184595780075689220e+00 -1.250995254349771324e+00 8.557013844165840544e-01 1.191762444274275801e-01 -8.861593029799194055e-01 4.465429661948052686e-01 -3.343788043914306535e-02
1.305033540371701956e+09 1.180915738786384450e+00 -1.240243805863670445e+00 8.642739127365088869e-01 1.158543866814076978e-01 -8.879589612718855607e-01 4.441191537763237163e-01 -2.940784644667159692e-02
1.305033540403697968e+09 1.180915738786384450e+00 -1.240243805863670445e+00 8.642739127365088869e-01 1.158543866814076978e-01 -8.879589612718855607e-01 4.441191537763237163e-01 -2.940784644667159692e-02
1.305033540439718008e+09 1.174636842538153036e+00 -1.230887501756728009e+00 8.605773066279965855e-01 1.121102531065292507e-01 -8.878186182487943778e-01 4.454463093902712445e-01 -2.805312263863173755e-02
1.305033540471744061e+09 1.174636842538153036e+00 -1.230887501756728009e+00 8.605773066279965855e-01 1.121102531065292507e-01 -8.878186182487943778e-01 4.454463093902712445e-01 -2.805312263863173755e-02
1.305033540503736019e+09 1.174636842538153036e+00 -1.230887501756728009e+00 8.605773066279965855e-01 1.121102531065292507e-01 -8.878186182487943778e-01 4.454463093902712445e-01 -2.805312263863173755e-02
1.305033540539756060e+09 1.174636842538153036e+00 -1.230887501756728009e+00 8.605773066279965855e-01 1.121102531065292507e-01 -8.878186182487943778e-01 4.454463093902712445e-01 -2.805312263863173755e-02
1.305033540571669102e+09 1.166051592765697142e+00 -1.213539510050541281e+00 8.554450130556530141e-01 1.069608008767132801e-01 -8.866628655766420897e-01 4.491835463798081740e-01 -2.494978045771738956e-02
1.305033540603777885e+09 1.166051592765697142e+00 -1.213539510050541281e+00 8.554450130556530141e-01 1.069608008767132801e-01 -8.866628655766420897e-01 4.491835463798081740e-01 -2.494978045771738956e-02
1.305033540639801979e+09 1.161073100236163835e+00 -1.202349765105178880e+00 8.537442081593221710e-01 1.055741520418695956e-01 -8.873497467286397544e-01 4.483327235888091566e-01 -2.150103161943030250e-02
1.305033540671865940e+09 1.161073100236163835e+00 -1.202349765105178880e+00 8.537442081593221710e-01 1.055741520418695956e-01 -8.873497467286397544e-01 4.483327235888091566e-01 -2.150103161943030250e-02
1.305033540703705072e+09 1.155553771837612542e+00 -1.192879036151771377e+00 8.471472650436681073e-01 1.020250489544635986e-01 -8.890073605695986148e-01 4.460687997281952977e-01 -1.671610444936461048e-02
1.305033540739866018e+09 1.155553771837612542e+00 -1.192879036151771377e+00 8.471472650436681073e-01 1.020250489544635986e-01 -8.890073605695986148e-01 4.460687997281952977e-01 -1.671610444936461048e-02
1.305033540771871090e+09 1.147716180423371757e+00 -1.183521126474523566e+00 8.462894579607352918e-01 9.834868844415702027e-02 -8.912068018309907691e-01 4.425519525300579682e-01 -1.502468513229190256e-02
1.305033540803745031e+09 1.147716180423371757e+00 -1.183521126474523566e+00 8.462894579607352918e-01 9.834868844415702027e-02 -8.912068018309907691e-01 4.425519525300579682e-01 -1.502468513229190256e-02
1.305033540839890957e+09 1.147716180423371757e+00 -1.183521126474523566e+00 8.462894579607352918e-01 9.834868844415702027e-02 -8.912068018309907691e-01 4.425519525300579682e-01 -1.502468513229190256e-02
1.305033540871947050e+09 1.140162511029950476e+00 -1.178076372600117772e+00 8.505945778716774708e-01 9.499597325275474513e-02 -8.930671506976974872e-01 4.395232452836323467e-01 -1.503816031972719791e-02
1.305033540903964996e+09 1.140162511029950476e+00 -1.178076372600117772e+00 8.505945778716774708e-01 9.499597325275474513e-02 -8.930671506976974872e-01 4.395232452836323467e-01 -1.503816031972719791e-02
1.305033540940141916e+09 1.140162511029950476e+00 -1.178076372600117772e+00 8.505945778716774708e-01 9.499597325275474513e-02 -8.930671506976974872e-01 4.395232452836323467e-01 -1.503816031972719791e-02
1.305033540972017050e+09 1.135236220786568939e+00 -1.171593298585218879e+00 8.581594701011021620e-01 9.071073750544628167e-02 -8.935983626311990724e-01 4.394047024512841570e-01 -1.330548262020118250e-02
1.305033541003911018e+09 1.135236220786568939e+00 -1.171593298585218879e+00 8.581594701011021620e-01 9.071073750544628167e-02 -8.935983626311990724e-01 4.394047024512841570e-01 -1.330548262020118250e-02
1.305033541040004015e+09 1.126819827034152288e+00 -1.164331541597516395e+00 8.592961025964278576e-01 8.539266778547489889e-02 -8.925886305278921684e-01 4.424659650197041993e-01 -1.474783848580844825e-02
1.305033541071959019e+09 1.126819827034152288e+00 -1.164331541597516395e+00 8.592961025964278576e-01 8.539266778547489889e-02 -8.925886305278921684e-01 4.424659650197041993e-01 -1.474783848580844825e-02
1.305033541103979111e+09 1.126819827034152288e+00 -1.164331541597516395e+00 8.592961025964278576e-01 8.539266778547489889e-02 -8.925886305278921684e-01 4.424659650197041993e-01 -1.474783848580844825e-02
1.305033541140007019e+09 1.126819827034152288e+00 -1.164331541597516395e+00 8.592961025964278576e-01 8.539266778547489889e-02 -8.925886305278921684e-01 4.424659650197041993e-01 -1.474783848580844825e-02
1.305033541171937943e+09 1.126819827034152288e+00 -1.164331541597516395e+00 8.592961025964278576e-01 8.539266778547489889e-02 -8.925886305278921684e-01 4.424659650197041993e-01 -1.474783848580844825e-02
1.305033541203984976e+09 1.117625613435483833e+00 -1.151446048422539947e+00 8.654716033051552682e-01 7.885901296247729841e-02 -8.916630671728641433e-01 4.456040018131534608e-01 -1.246211388839246759e-02
1.305033541239962101e+09 1.117625613435483833e+00 -1.151446048422539947e+00 8.654716033051552682e-01 7.885901296247729841e-02 -8.916630671728641433e-01 4.456040018131534608e-01 -1.246211388839246759e-02
1.305033541271980047e+09 1.112114050334225945e+00 -1.142893516628954220e+00 8.651587887403109356e-01 7.580774404051429660e-02 -8.907683884065703550e-01 4.479982506468438985e-01 -9.079183686717767071e-03
1.305033541303932905e+09 1.112114050334225945e+00 -1.142893516628954220e+00 8.651587887403109356e-01 7.580774404051429660e-02 -8.907683884065703550e-01 4.479982506468438985e-01 -9.079183686717767071e-03
1.305033541339958906e+09 1.103691330141103100e+00 -1.128189075930798646e+00 8.635981970197141866e-01 7.139271446212172578e-02 -8.899382210308836028e-01 4.504175967351352061e-01 -6.085361243286954019e-03
1.305033541371973038e+09 1.105819390796284107e+00 -1.118712301389952035e+00 8.661771072364734536e-01 6.914937931061961029e-02 -8.897714893600474628e-01 4.511361699102967027e-01 -1.102842521272927312e-03
1.305033541404068947e+09 1.105819390796284107e+00 -1.118712301389952035e+00 8.661771072364734536e-01 6.914937931061961029e-02 -8.897714893600474628e-01 4.511361699102967027e-01 -1.102842521272927312e-03
1.305033541439965963e+09 1.090015416930600001e+00 -1.105562349845726322e+00 8.611885608707545714e-01 6.574450086967982554e-02 -8.892531283880155124e-01 4.526656151918066473e-01 6.124381988589049086e-04
1.305033541472054958e+09 1.090015416930600001e+00 -1.105562349845726322e+00 8.611885608707545714e-01 6.574450086967982554e-02 -8.892531283880155124e-01 4.526656151918066473e-01 6.124381988589049086e-04
1.305033541504009008e+09 1.090015416930600001e+00 -1.105562349845726322e+00 8.611885608707545714e-01 6.574450086967982554e-02 -8.892531283880155124e-01 4.526656151918066473e-01 6.124381988589049086e-04
1.305033541539971113e+09 1.090593380359545117e+00 -1.086494824703536866e+00 8.659351752521378121e-01 6.014601198550602323e-02 -8.898716961857635610e-01 4.521750910373242283e-01 6.964812639178377673e-03
1.305033541572082043e+09 1.090593380359545117e+00 -1.086494824703536866e+00 8.659351752521378121e-01 6.014601198550602323e-02 -8.898716961857635610e-01 4.521750910373242283e-01 6.964812639178377673e-03
1.305033541604042053e+09 1.090593380359545117e+00 -1.086494824703536866e+00 8.659351752521378121e-01 6.014601198550602323e-02 -8.898716961857635610e-01 4.521750910373242283e-01 6.964812639178377673e-03
1.305033541639980078e+09 1.071703591193476912e+00 -1.080525957332495901e+00 8.763061440355159881e-01 5.066791772229139318e-02 -8.931586540739486768e-01 4.468227898944805432e-01 7.055153960927264614e-03
1.305033541672022104e+09 1.075902361434977861e+00 -1.069941861905613356e+00 8.765459236855313030e-01 4.468749579852223514e-02 -8.931105001644900065e-01 4.474714031521053181e-01 1.122522054470982862e-02
1.305033541704000950e+09 1.075902361434977861e+00 -1.069941861905613356e+00 8.765459236855313030e-01 4.468749579852223514e-02 -8.931105001644900065e-01 4.474714031521053181e-01 1.122522054470982862e-02
1.305033541739991903e+09 1.071847274788130910e+00 -1.062505572424194744e+00 8.920193614492759604e-01 3.629451360230581680e-02 -8.961696419299139960e-01 4.420530056616093217e-01 1.232158070698364909e-02
1.305033541772023916e+09 1.071847274788130910e+00 -1.062505572424194744e+00 8.920193614492759604e-01 3.629451360230581680e-02 -8.961696419299139960e-01 4.420530056616093217e-01 1.232158070698364909e-02
1.305033541803997040e+09 1.063346574121914800e+00 -1.057744418277012155e+00 9.031218549638337922e-01 3.143300356348364966e-02 -8.979748575763709662e-01 4.386273076565358475e-01 1.609988899505414642e-02
1.305033541839993000e+09 1.063346574121914800e+00 -1.057744418277012155e+00 9.031218549638337922e-01 3.143300356348364966e-02 -8.979748575763709662e-01 4.386273076565358475e-01 1.609988899505414642e-02
1.305033541872000933e+09 1.063346574121914800e+00 -1.057744418277012155e+00 9.031218549638337922e-01 3.143300356348364966e-02 -8.979748575763709662e-01 4.386273076565358475e-01 1.609988899505414642e-02
1.305033541903964996e+09 1.063346574121914800e+00 -1.057744418277012155e+00 9.031218549638337922e-01 3.143300356348364966e-02 -8.979748575763709662e-01 4.386273076565358475e-01 1.609988899505414642e-02
1.305033541939960957e+09 1.045304231684037299e+00 -1.035279792019067946e+00 9.087885041512340223e-01 2.589516466058414818e-02 -8.987875384097515630e-01 4.369972709620057461e-01 2.331922850995904808e-02
1.305033541971944094e+09 1.043922559158361629e+00 -1.027146222805241038e+00 9.164157989197789789e-01 2.046286280462077112e-02 -9.002322175604816623e-01 4.340866229828844181e-01 2.705604293484672324e-02
1.305033542003968000e+09 1.029966750157110589e+00 -1.017147422860287698e+00 8.843814809079764139e-01 2.165699771824672673e-02 -8.948898539340424119e-01 4.447538096790860096e-01 2.995283879166134311e-02
1.305033542039922953e+09 1.036904889187703738e+00 -1.003948586064204340e+00 8.897471827958077784e-01 1.955791880212719505e-02 -8.952982259460952053e-01 4.433146457297621468e-01 3.912415253266932069e-02
1.305033542071937084e+09 1.027654967922571494e+00 -9.999995716236220744e-01 8.965279261884548934e-01 1.397392771191412197e-02 -8.976684280905876667e-01 4.387240777747807297e-01 3.895261396034766649e-02
1.305033542103992939e+09 1.027654967922571494e+00 -9.999995716236220744e-01 8.965279261884548934e-01 1.397392771191412197e-02 -8.976684280905876667e-01 4.387240777747807297e-01 3.895261396034766649e-02
1.305033542139985085e+09 1.016167810156398454e+00 -9.841055074075590881e-01 9.005557048002439391e-01 7.482167081292642394e-03 -8.985564048649509195e-01 4.367737098928053396e-01 4.206103658277692697e-02
1.305033542172013044e+09 1.016167810156398454e+00 -9.841055074075590881e-01 9.005557048002439391e-01 7.482167081292642394e-03 -8.985564048649509195e-01 4.367737098928053396e-01 4.206103658277692697e-02
1.305033542204179049e+09 9.990262857971161647e-01 -9.756013996149403011e-01 8.906956668762890938e-01 4.119575526633643264e-03 -8.978261619335049515e-01 4.380749245922619939e-01 4.451485694367678797e-02
1.305033542240318060e+09 9.738537149109161017e-01 -9.819872132377392981e-01 8.845578133299613066e-01 5.856865107150407632e-03 -8.980430853434980820e-01 4.380599270852990057e-01 3.984738736567224049e-02
1.305033542271975994e+09 9.738537149109161017e-01 -9.819872132377392981e-01 8.845578133299613066e-01 5.856865107150407632e-03 -8.980430853434980820e-01 4.380599270852990057e-01 3.984738736567224049e-02
1.305033542304127932e+09 9.738537149109161017e-01 -9.819872132377392981e-01 8.845578133299613066e-01 5.856865107150407632e-03 -8.980430853434980820e-01 4.380599270852990057e-01 3.984738736567224049e-02
1.305033542340007067e+09 9.654847575371172663e-01 -9.748402103989776135e-01 8.906209006786186544e-01 1.940642954129111891e-03 -8.987642987178211529e-01 4.367081583131174338e-01 3.879373297264625958e-02
1.305033542372071028e+09 9.654847575371172663e-01 -9.748402103989776135e-01 8.906209006786186544e-01 1.940642954129111891e-03 -8.987642987178211529e-01 4.367081583131174338e-01 3.879373297264625958e-02
1.305033542407881021e+09 9.542928493009621427e-01 -9.665272155691184697e-01 8.926861081751386040e-01 -5.109076042138175483e-03 -8.985010787212803773e-01 4.372558965583724366e-01 3.843162504533172846e-02
1.305033542439965963e+09 9.542928493009621427e-01 -9.665272155691184697e-01 8.926861081751386040e-01 -5.109076042138175483e-03 -8.985010787212803773e-01 4.372558965583724366e-01 3.843162504533172846e-02
1.305033542471999884e+09 9.443205476946179289e-01 -9.543250040268062007e-01 8.898155058111826277e-01 -1.065450013621027647e-02 -8.969955232963868763e-01 4.400865385793407136e-01 4.011672187932350392e-02
1.305033542507853985e+09 9.399714700855535954e-01 -9.454484067540674941e-01 8.825228583242319402e-01 -1.144048566243410434e-02 -8.947343682988659896e-01 4.442979210571302850e-01 4.380505469633306365e-02
1.305033542540011883e+09 9.399714700855535954e-01 -9.454484067540674941e-01 8.825228583242319402e-01 -1.144048566243410434e-02 -8.947343682988659896e-01 4.442979210571302850e-01 4.380505469633306365e-02
1.305033542571969032e+09 9.327699959521775774e-01 -9.320933920808240902e-01 8.810912463429180219e-01 -1.647426852290065011e-02 -8.928991190911611531e-01 4.472296797700043292e-01 4.945073443016938936e-02
1.305033542608015060e+09 9.306960339086218781e-01 -9.209571785795397370e-01 8.809486213076727079e-01 -2.120657700669757728e-02 -8.916641007654725337e-01 4.491196072277044982e-01 5.269716217589772572e-02
1.305033542639940977e+09 9.306960339086218781e-01 -9.209571785795397370e-01 8.809486213076727079e-01 -2.120657700669757728e-02 -8.916641007654725337e-01 4.491196072277044982e-01 5.269716217589772572e-02
1.305033542672238111e+09 9.195926532379029572e-01 -9.078625769156363212e-01 8.705542947504520956e-01 -2.836316073212191008e-02 -8.877804707434611142e-01 4.559734504017116108e-01 5.594264391821585775e-02
1.305033542707959890e+09 9.124695393397658227e-01 -8.998187531035006792e-01 8.712877179855034182e-01 3.033952910254554547e-02 8.878491229849860833e-01 -4.556001723480914700e-01 -5.685007251548881979e-02
1.305033542740019083e+09 9.082609797300639221e-01 -8.899956501137988862e-01 8.738100253480611812e-01 3.359905605549248775e-02 8.878679042677524169e-01 -4.549893741445487083e-01 -5.955130073240480493e-02
1.305033542771950006e+09 9.103505796198054778e-01 -8.803924910947382720e-01 8.804022306215946170e-01 3.753960057802307321e-02 8.886559718155208065e-01 -4.526765175613142733e-01 -6.297072806960460345e-02
1.305033542808027983e+09 9.103505796198054778e-01 -8.803924910947382720e-01 8.804022306215946170e-01 3.753960057802307321e-02 8.886559718155208065e-01 -4.526765175613142733e-01 -6.297072806960460345e-02
1.305033542839939117e+09 9.087066910470469328e-01 -8.677691445090249811e-01 8.794561945189804941e-01 4.091872010924312020e-02 8.883980015287676890e-01 -4.520821472185022616e-01 -6.853014950094372948e-02
1.305033542871963978e+09 9.087066910470469328e-01 -8.677691445090249811e-01 8.794561945189804941e-01 4.091872010924312020e-02 8.883980015287676890e-01 -4.520821472185022616e-01 -6.853014950094372948e-02
1.305033542908103943e+09 9.049149454829206185e-01 -8.587493893998726646e-01 8.760909841549893162e-01 4.396537461352491294e-02 8.874561129843138163e-01 -4.537340666323357863e-01 -6.792709429342710936e-02
1.305033542939843893e+09 9.015406570080013449e-01 -8.447380787211344888e-01 8.864050681692999811e-01 4.780216254096508743e-02 8.885353324205994552e-01 -4.512618749049830402e-01 -6.769517378559200549e-02
1.305033542971973896e+09 9.015406570080013449e-01 -8.447380787211344888e-01 8.864050681692999811e-01 4.780216254096508743e-02 8.885353324205994552e-01 -4.512618749049830402e-01 -6.769517378559200549e-02
1.305033543007967949e+09 9.010016742051319971e-01 -8.291460430822574779e-01 8.847373966525311495e-01 5.146499435356195057e-02 8.880404794807337243e-01 -4.506893625797388503e-01 -7.493036512179045150e-02
1.305033543039967060e+09 9.010016742051319971e-01 -8.291460430822574779e-01 8.847373966525311495e-01 5.146499435356195057e-02 8.880404794807337243e-01 -4.506893625797388503e-01 -7.493036512179045150e-02
1.305033543072134972e+09 8.916965933323688365e-01 -8.185577934643922804e-01 8.871150016808485583e-01 5.610842619170047785e-02 8.888946140697615572e-01 -4.483215132225834010e-01 -7.567053832154835291e-02
1.305033543107924938e+09 8.916965933323688365e-01 -8.185577934643922804e-01 8.871150016808485583e-01 5.610842619170047785e-02 8.888946140697615572e-01 -4.483215132225834010e-01 -7.567053832154835291e-02
1.305033543139950991e+09 8.911767343254963780e-01 -8.063152206269066369e-01 8.870930534258780753e-01 6.191085152279147269e-02 8.876999297054485316e-01 -4.492206175362981613e-01 -7.972902887262237059e-02
1.305033543172106028e+09 8.831621862717097260e-01 -8.003398100682741489e-01 8.790111367510817786e-01 6.409590720756166982e-02 8.860931506741187569e-01 -4.520592187607691548e-01 -7.983173392239636956e-02
1.305033543207931042e+09 8.831621862717097260e-01 -8.003398100682741489e-01 8.790111367510817786e-01 6.409590720756166982e-02 8.860931506741187569e-01 -4.520592187607691548e-01 -7.983173392239636956e-02
1.305033543240032911e+09 8.777432233949624685e-01 -7.897243904488564503e-01 8.797202965327750590e-01 7.232260449765617882e-02 8.852355876885462660e-01 -4.515560631380965417e-01 -8.499715884435835034e-02
1.305033543272003889e+09 8.777432233949624685e-01 -7.897243904488564503e-01 8.797202965327750590e-01 7.232260449765617882e-02 8.852355876885462660e-01 -4.515560631380965417e-01 -8.499715884435835034e-02
1.305033543308000088e+09 8.707701919912890220e-01 -7.813028971925761734e-01 8.818284761669445970e-01 8.270066528604808065e-02 8.845868168598602921e-01 -4.506040575978957907e-01 -8.730834252977842658e-02
1.305033543339972019e+09 8.707701919912890220e-01 -7.813028971925761734e-01 8.818284761669445970e-01 8.270066528604808065e-02 8.845868168598602921e-01 -4.506040575978957907e-01 -8.730834252977842658e-02
1.305033543371989965e+09 8.707701919912890220e-01 -7.813028971925761734e-01 8.818284761669445970e-01 8.270066528604808065e-02 8.845868168598602921e-01 -4.506040575978957907e-01 -8.730834252977842658e-02
1.305033543407963991e+09 8.544537582153205468e-01 -7.711685467055359178e-01 8.888094823717321846e-01 9.192387758931583330e-02 8.853124566490702119e-01 -4.476288721551178740e-01 -8.602469206030172177e-02
1.305033543440047979e+09 8.544537582153205468e-01 -7.711685467055359178e-01 8.888094823717321846e-01 9.192387758931583330e-02 8.853124566490702119e-01 -4.476288721551178740e-01 -8.602469206030172177e-02
1.305033543471987963e+09 8.492688770985201696e-01 -7.605588067203137292e-01 8.930303526585674501e-01 1.058224156365600438e-01 8.842273236768796174e-01 -4.457133792582831933e-01 -9.101230665260341690e-02
1.305033543507966042e+09 8.492688770985201696e-01 -7.605588067203137292e-01 8.930303526585674501e-01 1.058224156365600438e-01 8.842273236768796174e-01 -4.457133792582831933e-01 -9.101230665260341690e-02
1.305033543539942980e+09 8.461920991007416681e-01 -7.496187964183151919e-01 8.950264179720297530e-01 1.206610739572906155e-01 8.820264496202663285e-01 -4.454176369702999017e-01 -9.525427065247635272e-02
1.305033543572019100e+09 8.461920991007416681e-01 -7.496187964183151919e-01 8.950264179720297530e-01 1.206610739572906155e-01 8.820264496202663285e-01 -4.454176369702999017e-01 -9.525427065247635272e-02
1.305033543608011961e+09 8.468522446049537855e-01 -7.383190597068189920e-01 8.944126895787225529e-01 1.322857210729664057e-01 8.790123087105206068e-01 -4.464904967238425559e-01 -1.023918232619290547e-01
1.305033543640626907e+09 8.468522446049537855e-01 -7.383190597068189920e-01 8.944126895787225529e-01 1.322857210729664057e-01 8.790123087105206068e-01 -4.464904967238425559e-01 -1.023918232619290547e-01
1.305033543672030926e+09 8.433263843069861432e-01 -7.239294663851236766e-01 8.959009680587433078e-01 1.413983656127322242e-01 8.775725048889525537e-01 -4.451343269713126105e-01 -1.082978846366536296e-01
1.305033543707860947e+09 8.425578674820752845e-01 -7.151085229069686910e-01 8.898886701590629222e-01 1.464103933157935300e-01 8.761450134341278728e-01 -4.451927414561197560e-01 -1.128598029344864417e-01
1.305033543739958048e+09 8.425578674820752845e-01 -7.151085229069686910e-01 8.898886701590629222e-01 1.464103933157935300e-01 8.761450134341278728e-01 -4.451927414561197560e-01 -1.128598029344864417e-01
1.305033543771927118e+09 8.425578674820752845e-01 -7.151085229069686910e-01 8.898886701590629222e-01 1.464103933157935300e-01 8.761450134341278728e-01 -4.451927414561197560e-01 -1.128598029344864417e-01
1.305033543807900906e+09 8.429899930545824427e-01 -7.015175751673217164e-01 8.943961749793681859e-01 1.612240453482743363e-01 8.758996952610582643e-01 -4.387412251995327361e-01 -1.196355647520237486e-01
1.305033543840065956e+09 8.429899930545824427e-01 -7.015175751673217164e-01 8.943961749793681859e-01 1.612240453482743363e-01 8.758996952610582643e-01 -4.387412251995327361e-01 -1.196355647520237486e-01
1.305033543872061968e+09 8.498560872697304980e-01 -6.860075318395344457e-01 8.904920875474220399e-01 1.717448922722188409e-01 8.737259750090746735e-01 -4.370359670741145730e-01 -1.269101101427273226e-01
1.305033543907963037e+09 8.472172731659137757e-01 -6.755153591619855735e-01 8.852763910434051642e-01 1.750419742409996537e-01 8.727100955717609354e-01 -4.371591853775992353e-01 -1.289544221069401086e-01
1.305033543939939976e+09 8.472172731659137757e-01 -6.755153591619855735e-01 8.852763910434051642e-01 1.750419742409996537e-01 8.727100955717609354e-01 -4.371591853775992353e-01 -1.289544221069401086e-01
1.305033543971940994e+09 8.506038435635044914e-01 -6.627905477803409662e-01 8.822741407888957665e-01 1.853261446144886526e-01 8.714811959283573772e-01 -4.332015128867937048e-01 -1.360558506577460858e-01
1.305033544007958889e+09 8.506038435635044914e-01 -6.627905477803409662e-01 8.822741407888957665e-01 1.853261446144886526e-01 8.714811959283573772e-01 -4.332015128867937048e-01 -1.360558506577460858e-01
1.305033544039988995e+09 8.526147727782935615e-01 -6.480435489708799013e-01 8.809085913460987793e-01 1.942017894772444797e-01 8.698646985205910065e-01 -4.311918996205080790e-01 -1.403375107844476999e-01
1.305033544072098017e+09 8.498037488463816569e-01 -6.377407232305485341e-01 8.808919778867163597e-01 1.979282748666385539e-01 8.692360653860486952e-01 -4.305139158518621056e-01 -1.411057365892435245e-01
1.305033544107969999e+09 8.498037488463816569e-01 -6.377407232305485341e-01 8.808919778867163597e-01 1.979282748666385539e-01 8.692360653860486952e-01 -4.305139158518621056e-01 -1.411057365892435245e-01
1.305033544139946938e+09 8.529193510770003428e-01 -6.255200950129947701e-01 8.793188007017431751e-01 2.063827684503649063e-01 8.680581251392003317e-01 -4.271662067257001594e-01 -1.463225071482713857e-01
1.305033544172048092e+09 8.529193510770003428e-01 -6.255200950129947701e-01 8.793188007017431751e-01 2.063827684503649063e-01 8.680581251392003317e-01 -4.271662067257001594e-01 -1.463225071482713857e-01
1.305033544208165884e+09 8.529193510770003428e-01 -6.255200950129947701e-01 8.793188007017431751e-01 2.063827684503649063e-01 8.680581251392003317e-01 -4.271662067257001594e-01 -1.463225071482713857e-01
1.305033544239968061e+09 8.559640107088617444e-01 -6.120597802934332199e-01 8.751234879532456823e-01 2.156036645380764727e-01 8.660537339542765389e-01 -4.255686209142859333e-01 -1.495237059289280801e-01
1.305033544272203922e+09 8.559640107088617444e-01 -6.120597802934332199e-01 8.751234879532456823e-01 2.156036645380764727e-01 8.660537339542765389e-01 -4.255686209142859333e-01 -1.495237059289280801e-01
1.305033544307976961e+09 8.575890753121473420e-01 -5.962754293591502330e-01 8.737572964053974545e-01 2.246517026255236416e-01 8.646861541369250670e-01 -4.227744381709623855e-01 -1.520238197802384894e-01
1.305033544339998960e+09 8.575890753121473420e-01 -5.962754293591502330e-01 8.737572964053974545e-01 2.246517026255236416e-01 8.646861541369250670e-01 -4.227744381709623855e-01 -1.520238197802384894e-01
1.305033544372061968e+09 8.602126400474435775e-01 -5.839727044733382666e-01 8.755252444931956868e-01 2.341349498607920299e-01 8.640469067028336836e-01 -4.177925448938172304e-01 -1.550908046987203581e-01
1.305033544407927036e+09 8.602126400474435775e-01 -5.839727044733382666e-01 8.755252444931956868e-01 2.341349498607920299e-01 8.640469067028336836e-01 -4.177925448938172304e-01 -1.550908046987203581e-01
1.305033544439901114e+09 8.597587999790072821e-01 -5.712195773068589055e-01 8.767729121119303137e-01 2.438852891472710338e-01 8.626495803948648344e-01 -4.140815824061909178e-01 -1.577723369101835527e-01
1.305033544472184896e+09 8.597587999790072821e-01 -5.712195773068589055e-01 8.767729121119303137e-01 2.438852891472710338e-01 8.626495803948648344e-01 -4.140815824061909178e-01 -1.577723369101835527e-01
1.305033544507909060e+09 8.572810183481054391e-01 -5.589182812915322041e-01 8.786260270539514305e-01 2.541299096745823771e-01 8.609346799027789432e-01 -4.113403779521793702e-01 -1.581409479409013052e-01
1.305033544539983034e+09 8.572810183481054391e-01 -5.589182812915322041e-01 8.786260270539514305e-01 2.541299096745823771e-01 8.609346799027789432e-01 -4.113403779521793702e-01 -1.581409479409013052e-01
1.305033544572058916e+09 8.572810183481054391e-01 -5.589182812915322041e-01 8.786260270539514305e-01 2.541299096745823771e-01 8.609346799027789432e-01 -4.113403779521793702e-01 -1.581409479409013052e-01
1.305033544607959986e+09 8.543140610206104713e-01 -5.465053560794645993e-01 8.774497571614124913e-01 2.627497192326222475e-01 8.581623012001459161e-01 -4.115193713855063162e-01 -1.586564112052393505e-01
1.305033544640039921e+09 8.543140610206104713e-01 -5.465053560794645993e-01 8.774497571614124913e-01 2.627497192326222475e-01 8.581623012001459161e-01 -4.115193713855063162e-01 -1.586564112052393505e-01
1.305033544672142029e+09 8.562817338466344186e-01 -5.363936997397368289e-01 8.772145728418978550e-01 2.716728229978326858e-01 8.551377733450511442e-01 -4.103957288232145117e-01 -1.628146541516422297e-01
1.305033544708156109e+09 8.562817338466344186e-01 -5.363936997397368289e-01 8.772145728418978550e-01 2.716728229978326858e-01 8.551377733450511442e-01 -4.103957288232145117e-01 -1.628146541516422297e-01
1.305033544739928007e+09 8.536690196068068559e-01 -5.253773407988706623e-01 8.775942780899810280e-01 2.824695181185708504e-01 8.520990426770588266e-01 -4.085344212268194886e-01 -1.650388423237680868e-01
1.305033544772173882e+09 8.536690196068068559e-01 -5.253773407988706623e-01 8.775942780899810280e-01 2.824695181185708504e-01 8.520990426770588266e-01 -4.085344212268194886e-01 -1.650388423237680868e-01
1.305033544807982922e+09 8.536690196068068559e-01 -5.253773407988706623e-01 8.775942780899810280e-01 2.824695181185708504e-01 8.520990426770588266e-01 -4.085344212268194886e-01 -1.650388423237680868e-01
1.305033544840009928e+09 8.471681509803903332e-01 -5.093015427968395903e-01 8.824894136729579674e-01 2.971956026153351194e-01 8.474846054494370451e-01 -4.054758914044145346e-01 -1.703934235882220705e-01
1.305033544872116089e+09 8.471681509803903332e-01 -5.093015427968395903e-01 8.824894136729579674e-01 2.971956026153351194e-01 8.474846054494370451e-01 -4.054758914044145346e-01 -1.703934235882220705e-01
1.305033544907777071e+09 8.471681509803903332e-01 -5.093015427968395903e-01 8.824894136729579674e-01 2.971956026153351194e-01 8.474846054494370451e-01 -4.054758914044145346e-01 -1.703934235882220705e-01
1.305033544939847946e+09 8.422567485406550203e-01 -4.988439345683571835e-01 8.857341734008306045e-01 3.085542653657205592e-01 8.435203935961715915e-01 -4.038809272771621828e-01 -1.736312399705758347e-01
1.305033544971988916e+09 8.422567485406550203e-01 -4.988439345683571835e-01 8.857341734008306045e-01 3.085542653657205592e-01 8.435203935961715915e-01 -4.038809272771621828e-01 -1.736312399705758347e-01
1.305033545007915020e+09 8.422567485406550203e-01 -4.988439345683571835e-01 8.857341734008306045e-01 3.085542653657205592e-01 8.435203935961715915e-01 -4.038809272771621828e-01 -1.736312399705758347e-01
1.305033545040093899e+09 8.393431967759187318e-01 -4.917747236125205035e-01 8.924640308564365521e-01 3.244572392111622072e-01 8.375310607427216558e-01 -4.004410981672693048e-01 -1.814280824823808758e-01
1.305033545071928024e+09 8.393431967759187318e-01 -4.917747236125205035e-01 8.924640308564365521e-01 3.244572392111622072e-01 8.375310607427216558e-01 -4.004410981672693048e-01 -1.814280824823808758e-01
1.305033545108140945e+09 8.393431967759187318e-01 -4.917747236125205035e-01 8.924640308564365521e-01 3.244572392111622072e-01 8.375310607427216558e-01 -4.004410981672693048e-01 -1.814280824823808758e-01
1.305033545139997005e+09 8.341872874401822235e-01 -4.810811390680181932e-01 8.953203117932636568e-01 3.323765536549396771e-01 8.340404830640760769e-01 -3.981887715045490106e-01 -1.880106418222263209e-01
1.305033545171999931e+09 8.341872874401822235e-01 -4.810811390680181932e-01 8.953203117932636568e-01 3.323765536549396771e-01 8.340404830640760769e-01 -3.981887715045490106e-01 -1.880106418222263209e-01
1.305033545207995892e+09 8.341872874401822235e-01 -4.810811390680181932e-01 8.953203117932636568e-01 3.323765536549396771e-01 8.340404830640760769e-01 -3.981887715045490106e-01 -1.880106418222263209e-01
1.305033545240042925e+09 8.341872874401822235e-01 -4.810811390680181932e-01 8.953203117932636568e-01 3.323765536549396771e-01 8.340404830640760769e-01 -3.981887715045490106e-01 -1.880106418222263209e-01
1.305033545272058964e+09 8.260814395854385594e-01 -4.716301800621414131e-01 8.968150891049125883e-01 3.405790022654718308e-01 8.306482216969783838e-01 -3.964699412839179926e-01 -1.919402528544491837e-01
1.305033545308058023e+09 8.260814395854385594e-01 -4.716301800621414131e-01 8.968150891049125883e-01 3.405790022654718308e-01 8.306482216969783838e-01 -3.964699412839179926e-01 -1.919402528544491837e-01
1.305033545339931011e+09 8.260814395854385594e-01 -4.716301800621414131e-01 8.968150891049125883e-01 3.405790022654718308e-01 8.306482216969783838e-01 -3.964699412839179926e-01 -1.919402528544491837e-01
1.305033545372092962e+09 8.260814395854385594e-01 -4.716301800621414131e-01 8.968150891049125883e-01 3.405790022654718308e-01 8.306482216969783838e-01 -3.964699412839179926e-01 -1.919402528544491837e-01
1.305033545408030987e+09 8.158998130258804382e-01 -4.674337506361100347e-01 8.975975704213314810e-01 3.531557003944529316e-01 8.244122720418735062e-01 -3.960611597528460592e-01 -1.968781722814637036e-01
1.305033545440032005e+09 8.158998130258804382e-01 -4.674337506361100347e-01 8.975975704213314810e-01 3.531557003944529316e-01 8.244122720418735062e-01 -3.960611597528460592e-01 -1.968781722814637036e-01
1.305033545472172022e+09 8.158998130258804382e-01 -4.674337506361100347e-01 8.975975704213314810e-01 3.531557003944529316e-01 8.244122720418735062e-01 -3.960611597528460592e-01 -1.968781722814637036e-01
1.305033545508019924e+09 8.158998130258804382e-01 -4.674337506361100347e-01 8.975975704213314810e-01 3.531557003944529316e-01 8.244122720418735062e-01 -3.960611597528460592e-01 -1.968781722814637036e-01
1.305033545540000916e+09 8.040083656216430175e-01 -4.723184666305560997e-01 9.002141663033111918e-01 3.616049022557422665e-01 8.199443225199797292e-01 -3.955599356452724202e-01 -2.011604830581156245e-01
1.305033545572073936e+09 8.040083656216430175e-01 -4.723184666305560997e-01 9.002141663033111918e-01 3.616049022557422665e-01 8.199443225199797292e-01 -3.955599356452724202e-01 -2.011604830581156245e-01
1.305033545608000994e+09 8.040083656216430175e-01 -4.723184666305560997e-01 9.002141663033111918e-01 3.616049022557422665e-01 8.199443225199797292e-01 -3.955599356452724202e-01 -2.011604830581156245e-01
1.305033545640202999e+09 7.882758205250929295e-01 -4.726095406648133102e-01 9.041475678529919957e-01 3.712823868786273573e-01 8.147169384281774951e-01 -3.976765744866194163e-01 -2.005967136732670908e-01
1.305033545672133923e+09 7.780756930767663837e-01 -4.727285206843313548e-01 9.090983591280549225e-01 3.732182270393539225e-01 8.144477671365748517e-01 -3.974781989525903447e-01 -1.984793968381951546e-01
1.305033545708266020e+09 7.711049505562288520e-01 -4.757391683586338349e-01 9.157013314779258728e-01 3.746687459214063654e-01 8.140474617822480718e-01 -3.969553423514273760e-01 -1.984351707087760042e-01
1.305033545740135908e+09 7.711049505562288520e-01 -4.757391683586338349e-01 9.157013314779258728e-01 3.746687459214063654e-01 8.140474617822480718e-01 -3.969553423514273760e-01 -1.984351707087760042e-01
1.305033545771903038e+09 7.566788386145942846e-01 -4.784941298898864881e-01 9.124675752127384687e-01 3.752028664092564858e-01 8.108098757979369520e-01 -4.029062553818140158e-01 -1.986874523492012101e-01
1.305033545808008909e+09 7.566788386145942846e-01 -4.784941298898864881e-01 9.124675752127384687e-01 3.752028664092564858e-01 8.108098757979369520e-01 -4.029062553818140158e-01 -1.986874523492012101e-01
1.305033545840003014e+09 7.566788386145942846e-01 -4.784941298898864881e-01 9.124675752127384687e-01 3.752028664092564858e-01 8.108098757979369520e-01 -4.029062553818140158e-01 -1.986874523492012101e-01
1.305033545872067928e+09 7.433532544454461988e-01 -4.847628130777436040e-01 9.115826524390543417e-01 3.788879072235855627e-01 8.063692132654474154e-01 -4.074970876956495180e-01 -2.003965298525881567e-01
1.305033545907982111e+09 7.433532544454461988e-01 -4.847628130777436040e-01 9.115826524390543417e-01 3.788879072235855627e-01 8.063692132654474154e-01 -4.074970876956495180e-01 -2.003965298525881567e-01
1.305033545939975977e+09 7.343017778889093794e-01 -4.900830952660713002e-01 9.117968985568710716e-01 3.814494982430502446e-01 8.031079127536373541e-01 -4.103037755914408780e-01 -2.028910360218741937e-01
1.305033545972035885e+09 7.343017778889093794e-01 -4.900830952660713002e-01 9.117968985568710716e-01 3.814494982430502446e-01 8.031079127536373541e-01 -4.103037755914408780e-01 -2.028910360218741937e-01
1.305033546008052111e+09 7.207920688775435458e-01 -4.962978203303203273e-01 9.100853120934588869e-01 3.831942331861692419e-01 8.012354808741545265e-01 -4.127534854887951465e-01 -2.020357494555782840e-01
1.305033546039978981e+09 7.207920688775435458e-01 -4.962978203303203273e-01 9.100853120934588869e-01 3.831942331861692419e-01 8.012354808741545265e-01 -4.127534854887951465e-01 -2.020357494555782840e-01
1.305033546071991920e+09 7.045753368910625536e-01 -5.010977977856057031e-01 9.064837945255234120e-01 3.828435039416028252e-01 8.018375882788487674e-01 -4.123657548370244230e-01 -2.011015110598788347e-01
1.305033546107950926e+09 7.045753368910625536e-01 -5.010977977856057031e-01 9.064837945255234120e-01 3.828435039416028252e-01 8.018375882788487674e-01 -4.123657548370244230e-01 -2.011015110598788347e-01
1.305033546139986992e+09 6.829558318352179080e-01 -5.030476027789250182e-01 9.086966982597469711e-01 3.833802313303595333e-01 8.028952519417518197e-01 -4.106632454059369053e-01 -1.993351737830883763e-01
1.305033546172246933e+09 6.829558318352179080e-01 -5.030476027789250182e-01 9.086966982597469711e-01 3.833802313303595333e-01 8.028952519417518197e-01 -4.106632454059369053e-01 -1.993351737830883763e-01
1.305033546208142042e+09 6.829558318352179080e-01 -5.030476027789250182e-01 9.086966982597469711e-01 3.833802313303595333e-01 8.028952519417518197e-01 -4.106632454059369053e-01 -1.993351737830883763e-01
1.305033546240499020e+09 6.609151251891149936e-01 -5.065133222143098912e-01 9.071949676024493314e-01 3.889531108817143035e-01 8.003278006407902323e-01 -4.117239715249604859e-01 -1.966577237960057400e-01
1.305033546271986961e+09 6.507255535133600333e-01 -5.048016932591106176e-01 9.061386055870466194e-01 3.906124467509802800e-01 7.988191643970860012e-01 -4.124022152550510523e-01 -1.980764294101656220e-01
1.305033546308217049e+09 6.405045594301388423e-01 -5.070394855645551369e-01 9.070210935594094082e-01 3.921333690118822268e-01 7.976892287765766643e-01 -4.122042021261480560e-01 -2.000275254827868776e-01
1.305033546339927912e+09 6.405045594301388423e-01 -5.070394855645551369e-01 9.070210935594094082e-01 3.921333690118822268e-01 7.976892287765766643e-01 -4.122042021261480560e-01 -2.000275254827868776e-01
1.305033546372019053e+09 6.210959312848206570e-01 -5.110978403741611720e-01 9.083339528844693866e-01 3.936815126324368364e-01 7.966772435614045689e-01 -4.105351804449854924e-01 -2.044042607673383638e-01
1.305033546407778025e+09 6.114569005384964395e-01 -5.133515577009973851e-01 9.106597235296091108e-01 3.933948493760593412e-01 7.965471108525106203e-01 -4.093304090786194505e-01 -2.078504483527419400e-01
1.305033546439943075e+09 6.026880539579736462e-01 -5.092574382690743251e-01 9.208108160976954393e-01 3.958000182697690716e-01 7.962525582722888018e-01 -4.070514171456222630e-01 -2.088859803390993308e-01
1.305033546472094059e+09 6.026880539579736462e-01 -5.092574382690743251e-01 9.208108160976954393e-01 3.958000182697690716e-01 7.962525582722888018e-01 -4.070514171456222630e-01 -2.088859803390993308e-01
1.305033546507882118e+09 5.859850031523545777e-01 -5.175316677952825906e-01 9.214247895961109602e-01 4.038298177437560921e-01 7.931655225697171741e-01 -4.042488825159643029e-01 -2.106959256662226387e-01
1.305033546539973974e+09 5.859850031523545777e-01 -5.175316677952825906e-01 9.214247895961109602e-01 4.038298177437560921e-01 7.931655225697171741e-01 -4.042488825159643029e-01 -2.106959256662226387e-01
1.305033546572101116e+09 5.650240397062105124e-01 -5.225844956481949799e-01 9.193912250670606134e-01 4.058817687657143569e-01 7.916250299625919862e-01 -4.038761763681594230e-01 -2.132459516206013650e-01
1.305033546607955933e+09 5.583516839112558916e-01 -5.269936481425935293e-01 9.291085157715445186e-01 4.060408186437780564e-01 7.925148274121216474e-01 -4.011160592234538358e-01 -2.148418231166178693e-01
1.305033546640064001e+09 5.583516839112558916e-01 -5.269936481425935293e-01 9.291085157715445186e-01 4.060408186437780564e-01 7.925148274121216474e-01 -4.011160592234538358e-01 -2.148418231166178693e-01
1.305033546672139883e+09 5.411409238504284458e-01 -5.375732073377548215e-01 9.273179310407457798e-01 4.040116040468347824e-01 7.920233394652718140e-01 -4.033594645157807523e-01 -2.162748157398942661e-01
1.305033546707998037e+09 5.411409238504284458e-01 -5.375732073377548215e-01 9.273179310407457798e-01 4.040116040468347824e-01 7.920233394652718140e-01 -4.033594645157807523e-01 -2.162748157398942661e-01
1.305033546739974976e+09 5.307232436660637154e-01 -5.365608639129770818e-01 9.278831198786567924e-01 4.060915513905761776e-01 7.911765336690727013e-01 -4.040431095855176458e-01 -2.141926937527305896e-01
1.305033546771996975e+09 5.214713231804405380e-01 -5.379014037148552863e-01 9.320831248710805816e-01 4.100382954616605957e-01 7.900682387436336329e-01 -4.025317275652633975e-01 -2.136094161940269576e-01
1.305033546807960033e+09 5.098575790834363186e-01 -5.414765831199831458e-01 9.253574913832167681e-01 4.121738511503178493e-01 7.881189197598007512e-01 -4.034787930969497283e-01 -2.149096281360818317e-01
1.305033546839977980e+09 5.098575790834363186e-01 -5.414765831199831458e-01 9.253574913832167681e-01 4.121738511503178493e-01 7.881189197598007512e-01 -4.034787930969497283e-01 -2.149096281360818317e-01
1.305033546871990919e+09 4.914306732918534149e-01 -5.450112358191959716e-01 9.240744818041961572e-01 4.135950198939437605e-01 7.870369633390162933e-01 -4.030070585606194689e-01 -2.170190973332663253e-01
1.305033546907958984e+09 4.894951894141623683e-01 -5.510929944025754201e-01 9.352730965636879557e-01 4.165607386506702259e-01 7.871980867176207042e-01 -3.989881035453396452e-01 -2.181852802372755140e-01
1.305033546940042019e+09 4.787676989545148754e-01 -5.500316321703137001e-01 9.337126387413066109e-01 4.162339050263476059e-01 7.863970295624169715e-01 -4.022589864742544541e-01 -2.156774350798672524e-01
1.305033546972132921e+09 4.787676989545148754e-01 -5.500316321703137001e-01 9.337126387413066109e-01 4.162339050263476059e-01 7.863970295624169715e-01 -4.022589864742544541e-01 -2.156774350798672524e-01
1.305033547007986069e+09 4.660728340123165836e-01 -5.602188074489377057e-01 9.423323827489769045e-01 4.189423290263638577e-01 7.855113280704585366e-01 -4.011345459926528578e-01 -2.157553114855311760e-01
1.305033547039973021e+09 4.660728340123165836e-01 -5.602188074489377057e-01 9.423323827489769045e-01 4.189423290263638577e-01 7.855113280704585366e-01 -4.011345459926528578e-01 -2.157553114855311760e-01
1.305033547072051048e+09 4.486564828663810456e-01 -5.640659948065351870e-01 9.388059855406530874e-01 4.189055364107103774e-01 7.839155362086960288e-01 -4.039040170359757265e-01 -2.164627651058946278e-01
1.305033547107973099e+09 4.486564828663810456e-01 -5.640659948065351870e-01 9.388059855406530874e-01 4.189055364107103774e-01 7.839155362086960288e-01 -4.039040170359757265e-01 -2.164627651058946278e-01
1.305033547139964104e+09 4.361860373277066660e-01 -5.718714694900448592e-01 9.376010632136303480e-01 4.184736414814265171e-01 7.833924068039866961e-01 -4.030781632278665483e-01 -2.206901508359197517e-01
1.305033547171989918e+09 4.245619219078389239e-01 -5.721558441906932080e-01 9.410470211889450098e-01 4.182949554474402198e-01 7.845000858554571632e-01 -4.016662954279487385e-01 -2.196659569828519620e-01
1.305033547208019018e+09 4.245619219078389239e-01 -5.721558441906932080e-01 9.410470211889450098e-01 4.182949554474402198e-01 7.845000858554571632e-01 -4.016662954279487385e-01 -2.196659569828519620e-01
1.305033547240019083e+09 4.145113172876069285e-01 -5.824990512882496363e-01 9.443614703189735504e-01 4.222470722870664828e-01 7.826361938009340768e-01 -3.989501944802900102e-01 -2.236665831587866804e-01
1.305033547272007942e+09 4.046869689441363604e-01 -5.849710723322228967e-01 9.516731639793158948e-01 4.246385941829862176e-01 7.831279217519246938e-01 -3.965054790857510669e-01 -2.217569109583451548e-01
1.305033547307975054e+09 4.046869689441363604e-01 -5.849710723322228967e-01 9.516731639793158948e-01 4.246385941829862176e-01 7.831279217519246938e-01 -3.965054790857510669e-01 -2.217569109583451548e-01
1.305033547340020895e+09 3.978721451055962088e-01 -5.906243060907293563e-01 9.597615636084542157e-01 4.290965208641485673e-01 7.827895349971906169e-01 -3.924724467212840073e-01 -2.215447996360425664e-01
1.305033547372226954e+09 3.868394442644045306e-01 -5.950855265847705411e-01 9.657043480667407698e-01 4.336828092664645196e-01 7.823838346293603419e-01 -3.890307364284396607e-01 -2.201132489682320892e-01
1.305033547407923937e+09 3.854673582838412660e-01 -5.994978842579365974e-01 9.772175966799920843e-01 4.394248153953224101e-01 7.807411305353404440e-01 -3.842634181941468885e-01 -2.229142080329012954e-01
1.305033547440119028e+09 3.808538416176661112e-01 -6.044560755885102221e-01 9.895427652877515357e-01 4.438561791362539699e-01 7.802640785395160705e-01 -3.791067497502877970e-01 -2.246279864068994048e-01
1.305033547472121000e+09 3.808538416176661112e-01 -6.044560755885102221e-01 9.895427652877515357e-01 4.438561791362539699e-01 7.802640785395160705e-01 -3.791067497502877970e-01 -2.246279864068994048e-01
1.305033547508002043e+09 3.681531401018227623e-01 -6.139918259569017156e-01 9.809248325259453116e-01 4.469081994040638994e-01 7.769343852780411508e-01 -3.811979555987184409e-01 -2.265703884566718507e-01
1.305033547540002108e+09 3.681531401018227623e-01 -6.139918259569017156e-01 9.809248325259453116e-01 4.469081994040638994e-01 7.769343852780411508e-01 -3.811979555987184409e-01 -2.265703884566718507e-01
1.305033547571944952e+09 3.681531401018227623e-01 -6.139918259569017156e-01 9.809248325259453116e-01 4.469081994040638994e-01 7.769343852780411508e-01 -3.811979555987184409e-01 -2.265703884566718507e-01
1.305033547607867002e+09 3.456585918824004455e-01 -6.342397227958546102e-01 9.915552095500166363e-01 4.535193390213949627e-01 7.745318989247704788e-01 -3.738526817537385361e-01 -2.337834874988481138e-01
1.305033547639866114e+09 3.362620777600553446e-01 -6.357158859547755725e-01 9.962155867941038245e-01 4.556928816252011072e-01 7.745577612497048792e-01 -3.721354283088277315e-01 -2.322057172452284268e-01
1.305033547672080994e+09 3.263179509888611829e-01 -6.405557287244465492e-01 9.934059489922463237e-01 4.557245167145876352e-01 7.741687073285520304e-01 -3.719015818117964445e-01 -2.338101599682483878e-01
1.305033547707937002e+09 3.227663970199050603e-01 -6.566641532004990900e-01 9.822461054052959994e-01 4.536521777926042498e-01 7.725782593633749862e-01 -3.722861004099278781e-01 -2.423336422881770258e-01
1.305033547739860058e+09 3.139446759598787384e-01 -6.630770478487209019e-01 9.813991794448210237e-01 4.532061305336373969e-01 7.726742266466787301e-01 -3.716358591039677917e-01 -2.438555534547869330e-01
1.305033547771903038e+09 3.139446759598787384e-01 -6.630770478487209019e-01 9.813991794448210237e-01 4.532061305336373969e-01 7.726742266466787301e-01 -3.716358591039677917e-01 -2.438555534547869330e-01
1.305033547807956934e+09 3.022680047687789084e-01 -6.762435171814611401e-01 9.828869026005224718e-01 4.567389901175223921e-01 7.699288362962599663e-01 -3.712768672929526170e-01 -2.464803638407001840e-01
1.305033547839912891e+09 3.022680047687789084e-01 -6.762435171814611401e-01 9.828869026005224718e-01 4.567389901175223921e-01 7.699288362962599663e-01 -3.712768672929526170e-01 -2.464803638407001840e-01
1.305033547872133017e+09 2.945730038298424169e-01 -6.853612359857392811e-01 9.698041281484059972e-01 4.549883240961621889e-01 7.658345661043829411e-01 -3.775644995625797584e-01 -2.528400501620265417e-01
1.305033547907861948e+09 2.847451441792918647e-01 -6.939193160556186291e-01 9.622523774679314634e-01 4.546784888729649143e-01 7.653588725866327103e-01 -3.792667639490790443e-01 -2.522894957637145663e-01
1.305033547940012932e+09 2.847451441792918647e-01 -6.939193160556186291e-01 9.622523774679314634e-01 4.546784888729649143e-01 7.653588725866327103e-01 -3.792667639490790443e-01 -2.522894957637145663e-01
1.305033547972166061e+09 2.745315494665769851e-01 -6.978706459692529673e-01 9.524688046821526699e-01 4.527721415024615892e-01 7.656181098914396355e-01 -3.813925498341872444e-01 -2.517260825113507572e-01
1.305033548007950068e+09 2.656360599310483295e-01 -7.002726068634612666e-01 9.598483748836611484e-01 4.517998859735750661e-01 7.682682725370593158e-01 -3.793125210264060021e-01 -2.485210973736022011e-01
1.305033548040011883e+09 2.511383783622449517e-01 -7.011906961393528093e-01 9.614252665548574939e-01 4.502473720783337074e-01 7.706836290086808150e-01 -3.794129594403139460e-01 -2.436592992752525388e-01
1.305033548072058916e+09 2.511383783622449517e-01 -7.011906961393528093e-01 9.614252665548574939e-01 4.502473720783337074e-01 7.706836290086808150e-01 -3.794129594403139460e-01 -2.436592992752525388e-01
1.305033548107983112e+09 2.369774160612172498e-01 -7.120921549581153975e-01 9.583991199612580392e-01 4.470549338754841173e-01 7.714758005756092718e-01 -3.827274775464758472e-01 -2.418401396681721938e-01
1.305033548140062094e+09 2.302249653419807807e-01 -7.188066143942923869e-01 9.677626528147652563e-01 4.469734408362675548e-01 7.736114596908777452e-01 -3.787502931354120861e-01 -2.414296337895916744e-01
1.305033548172075987e+09 2.244999083927545769e-01 -7.261189196161832449e-01 9.629674608863416641e-01 4.467521337788510349e-01 7.727541167693493529e-01 -3.797736268605667598e-01 -2.429724229644942557e-01
1.305033548207984924e+09 2.244999083927545769e-01 -7.261189196161832449e-01 9.629674608863416641e-01 4.467521337788510349e-01 7.727541167693493529e-01 -3.797736268605667598e-01 -2.429724229644942557e-01
1.305033548239985943e+09 2.064214152493140109e-01 -7.440998559606994966e-01 9.705814392489513498e-01 4.481084579479495122e-01 7.753110106408445112e-01 -3.762201719770384978e-01 -2.378024997600964585e-01
1.305033548272093058e+09 2.064214152493140109e-01 -7.440998559606994966e-01 9.705814392489513498e-01 4.481084579479495122e-01 7.753110106408445112e-01 -3.762201719770384978e-01 -2.378024997600964585e-01
1.305033548308005095e+09 1.981570762201967373e-01 -7.666008185021870869e-01 9.690124186871027501e-01 4.478161063798480335e-01 7.756562761185818999e-01 -3.737356266064845167e-01 -2.411218728977221615e-01
1.305033548340012074e+09 1.856101116120265626e-01 -7.685998209111462032e-01 9.698073232435868718e-01 4.454825047753566691e-01 7.776992523922507949e-01 -3.744420225622029919e-01 -2.377443637757482298e-01
1.305033548371963024e+09 1.831926069254088407e-01 -7.827787645592914068e-01 9.695315376540240004e-01 4.471489473356007327e-01 7.764789011515370598e-01 -3.732796961548363046e-01 -2.404175605102891744e-01
1.305033548408013105e+09 1.831926069254088407e-01 -7.827787645592914068e-01 9.695315376540240004e-01 4.471489473356007327e-01 7.764789011515370598e-01 -3.732796961548363046e-01 -2.404175605102891744e-01
1.305033548439832926e+09 1.588395233733150835e-01 -7.830009176189319797e-01 9.743138208202657413e-01 4.463349245974486124e-01 7.784466868068613543e-01 -3.747423602775831197e-01 -2.331824485196007934e-01
1.305033548472090006e+09 1.588395233733150835e-01 -7.830009176189319797e-01 9.743138208202657413e-01 4.463349245974486124e-01 7.784466868068613543e-01 -3.747423602775831197e-01 -2.331824485196007934e-01
1.305033548507972002e+09 1.413848211615171824e-01 -7.830504769636783546e-01 9.735317582699682948e-01 4.455873202114274956e-01 7.785683544488737340e-01 -3.757253911632931764e-01 -2.326234896839998456e-01
1.305033548540004015e+09 1.413848211615171824e-01 -7.830504769636783546e-01 9.735317582699682948e-01 4.455873202114274956e-01 7.785683544488737340e-01 -3.757253911632931764e-01 -2.326234896839998456e-01
1.305033548572101116e+09 1.413848211615171824e-01 -7.830504769636783546e-01 9.735317582699682948e-01 4.455873202114274956e-01 7.785683544488737340e-01 -3.757253911632931764e-01 -2.326234896839998456e-01
1.305033548607940912e+09 1.228574151199846032e-01 -7.892636788563827110e-01 9.798120494287161364e-01 4.456934101616971677e-01 7.801939532906062569e-01 -3.737598438711284832e-01 -2.301268313270796451e-01
1.305033548639976978e+09 1.228574151199846032e-01 -7.892636788563827110e-01 9.798120494287161364e-01 4.456934101616971677e-01 7.801939532906062569e-01 -3.737598438711284832e-01 -2.301268313270796451e-01
1.305033548671979904e+09 1.055881080964879981e-01 -7.924567499244242752e-01 9.778487845342141993e-01 4.420635035943318858e-01 7.812420130919341954e-01 -3.755818219085335086e-01 -2.306058776827528134e-01
1.305033548708004951e+09 9.737594511801983543e-02 -7.908684850457057269e-01 9.711377724413230439e-01 4.408900471593900638e-01 7.799535348892578934e-01 -3.801969183340772052e-01 -2.296491955544650021e-01
1.305033548740008116e+09 9.737594511801983543e-02 -7.908684850457057269e-01 9.711377724413230439e-01 4.408900471593900638e-01 7.799535348892578934e-01 -3.801969183340772052e-01 -2.296491955544650021e-01
1.305033548772033930e+09 8.133600946327224079e-02 -7.980925870625745766e-01 9.744277596603390101e-01 4.414976781310674392e-01 7.802219170101216683e-01 -3.789089734372056428e-01 -2.296988251399867398e-01
1.305033548808013916e+09 8.133600946327224079e-02 -7.980925870625745766e-01 9.744277596603390101e-01 4.414976781310674392e-01 7.802219170101216683e-01 -3.789089734372056428e-01 -2.296988251399867398e-01
1.305033548839885950e+09 6.780983913424609710e-02 -8.078408719498253454e-01 9.819600815563929164e-01 4.422826735788363273e-01 7.824303925915266911e-01 -3.747540076214719296e-01 -2.274821996831220550e-01
1.305033548871998072e+09 6.780983913424609710e-02 -8.078408719498253454e-01 9.819600815563929164e-01 4.422826735788363273e-01 7.824303925915266911e-01 -3.747540076214719296e-01 -2.274821996831220550e-01
1.305033548907968044e+09 4.930918045958265772e-02 -8.096062017074414641e-01 9.813737214769003847e-01 4.384311901463141536e-01 7.854178255713997192e-01 -3.747182620230946060e-01 -2.246845675340703452e-01
1.305033548939893007e+09 4.930918045958265772e-02 -8.096062017074414641e-01 9.813737214769003847e-01 4.384311901463141536e-01 7.854178255713997192e-01 -3.747182620230946060e-01 -2.246845675340703452e-01
1.305033548972156048e+09 4.930918045958265772e-02 -8.096062017074414641e-01 9.813737214769003847e-01 4.384311901463141536e-01 7.854178255713997192e-01 -3.747182620230946060e-01 -2.246845675340703452e-01
1.305033549008413076e+09 3.138360703556908327e-02 -8.146138655071382129e-01 9.839945693679431615e-01 4.382200683580757539e-01 7.874051478963570716e-01 -3.702961771815963532e-01 -2.254707207582731798e-01
1.305033549040009022e+09 2.353514052428473668e-02 -8.206112392753335261e-01 9.864284525736539688e-01 4.390927727422821447e-01 7.881482461045117294e-01 -3.672159276484973089e-01 -2.262130446484686419e-01
1.305033549071865082e+09 2.353514052428473668e-02 -8.206112392753335261e-01 9.864284525736539688e-01 4.390927727422821447e-01 7.881482461045117294e-01 -3.672159276484973089e-01 -2.262130446484686419e-01
1.305033549108050108e+09 3.404255841372716418e-03 -8.296237114994720052e-01 9.905929661543384501e-01 4.447664880048257663e-01 7.879913171465139365e-01 -3.642266596225642861e-01 -2.204345609693361130e-01
1.305033549140011072e+09 -2.176802914011233270e-03 -8.413114077270454905e-01 9.886881180879771858e-01 4.454812142623696403e-01 7.872705312872011474e-01 -3.631450785805941939e-01 -2.233321522056034847e-01
1.305033549171993971e+09 -2.176802914011233270e-03 -8.413114077270454905e-01 9.886881180879771858e-01 4.454812142623696403e-01 7.872705312872011474e-01 -3.631450785805941939e-01 -2.233321522056034847e-01
1.305033549207990885e+09 -1.900197552575222382e-02 -8.494661171661430643e-01 9.912346018626331245e-01 4.420110409062640300e-01 7.889376189503475301e-01 -3.630483540315656565e-01 -2.244984760680751867e-01
1.305033549240016937e+09 -3.166614082299989974e-02 -8.535949447244974841e-01 9.890609720687567608e-01 4.425095474086423453e-01 7.884536107978230568e-01 -3.648422050437248876e-01 -2.222979295695448887e-01
1.305033549271996021e+09 -3.320729504859420977e-02 -8.706100967625464149e-01 9.871139469691587731e-01 4.440976104050238793e-01 7.861421342721643946e-01 -3.637049927139707206e-01 -2.290775751344601152e-01
1.305033549307929993e+09 -4.445101136033735578e-02 -8.775302495530297175e-01 9.871270444679598466e-01 4.456769305413014748e-01 7.849765018908125835e-01 -3.640481902742275233e-01 -2.294621542228846289e-01
1.305033549339823961e+09 -5.389357088240953608e-02 -8.782361376475895653e-01 9.777599253747586427e-01 4.447779372055860048e-01 7.831049833038286057e-01 -3.687435678150525753e-01 -2.301029180494676418e-01
1.305033549371997118e+09 -5.389357088240953608e-02 -8.782361376475895653e-01 9.777599253747586427e-01 4.447779372055860048e-01 7.831049833038286057e-01 -3.687435678150525753e-01 -2.301029180494676418e-01
1.305033549407979012e+09 -6.732068845688332637e-02 -8.868198392244169836e-01 9.728214856828905077e-01 4.469055462218247676e-01 7.818232213677347442e-01 -3.670149044599069210e-01 -2.330835540973146269e-01
1.305033549440046072e+09 -6.732068845688332637e-02 -8.868198392244169836e-01 9.728214856828905077e-01 4.469055462218247676e-01 7.818232213677347442e-01 -3.670149044599069210e-01 -2.330835540973146269e-01
1.305033549471996069e+09 -8.354023189708037478e-02 -8.940734086802304414e-01 9.713709363336875402e-01 4.469584376168800888e-01 7.821212670808426193e-01 -3.659796645451669495e-01 -2.336094256710161687e-01
1.305033549507981062e+09 -8.354023189708037478e-02 -8.940734086802304414e-01 9.713709363336875402e-01 4.469584376168800888e-01 7.821212670808426193e-01 -3.659796645451669495e-01 -2.336094256710161687e-01
1.305033549540004969e+09 -9.690064108495199946e-02 -8.930216420070450356e-01 9.731373702473848919e-01 4.460426703244828039e-01 7.835492062280653425e-01 -3.664036528075721999e-01 -2.298802750964981101e-01
1.305033549572036028e+09 -1.031242825027127719e-01 -9.009562243451336716e-01 9.660950813085008582e-01 4.452614412606608618e-01 7.826597640704076042e-01 -3.672412585275645069e-01 -2.330660864794006915e-01
1.305033549607937098e+09 -1.087177667421734828e-01 -9.092258718071513091e-01 9.653003151743622112e-01 4.436133143852830640e-01 7.838469292680012579e-01 -3.649924930314031313e-01 -2.357365029178769555e-01
1.305033549640078068e+09 -1.166407858219957738e-01 -9.173375409083039944e-01 9.722028764646247767e-01 4.431564674736439557e-01 7.867699954449313138e-01 -3.604953109965228775e-01 -2.337700801073230306e-01
1.305033549672038078e+09 -1.264588606577290442e-01 -9.153520756876853959e-01 9.886294378342090905e-01 4.450233675602494055e-01 7.900761094805494045e-01 -3.543141590145149067e-01 -2.284631705007418301e-01
1.305033549707959890e+09 -1.372041305167182035e-01 -9.209698696664267992e-01 9.818291891167623131e-01 4.411854589474776822e-01 7.925311746134113822e-01 -3.552781196714391299e-01 -2.258919780822605250e-01
1.305033549739984035e+09 -1.372041305167182035e-01 -9.209698696664267992e-01 9.818291891167623131e-01 4.411854589474776822e-01 7.925311746134113822e-01 -3.552781196714391299e-01 -2.258919780822605250e-01
1.305033549772048950e+09 -1.372041305167182035e-01 -9.209698696664267992e-01 9.818291891167623131e-01 4.411854589474776822e-01 7.925311746134113822e-01 -3.552781196714391299e-01 -2.258919780822605250e-01
1.305033549807960033e+09 -1.372041305167182035e-01 -9.209698696664267992e-01 9.818291891167623131e-01 4.411854589474776822e-01 7.925311746134113822e-01 -3.552781196714391299e-01 -2.258919780822605250e-01
1.305033549839997053e+09 -1.372041305167182035e-01 -9.209698696664267992e-01 9.818291891167623131e-01 4.411854589474776822e-01 7.925311746134113822e-01 -3.552781196714391299e-01 -2.258919780822605250e-01
1.305033549871994019e+09 -1.372041305167182035e-01 -9.209698696664267992e-01 9.818291891167623131e-01 4.411854589474776822e-01 7.925311746134113822e-01 -3.552781196714391299e-01 -2.258919780822605250e-01
1.305033549907983065e+09 -1.372041305167182035e-01 -9.209698696664267992e-01 9.818291891167623131e-01 4.411854589474776822e-01 7.925311746134113822e-01 -3.552781196714391299e-01 -2.258919780822605250e-01
1.305033549939937115e+09 -1.372041305167182035e-01 -9.209698696664267992e-01 9.818291891167623131e-01 4.411854589474776822e-01 7.925311746134113822e-01 -3.552781196714391299e-01 -2.258919780822605250e-01
1.305033549971986055e+09 -1.372041305167182035e-01 -9.209698696664267992e-01 9.818291891167623131e-01 4.411854589474776822e-01 7.925311746134113822e-01 -3.552781196714391299e-01 -2.258919780822605250e-01
1.305033550007989883e+09 -1.372041305167182035e-01 -9.209698696664267992e-01 9.818291891167623131e-01 4.411854589474776822e-01 7.925311746134113822e-01 -3.552781196714391299e-01 -2.258919780822605250e-01
1.305033550040087938e+09 -1.372041305167182035e-01 -9.209698696664267992e-01 9.818291891167623131e-01 4.411854589474776822e-01 7.925311746134113822e-01 -3.552781196714391299e-01 -2.258919780822605250e-01
1.305033550072002888e+09 -1.372041305167182035e-01 -9.209698696664267992e-01 9.818291891167623131e-01 4.411854589474776822e-01 7.925311746134113822e-01 -3.552781196714391299e-01 -2.258919780822605250e-01
1.305033550107985973e+09 -1.372041305167182035e-01 -9.209698696664267992e-01 9.818291891167623131e-01 4.411854589474776822e-01 7.925311746134113822e-01 -3.552781196714391299e-01 -2.258919780822605250e-01
1.305033550139998913e+09 -1.372041305167182035e-01 -9.209698696664267992e-01 9.818291891167623131e-01 4.411854589474776822e-01 7.925311746134113822e-01 -3.552781196714391299e-01 -2.258919780822605250e-01
1.305033550172048092e+09 -1.372041305167182035e-01 -9.209698696664267992e-01 9.818291891167623131e-01 4.411854589474776822e-01 7.925311746134113822e-01 -3.552781196714391299e-01 -2.258919780822605250e-01
1.305033550207964897e+09 -1.372041305167182035e-01 -9.209698696664267992e-01 9.818291891167623131e-01 4.411854589474776822e-01 7.925311746134113822e-01 -3.552781196714391299e-01 -2.258919780822605250e-01
1.305033550240031004e+09 -1.372041305167182035e-01 -9.209698696664267992e-01 9.818291891167623131e-01 4.411854589474776822e-01 7.925311746134113822e-01 -3.552781196714391299e-01 -2.258919780822605250e-01
1.305033550271998882e+09 -1.372041305167182035e-01 -9.209698696664267992e-01 9.818291891167623131e-01 4.411854589474776822e-01 7.925311746134113822e-01 -3.552781196714391299e-01 -2.258919780822605250e-01
1.305033550307969093e+09 -1.372041305167182035e-01 -9.209698696664267992e-01 9.818291891167623131e-01 4.411854589474776822e-01 7.925311746134113822e-01 -3.552781196714391299e-01 -2.258919780822605250e-01
1.305033550339998960e+09 -1.372041305167182035e-01 -9.209698696664267992e-01 9.818291891167623131e-01 4.411854589474776822e-01 7.925311746134113822e-01 -3.552781196714391299e-01 -2.258919780822605250e-01
1.305033550372041941e+09 -1.372041305167182035e-01 -9.209698696664267992e-01 9.818291891167623131e-01 4.411854589474776822e-01 7.925311746134113822e-01 -3.552781196714391299e-01 -2.258919780822605250e-01
1.305033550407993078e+09 -1.372041305167182035e-01 -9.209698696664267992e-01 9.818291891167623131e-01 4.411854589474776822e-01 7.925311746134113822e-01 -3.552781196714391299e-01 -2.258919780822605250e-01
1.305033550439997911e+09 -1.372041305167182035e-01 -9.209698696664267992e-01 9.818291891167623131e-01 4.411854589474776822e-01 7.925311746134113822e-01 -3.552781196714391299e-01 -2.258919780822605250e-01
1.305033550471997976e+09 -1.372041305167182035e-01 -9.209698696664267992e-01 9.818291891167623131e-01 4.411854589474776822e-01 7.925311746134113822e-01 -3.552781196714391299e-01 -2.258919780822605250e-01
1.305033550507973909e+09 -1.372041305167182035e-01 -9.209698696664267992e-01 9.818291891167623131e-01 4.411854589474776822e-01 7.925311746134113822e-01 -3.552781196714391299e-01 -2.258919780822605250e-01
1.305033550540051937e+09 -1.372041305167182035e-01 -9.209698696664267992e-01 9.818291891167623131e-01 4.411854589474776822e-01 7.925311746134113822e-01 -3.552781196714391299e-01 -2.258919780822605250e-01
1.305033550572005987e+09 -1.372041305167182035e-01 -9.209698696664267992e-01 9.818291891167623131e-01 4.411854589474776822e-01 7.925311746134113822e-01 -3.552781196714391299e-01 -2.258919780822605250e-01
1.305033550608021021e+09 -1.372041305167182035e-01 -9.209698696664267992e-01 9.818291891167623131e-01 4.411854589474776822e-01 7.925311746134113822e-01 -3.552781196714391299e-01 -2.258919780822605250e-01
1.305033550640048981e+09 -1.372041305167182035e-01 -9.209698696664267992e-01 9.818291891167623131e-01 4.411854589474776822e-01 7.925311746134113822e-01 -3.552781196714391299e-01 -2.258919780822605250e-01
1.305033550671947002e+09 -1.372041305167182035e-01 -9.209698696664267992e-01 9.818291891167623131e-01 4.411854589474776822e-01 7.925311746134113822e-01 -3.552781196714391299e-01 -2.258919780822605250e-01
1.305033550708008051e+09 -1.372041305167182035e-01 -9.209698696664267992e-01 9.818291891167623131e-01 4.411854589474776822e-01 7.925311746134113822e-01 -3.552781196714391299e-01 -2.258919780822605250e-01
1.305033550739973068e+09 -1.372041305167182035e-01 -9.209698696664267992e-01 9.818291891167623131e-01 4.411854589474776822e-01 7.925311746134113822e-01 -3.552781196714391299e-01 -2.258919780822605250e-01
1.305033550940001965e+09 -1.372041305167182035e-01 -9.209698696664267992e-01 9.818291891167623131e-01 4.411854589474776822e-01 7.925311746134113822e-01 -3.552781196714391299e-01 -2.258919780822605250e-01
1.305033551071927071e+09 -1.372041305167182035e-01 -9.209698696664267992e-01 9.818291891167623131e-01 4.411854589474776822e-01 7.925311746134113822e-01 -3.552781196714391299e-01 -2.258919780822605250e-01
1.305033551107954025e+09 -1.372041305167182035e-01 -9.209698696664267992e-01 9.818291891167623131e-01 4.411854589474776822e-01 7.925311746134113822e-01 -3.552781196714391299e-01 -2.258919780822605250e-01
1.305033551139974117e+09 -1.372041305167182035e-01 -9.209698696664267992e-01 9.818291891167623131e-01 4.411854589474776822e-01 7.925311746134113822e-01 -3.552781196714391299e-01 -2.258919780822605250e-01
1.305033551172173023e+09 -1.372041305167182035e-01 -9.209698696664267992e-01 9.818291891167623131e-01 4.411854589474776822e-01 7.925311746134113822e-01 -3.552781196714391299e-01 -2.258919780822605250e-01
1.305033551208178043e+09 -1.372041305167182035e-01 -9.209698696664267992e-01 9.818291891167623131e-01 4.411854589474776822e-01 7.925311746134113822e-01 -3.552781196714391299e-01 -2.258919780822605250e-01
1.305033551239972115e+09 -1.372041305167182035e-01 -9.209698696664267992e-01 9.818291891167623131e-01 4.411854589474776822e-01 7.925311746134113822e-01 -3.552781196714391299e-01 -2.258919780822605250e-01
1.305033551272480011e+09 -1.372041305167182035e-01 -9.209698696664267992e-01 9.818291891167623131e-01 4.411854589474776822e-01 7.925311746134113822e-01 -3.552781196714391299e-01 -2.258919780822605250e-01
1.305033551307991982e+09 -1.372041305167182035e-01 -9.209698696664267992e-01 9.818291891167623131e-01 4.411854589474776822e-01 7.925311746134113822e-01 -3.552781196714391299e-01 -2.258919780822605250e-01
1.305033551339823008e+09 -1.372041305167182035e-01 -9.209698696664267992e-01 9.818291891167623131e-01 4.411854589474776822e-01 7.925311746134113822e-01 -3.552781196714391299e-01 -2.258919780822605250e-01
1.305033551372200966e+09 -1.372041305167182035e-01 -9.209698696664267992e-01 9.818291891167623131e-01 4.411854589474776822e-01 7.925311746134113822e-01 -3.552781196714391299e-01 -2.258919780822605250e-01
1.305033551407983065e+09 -1.372041305167182035e-01 -9.209698696664267992e-01 9.818291891167623131e-01 4.411854589474776822e-01 7.925311746134113822e-01 -3.552781196714391299e-01 -2.258919780822605250e-01
1.305033551440025091e+09 -1.372041305167182035e-01 -9.209698696664267992e-01 9.818291891167623131e-01 4.411854589474776822e-01 7.925311746134113822e-01 -3.552781196714391299e-01 -2.258919780822605250e-01
1.305033551471981049e+09 -1.372041305167182035e-01 -9.209698696664267992e-01 9.818291891167623131e-01 4.411854589474776822e-01 7.925311746134113822e-01 -3.552781196714391299e-01 -2.258919780822605250e-01
1.305033551508090019e+09 -1.372041305167182035e-01 -9.209698696664267992e-01 9.818291891167623131e-01 4.411854589474776822e-01 7.925311746134113822e-01 -3.552781196714391299e-01 -2.258919780822605250e-01
1.305033551539849043e+09 -1.372041305167182035e-01 -9.209698696664267992e-01 9.818291891167623131e-01 4.411854589474776822e-01 7.925311746134113822e-01 -3.552781196714391299e-01 -2.258919780822605250e-01
1.305033551572012901e+09 -1.372041305167182035e-01 -9.209698696664267992e-01 9.818291891167623131e-01 4.411854589474776822e-01 7.925311746134113822e-01 -3.552781196714391299e-01 -2.258919780822605250e-01
1.305033551607862949e+09 -1.372041305167182035e-01 -9.209698696664267992e-01 9.818291891167623131e-01 4.411854589474776822e-01 7.925311746134113822e-01 -3.552781196714391299e-01 -2.258919780822605250e-01
1.305033551640053988e+09 -1.372041305167182035e-01 -9.209698696664267992e-01 9.818291891167623131e-01 4.411854589474776822e-01 7.925311746134113822e-01 -3.552781196714391299e-01 -2.258919780822605250e-01
1.305033551672322989e+09 -1.372041305167182035e-01 -9.209698696664267992e-01 9.818291891167623131e-01 4.411854589474776822e-01 7.925311746134113822e-01 -3.552781196714391299e-01 -2.258919780822605250e-01
1.305033551708184958e+09 -1.372041305167182035e-01 -9.209698696664267992e-01 9.818291891167623131e-01 4.411854589474776822e-01 7.925311746134113822e-01 -3.552781196714391299e-01 -2.258919780822605250e-01
1.305033551740242958e+09 -1.372041305167182035e-01 -9.209698696664267992e-01 9.818291891167623131e-01 4.411854589474776822e-01 7.925311746134113822e-01 -3.552781196714391299e-01 -2.258919780822605250e-01
1.305033551775846958e+09 -1.372041305167182035e-01 -9.209698696664267992e-01 9.818291891167623131e-01 4.411854589474776822e-01 7.925311746134113822e-01 -3.552781196714391299e-01 -2.258919780822605250e-01
1.305033551808033943e+09 -1.372041305167182035e-01 -9.209698696664267992e-01 9.818291891167623131e-01 4.411854589474776822e-01 7.925311746134113822e-01 -3.552781196714391299e-01 -2.258919780822605250e-01
1.305033551840133905e+09 -1.372041305167182035e-01 -9.209698696664267992e-01 9.818291891167623131e-01 4.411854589474776822e-01 7.925311746134113822e-01 -3.552781196714391299e-01 -2.258919780822605250e-01
1.305033551875926971e+09 -1.372041305167182035e-01 -9.209698696664267992e-01 9.818291891167623131e-01 4.411854589474776822e-01 7.925311746134113822e-01 -3.552781196714391299e-01 -2.258919780822605250e-01
1.305033551908205986e+09 -1.372041305167182035e-01 -9.209698696664267992e-01 9.818291891167623131e-01 4.411854589474776822e-01 7.925311746134113822e-01 -3.552781196714391299e-01 -2.258919780822605250e-01
1.305033551940355062e+09 -1.372041305167182035e-01 -9.209698696664267992e-01 9.818291891167623131e-01 4.411854589474776822e-01 7.925311746134113822e-01 -3.552781196714391299e-01 -2.258919780822605250e-01
1.305033551975963116e+09 -1.372041305167182035e-01 -9.209698696664267992e-01 9.818291891167623131e-01 4.411854589474776822e-01 7.925311746134113822e-01 -3.552781196714391299e-01 -2.258919780822605250e-01
1.305033552007946014e+09 -1.372041305167182035e-01 -9.209698696664267992e-01 9.818291891167623131e-01 4.411854589474776822e-01 7.925311746134113822e-01 -3.552781196714391299e-01 -2.258919780822605250e-01
1.305033552040169954e+09 -1.372041305167182035e-01 -9.209698696664267992e-01 9.818291891167623131e-01 4.411854589474776822e-01 7.925311746134113822e-01 -3.552781196714391299e-01 -2.258919780822605250e-01
1.305033553240046024e+09 -1.372041305167182035e-01 -9.209698696664267992e-01 9.818291891167623131e-01 4.411854589474776822e-01 7.925311746134113822e-01 -3.552781196714391299e-01 -2.258919780822605250e-01
1.305033553275903940e+09 -1.372041305167182035e-01 -9.209698696664267992e-01 9.818291891167623131e-01 4.411854589474776822e-01 7.925311746134113822e-01 -3.552781196714391299e-01 -2.258919780822605250e-01
1.305033553307809114e+09 -1.372041305167182035e-01 -9.209698696664267992e-01 9.818291891167623131e-01 4.411854589474776822e-01 7.925311746134113822e-01 -3.552781196714391299e-01 -2.258919780822605250e-01
1.305033553340014935e+09 -1.372041305167182035e-01 -9.209698696664267992e-01 9.818291891167623131e-01 4.411854589474776822e-01 7.925311746134113822e-01 -3.552781196714391299e-01 -2.258919780822605250e-01
1.305033553375997066e+09 -1.372041305167182035e-01 -9.209698696664267992e-01 9.818291891167623131e-01 4.411854589474776822e-01 7.925311746134113822e-01 -3.552781196714391299e-01 -2.258919780822605250e-01
1.305033553407850027e+09 -1.372041305167182035e-01 -9.209698696664267992e-01 9.818291891167623131e-01 4.411854589474776822e-01 7.925311746134113822e-01 -3.552781196714391299e-01 -2.258919780822605250e-01
1.305033553440080881e+09 -1.372041305167182035e-01 -9.209698696664267992e-01 9.818291891167623131e-01 4.411854589474776822e-01 7.925311746134113822e-01 -3.552781196714391299e-01 -2.258919780822605250e-01
1.305033553475868940e+09 -1.372041305167182035e-01 -9.209698696664267992e-01 9.818291891167623131e-01 4.411854589474776822e-01 7.925311746134113822e-01 -3.552781196714391299e-01 -2.258919780822605250e-01
1.305033553507983923e+09 -1.372041305167182035e-01 -9.209698696664267992e-01 9.818291891167623131e-01 4.411854589474776822e-01 7.925311746134113822e-01 -3.552781196714391299e-01 -2.258919780822605250e-01
1.305033553540018082e+09 -1.372041305167182035e-01 -9.209698696664267992e-01 9.818291891167623131e-01 4.411854589474776822e-01 7.925311746134113822e-01 -3.552781196714391299e-01 -2.258919780822605250e-01
1.305033553576020956e+09 -1.372041305167182035e-01 -9.209698696664267992e-01 9.818291891167623131e-01 4.411854589474776822e-01 7.925311746134113822e-01 -3.552781196714391299e-01 -2.258919780822605250e-01
1.305033553607952118e+09 -1.372041305167182035e-01 -9.209698696664267992e-01 9.818291891167623131e-01 4.411854589474776822e-01 7.925311746134113822e-01 -3.552781196714391299e-01 -2.258919780822605250e-01
1.305033553639905930e+09 -1.372041305167182035e-01 -9.209698696664267992e-01 9.818291891167623131e-01 4.411854589474776822e-01 7.925311746134113822e-01 -3.552781196714391299e-01 -2.258919780822605250e-01
1.305033553676166058e+09 -1.372041305167182035e-01 -9.209698696664267992e-01 9.818291891167623131e-01 4.411854589474776822e-01 7.925311746134113822e-01 -3.552781196714391299e-01 -2.258919780822605250e-01
1.305033553707981110e+09 -1.372041305167182035e-01 -9.209698696664267992e-01 9.818291891167623131e-01 4.411854589474776822e-01 7.925311746134113822e-01 -3.552781196714391299e-01 -2.258919780822605250e-01
1.305033553740025997e+09 -1.372041305167182035e-01 -9.209698696664267992e-01 9.818291891167623131e-01 4.411854589474776822e-01 7.925311746134113822e-01 -3.552781196714391299e-01 -2.258919780822605250e-01
1.305033553775867939e+09 -1.372041305167182035e-01 -9.209698696664267992e-01 9.818291891167623131e-01 4.411854589474776822e-01 7.925311746134113822e-01 -3.552781196714391299e-01 -2.258919780822605250e-01
1.305033553807987928e+09 -1.372041305167182035e-01 -9.209698696664267992e-01 9.818291891167623131e-01 4.411854589474776822e-01 7.925311746134113822e-01 -3.552781196714391299e-01 -2.258919780822605250e-01
1.305033553839976072e+09 -1.372041305167182035e-01 -9.209698696664267992e-01 9.818291891167623131e-01 4.411854589474776822e-01 7.925311746134113822e-01 -3.552781196714391299e-01 -2.258919780822605250e-01
1.305033553875967026e+09 -1.372041305167182035e-01 -9.209698696664267992e-01 9.818291891167623131e-01 4.411854589474776822e-01 7.925311746134113822e-01 -3.552781196714391299e-01 -2.258919780822605250e-01
1.305033553907990932e+09 -1.372041305167182035e-01 -9.209698696664267992e-01 9.818291891167623131e-01 4.411854589474776822e-01 7.925311746134113822e-01 -3.552781196714391299e-01 -2.258919780822605250e-01
1.305033553940005064e+09 -1.372041305167182035e-01 -9.209698696664267992e-01 9.818291891167623131e-01 4.411854589474776822e-01 7.925311746134113822e-01 -3.552781196714391299e-01 -2.258919780822605250e-01
1.305033553975991011e+09 -1.372041305167182035e-01 -9.209698696664267992e-01 9.818291891167623131e-01 4.411854589474776822e-01 7.925311746134113822e-01 -3.552781196714391299e-01 -2.258919780822605250e-01
1.305033554007992983e+09 -1.372041305167182035e-01 -9.209698696664267992e-01 9.818291891167623131e-01 4.411854589474776822e-01 7.925311746134113822e-01 -3.552781196714391299e-01 -2.258919780822605250e-01
1.305033554040034056e+09 -1.372041305167182035e-01 -9.209698696664267992e-01 9.818291891167623131e-01 4.411854589474776822e-01 7.925311746134113822e-01 -3.552781196714391299e-01 -2.258919780822605250e-01
1.305033554076023102e+09 -1.372041305167182035e-01 -9.209698696664267992e-01 9.818291891167623131e-01 4.411854589474776822e-01 7.925311746134113822e-01 -3.552781196714391299e-01 -2.258919780822605250e-01
1.305033554108000040e+09 -1.372041305167182035e-01 -9.209698696664267992e-01 9.818291891167623131e-01 4.411854589474776822e-01 7.925311746134113822e-01 -3.552781196714391299e-01 -2.258919780822605250e-01
1.305033554140043974e+09 -1.372041305167182035e-01 -9.209698696664267992e-01 9.818291891167623131e-01 4.411854589474776822e-01 7.925311746134113822e-01 -3.552781196714391299e-01 -2.258919780822605250e-01
1.305033554176007032e+09 -1.372041305167182035e-01 -9.209698696664267992e-01 9.818291891167623131e-01 4.411854589474776822e-01 7.925311746134113822e-01 -3.552781196714391299e-01 -2.258919780822605250e-01
1.305033554208055019e+09 -1.372041305167182035e-01 -9.209698696664267992e-01 9.818291891167623131e-01 4.411854589474776822e-01 7.925311746134113822e-01 -3.552781196714391299e-01 -2.258919780822605250e-01
1.305033554240171909e+09 -1.372041305167182035e-01 -9.209698696664267992e-01 9.818291891167623131e-01 4.411854589474776822e-01 7.925311746134113822e-01 -3.552781196714391299e-01 -2.258919780822605250e-01
1.305033554276067019e+09 -1.372041305167182035e-01 -9.209698696664267992e-01 9.818291891167623131e-01 4.411854589474776822e-01 7.925311746134113822e-01 -3.552781196714391299e-01 -2.258919780822605250e-01
1.305033554308152914e+09 -1.372041305167182035e-01 -9.209698696664267992e-01 9.818291891167623131e-01 4.411854589474776822e-01 7.925311746134113822e-01 -3.552781196714391299e-01 -2.258919780822605250e-01
1.305033554340248108e+09 -1.372041305167182035e-01 -9.209698696664267992e-01 9.818291891167623131e-01 4.411854589474776822e-01 7.925311746134113822e-01 -3.552781196714391299e-01 -2.258919780822605250e-01
1.305033554375987053e+09 -1.372041305167182035e-01 -9.209698696664267992e-01 9.818291891167623131e-01 4.411854589474776822e-01 7.925311746134113822e-01 -3.552781196714391299e-01 -2.258919780822605250e-01
1.305033554407989979e+09 -1.372041305167182035e-01 -9.209698696664267992e-01 9.818291891167623131e-01 4.411854589474776822e-01 7.925311746134113822e-01 -3.552781196714391299e-01 -2.258919780822605250e-01
1.305033554440087080e+09 -1.372041305167182035e-01 -9.209698696664267992e-01 9.818291891167623131e-01 4.411854589474776822e-01 7.925311746134113822e-01 -3.552781196714391299e-01 -2.258919780822605250e-01
1.305033554476212978e+09 -1.372041305167182035e-01 -9.209698696664267992e-01 9.818291891167623131e-01 4.411854589474776822e-01 7.925311746134113822e-01 -3.552781196714391299e-01 -2.258919780822605250e-01
1.305033554508045912e+09 -1.372041305167182035e-01 -9.209698696664267992e-01 9.818291891167623131e-01 4.411854589474776822e-01 7.925311746134113822e-01 -3.552781196714391299e-01 -2.258919780822605250e-01
1.305033554540139914e+09 -1.372041305167182035e-01 -9.209698696664267992e-01 9.818291891167623131e-01 4.411854589474776822e-01 7.925311746134113822e-01 -3.552781196714391299e-01 -2.258919780822605250e-01
1.305033554576065063e+09 -1.372041305167182035e-01 -9.209698696664267992e-01 9.818291891167623131e-01 4.411854589474776822e-01 7.925311746134113822e-01 -3.552781196714391299e-01 -2.258919780822605250e-01
1.305033554608016014e+09 -1.372041305167182035e-01 -9.209698696664267992e-01 9.818291891167623131e-01 4.411854589474776822e-01 7.925311746134113822e-01 -3.552781196714391299e-01 -2.258919780822605250e-01
1.305033554639904976e+09 -1.372041305167182035e-01 -9.209698696664267992e-01 9.818291891167623131e-01 4.411854589474776822e-01 7.925311746134113822e-01 -3.552781196714391299e-01 -2.258919780822605250e-01
1.305033554676229954e+09 -1.372041305167182035e-01 -9.209698696664267992e-01 9.818291891167623131e-01 4.411854589474776822e-01 7.925311746134113822e-01 -3.552781196714391299e-01 -2.258919780822605250e-01
1.305033554708024979e+09 -1.372041305167182035e-01 -9.209698696664267992e-01 9.818291891167623131e-01 4.411854589474776822e-01 7.925311746134113822e-01 -3.552781196714391299e-01 -2.258919780822605250e-01
1.305033554740334034e+09 -1.372041305167182035e-01 -9.209698696664267992e-01 9.818291891167623131e-01 4.411854589474776822e-01 7.925311746134113822e-01 -3.552781196714391299e-01 -2.258919780822605250e-01
1.305033554776017904e+09 -1.372041305167182035e-01 -9.209698696664267992e-01 9.818291891167623131e-01 4.411854589474776822e-01 7.925311746134113822e-01 -3.552781196714391299e-01 -2.258919780822605250e-01
1.305033554807959080e+09 -1.372041305167182035e-01 -9.209698696664267992e-01 9.818291891167623131e-01 4.411854589474776822e-01 7.925311746134113822e-01 -3.552781196714391299e-01 -2.258919780822605250e-01
1.305033554840166092e+09 -1.372041305167182035e-01 -9.209698696664267992e-01 9.818291891167623131e-01 4.411854589474776822e-01 7.925311746134113822e-01 -3.552781196714391299e-01 -2.258919780822605250e-01
1.305033554875814915e+09 -1.372041305167182035e-01 -9.209698696664267992e-01 9.818291891167623131e-01 4.411854589474776822e-01 7.925311746134113822e-01 -3.552781196714391299e-01 -2.258919780822605250e-01
1.305033554907958984e+09 -1.372041305167182035e-01 -9.209698696664267992e-01 9.818291891167623131e-01 4.411854589474776822e-01 7.925311746134113822e-01 -3.552781196714391299e-01 -2.258919780822605250e-01
1.305033554940186024e+09 -1.372041305167182035e-01 -9.209698696664267992e-01 9.818291891167623131e-01 4.411854589474776822e-01 7.925311746134113822e-01 -3.552781196714391299e-01 -2.258919780822605250e-01
1.305033554975950956e+09 -1.372041305167182035e-01 -9.209698696664267992e-01 9.818291891167623131e-01 4.411854589474776822e-01 7.925311746134113822e-01 -3.552781196714391299e-01 -2.258919780822605250e-01
1.305033555007831097e+09 -1.044536999936984678e-01 -9.188391175074670514e-01 9.821766782065624035e-01 4.466200138929830032e-01 7.890035347823232126e-01 -3.513833196120555447e-01 -2.335246196649153338e-01
1.305033555039870024e+09 -9.085611970003903970e-02 -9.128849794075426516e-01 9.885616865332016445e-01 4.466238262158195305e-01 7.893886743063394107e-01 -3.493925533254258475e-01 -2.351967738170757105e-01
1.305033555075829983e+09 -8.200300630628620802e-02 -9.039858190935995408e-01 9.928208422078156348e-01 4.476023612108770422e-01 7.888428220889511788e-01 -3.490188185983433278e-01 -2.357222784155196260e-01
1.305033555107911110e+09 -7.269285156228599831e-02 -9.014801202360558374e-01 9.984091337853510106e-01 4.477598269418017196e-01 7.888850243412748320e-01 -3.476635940091528099e-01 -2.372795422023420420e-01
1.305033555139873028e+09 -6.393822040907104487e-02 -8.956248407349183260e-01 1.005636311252755322e+00 4.475659217108262644e-01 7.886848808300885860e-01 -3.477635670415606395e-01 -2.381625619439323160e-01
1.305033555175848007e+09 -5.342584277007933480e-02 -8.955999303152339941e-01 1.005060333188388055e+00 4.487959242929361325e-01 7.860027871933853438e-01 -3.489409725539885931e-01 -2.429445091689775849e-01
1.305033555211405993e+09 -4.451422487698408759e-02 -8.889438875763073789e-01 1.004872969741869682e+00 4.476746081245004949e-01 7.847852314758433367e-01 -3.520924996638681304e-01 -2.443981533858858857e-01
1.305033555239871979e+09 -3.547090710605926844e-02 -8.837722821896305536e-01 1.011200096833300588e+00 4.478079986812767421e-01 7.849292607135411881e-01 -3.522791763195972092e-01 -2.434202824835050571e-01
1.305033555275906086e+09 -2.567031216934201332e-02 -8.786842055089886250e-01 1.013273296790889733e+00 4.470969768950318057e-01 7.845503250470995393e-01 -3.533930299612184633e-01 -2.443326566274817424e-01
1.305033555307888985e+09 -1.588832909880855127e-02 -8.770097962492711119e-01 1.003464450461878821e+00 4.475238677588750935e-01 7.822343408375276308e-01 -3.556335172992521887e-01 -2.477026951286119827e-01
1.305033555340023994e+09 -4.517501009304591975e-03 -8.712388918833298135e-01 1.001024711494290287e+00 4.474822042413207357e-01 7.816419595830282896e-01 -3.565116067071515404e-01 -2.483847784982360918e-01
1.305033555376127005e+09 4.046777745437601936e-03 -8.621548055391953236e-01 1.000560954399440261e+00 4.473707869533610770e-01 7.817341869974915314e-01 -3.578064900114139024e-01 -2.464255578583788575e-01
1.305033555407926083e+09 1.534147439121413825e-02 -8.608897625980505008e-01 1.002473809474740518e+00 4.467092641042317847e-01 7.828532796250345926e-01 -3.555167296021111700e-01 -2.473851873431440751e-01
1.305033555439798117e+09 1.534147439121413825e-02 -8.608897625980505008e-01 1.002473809474740518e+00 4.467092641042317847e-01 7.828532796250345926e-01 -3.555167296021111700e-01 -2.473851873431440751e-01
1.305033555475830078e+09 3.315847863340137813e-02 -8.564817760028006211e-01 1.008643306426827646e+00 4.472912801722060960e-01 7.849041987991309810e-01 -3.529556862569398490e-01 -2.434711336653605507e-01
1.305033555508054018e+09 4.159297782097737262e-02 -8.507117308272655887e-01 1.013557121501344138e+00 4.477079655242452993e-01 7.860477199548707716e-01 -3.522783513196053318e-01 -2.399719207562230894e-01
1.305033555540167093e+09 4.159297782097737262e-02 -8.507117308272655887e-01 1.013557121501344138e+00 4.477079655242452993e-01 7.860477199548707716e-01 -3.522783513196053318e-01 -2.399719207562230894e-01
1.305033555576014996e+09 5.982435980458400415e-02 -8.494879163331751082e-01 1.011095634652021680e+00 4.490709122326610458e-01 7.855623778983078509e-01 -3.518186478983146293e-01 -2.396887673802914898e-01
1.305033555607899904e+09 5.982435980458400415e-02 -8.494879163331751082e-01 1.011095634652021680e+00 4.490709122326610458e-01 7.855623778983078509e-01 -3.518186478983146293e-01 -2.396887673802914898e-01
1.305033555640029907e+09 7.381422547694338476e-02 -8.476424254289169902e-01 1.015114000885110723e+00 4.506550635817803685e-01 7.863915371472908200e-01 -3.488732400676524681e-01 -2.382977682143092579e-01
1.305033555676146984e+09 7.381422547694338476e-02 -8.476424254289169902e-01 1.015114000885110723e+00 4.506550635817803685e-01 7.863915371472908200e-01 -3.488732400676524681e-01 -2.382977682143092579e-01
1.305033555707998991e+09 8.796469391424510675e-02 -8.481203782935132773e-01 1.016469449649193724e+00 4.530727495846059716e-01 7.857349838847820234e-01 -3.463182269682745229e-01 -2.396023880368828851e-01
1.305033555740084887e+09 8.796469391424510675e-02 -8.481203782935132773e-01 1.016469449649193724e+00 4.530727495846059716e-01 7.857349838847820234e-01 -3.463182269682745229e-01 -2.396023880368828851e-01
1.305033555776006937e+09 8.796469391424510675e-02 -8.481203782935132773e-01 1.016469449649193724e+00 4.530727495846059716e-01 7.857349838847820234e-01 -3.463182269682745229e-01 -2.396023880368828851e-01
1.305033555808005095e+09 8.796469391424510675e-02 -8.481203782935132773e-01 1.016469449649193724e+00 4.530727495846059716e-01 7.857349838847820234e-01 -3.463182269682745229e-01 -2.396023880368828851e-01
1.305033555839876890e+09 8.796469391424510675e-02 -8.481203782935132773e-01 1.016469449649193724e+00 4.530727495846059716e-01 7.857349838847820234e-01 -3.463182269682745229e-01 -2.396023880368828851e-01
1.305033555876036882e+09 8.796469391424510675e-02 -8.481203782935132773e-01 1.016469449649193724e+00 4.530727495846059716e-01 7.857349838847820234e-01 -3.463182269682745229e-01 -2.396023880368828851e-01
1.305033555908152103e+09 9.474440593422039925e-02 -8.393488902200489932e-01 1.020543805780044000e+00 4.656657040968281702e-01 7.801742491494673137e-01 -3.449181000967924127e-01 -2.356164196691078183e-01
1.305033555940116882e+09 9.474440593422039925e-02 -8.393488902200489932e-01 1.020543805780044000e+00 4.656657040968281702e-01 7.801742491494673137e-01 -3.449181000967924127e-01 -2.356164196691078183e-01
1.305033556040213108e+09 9.474440593422039925e-02 -8.393488902200489932e-01 1.020543805780044000e+00 4.656657040968281702e-01 7.801742491494673137e-01 -3.449181000967924127e-01 -2.356164196691078183e-01
1.305033556076013088e+09 9.474440593422039925e-02 -8.393488902200489932e-01 1.020543805780044000e+00 4.656657040968281702e-01 7.801742491494673137e-01 -3.449181000967924127e-01 -2.356164196691078183e-01
1.305033556108100891e+09 9.474440593422039925e-02 -8.393488902200489932e-01 1.020543805780044000e+00 4.656657040968281702e-01 7.801742491494673137e-01 -3.449181000967924127e-01 -2.356164196691078183e-01
1.305033556140059948e+09 8.494056839534636083e-02 -8.358802249474319712e-01 1.020938696235759613e+00 4.699128951492478334e-01 7.783605346456942131e-01 -3.422608763796473608e-01 -2.370532462936478235e-01
1.305033556176121950e+09 8.494056839534636083e-02 -8.358802249474319712e-01 1.020938696235759613e+00 4.699128951492478334e-01 7.783605346456942131e-01 -3.422608763796473608e-01 -2.370532462936478235e-01
1.305033556207982063e+09 8.494056839534636083e-02 -8.358802249474319712e-01 1.020938696235759613e+00 4.699128951492478334e-01 7.783605346456942131e-01 -3.422608763796473608e-01 -2.370532462936478235e-01
1.305033556239929914e+09 7.116591016181494922e-02 -8.325719386357709473e-01 1.021328454031440458e+00 4.772542454330637174e-01 7.749847013714172839e-01 -3.392474748461177247e-01 -2.377777295435906657e-01
1.305033556275993109e+09 7.116591016181494922e-02 -8.325719386357709473e-01 1.021328454031440458e+00 4.772542454330637174e-01 7.749847013714172839e-01 -3.392474748461177247e-01 -2.377777295435906657e-01
1.305033556307938099e+09 5.956706451415438863e-02 -8.336041496193979938e-01 1.019405789750100766e+00 4.811411538562471724e-01 7.729677352947077473e-01 -3.373448976945535582e-01 -2.392122284890570161e-01
1.305033556340038061e+09 5.956706451415438863e-02 -8.336041496193979938e-01 1.019405789750100766e+00 4.811411538562471724e-01 7.729677352947077473e-01 -3.373448976945535582e-01 -2.392122284890570161e-01
1.305033556375885963e+09 5.956706451415438863e-02 -8.336041496193979938e-01 1.019405789750100766e+00 4.811411538562471724e-01 7.729677352947077473e-01 -3.373448976945535582e-01 -2.392122284890570161e-01
1.305033556407970905e+09 4.594735221617551879e-02 -8.332988698238454894e-01 1.018600432768519859e+00 4.874586290606566785e-01 7.689678309612119067e-01 -3.349938371790783798e-01 -2.425936704721522452e-01
1.305033556439968109e+09 4.594735221617551879e-02 -8.332988698238454894e-01 1.018600432768519859e+00 4.874586290606566785e-01 7.689678309612119067e-01 -3.349938371790783798e-01 -2.425936704721522452e-01
1.305033556475858927e+09 2.829473623702360996e-02 -8.380266164708370935e-01 1.020208015230778642e+00 4.943450255232132440e-01 7.652852119455864077e-01 -3.307379679108592985e-01 -2.461177293492848583e-01
1.305033556507904053e+09 1.837701744068298559e-02 -8.408561036317504511e-01 1.016999151929159684e+00 4.972940433437144092e-01 7.632037783611418380e-01 -3.298682925911295971e-01 -2.478014057529739633e-01
1.305033556540024996e+09 7.525471911119518964e-03 -8.424880786825950096e-01 1.015515228678973036e+00 4.997643545348544603e-01 7.614083291004892784e-01 -3.292690016802546360e-01 -2.491482908736276647e-01
1.305033556575851917e+09 -2.349327685223556728e-03 -8.473292058297656748e-01 1.009509870837131507e+00 5.026774556970032837e-01 7.586246542067037746e-01 -3.286131493207784526e-01 -2.526210752435871232e-01
1.305033556607872009e+09 -1.322076486522738570e-02 -8.518198994127913481e-01 1.011391043840912385e+00 5.051943499191338116e-01 7.577199760291375430e-01 -3.256838135712009086e-01 -2.541046247393112800e-01
1.305033556640041113e+09 -2.332376321236950822e-02 -8.557053267124528073e-01 1.012942651691464802e+00 5.081967765446639973e-01 7.554170611887729425e-01 -3.236803304949674720e-01 -2.575114436781391625e-01
1.305033556675955057e+09 -2.332376321236950822e-02 -8.557053267124528073e-01 1.012942651691464802e+00 5.081967765446639973e-01 7.554170611887729425e-01 -3.236803304949674720e-01 -2.575114436781391625e-01
1.305033556707983017e+09 -4.265483853428087002e-02 -8.605603374251717952e-01 1.015392232180374776e+00 5.160827064099762218e-01 7.502996913163965109e-01 -3.181721118789877512e-01 -2.635820945693001516e-01
1.305033556739979982e+09 -5.333811784891673291e-02 -8.614910227491425765e-01 1.011685542792891912e+00 5.206859661700286024e-01 7.467987916372349488e-01 -3.173880014331427191e-01 -2.654101467333627173e-01
1.305033556775974035e+09 -6.608780725003038370e-02 -8.596643573905303759e-01 1.009896686799228060e+00 5.253671166123861092e-01 7.436433047048912615e-01 -3.161494406168620097e-01 -2.665212174436044634e-01
1.305033556808044910e+09 -7.855189297356979239e-02 -8.520794955208071952e-01 1.008390229441652242e+00 5.281263853535423936e-01 7.418089468801192243e-01 -3.147899935392969861e-01 -2.677858610710049936e-01
1.305033556839919090e+09 -9.148053734281735849e-02 -8.560915501725251398e-01 1.013193567465747735e+00 5.333825882183200751e-01 7.398008729720918497e-01 -3.086734265444824321e-01 -2.700340694811395603e-01
1.305033556876019001e+09 -1.008011819705700862e-01 -8.601880107780401907e-01 1.013132889421747729e+00 5.386364392257766420e-01 7.363076713384253402e-01 -3.041126477175837284e-01 -2.742941796038739222e-01
1.305033556907886982e+09 -1.194317399169833038e-01 -8.581425843180422453e-01 1.005513317096851988e+00 5.438035260705387230e-01 7.326622008601846314e-01 -3.017266437250445410e-01 -2.764866306539603413e-01
1.305033556939975023e+09 -1.328583507348535253e-01 -8.587307429688659788e-01 1.005538304770099867e+00 5.487983651938609375e-01 7.288350175674065401e-01 -2.982867609078578286e-01 -2.804369444191728289e-01
1.305033556975893021e+09 -1.444474533745430112e-01 -8.616788503870764782e-01 1.012843639699095188e+00 5.531569174511298259e-01 7.266403140310726538e-01 -2.916497137562012454e-01 -2.845201630231397050e-01
1.305033557007877111e+09 -1.547231180424404329e-01 -8.639205858092811052e-01 1.021710608286680477e+00 5.601702803805092001e-01 7.220781330211469839e-01 -2.868627190197945431e-01 -2.872667875471979215e-01
1.305033557040035009e+09 -1.703857973056073227e-01 -8.610665888774063914e-01 1.015954504094794819e+00 5.643341115758685467e-01 7.172730033119673054e-01 -2.856538251498063619e-01 -2.923154826706750864e-01
1.305033557075946093e+09 -1.813390244777361993e-01 -8.611197508479155882e-01 1.013008576138006545e+00 5.697267433820829563e-01 7.115919473887821756e-01 -2.861296576114550905e-01 -2.952594745674362309e-01
1.305033557207974911e+09 -2.313428571592881511e-01 -8.648228057458445805e-01 1.013161735613963055e+00 5.858844915004992604e-01 6.966106193975327709e-01 -2.778576813945675683e-01 -3.070311327077796526e-01
1.305033557240011930e+09 -2.313428571592881511e-01 -8.648228057458445805e-01 1.013161735613963055e+00 5.858844915004992604e-01 6.966106193975327709e-01 -2.778576813945675683e-01 -3.070311327077796526e-01
1.305033557276050091e+09 -2.313428571592881511e-01 -8.648228057458445805e-01 1.013161735613963055e+00 5.858844915004992604e-01 6.966106193975327709e-01 -2.778576813945675683e-01 -3.070311327077796526e-01
1.305033557307888985e+09 -2.672202545371500371e-01 -8.616198778526387159e-01 1.003487559518472239e+00 5.924633336961711016e-01 6.867027430426625445e-01 -2.816214792979283565e-01 -3.132345500122057369e-01
1.305033557340044975e+09 -2.672202545371500371e-01 -8.616198778526387159e-01 1.003487559518472239e+00 5.924633336961711016e-01 6.867027430426625445e-01 -2.816214792979283565e-01 -3.132345500122057369e-01
1.305033557376085997e+09 -2.672202545371500371e-01 -8.616198778526387159e-01 1.003487559518472239e+00 5.924633336961711016e-01 6.867027430426625445e-01 -2.816214792979283565e-01 -3.132345500122057369e-01
1.305033557408417940e+09 -2.836412029131243351e-01 -8.594112599128413965e-01 9.969704381120030323e-01 5.960092312354253741e-01 6.813963890113131638e-01 -2.828654637968741614e-01 -3.169528146514551392e-01
1.305033557440157890e+09 -2.836412029131243351e-01 -8.594112599128413965e-01 9.969704381120030323e-01 5.960092312354253741e-01 6.813963890113131638e-01 -2.828654637968741614e-01 -3.169528146514551392e-01
1.305033557476006985e+09 -3.034085741782714951e-01 -8.584779264157550438e-01 9.919021159432988011e-01 -6.017018322104674688e-01 -6.774409260628582174e-01 2.809513812435532332e-01 3.163779672907123253e-01
1.305033557508956909e+09 -3.115959465831852349e-01 -8.558588105371491839e-01 9.860714331708542169e-01 -6.035008791158495978e-01 -6.752314881942474978e-01 2.815955793429298915e-01 3.171010185286359251e-01
1.305033557540147066e+09 -3.247939894107103598e-01 -8.546126215926099778e-01 9.707490001328554774e-01 -6.045474660804494027e-01 -6.723504478125763573e-01 2.818935754723788101e-01 3.209411919485158360e-01
1.305033557576010942e+09 -3.327314841929713829e-01 -8.571603526141895468e-01 9.797634440591851401e-01 -6.079963014453834136e-01 -6.717940469528282943e-01 2.779143723841916991e-01 3.190561980745339477e-01
1.305033557608076096e+09 -3.466592969183146522e-01 -8.466140894323814781e-01 9.644912506305121092e-01 -6.096548724374775130e-01 -6.683706159813926906e-01 2.824878360737823058e-01 3.190646935595487510e-01
1.305033557640067101e+09 -3.550672864583381827e-01 -8.433865182902484658e-01 9.731556836089554352e-01 -6.125371105860633048e-01 -6.684030419894461117e-01 2.780107618509934930e-01 3.174045965469965980e-01
1.305033557675920963e+09 -3.636060755797871913e-01 -8.487251244305455966e-01 9.773505231471660837e-01 -6.167984168914869558e-01 -6.659835492447389038e-01 2.716936732973181390e-01 3.197001297243186047e-01
1.305033557708017111e+09 -3.704242842725888885e-01 -8.462929837159552937e-01 9.886260478652910688e-01 -6.215988073811247183e-01 -6.643444961629249024e-01 2.703430580313579967e-01 3.149221237935607154e-01
1.305033557739933968e+09 -3.805342273257632524e-01 -8.386420816973074732e-01 9.812750758257198225e-01 -6.224777423678125032e-01 -6.629184354748263175e-01 2.721428172987034322e-01 3.146408987353750963e-01
1.305033557775893927e+09 -3.912227982109652835e-01 -8.333874694215723800e-01 9.790799082383900842e-01 -6.245916361626542290e-01 -6.615035734294194558e-01 2.705786534246392150e-01 3.147784978150129920e-01
1.305033557807892084e+09 -4.008842693758518649e-01 -8.310852137215980484e-01 9.725442472334022703e-01 -6.272134299399421131e-01 -6.587394626377541806e-01 2.687964181135212849e-01 3.168818695918675377e-01
1.305033557839884043e+09 -4.141947172686393230e-01 -8.204133297342289799e-01 9.667361424808069703e-01 -6.283470046410242205e-01 -6.584385137893663531e-01 2.691242571012599227e-01 3.149776175495616060e-01
1.305033557875991106e+09 -4.264971646730217891e-01 -8.176829218823052914e-01 9.722050050007201571e-01 -6.315927579409893466e-01 -6.576502424262877788e-01 2.638845975847282088e-01 3.145658371639960538e-01
1.305033557908090115e+09 -4.337897624962412380e-01 -8.255728651483437153e-01 9.728745575192583317e-01 -6.363932979394235634e-01 -6.535000517160998168e-01 2.568368323350636029e-01 3.193369604366665948e-01
1.305033557940083981e+09 -4.453561585815830615e-01 -8.225680581758616494e-01 9.793082795428247334e-01 -6.408985458614704367e-01 -6.519360628775435762e-01 2.515665184710130231e-01 3.177148259316109336e-01
1.305033557976015091e+09 -4.453561585815830615e-01 -8.225680581758616494e-01 9.793082795428247334e-01 -6.408985458614704367e-01 -6.519360628775435762e-01 2.515665184710130231e-01 3.177148259316109336e-01
1.305033558008090973e+09 -4.682404127363621882e-01 -8.142015199749421672e-01 9.762221648379519889e-01 -6.504888554461316641e-01 -6.441864010469999791e-01 2.448036622562737297e-01 3.193106584384738378e-01
1.305033558039891958e+09 -4.790283331287137347e-01 -8.102145758053554969e-01 9.781016152148070963e-01 -6.546495740070376046e-01 -6.415865972211854951e-01 2.402593734287163940e-01 3.194933598655612661e-01
1.305033558075871944e+09 -4.899964641369369822e-01 -8.061541242243438488e-01 9.794595698861998656e-01 -6.591651285903092905e-01 -6.376539224642289172e-01 2.371423013723650552e-01 3.204096398617284347e-01
1.305033558108006954e+09 -4.899964641369369822e-01 -8.061541242243438488e-01 9.794595698861998656e-01 -6.591651285903092905e-01 -6.376539224642289172e-01 2.371423013723650552e-01 3.204096398617284347e-01
1.305033558139982939e+09 -5.104294070574961761e-01 -7.962776173791017431e-01 9.823226371474333973e-01 -6.674739422491074992e-01 -6.300613564229309294e-01 2.314041622938124432e-01 3.224179542674854293e-01
1.305033558175960064e+09 -5.195410940809346290e-01 -7.887115692652771903e-01 9.819206237048371255e-01 -6.721972675350234017e-01 -6.243236124122234498e-01 2.305649363554532205e-01 3.243619438627255436e-01
1.305033558207948923e+09 -5.301585741729055723e-01 -7.811295655105159330e-01 9.811626486821141135e-01 -6.759964129009743417e-01 -6.203233615338995532e-01 2.291965792380702138e-01 3.251102965854284488e-01
1.305033558576013088e+09 -6.089759737573074982e-01 -7.013077936191225437e-01 9.833985456468052888e-01 -7.189970546731045964e-01 -5.604003112626277927e-01 2.001251407313285879e-01 3.590886444256019550e-01
1.305033558608046055e+09 -6.089759737573074982e-01 -7.013077936191225437e-01 9.833985456468052888e-01 -7.189970546731045964e-01 -5.604003112626277927e-01 2.001251407313285879e-01 3.590886444256019550e-01
1.305033558640091896e+09 -6.198712579191745231e-01 -6.840860882587445069e-01 9.828934952880359344e-01 -7.267011656235680128e-01 -5.474537461557360540e-01 1.944818899456728367e-01 3.665741482763854586e-01
1.305033558676023006e+09 -6.198712579191745231e-01 -6.840860882587445069e-01 9.828934952880359344e-01 -7.267011656235680128e-01 -5.474537461557360540e-01 1.944818899456728367e-01 3.665741482763854586e-01
1.305033558708029985e+09 -6.198712579191745231e-01 -6.840860882587445069e-01 9.828934952880359344e-01 -7.267011656235680128e-01 -5.474537461557360540e-01 1.944818899456728367e-01 3.665741482763854586e-01
1.305033558740101099e+09 -6.284678822248139785e-01 -6.713093071339404361e-01 9.860722888026924871e-01 -7.335078561665439034e-01 -5.346576431349127079e-01 1.856805400795107641e-01 3.763378357475660740e-01
1.305033558776016951e+09 -6.284678822248139785e-01 -6.713093071339404361e-01 9.860722888026924871e-01 -7.335078561665439034e-01 -5.346576431349127079e-01 1.856805400795107641e-01 3.763378357475660740e-01
1.305033558807982922e+09 -6.360855198542687550e-01 -6.510320179478764624e-01 9.873388455504761296e-01 -7.442471628128619621e-01 -5.156471392777585150e-01 1.805852613134262541e-01 3.841785415611220778e-01
1.305033558839870930e+09 -6.360855198542687550e-01 -6.510320179478764624e-01 9.873388455504761296e-01 -7.442471628128619621e-01 -5.156471392777585150e-01 1.805852613134262541e-01 3.841785415611220778e-01
1.305033558876550913e+09 -6.426988314032160421e-01 -6.340594493136463283e-01 9.956910159526355386e-01 -7.585785035951330135e-01 -4.930351417349472243e-01 1.735865590605694120e-01 3.890279031268589760e-01
1.305033558908104897e+09 -6.426988314032160421e-01 -6.340594493136463283e-01 9.956910159526355386e-01 -7.585785035951330135e-01 -4.930351417349472243e-01 1.735865590605694120e-01 3.890279031268589760e-01
1.305033558939966917e+09 -6.492163327010096463e-01 -6.194630040050962405e-01 9.988004937024209662e-01 -7.690213969286399109e-01 -4.721893255480195117e-01 1.683931999750636899e-01 3.965943293928796409e-01
1.305033558976272106e+09 -6.492163327010096463e-01 -6.194630040050962405e-01 9.988004937024209662e-01 -7.690213969286399109e-01 -4.721893255480195117e-01 1.683931999750636899e-01 3.965943293928796409e-01
1.305033559007999897e+09 -6.535639060019688973e-01 -6.089561429984414742e-01 1.000394614718214559e+00 -7.705705581585432506e-01 -4.635527335652951386e-01 1.605754044097488231e-01 4.068850176671772179e-01
1.305033559040381908e+09 -6.535639060019688973e-01 -6.089561429984414742e-01 1.000394614718214559e+00 -7.705705581585432506e-01 -4.635527335652951386e-01 1.605754044097488231e-01 4.068850176671772179e-01
1.305033559076769114e+09 -6.535639060019688973e-01 -6.089561429984414742e-01 1.000394614718214559e+00 -7.705705581585432506e-01 -4.635527335652951386e-01 1.605754044097488231e-01 4.068850176671772179e-01
1.305033559109646082e+09 -6.572973346060300148e-01 -5.930319875408016639e-01 1.003503799645476535e+00 -7.716049509681202068e-01 -4.569492583689691578e-01 1.570140733126400012e-01 4.137266678609283210e-01
1.305033559139919996e+09 -6.572973346060300148e-01 -5.930319875408016639e-01 1.003503799645476535e+00 -7.716049509681202068e-01 -4.569492583689691578e-01 1.570140733126400012e-01 4.137266678609283210e-01
1.305033559175997019e+09 -6.572973346060300148e-01 -5.930319875408016639e-01 1.003503799645476535e+00 -7.716049509681202068e-01 -4.569492583689691578e-01 1.570140733126400012e-01 4.137266678609283210e-01
1.305033559208039999e+09 -6.616216824193823509e-01 -5.812971744631356685e-01 1.004476017788843212e+00 -7.750785013807938162e-01 -4.416110571401969387e-01 1.486530296666076778e-01 4.267730868737615868e-01
1.305033559239862919e+09 -6.616216824193823509e-01 -5.812971744631356685e-01 1.004476017788843212e+00 -7.750785013807938162e-01 -4.416110571401969387e-01 1.486530296666076778e-01 4.267730868737615868e-01
1.305033559276036978e+09 -6.616216824193823509e-01 -5.812971744631356685e-01 1.004476017788843212e+00 -7.750785013807938162e-01 -4.416110571401969387e-01 1.486530296666076778e-01 4.267730868737615868e-01
1.305033559307898045e+09 -6.616216824193823509e-01 -5.812971744631356685e-01 1.004476017788843212e+00 -7.750785013807938162e-01 -4.416110571401969387e-01 1.486530296666076778e-01 4.267730868737615868e-01
1.305033559340097904e+09 -6.616216824193823509e-01 -5.812971744631356685e-01 1.004476017788843212e+00 -7.750785013807938162e-01 -4.416110571401969387e-01 1.486530296666076778e-01 4.267730868737615868e-01
1.305033559375961065e+09 -6.616216824193823509e-01 -5.812971744631356685e-01 1.004476017788843212e+00 -7.750785013807938162e-01 -4.416110571401969387e-01 1.486530296666076778e-01 4.267730868737615868e-01
1.305033559407979012e+09 -6.616216824193823509e-01 -5.812971744631356685e-01 1.004476017788843212e+00 -7.750785013807938162e-01 -4.416110571401969387e-01 1.486530296666076778e-01 4.267730868737615868e-01
1.305033559440041065e+09 -6.616216824193823509e-01 -5.812971744631356685e-01 1.004476017788843212e+00 -7.750785013807938162e-01 -4.416110571401969387e-01 1.486530296666076778e-01 4.267730868737615868e-01
1.305033559476020098e+09 -6.616216824193823509e-01 -5.812971744631356685e-01 1.004476017788843212e+00 -7.750785013807938162e-01 -4.416110571401969387e-01 1.486530296666076778e-01 4.267730868737615868e-01
1.305033559507931948e+09 -6.616216824193823509e-01 -5.812971744631356685e-01 1.004476017788843212e+00 -7.750785013807938162e-01 -4.416110571401969387e-01 1.486530296666076778e-01 4.267730868737615868e-01
1.305033559776010990e+09 -6.263666608490472409e-01 -6.165267040927699949e-01 9.987182456340339964e-01 -7.763430428794554361e-01 -4.583113366850287140e-01 1.550341960271576225e-01 4.039883618383866004e-01
1.305033559808037996e+09 -6.263666608490472409e-01 -6.165267040927699949e-01 9.987182456340339964e-01 -7.763430428794554361e-01 -4.583113366850287140e-01 1.550341960271576225e-01 4.039883618383866004e-01
1.305033559840056896e+09 -6.134618093531762906e-01 -6.291895845098612883e-01 9.991654163311094461e-01 -7.765023130791155470e-01 -4.624229115564362225e-01 1.576764430854678545e-01 3.979288227137696143e-01
1.305033559875881910e+09 -6.134618093531762906e-01 -6.291895845098612883e-01 9.991654163311094461e-01 -7.765023130791155470e-01 -4.624229115564362225e-01 1.576764430854678545e-01 3.979288227137696143e-01
1.305033559908072948e+09 -6.009107554721728750e-01 -6.388853405628808213e-01 1.001925139605519988e+00 -7.727285142021123043e-01 -4.740754779322959855e-01 1.612524163877966654e-01 3.900522308247417191e-01
1.305033559940078974e+09 -6.009107554721728750e-01 -6.388853405628808213e-01 1.001925139605519988e+00 -7.727285142021123043e-01 -4.740754779322959855e-01 1.612524163877966654e-01 3.900522308247417191e-01
1.305033559976032972e+09 -5.869839437952959482e-01 -6.528620033028121883e-01 1.000641676083466658e+00 -7.669163910645365734e-01 -4.862188202542501725e-01 1.625839027350885202e-01 3.860012726903102598e-01
1.305033560008053064e+09 -5.776098552740640546e-01 -6.563663267910112564e-01 1.001167988870482972e+00 -7.649964399041104812e-01 -4.913382128931602644e-01 1.654312935519064165e-01 3.820990638548267815e-01
1.305033560040021896e+09 -5.696094410014096443e-01 -6.635360036116327853e-01 1.000659339291069649e+00 -7.642338850953228624e-01 -4.949412645903747410e-01 1.666393676534904389e-01 3.784323382400536229e-01
1.305033560076066017e+09 -5.604390571077908501e-01 -6.679865077076749813e-01 1.003014901645847168e+00 -7.619732126359686220e-01 -5.014205012018114749e-01 1.679956933076193759e-01 3.738338551145915511e-01
1.305033560107877970e+09 -5.514264520850626905e-01 -6.736986112455498610e-01 1.001412985985426385e+00 -7.590681560073406775e-01 -5.072653702770005824e-01 1.702243260785880341e-01 3.708383171470331918e-01
1.305033560139985085e+09 -5.429907822171442522e-01 -6.816706172300779354e-01 1.003485579254135285e+00 -7.549587877476912068e-01 -5.152183200015969522e-01 1.713381802875957871e-01 3.677370521350873389e-01
1.305033560175952911e+09 -5.330032539265892044e-01 -6.858958635932551617e-01 1.006589101663189600e+00 -7.503994410609969856e-01 -5.241311141034132870e-01 1.741010453628343835e-01 3.631474632812768943e-01
1.305033560207885027e+09 -5.245893608047775825e-01 -6.915084397449550169e-01 1.006637717000461008e+00 -7.457398309166373140e-01 -5.315932155135341119e-01 1.763617329869738848e-01 3.608009103955222008e-01
1.305033560240149021e+09 -5.135171479967983732e-01 -6.979001085506182367e-01 1.005338562172580108e+00 -7.417474878717968956e-01 -5.375712132937885412e-01 1.797363584553443028e-01 3.585006224861186919e-01
1.305033560275875092e+09 -5.033107794900062437e-01 -7.045499586337375941e-01 1.002730807117328649e+00 -7.372073891786794508e-01 -5.441514482696111488e-01 1.833845183700221204e-01 3.560822729491525673e-01
1.305033560308068037e+09 -4.932790606231582942e-01 -7.048230472204407571e-01 1.006665489641848765e+00 -7.328586153941617498e-01 -5.525545932635358426e-01 1.869201290392846493e-01 3.502321182670967148e-01
1.305033560340794086e+09 -4.826551998793633391e-01 -7.141153008253567913e-01 1.010857314179735678e+00 -7.297169030360373121e-01 -5.585755704292758583e-01 1.887389248303216749e-01 3.462429664224213055e-01
1.305033560376140118e+09 -4.712622828237256201e-01 -7.196562916194927384e-01 1.016217759550806843e+00 -7.246607026179228139e-01 -5.672300621795000053e-01 1.925482150125595870e-01 3.406495377020434256e-01
1.305033560408222914e+09 -4.607422945764798605e-01 -7.284069606402852060e-01 1.019889041926128836e+00 -7.193996931417041552e-01 -5.753861912224714770e-01 1.953784707599755532e-01 3.364848668537898657e-01
1.305033560440133095e+09 -4.479688099979874938e-01 -7.376322109640165436e-01 1.025243633408642108e+00 -7.128320726027862486e-01 -5.842368132334091468e-01 1.982778002824823749e-01 3.335021682790487163e-01
1.305033560476175070e+09 -4.355712972741427880e-01 -7.445208711871070806e-01 1.034290409314164272e+00 -7.069532374605627112e-01 -5.929792001989259154e-01 2.008577098806065275e-01 3.290121100461038672e-01
1.305033560508009911e+09 -4.189436494855816040e-01 -7.581464076227150128e-01 1.037395173913652879e+00 -7.028459077625315299e-01 -5.977924615901704097e-01 2.047797561173811121e-01 3.266757632453523019e-01
1.305033560540071011e+09 -4.072778966805310485e-01 -7.622930405136798537e-01 1.042511768668068939e+00 -6.997683100319321836e-01 -6.027777139951747687e-01 2.113439229153145638e-01 3.198704206902700520e-01
1.305033560576121092e+09 -3.935049200112556989e-01 -7.647367312612718404e-01 1.047094852430524359e+00 -6.937218906136524144e-01 -6.105836062365553873e-01 2.166130275701851904e-01 3.146687060472662667e-01
1.305033560608124018e+09 -3.795596698672287772e-01 -7.641890223439491425e-01 1.051884013199242629e+00 -6.873302163196406411e-01 -6.182140561449620542e-01 2.229473169275998923e-01 3.093267663710564386e-01
1.305033560640090942e+09 -3.624084713080344411e-01 -7.727678184312993803e-01 1.053899646234141896e+00 -6.825672281252556095e-01 -6.218709673888248579e-01 2.277580588364758185e-01 3.090384209824609263e-01
1.305033560676023960e+09 -3.522398415350778134e-01 -7.734747528702743402e-01 1.060412082839820025e+00 -6.783448804951227595e-01 -6.288542360209569138e-01 2.323309645102720478e-01 3.006873723226217709e-01
1.305033560708281994e+09 -3.374048759399763675e-01 -7.853450645357692439e-01 1.079040190269794808e+00 -6.737171644329825737e-01 -6.361158398239885603e-01 2.298490979071376450e-01 2.977099475406863038e-01
1.305033560740039110e+09 -3.279179102003382251e-01 -7.959812692696290881e-01 1.044109840936540579e+00 -6.679069039285202569e-01 -6.340566867958881137e-01 2.411544055504737105e-01 3.061323868812920179e-01
1.305033560776129961e+09 -3.165168878484572179e-01 -8.006727744175436978e-01 1.055602441762457655e+00 -6.626398739974281860e-01 -6.414856382109269672e-01 2.439051517193417673e-01 2.998580502880607845e-01
1.305033560808007002e+09 -3.004245908160831924e-01 -8.141291057664701292e-01 1.030711360365191176e+00 -6.609370170941429867e-01 -6.359268543730780543e-01 2.523804818734932676e-01 3.083235114148154543e-01
1.305033560840109110e+09 -2.909085512109812477e-01 -8.229405130661566758e-01 1.037469016109445530e+00 -6.584606458547446195e-01 -6.402118739627800093e-01 2.521084126879555853e-01 3.049584931586225567e-01
1.305033561075980902e+09 -2.909085512109812477e-01 -8.229405130661566758e-01 1.037469016109445530e+00 -6.584606458547446195e-01 -6.402118739627800093e-01 2.521084126879555853e-01 3.049584931586225567e-01
1.305033561108011007e+09 -2.909085512109812477e-01 -8.229405130661566758e-01 1.037469016109445530e+00 -6.584606458547446195e-01 -6.402118739627800093e-01 2.521084126879555853e-01 3.049584931586225567e-01
1.305033561175991058e+09 -2.909085512109812477e-01 -8.229405130661566758e-01 1.037469016109445530e+00 -6.584606458547446195e-01 -6.402118739627800093e-01 2.521084126879555853e-01 3.049584931586225567e-01
1.305033561207947016e+09 -2.909085512109812477e-01 -8.229405130661566758e-01 1.037469016109445530e+00 -6.584606458547446195e-01 -6.402118739627800093e-01 2.521084126879555853e-01 3.049584931586225567e-01
1.305033561244096041e+09 -2.909085512109812477e-01 -8.229405130661566758e-01 1.037469016109445530e+00 -6.584606458547446195e-01 -6.402118739627800093e-01 2.521084126879555853e-01 3.049584931586225567e-01
1.305033561276017904e+09 -2.909085512109812477e-01 -8.229405130661566758e-01 1.037469016109445530e+00 -6.584606458547446195e-01 -6.402118739627800093e-01 2.521084126879555853e-01 3.049584931586225567e-01
1.305033561308037996e+09 -2.909085512109812477e-01 -8.229405130661566758e-01 1.037469016109445530e+00 -6.584606458547446195e-01 -6.402118739627800093e-01 2.521084126879555853e-01 3.049584931586225567e-01
1.305033561344315052e+09 -2.909085512109812477e-01 -8.229405130661566758e-01 1.037469016109445530e+00 -6.584606458547446195e-01 -6.402118739627800093e-01 2.521084126879555853e-01 3.049584931586225567e-01
1.305033561376023054e+09 -2.909085512109812477e-01 -8.229405130661566758e-01 1.037469016109445530e+00 -6.584606458547446195e-01 -6.402118739627800093e-01 2.521084126879555853e-01 3.049584931586225567e-01
1.305033561408071041e+09 -2.909085512109812477e-01 -8.229405130661566758e-01 1.037469016109445530e+00 -6.584606458547446195e-01 -6.402118739627800093e-01 2.521084126879555853e-01 3.049584931586225567e-01
1.305033561444166899e+09 -2.909085512109812477e-01 -8.229405130661566758e-01 1.037469016109445530e+00 -6.584606458547446195e-01 -6.402118739627800093e-01 2.521084126879555853e-01 3.049584931586225567e-01
1.305033561475883007e+09 -2.909085512109812477e-01 -8.229405130661566758e-01 1.037469016109445530e+00 -6.584606458547446195e-01 -6.402118739627800093e-01 2.521084126879555853e-01 3.049584931586225567e-01
1.305033561508996964e+09 -2.691918288814996174e-01 -8.372074816687113952e-01 1.042069888519783216e+00 -6.423569538606641594e-01 -6.521988697378703348e-01 2.720769196130746748e-01 2.966282656008247254e-01
1.305033561544442892e+09 -2.691918288814996174e-01 -8.372074816687113952e-01 1.042069888519783216e+00 -6.423569538606641594e-01 -6.521988697378703348e-01 2.720769196130746748e-01 2.966282656008247254e-01
1.305033561576172113e+09 -2.621604264182229027e-01 -8.477849941553377011e-01 1.047176937876086678e+00 -6.403706582821079296e-01 -6.534542964567697787e-01 2.771076401362967956e-01 2.934863850873162816e-01
1.305033561608227968e+09 -2.621604264182229027e-01 -8.477849941553377011e-01 1.047176937876086678e+00 -6.403706582821079296e-01 -6.534542964567697787e-01 2.771076401362967956e-01 2.934863850873162816e-01
1.305033561643843889e+09 -2.522506271638988995e-01 -8.504906039006090435e-01 1.046132576015940119e+00 6.327431084945605022e-01 6.572471392945742341e-01 -2.867203972242044485e-01 -2.923247686347051899e-01
1.305033561676177025e+09 -2.522506271638988995e-01 -8.504906039006090435e-01 1.046132576015940119e+00 6.327431084945605022e-01 6.572471392945742341e-01 -2.867203972242044485e-01 -2.923247686347051899e-01
1.305033561708200932e+09 -2.522506271638988995e-01 -8.504906039006090435e-01 1.046132576015940119e+00 6.327431084945605022e-01 6.572471392945742341e-01 -2.867203972242044485e-01 -2.923247686347051899e-01
1.305033561744330883e+09 -2.354350898878696530e-01 -8.602589695156721561e-01 1.052006839545459149e+00 6.273159866631053960e-01 6.607504008359547099e-01 -2.942110392641958949e-01 -2.886579724294851546e-01
1.305033561776129961e+09 -2.354350898878696530e-01 -8.602589695156721561e-01 1.052006839545459149e+00 6.273159866631053960e-01 6.607504008359547099e-01 -2.942110392641958949e-01 -2.886579724294851546e-01
1.305033561808115005e+09 -2.231766843415179391e-01 -8.699864067278479940e-01 1.061294435200368369e+00 6.188941338595298491e-01 6.677914046337332099e-01 -2.983003885292576651e-01 -2.864289949967739890e-01
1.305033561843975067e+09 -2.231766843415179391e-01 -8.699864067278479940e-01 1.061294435200368369e+00 6.188941338595298491e-01 6.677914046337332099e-01 -2.983003885292576651e-01 -2.864289949967739890e-01
1.305033561876179934e+09 -2.075059296047394586e-01 -8.757505773824452167e-01 1.057053634230231465e+00 6.113399643626681312e-01 6.704947785361317081e-01 -3.078966319599000245e-01 -2.861815227379036486e-01
1.305033561908054113e+09 -2.075059296047394586e-01 -8.757505773824452167e-01 1.057053634230231465e+00 6.113399643626681312e-01 6.704947785361317081e-01 -3.078966319599000245e-01 -2.861815227379036486e-01
1.305033561944175005e+09 -1.942287440193151138e-01 -8.787072610922768146e-01 1.055390007313606882e+00 6.072801561448999408e-01 6.719726861430076470e-01 -3.136758588554742766e-01 -2.850806492935947789e-01
1.305033561976031065e+09 -1.942287440193151138e-01 -8.787072610922768146e-01 1.055390007313606882e+00 6.072801561448999408e-01 6.719726861430076470e-01 -3.136758588554742766e-01 -2.850806492935947789e-01
1.305033562008339882e+09 -1.859566671164858409e-01 -8.788309888379495227e-01 1.067572568694245216e+00 6.043590922504886720e-01 6.736428167983167237e-01 -3.198147283733092650e-01 -2.804888277734091662e-01
1.305033562043859005e+09 -1.859566671164858409e-01 -8.788309888379495227e-01 1.067572568694245216e+00 6.043590922504886720e-01 6.736428167983167237e-01 -3.198147283733092650e-01 -2.804888277734091662e-01
1.305033562408174038e+09 -1.859566671164858409e-01 -8.788309888379495227e-01 1.067572568694245216e+00 6.043590922504886720e-01 6.736428167983167237e-01 -3.198147283733092650e-01 -2.804888277734091662e-01
1.305033562444036961e+09 -1.859566671164858409e-01 -8.788309888379495227e-01 1.067572568694245216e+00 6.043590922504886720e-01 6.736428167983167237e-01 -3.198147283733092650e-01 -2.804888277734091662e-01
1.305033562476159096e+09 -1.401438087192168336e-01 -9.039919897875442478e-01 1.179954965998911254e+00 5.693235731619077367e-01 6.763457984477542206e-01 -3.696450445438332899e-01 -2.859887602833638964e-01
1.305033562508225918e+09 -1.508100390104700761e-01 -8.973414099761456431e-01 1.175211921292326434e+00 5.652681082231326704e-01 6.787162252452664246e-01 -3.727070834171010150e-01 -2.844392402348446813e-01
1.305033562544074059e+09 -1.508100390104700761e-01 -8.973414099761456431e-01 1.175211921292326434e+00 5.652681082231326704e-01 6.787162252452664246e-01 -3.727070834171010150e-01 -2.844392402348446813e-01
1.305033562575998068e+09 -1.508100390104700761e-01 -8.973414099761456431e-01 1.175211921292326434e+00 5.652681082231326704e-01 6.787162252452664246e-01 -3.727070834171010150e-01 -2.844392402348446813e-01
1.305033562608171940e+09 -1.322548181804814593e-01 -9.114036646010740261e-01 1.169479835448800742e+00 5.633020874268699352e-01 6.759689465416097720e-01 -3.749218689323626785e-01 -2.918738320031816769e-01
1.305033562643989086e+09 -1.316111403941795377e-01 -9.210812452792939142e-01 1.158319430149382434e+00 5.623299389844869101e-01 6.744457791678672987e-01 -3.771787733045702251e-01 -2.943537050094852114e-01
1.305033562676122904e+09 -1.316111403941795377e-01 -9.210812452792939142e-01 1.158319430149382434e+00 5.623299389844869101e-01 6.744457791678672987e-01 -3.771787733045702251e-01 -2.943537050094852114e-01
1.305033562709352970e+09 -1.316111403941795377e-01 -9.210812452792939142e-01 1.158319430149382434e+00 5.623299389844869101e-01 6.744457791678672987e-01 -3.771787733045702251e-01 -2.943537050094852114e-01
1.305033562744034052e+09 -1.316111403941795377e-01 -9.210812452792939142e-01 1.158319430149382434e+00 5.623299389844869101e-01 6.744457791678672987e-01 -3.771787733045702251e-01 -2.943537050094852114e-01
1.305033562775949001e+09 -1.240605593343413471e-01 -9.227497891409313091e-01 1.150803514226280910e+00 5.590998419213756288e-01 6.739340860916427367e-01 -3.798211065073514581e-01 -2.982551615963192626e-01
1.305033562808427095e+09 -1.240605593343413471e-01 -9.227497891409313091e-01 1.150803514226280910e+00 5.590998419213756288e-01 6.739340860916427367e-01 -3.798211065073514581e-01 -2.982551615963192626e-01
1.305033562844181061e+09 -1.109526568889120934e-01 -9.179962994418882083e-01 1.147953253095677972e+00 5.614338994739760391e-01 6.705925124311840069e-01 -3.825331683243260450e-01 -2.979362917209490980e-01
1.305033562876075983e+09 -1.251292873379306059e-01 -8.911372489845328371e-01 1.124621236791300660e+00 5.596922575947699263e-01 6.703798066034043490e-01 -3.894512478092779229e-01 -2.926827929117944982e-01
1.305033562907917976e+09 -1.251292873379306059e-01 -8.911372489845328371e-01 1.124621236791300660e+00 5.596922575947699263e-01 6.703798066034043490e-01 -3.894512478092779229e-01 -2.926827929117944982e-01
1.305033562943994999e+09 -1.251292873379306059e-01 -8.911372489845328371e-01 1.124621236791300660e+00 5.596922575947699263e-01 6.703798066034043490e-01 -3.894512478092779229e-01 -2.926827929117944982e-01
1.305033562975903988e+09 -1.251292873379306059e-01 -8.911372489845328371e-01 1.124621236791300660e+00 5.596922575947699263e-01 6.703798066034043490e-01 -3.894512478092779229e-01 -2.926827929117944982e-01
1.305033563008047104e+09 -1.105769836305161569e-01 -8.623754147566756734e-01 1.084092279719586660e+00 5.591288938144804987e-01 6.676917115695043536e-01 -3.907085179986353740e-01 -2.981769816174468790e-01
1.305033563044009924e+09 -9.741953995419239121e-02 -8.604216908919097850e-01 1.090143709490181134e+00 5.618156150509330260e-01 6.672221512009472999e-01 -3.887191528060648937e-01 -2.967747224300903430e-01
1.305033563075835943e+09 -9.741953995419239121e-02 -8.604216908919097850e-01 1.090143709490181134e+00 5.618156150509330260e-01 6.672221512009472999e-01 -3.887191528060648937e-01 -2.967747224300903430e-01
1.305033563108021021e+09 -1.010066875318089696e-01 -8.441728066559446297e-01 1.087592383896944792e+00 5.609938677663791617e-01 6.697223724941692158e-01 -3.901615898248940173e-01 -2.907434572515965598e-01
1.305033563143879890e+09 -1.046330877471830512e-01 -8.323680098348680279e-01 1.100247720003310281e+00 5.616506209475321532e-01 6.728325429166565064e-01 -3.865136082806382989e-01 -2.871448759693236985e-01
1.305033563175944090e+09 -9.441895678812772807e-02 -8.398489840768377235e-01 1.100955099425649841e+00 5.625231081801281841e-01 6.723177922733682976e-01 -3.828264574946916299e-01 -2.915483534477547045e-01
1.305033563208079100e+09 -9.226359005625761611e-02 -8.261438690135540774e-01 1.110347376104462436e+00 5.650502935577794705e-01 6.720674460289615126e-01 -3.827709414717701542e-01 -2.872802118197330112e-01
1.305033563243967056e+09 -8.792774210658471645e-02 -8.230105206164444187e-01 1.089453605085327847e+00 5.631648370262161141e-01 6.691454542844860187e-01 -3.858916751491081043e-01 -2.935597765332633724e-01
1.305033563276047945e+09 -8.792774210658471645e-02 -8.230105206164444187e-01 1.089453605085327847e+00 5.631648370262161141e-01 6.691454542844860187e-01 -3.858916751491081043e-01 -2.935597765332633724e-01
1.305033563308044910e+09 -8.792774210658471645e-02 -8.230105206164444187e-01 1.089453605085327847e+00 5.631648370262161141e-01 6.691454542844860187e-01 -3.858916751491081043e-01 -2.935597765332633724e-01
1.305033563343985081e+09 -8.792774210658471645e-02 -8.230105206164444187e-01 1.089453605085327847e+00 5.631648370262161141e-01 6.691454542844860187e-01 -3.858916751491081043e-01 -2.935597765332633724e-01
1.305033563376120090e+09 -8.792774210658471645e-02 -8.230105206164444187e-01 1.089453605085327847e+00 5.631648370262161141e-01 6.691454542844860187e-01 -3.858916751491081043e-01 -2.935597765332633724e-01
1.305033563407991886e+09 -8.792774210658471645e-02 -8.230105206164444187e-01 1.089453605085327847e+00 5.631648370262161141e-01 6.691454542844860187e-01 -3.858916751491081043e-01 -2.935597765332633724e-01
1.305033563443962097e+09 -8.792774210658471645e-02 -8.230105206164444187e-01 1.089453605085327847e+00 5.631648370262161141e-01 6.691454542844860187e-01 -3.858916751491081043e-01 -2.935597765332633724e-01
1.305033563475960016e+09 -6.747215820980678735e-02 -8.290204419228135446e-01 1.108558348247897340e+00 5.725277125140075807e-01 6.653782964012584511e-01 -3.781755565120359375e-01 -2.940526985736550136e-01
1.305033564807990074e+09 -6.747215820980678735e-02 -8.290204419228135446e-01 1.108558348247897340e+00 5.725277125140075807e-01 6.653782964012584511e-01 -3.781755565120359375e-01 -2.940526985736550136e-01
1.305033564843977928e+09 -6.747215820980678735e-02 -8.290204419228135446e-01 1.108558348247897340e+00 5.725277125140075807e-01 6.653782964012584511e-01 -3.781755565120359375e-01 -2.940526985736550136e-01
1.305033564876058102e+09 -6.747215820980678735e-02 -8.290204419228135446e-01 1.108558348247897340e+00 5.725277125140075807e-01 6.653782964012584511e-01 -3.781755565120359375e-01 -2.940526985736550136e-01
1.305033564908056974e+09 -6.747215820980678735e-02 -8.290204419228135446e-01 1.108558348247897340e+00 5.725277125140075807e-01 6.653782964012584511e-01 -3.781755565120359375e-01 -2.940526985736550136e-01
1.305033564943989992e+09 -6.747215820980678735e-02 -8.290204419228135446e-01 1.108558348247897340e+00 5.725277125140075807e-01 6.653782964012584511e-01 -3.781755565120359375e-01 -2.940526985736550136e-01
1.305033564976037025e+09 -6.747215820980678735e-02 -8.290204419228135446e-01 1.108558348247897340e+00 5.725277125140075807e-01 6.653782964012584511e-01 -3.781755565120359375e-01 -2.940526985736550136e-01
1.305033565007937908e+09 -5.318508834410318187e-02 -8.289984695159908767e-01 1.102405983105598786e+00 5.774867710150567435e-01 6.606443881766267401e-01 -3.749296510759585477e-01 -2.991417363347917968e-01
1.305033565043916941e+09 -5.318508834410318187e-02 -8.289984695159908767e-01 1.102405983105598786e+00 5.774867710150567435e-01 6.606443881766267401e-01 -3.749296510759585477e-01 -2.991417363347917968e-01
1.305033565075900078e+09 -5.318508834410318187e-02 -8.289984695159908767e-01 1.102405983105598786e+00 5.774867710150567435e-01 6.606443881766267401e-01 -3.749296510759585477e-01 -2.991417363347917968e-01
1.305033565107858896e+09 -5.318508834410318187e-02 -8.289984695159908767e-01 1.102405983105598786e+00 5.774867710150567435e-01 6.606443881766267401e-01 -3.749296510759585477e-01 -2.991417363347917968e-01
1.305033565143986940e+09 -5.318508834410318187e-02 -8.289984695159908767e-01 1.102405983105598786e+00 5.774867710150567435e-01 6.606443881766267401e-01 -3.749296510759585477e-01 -2.991417363347917968e-01
1.305033565175899982e+09 -5.318508834410318187e-02 -8.289984695159908767e-01 1.102405983105598786e+00 5.774867710150567435e-01 6.606443881766267401e-01 -3.749296510759585477e-01 -2.991417363347917968e-01
1.305033565207978010e+09 -5.318508834410318187e-02 -8.289984695159908767e-01 1.102405983105598786e+00 5.774867710150567435e-01 6.606443881766267401e-01 -3.749296510759585477e-01 -2.991417363347917968e-01
1.305033565244952917e+09 -5.318508834410318187e-02 -8.289984695159908767e-01 1.102405983105598786e+00 5.774867710150567435e-01 6.606443881766267401e-01 -3.749296510759585477e-01 -2.991417363347917968e-01
1.305033565276355982e+09 -5.318508834410318187e-02 -8.289984695159908767e-01 1.102405983105598786e+00 5.774867710150567435e-01 6.606443881766267401e-01 -3.749296510759585477e-01 -2.991417363347917968e-01
1.305033565307938099e+09 -2.468714209303324303e-02 -8.188064292180396997e-01 1.105864408479009908e+00 5.990994297579664840e-01 6.447601444346933164e-01 -3.630724605960408136e-01 -3.058473765932429589e-01
1.305033565344986916e+09 -1.919625618671205736e-02 -8.036149370008462967e-01 1.101040780570040400e+00 6.031501393523075460e-01 6.408138960755161984e-01 -3.638907334552708983e-01 -3.052064778165672898e-01
1.305033565376574039e+09 -5.597313281005211749e-03 -8.013029777915232632e-01 1.100975646930885565e+00 6.089689466361178916e-01 6.351587751473021237e-01 -3.601507282808487642e-01 -3.098735311462568753e-01
1.305033565407876015e+09 1.168256658172506235e-02 -8.042946445296261793e-01 1.103322986198693290e+00 6.144145024483259609e-01 6.296502903084632008e-01 -3.551251224084774338e-01 -3.161035882903071581e-01
1.305033565444288969e+09 2.274409307397995406e-02 -8.059143990950956571e-01 1.101604699770565743e+00 6.195573423220478437e-01 6.237655008309974658e-01 -3.513789089863798010e-01 -3.218666833759549761e-01
1.305033565476052999e+09 3.698648392784398276e-02 -8.049280935541873738e-01 1.104874053870256834e+00 6.261288227699824960e-01 6.178979354631821685e-01 -3.471841117248368191e-01 -3.250046633709263166e-01
1.305033565507905006e+09 4.820957951800175501e-02 -8.062644613603677790e-01 1.103019571030660284e+00 6.315715803427510711e-01 6.122531097332962746e-01 -3.434921530109259491e-01 -3.290541130956833316e-01
1.305033565544076920e+09 5.653836472402895552e-02 -8.005557055270298150e-01 1.101967523349758116e+00 -6.371868418711086335e-01 -6.076729436056718114e-01 3.399255573166793387e-01 3.304196387003743851e-01
1.305033565575974941e+09 7.082700392720742144e-02 -8.017645827666638469e-01 1.103853496108120780e+00 -6.448638974650046096e-01 -6.019274538108366768e-01 3.320553873165855152e-01 3.340256185520499299e-01
1.305033565608072042e+09 8.333332387314440481e-02 -7.969494065519504566e-01 1.101389846266567440e+00 -6.500904468485022569e-01 -5.967659125243224283e-01 3.290695366843202629e-01 3.361042942178722459e-01
1.305033565644232988e+09 9.357478782070294265e-02 -7.913373122169828910e-01 1.101683852665064522e+00 -6.552517433215667708e-01 -5.925977534308789485e-01 3.268862282790926388e-01 3.355867239093220933e-01
1.305033565676064014e+09 1.038010005361655885e-01 -7.912961755413099318e-01 1.099481987277106887e+00 -6.606863435744173563e-01 -5.863629568808380599e-01 3.243579306409622998e-01 3.383252444653515600e-01
1.305033565709167957e+09 1.113539514272314790e-01 -7.839956194454406058e-01 1.095589813926985068e+00 -6.646392191565684282e-01 -5.816279629725747968e-01 3.228988095827142746e-01 3.401469973664124069e-01
1.305033565744012117e+09 1.113539514272314790e-01 -7.839956194454406058e-01 1.095589813926985068e+00 -6.646392191565684282e-01 -5.816279629725747968e-01 3.228988095827142746e-01 3.401469973664124069e-01
1.305033565776027918e+09 1.370262151029506548e-01 -7.898631626785841409e-01 1.093761411109509529e+00 -6.766989938639504931e-01 -5.670544196411341220e-01 3.163846256579958549e-01 3.470281336091118884e-01
1.305033565808428049e+09 1.462992790365116313e-01 -7.814238100744412829e-01 1.096927461398186088e+00 -6.814141315088090289e-01 -5.633301338400283909e-01 3.136612898118056325e-01 3.463387604087443394e-01
1.305033565844024897e+09 1.462992790365116313e-01 -7.814238100744412829e-01 1.096927461398186088e+00 -6.814141315088090289e-01 -5.633301338400283909e-01 3.136612898118056325e-01 3.463387604087443394e-01
1.305033565875916958e+09 1.558015648142712095e-01 -7.676791328031544737e-01 1.086743934533782374e+00 -6.892816404184419765e-01 -5.531855971703339980e-01 3.098283485605912158e-01 3.505465870516776272e-01
1.305033565907963991e+09 1.558015648142712095e-01 -7.676791328031544737e-01 1.086743934533782374e+00 -6.892816404184419765e-01 -5.531855971703339980e-01 3.098283485605912158e-01 3.505465870516776272e-01
1.305033565944075108e+09 1.734172348977618405e-01 -7.604453925810001902e-01 1.088122001658193394e+00 -6.999921476014110411e-01 -5.422839149296400096e-01 3.024878498861169884e-01 3.527608957583328042e-01
1.305033565975827932e+09 1.893464130497835018e-01 -7.555119681980648760e-01 1.082323490201307026e+00 -7.035342104532695817e-01 -5.356488409039412701e-01 3.014324891402918039e-01 3.567329371544581407e-01
1.305033566007889986e+09 2.020833807037285546e-01 -7.508552840469706613e-01 1.078748481972470863e+00 -7.056574840933800274e-01 -5.319195058941125209e-01 2.984079206325447320e-01 3.606409118446289863e-01
1.305033566043972969e+09 2.132648738776481423e-01 -7.471722458844152204e-01 1.091012807428464848e+00 -7.103558950616939427e-01 -5.291131002557601937e-01 2.916564162232353485e-01 3.610683652227874019e-01
1.305033566075880051e+09 2.168092012221130016e-01 -7.464579219955471689e-01 1.078773856979901913e+00 -7.129848078208337325e-01 -5.226525201446277080e-01 2.894079232882571517e-01 3.670559370738154525e-01
1.305033566107857943e+09 2.323461218207534262e-01 -7.475231687355091692e-01 1.076583598651174256e+00 -7.167003957258394342e-01 -5.163392438558580544e-01 2.867708979922146129e-01 3.708055825975718478e-01
1.305033566143990993e+09 2.442333344248361904e-01 -7.367405306932388598e-01 1.080969779808946152e+00 -7.218200661000497842e-01 -5.118052171100695436e-01 2.851997449762135872e-01 3.683643812582008126e-01
1.305033566177030087e+09 2.556170223134304198e-01 -7.272927601175713797e-01 1.077430017590087719e+00 -7.248906016980498634e-01 -5.070479616228579234e-01 2.839358945154210057e-01 3.698869935394750730e-01
1.305033566208029985e+09 2.728186422297431690e-01 -7.330760881774760485e-01 1.075433648215958549e+00 -7.276835061278021932e-01 -5.012452577478136995e-01 2.793274128976618309e-01 3.757740050865358006e-01
1.305033566244045973e+09 2.758113017318852833e-01 -7.264097968434739538e-01 1.062311589039403703e+00 -7.284203804761554268e-01 -4.972613301490917959e-01 2.773851779821563390e-01 3.810411813454503416e-01
1.305033566276005030e+09 2.858107282959982953e-01 -7.212378698170526237e-01 1.060034601064676840e+00 -7.318465846255191032e-01 -4.919257930174106286e-01 2.761616808611372931e-01 3.822882639581105524e-01
1.305033566307955980e+09 2.989969229929745342e-01 -7.129014036705314528e-01 1.057953615956139792e+00 -7.356925206501790937e-01 -4.855066094254862352e-01 2.774000161682353416e-01 3.822160099909697184e-01
1.305033566344211102e+09 3.092443500764792130e-01 -7.089691803045833352e-01 1.053917908116296598e+00 -7.398204647870537665e-01 -4.784889583217942777e-01 2.766264782722682725e-01 3.836558199285840520e-01
1.305033566375967026e+09 3.207588047204370518e-01 -7.072848886805355173e-01 1.053030518516164360e+00 -7.445973894010951000e-01 -4.709770776420915128e-01 2.740817565372354880e-01 3.855314653387618695e-01
1.305033566408257008e+09 3.326601216389228899e-01 -7.014379811595379266e-01 1.049714604217487190e+00 -7.484510371835392251e-01 -4.650984429820466115e-01 2.728072184115903909e-01 3.861097057276480227e-01
1.305033566443909883e+09 3.484663907537992600e-01 -6.978501776656702571e-01 1.042959993631762172e+00 -7.515619486932760829e-01 -4.578615566153259042e-01 2.723059523710068541e-01 3.890589936673809479e-01
1.305033566476031065e+09 3.576418220934995951e-01 -6.923914158427084686e-01 1.046203081655704414e+00 -7.575893862816065472e-01 -4.521878414143307712e-01 2.685902673192809287e-01 3.865795470169934855e-01
1.305033566508093119e+09 3.699102590017315784e-01 -6.901516953630630891e-01 1.044698915766563596e+00 -7.618082816287800041e-01 -4.462544766175303712e-01 2.658034454982277084e-01 3.871093030422932957e-01
1.305033566544035912e+09 3.812916296615085354e-01 -6.878136622506263453e-01 1.047872252466864440e+00 -7.681384625330012206e-01 -4.398384416602907354e-01 2.630334685896962288e-01 3.838213673272469206e-01
1.305033566576145887e+09 3.921149123804203995e-01 -6.872679150109263224e-01 1.047994700223320308e+00 -7.739153892723498185e-01 -4.322400625206970215e-01 2.592794792159432982e-01 3.834027259384580333e-01
1.305033566608192921e+09 4.048005712795990085e-01 -6.882058732941246371e-01 1.049078614711833168e+00 -7.778252346488154778e-01 -4.268619578830657457e-01 2.554678523418443259e-01 3.840741460650490269e-01
1.305033566644799948e+09 4.195857717968283218e-01 -6.823234451283110014e-01 1.039778509063673972e+00 -7.800597706592322655e-01 -4.212283063073605227e-01 2.552827434458004863e-01 3.858810555900405448e-01
1.305033566675986052e+09 4.319002432502287991e-01 -6.769373135314995515e-01 1.043561511619532034e+00 -7.856713372545576224e-01 -4.150974565517314141e-01 2.512417799472908553e-01 3.837866847479673438e-01
1.305033566707979918e+09 4.450966040093484732e-01 -6.779802330310855663e-01 1.042755334701877867e+00 -7.919143376618285046e-01 -4.049523419765871379e-01 2.464765612290827912e-01 3.848825629955077710e-01
1.305033566743879080e+09 4.584625045965249335e-01 -6.753991820954474701e-01 1.035293121026087615e+00 -7.965651526689515594e-01 -3.952862534040459952e-01 2.464841708088781336e-01 3.853288062991685470e-01
1.305033566775928020e+09 4.692983687554954653e-01 -6.727671047821355277e-01 1.032459357273814549e+00 -8.019279990401606550e-01 -3.862211891888622239e-01 2.440778619026267582e-01 3.849294412045244362e-01
1.305033566816359997e+09 4.757945218476757887e-01 -6.730947474217430226e-01 1.024136480797051441e+00 -8.060722058858746930e-01 -3.763561724327640912e-01 2.393953922377257681e-01 3.889646212001613979e-01
1.305033566844888926e+09 4.858368120722078576e-01 -6.765663397512862165e-01 1.028307766365357034e+00 -8.109638229006732590e-01 -3.678944684480934812e-01 2.352872316782031736e-01 3.893985832547772752e-01
1.305033566876228094e+09 4.858368120722078576e-01 -6.765663397512862165e-01 1.028307766365357034e+00 -8.109638229006732590e-01 -3.678944684480934812e-01 2.352872316782031736e-01 3.893985832547772752e-01
1.305033566907957077e+09 4.858368120722078576e-01 -6.765663397512862165e-01 1.028307766365357034e+00 -8.109638229006732590e-01 -3.678944684480934812e-01 2.352872316782031736e-01 3.893985832547772752e-01
1.305033566944006920e+09 5.025921332307563549e-01 -6.775778435554931090e-01 1.025500263740289242e+00 -8.181823219780050005e-01 -3.508668333389761140e-01 2.290350806725391652e-01 3.937170114265861054e-01
1.305033566975857019e+09 5.128264216686614363e-01 -6.828833642163849582e-01 1.016457032194397314e+00 -8.198838613079275639e-01 -3.417344887413237275e-01 2.277275756945905949e-01 3.989337594636153672e-01
1.305033567007985115e+09 5.239655443477465591e-01 -6.827865227049028096e-01 1.014621775534109371e+00 -8.236250139546529292e-01 -3.331823853971657146e-01 2.253227659571611086e-01 3.998261942277752667e-01
1.305033567043992996e+09 5.239655443477465591e-01 -6.827865227049028096e-01 1.014621775534109371e+00 -8.236250139546529292e-01 -3.331823853971657146e-01 2.253227659571611086e-01 3.998261942277752667e-01
1.305033567076391935e+09 5.357937002898279788e-01 -6.899001478571145096e-01 1.008654170786254856e+00 -8.308703715397843803e-01 -3.179614601022163201e-01 2.122138391464974405e-01 4.043763371683758989e-01
1.305033567108916044e+09 5.466472401777832113e-01 -6.953148705318488165e-01 1.005920687976318062e+00 -8.335066006521633097e-01 -3.104051470380659317e-01 2.087979741022781277e-01 4.065941433079630629e-01
1.305033567143956900e+09 5.466472401777832113e-01 -6.953148705318488165e-01 1.005920687976318062e+00 -8.335066006521633097e-01 -3.104051470380659317e-01 2.087979741022781277e-01 4.065941433079630629e-01
1.305033567177098989e+09 5.588685885613354776e-01 -7.007582044704456781e-01 9.987839169704689768e-01 -8.408977105926807027e-01 -2.949115833391864894e-01 2.000382353592536355e-01 4.073118003774480744e-01
1.305033567208105087e+09 5.588685885613354776e-01 -7.007582044704456781e-01 9.987839169704689768e-01 -8.408977105926807027e-01 -2.949115833391864894e-01 2.000382353592536355e-01 4.073118003774480744e-01
1.305033567244018078e+09 5.690795462026225771e-01 -7.127091533605919293e-01 9.921625670931116803e-01 -8.476605448613599991e-01 -2.811442205457835852e-01 1.862752208790244279e-01 4.095498382682095651e-01
1.305033567275923967e+09 5.690795462026225771e-01 -7.127091533605919293e-01 9.921625670931116803e-01 -8.476605448613599991e-01 -2.811442205457835852e-01 1.862752208790244279e-01 4.095498382682095651e-01
1.305033567308111906e+09 5.804033039647799042e-01 -7.248035368100500531e-01 9.849354945317700949e-01 -8.555647327050033280e-01 -2.659968184050790496e-01 1.758770941900179574e-01 4.078258555916571271e-01
1.305033567343977928e+09 5.869989674686509895e-01 -7.307981390328657234e-01 9.799949506719489722e-01 -8.590407908190500486e-01 -2.579615164114462122e-01 1.740199772318808957e-01 4.064748741114313502e-01
1.305033567375906944e+09 5.869989674686509895e-01 -7.307981390328657234e-01 9.799949506719489722e-01 -8.590407908190500486e-01 -2.579615164114462122e-01 1.740199772318808957e-01 4.064748741114313502e-01
1.305033567408015013e+09 5.869989674686509895e-01 -7.307981390328657234e-01 9.799949506719489722e-01 -8.590407908190500486e-01 -2.579615164114462122e-01 1.740199772318808957e-01 4.064748741114313502e-01
1.305033567443932056e+09 5.964906804914736904e-01 -7.406894286874905475e-01 9.741066573119946392e-01 -8.640089456861929085e-01 -2.482192001317126140e-01 1.681345703584539164e-01 4.044830487308263001e-01
1.305033567476033926e+09 5.964906804914736904e-01 -7.406894286874905475e-01 9.741066573119946392e-01 -8.640089456861929085e-01 -2.482192001317126140e-01 1.681345703584539164e-01 4.044830487308263001e-01
1.305033567507956028e+09 6.088443006634142174e-01 -7.475476780731642457e-01 9.753470307286957741e-01 -8.690012210219966171e-01 -2.411765555876674849e-01 1.658805709714903653e-01 3.989415785191107733e-01
1.305033567544076920e+09 6.088443006634142174e-01 -7.475476780731642457e-01 9.753470307286957741e-01 -8.690012210219966171e-01 -2.411765555876674849e-01 1.658805709714903653e-01 3.989415785191107733e-01
1.305033567576039076e+09 6.133373748656804070e-01 -7.565770031519960526e-01 9.733393922213868787e-01 -8.732940485518059237e-01 -2.318521769503799346e-01 1.603027968205902043e-01 3.973727294856334580e-01
1.305033567608081102e+09 6.133373748656804070e-01 -7.565770031519960526e-01 9.733393922213868787e-01 -8.732940485518059237e-01 -2.318521769503799346e-01 1.603027968205902043e-01 3.973727294856334580e-01
1.305033567643847942e+09 6.133373748656804070e-01 -7.565770031519960526e-01 9.733393922213868787e-01 -8.732940485518059237e-01 -2.318521769503799346e-01 1.603027968205902043e-01 3.973727294856334580e-01
1.305033567676067114e+09 6.207712748842100225e-01 -7.594656784575630759e-01 9.668439987022843241e-01 -8.771466279822556222e-01 -2.254267844843068913e-01 1.570769016716239974e-01 3.938570867937595810e-01
1.305033567708106041e+09 6.207712748842100225e-01 -7.594656784575630759e-01 9.668439987022843241e-01 -8.771466279822556222e-01 -2.254267844843068913e-01 1.570769016716239974e-01 3.938570867937595810e-01
1.305033567743851900e+09 6.207712748842100225e-01 -7.594656784575630759e-01 9.668439987022843241e-01 -8.771466279822556222e-01 -2.254267844843068913e-01 1.570769016716239974e-01 3.938570867937595810e-01
1.305033567776099920e+09 6.207712748842100225e-01 -7.594656784575630759e-01 9.668439987022843241e-01 -8.771466279822556222e-01 -2.254267844843068913e-01 1.570769016716239974e-01 3.938570867937595810e-01
1.305033567807986021e+09 6.232080987121566551e-01 -7.484455533194569465e-01 9.715339690211055590e-01 -8.800190894181183499e-01 -2.149508249153534445e-01 1.550590908931497314e-01 3.941055993757318077e-01
1.305033567843854904e+09 6.232080987121566551e-01 -7.484455533194569465e-01 9.715339690211055590e-01 -8.800190894181183499e-01 -2.149508249153534445e-01 1.550590908931497314e-01 3.941055993757318077e-01
1.305033567876013041e+09 6.227325174503508531e-01 -7.373965800349986388e-01 9.747559952229611913e-01 -8.803832672737033072e-01 -2.093149302515078802e-01 1.554514117400877249e-01 3.961659011907753825e-01
1.305033567907932997e+09 6.227325174503508531e-01 -7.373965800349986388e-01 9.747559952229611913e-01 -8.803832672737033072e-01 -2.093149302515078802e-01 1.554514117400877249e-01 3.961659011907753825e-01
1.305033567944056034e+09 6.193248720610289304e-01 -7.233862945445053150e-01 9.766515529669518303e-01 -8.800998536620059376e-01 -2.031702030881256671e-01 1.537735829054000247e-01 4.006242645692862925e-01
1.305033567975899935e+09 6.193248720610289304e-01 -7.233862945445053150e-01 9.766515529669518303e-01 -8.800998536620059376e-01 -2.031702030881256671e-01 1.537735829054000247e-01 4.006242645692862925e-01
1.305033568007972956e+09 6.213700048622720074e-01 -7.081979197210210852e-01 9.815256673247416686e-01 -8.790286877655996145e-01 -1.994560889079651789e-01 1.547533538570509126e-01 4.044468248764234164e-01
1.305033568044689894e+09 6.213700048622720074e-01 -7.081979197210210852e-01 9.815256673247416686e-01 -8.790286877655996145e-01 -1.994560889079651789e-01 1.547533538570509126e-01 4.044468248764234164e-01
1.305033568076513052e+09 6.204923430291533482e-01 -6.979785033562462271e-01 9.837335896364924892e-01 -8.788822928243286148e-01 -1.991733105936041581e-01 1.551752633443383156e-01 4.047425667668896332e-01
1.305033568107876062e+09 6.204923430291533482e-01 -6.979785033562462271e-01 9.837335896364924892e-01 -8.788822928243286148e-01 -1.991733105936041581e-01 1.551752633443383156e-01 4.047425667668896332e-01
1.305033568144794941e+09 6.134074371917268564e-01 -6.804432291650341913e-01 9.865652730296194939e-01 -8.779921885227518485e-01 -1.976070158080890926e-01 1.531270015818704255e-01 4.082074296028869731e-01
1.305033568175928116e+09 6.134074371917268564e-01 -6.804432291650341913e-01 9.865652730296194939e-01 -8.779921885227518485e-01 -1.976070158080890926e-01 1.531270015818704255e-01 4.082074296028869731e-01
1.305033568208754063e+09 6.120858637956685389e-01 -6.623296056372353080e-01 9.877250209891021981e-01 -8.760358440273069425e-01 -1.974312037524158792e-01 1.570726265152901924e-01 4.109869946407357921e-01
1.305033568244908094e+09 6.126548392606169235e-01 -6.507837301561391063e-01 9.875808572218685022e-01 -8.756186827652224780e-01 -1.961396475231737546e-01 1.597509219975520034e-01 4.114617892136688271e-01
1.305033568276767015e+09 6.126548392606169235e-01 -6.507837301561391063e-01 9.875808572218685022e-01 -8.756186827652224780e-01 -1.961396475231737546e-01 1.597509219975520034e-01 4.114617892136688271e-01
1.305033568308996916e+09 6.035505996812671192e-01 -6.303203068539874332e-01 9.914467994437268228e-01 -8.762975298903972199e-01 -1.962892096422897414e-01 1.576618289214795632e-01 4.107504509883437294e-01
1.305033568344489098e+09 6.022903337163252324e-01 -6.184488112684458638e-01 9.928421450647134661e-01 -8.767526701912120579e-01 -1.958824863950501260e-01 1.583387982237912661e-01 4.097116447128617001e-01
1.305033568376266956e+09 6.004374255207709510e-01 -6.087431620526869702e-01 9.944228294453452133e-01 -8.769570045596533081e-01 -1.944203066411164804e-01 1.597665022246506084e-01 4.094164399315630698e-01
1.305033568408097029e+09 5.955734061939209623e-01 -5.966764126769696919e-01 9.964443491970644828e-01 -8.773764181107611693e-01 -1.935395637422711035e-01 1.613507491158167328e-01 4.083123730299473286e-01
1.305033568443928957e+09 5.931423544046580121e-01 -5.864557700789186923e-01 9.954851242602111849e-01 -8.764661525852972535e-01 -1.936179098667166198e-01 1.639992415268191617e-01 4.091740914693874354e-01
1.305033568477600098e+09 5.920687201750636230e-01 -5.749189073384367576e-01 9.952686468790934438e-01 -8.763713717757968258e-01 -1.944306599256987456e-01 1.654080306043229642e-01 4.084239471728672299e-01
1.305033568510550022e+09 5.845302677794870228e-01 -5.662198637812625446e-01 9.948197386704078493e-01 -8.756770893224670171e-01 -1.959083300246211023e-01 1.625633371504786040e-01 4.103446391476264221e-01
1.305033568544549942e+09 5.808579803636343408e-01 -5.560827231594414055e-01 9.926855495993180956e-01 -8.755530949998450163e-01 -1.960273989318897236e-01 1.627503117379624498e-01 4.104782244326560248e-01
1.305033568577212095e+09 5.770668984326325912e-01 -5.426810509796317072e-01 9.927073212011110481e-01 -8.765905639940460015e-01 -1.959832886487179460e-01 1.617895319313673863e-01 4.086608386479705923e-01
1.305033568612361908e+09 5.719686717181894364e-01 -5.330702879959785534e-01 9.930813145488583960e-01 -8.773988927743436861e-01 -1.950310381034465190e-01 1.598914642618337600e-01 4.081284072333786206e-01
1.305033568645039082e+09 5.706153189338705189e-01 -5.222425267475967470e-01 9.964511461590970232e-01 -8.781615851596790145e-01 -1.947453013581462167e-01 1.605771460813716633e-01 4.063514219307302611e-01
1.305033568676707983e+09 5.687785906533212588e-01 -5.082305429141469322e-01 9.963534684831438781e-01 -8.776971129890810408e-01 -1.961142418984206104e-01 1.630221059254230720e-01 4.057225344430356317e-01
1.305033568712397099e+09 5.664784450667660343e-01 -4.961873536862480005e-01 1.001015568823768742e+00 -8.772608316780845517e-01 -1.983457741437259503e-01 1.638962458544360179e-01 4.052288337194476786e-01
1.305033568844115973e+09 5.463756876591537859e-01 -4.447028398516759129e-01 1.013256551697733876e+00 -8.746236610530678801e-01 -1.992584519703501089e-01 1.679747422808084423e-01 4.087958008593088333e-01
1.305033568875957012e+09 5.463756876591537859e-01 -4.447028398516759129e-01 1.013256551697733876e+00 -8.746236610530678801e-01 -1.992584519703501089e-01 1.679747422808084423e-01 4.087958008593088333e-01
1.305033568912607908e+09 5.384031965567566136e-01 -4.208394585443324676e-01 1.012116305366938640e+00 -8.733430471850746057e-01 -1.982994666477997936e-01 1.686114245990977256e-01 4.117273745518376660e-01
1.305033568945159912e+09 5.326359628379938593e-01 -4.050417141938629229e-01 1.012451636117245979e+00 -8.729051843496953289e-01 -1.977616163429653795e-01 1.676241145981008929e-01 4.133146966199544581e-01
1.305033568976138115e+09 5.292542118802781026e-01 -3.910097734733830599e-01 1.015840802966665679e+00 -8.724885788619906046e-01 -1.973730366897457900e-01 1.680623226433589912e-01 4.142011828217921909e-01
1.305033569010126114e+09 5.229352347485408670e-01 -3.794457800175636830e-01 1.023601397635319321e+00 -8.735316438618951906e-01 -1.958994155028704609e-01 1.666020511282775562e-01 4.132912323500457785e-01
1.305033569044015884e+09 5.205949529113284013e-01 -3.632649450601651564e-01 1.025555756302376942e+00 -8.730329368621962960e-01 -1.953483799102107843e-01 1.686354408478953348e-01 4.137808474425324623e-01
1.305033569910414934e+09 5.205949529113284013e-01 -3.632649450601651564e-01 1.025555756302376942e+00 -8.730329368621962960e-01 -1.953483799102107843e-01 1.686354408478953348e-01 4.137808474425324623e-01
1.305033569944824934e+09 5.205949529113284013e-01 -3.632649450601651564e-01 1.025555756302376942e+00 -8.730329368621962960e-01 -1.953483799102107843e-01 1.686354408478953348e-01 4.137808474425324623e-01
1.305033569981683016e+09 5.183612516141854476e-01 -3.528629892399112178e-01 1.024817889066933052e+00 -8.728017061850104064e-01 -1.975087961872734055e-01 1.718506398385782619e-01 4.119160286954854366e-01
1.305033570011029959e+09 5.143323189675548246e-01 -3.410275547720764688e-01 1.022708143236136458e+00 -8.725421484635339509e-01 -1.996690689512996553e-01 1.716239978290849677e-01 4.115187303488426762e-01
1.305033570045351982e+09 5.042632395446311477e-01 -3.326927437352036332e-01 1.021974621322619070e+00 -8.725479817026886575e-01 -2.002307742717766570e-01 1.701703732410461134e-01 4.118369832009901588e-01
1.305033570081549883e+09 4.966865702502891722e-01 -3.223719371723497984e-01 1.022213885689383650e+00 -8.724731137867631769e-01 -2.008109451558478531e-01 1.728219236755731136e-01 4.106071269740933505e-01
1.305033570109750986e+09 4.925607905293976074e-01 -3.107018478762184621e-01 1.021310696611171576e+00 -8.720381904312628496e-01 -2.019060169487827960e-01 1.756932826472558107e-01 4.097746029000308154e-01
1.305033570145930052e+09 4.925607905293976074e-01 -3.107018478762184621e-01 1.021310696611171576e+00 -8.720381904312628496e-01 -2.019060169487827960e-01 1.756932826472558107e-01 4.097746029000308154e-01
1.305033570181416988e+09 4.808410523517949731e-01 -2.973800345479812313e-01 1.019054687711727691e+00 -8.726465393749125443e-01 -2.029056621502638991e-01 1.749496417909532919e-01 4.083012765367864949e-01
1.305033570210844040e+09 4.766793522897798674e-01 -2.872898302905716461e-01 1.018983824220204948e+00 -8.732002317887276321e-01 -2.051902724272114120e-01 1.760088018304336033e-01 4.055110466850122553e-01
1.305033570244499922e+09 4.701530858702835936e-01 -2.792178045108293372e-01 1.017970984951591218e+00 -8.727797092673365009e-01 -2.081968412891574971e-01 1.752473933948193174e-01 4.052135307177714973e-01
1.305033570281941891e+09 4.625262666173941550e-01 -2.715640697537292647e-01 1.016736785330053960e+00 -8.716949368754862704e-01 -2.114991989664062877e-01 1.758027557036918875e-01 4.055976047133394990e-01
1.305033570312552929e+09 4.625262666173941550e-01 -2.715640697537292647e-01 1.016736785330053960e+00 -8.716949368754862704e-01 -2.114991989664062877e-01 1.758027557036918875e-01 4.055976047133394990e-01
1.305033570344475985e+09 4.539174465959447957e-01 -2.560265426642078790e-01 1.015685582673277576e+00 -8.678432701557979856e-01 -2.189233161254972027e-01 1.791176987337154691e-01 4.084574520096850847e-01
1.305033570380954981e+09 4.539174465959447957e-01 -2.560265426642078790e-01 1.015685582673277576e+00 -8.678432701557979856e-01 -2.189233161254972027e-01 1.791176987337154691e-01 4.084574520096850847e-01
1.305033570413393974e+09 4.464822258163645419e-01 -2.456728201151091584e-01 1.009381875863598399e+00 -8.645494750659680205e-01 -2.243251657545015376e-01 1.808828415338381568e-01 4.117205639885124779e-01
1.305033570444547892e+09 4.464822258163645419e-01 -2.456728201151091584e-01 1.009381875863598399e+00 -8.645494750659680205e-01 -2.243251657545015376e-01 1.808828415338381568e-01 4.117205639885124779e-01
1.305033570481286049e+09 4.378954840391133807e-01 -2.365500181960182857e-01 1.004160967518873182e+00 -8.645521544924845703e-01 -2.246691224374922080e-01 1.820448866480783301e-01 4.110146187556575903e-01
1.305033570513264894e+09 4.378954840391133807e-01 -2.365500181960182857e-01 1.004160967518873182e+00 -8.645521544924845703e-01 -2.246691224374922080e-01 1.820448866480783301e-01 4.110146187556575903e-01
1.305033570545142889e+09 4.378954840391133807e-01 -2.365500181960182857e-01 1.004160967518873182e+00 -8.645521544924845703e-01 -2.246691224374922080e-01 1.820448866480783301e-01 4.110146187556575903e-01
1.305033570580146074e+09 4.378954840391133807e-01 -2.365500181960182857e-01 1.004160967518873182e+00 -8.645521544924845703e-01 -2.246691224374922080e-01 1.820448866480783301e-01 4.110146187556575903e-01
1.305033570615300894e+09 4.378954840391133807e-01 -2.365500181960182857e-01 1.004160967518873182e+00 -8.645521544924845703e-01 -2.246691224374922080e-01 1.820448866480783301e-01 4.110146187556575903e-01
1.305033570644853115e+09 4.378954840391133807e-01 -2.365500181960182857e-01 1.004160967518873182e+00 -8.645521544924845703e-01 -2.246691224374922080e-01 1.820448866480783301e-01 4.110146187556575903e-01
1.305033570678623915e+09 4.318338630498339548e-01 -2.305923160873201150e-01 9.973860134425627244e-01 -8.633028044143369328e-01 -2.297531829395036418e-01 1.830234352435485268e-01 4.103951327332702737e-01
1.305033570712814093e+09 4.318338630498339548e-01 -2.305923160873201150e-01 9.973860134425627244e-01 -8.633028044143369328e-01 -2.297531829395036418e-01 1.830234352435485268e-01 4.103951327332702737e-01
1.305033570744520903e+09 4.318338630498339548e-01 -2.305923160873201150e-01 9.973860134425627244e-01 -8.633028044143369328e-01 -2.297531829395036418e-01 1.830234352435485268e-01 4.103951327332702737e-01
1.305033570777858019e+09 4.318338630498339548e-01 -2.305923160873201150e-01 9.973860134425627244e-01 -8.633028044143369328e-01 -2.297531829395036418e-01 1.830234352435485268e-01 4.103951327332702737e-01
1.305033570812773943e+09 4.318338630498339548e-01 -2.305923160873201150e-01 9.973860134425627244e-01 -8.633028044143369328e-01 -2.297531829395036418e-01 1.830234352435485268e-01 4.103951327332702737e-01
1.305033570844871998e+09 4.318338630498339548e-01 -2.305923160873201150e-01 9.973860134425627244e-01 -8.633028044143369328e-01 -2.297531829395036418e-01 1.830234352435485268e-01 4.103951327332702737e-01
1.305033570881244898e+09 4.318338630498339548e-01 -2.305923160873201150e-01 9.973860134425627244e-01 -8.633028044143369328e-01 -2.297531829395036418e-01 1.830234352435485268e-01 4.103951327332702737e-01
1.305033570912861109e+09 4.318338630498339548e-01 -2.305923160873201150e-01 9.973860134425627244e-01 -8.633028044143369328e-01 -2.297531829395036418e-01 1.830234352435485268e-01 4.103951327332702737e-01
1.305033570949081898e+09 4.318338630498339548e-01 -2.305923160873201150e-01 9.973860134425627244e-01 -8.633028044143369328e-01 -2.297531829395036418e-01 1.830234352435485268e-01 4.103951327332702737e-01
1.305033570980633020e+09 4.318338630498339548e-01 -2.305923160873201150e-01 9.973860134425627244e-01 -8.633028044143369328e-01 -2.297531829395036418e-01 1.830234352435485268e-01 4.103951327332702737e-01
1.305033571012823105e+09 4.318338630498339548e-01 -2.305923160873201150e-01 9.973860134425627244e-01 -8.633028044143369328e-01 -2.297531829395036418e-01 1.830234352435485268e-01 4.103951327332702737e-01
1.305033571046469927e+09 4.318338630498339548e-01 -2.305923160873201150e-01 9.973860134425627244e-01 -8.633028044143369328e-01 -2.297531829395036418e-01 1.830234352435485268e-01 4.103951327332702737e-01
1.305033571077804089e+09 4.375287525993147852e-01 -2.385664985892479439e-01 9.995107180782922818e-01 -8.641024652924389482e-01 -2.278061640881390015e-01 1.829244876005108600e-01 4.098413265095016134e-01
1.305033571112750053e+09 4.375287525993147852e-01 -2.385664985892479439e-01 9.995107180782922818e-01 -8.641024652924389482e-01 -2.278061640881390015e-01 1.829244876005108600e-01 4.098413265095016134e-01
1.305033571147699118e+09 4.375287525993147852e-01 -2.385664985892479439e-01 9.995107180782922818e-01 -8.641024652924389482e-01 -2.278061640881390015e-01 1.829244876005108600e-01 4.098413265095016134e-01
1.305033571177870989e+09 4.375287525993147852e-01 -2.385664985892479439e-01 9.995107180782922818e-01 -8.641024652924389482e-01 -2.278061640881390015e-01 1.829244876005108600e-01 4.098413265095016134e-01
1.305033571212793112e+09 4.473761762333647862e-01 -2.477558743699705968e-01 1.001326663744858791e+00 -8.643595619320337820e-01 -2.293245859729521607e-01 1.806566739674364264e-01 4.094581152157324433e-01
1.305033571246885061e+09 4.473761762333647862e-01 -2.477558743699705968e-01 1.001326663744858791e+00 -8.643595619320337820e-01 -2.293245859729521607e-01 1.806566739674364264e-01 4.094581152157324433e-01
1.305033571277797937e+09 4.473761762333647862e-01 -2.477558743699705968e-01 1.001326663744858791e+00 -8.643595619320337820e-01 -2.293245859729521607e-01 1.806566739674364264e-01 4.094581152157324433e-01
1.305033571312823057e+09 4.473761762333647862e-01 -2.477558743699705968e-01 1.001326663744858791e+00 -8.643595619320337820e-01 -2.293245859729521607e-01 1.806566739674364264e-01 4.094581152157324433e-01
1.305033571345834017e+09 4.556322181790732895e-01 -2.539452432753734890e-01 1.004523005836523986e+00 -8.653331264240473608e-01 -2.273455484017785078e-01 1.779031555157968569e-01 4.097109336991149875e-01
1.305033571377887964e+09 4.556322181790732895e-01 -2.539452432753734890e-01 1.004523005836523986e+00 -8.653331264240473608e-01 -2.273455484017785078e-01 1.779031555157968569e-01 4.097109336991149875e-01
1.305033571412843943e+09 4.556322181790732895e-01 -2.539452432753734890e-01 1.004523005836523986e+00 -8.653331264240473608e-01 -2.273455484017785078e-01 1.779031555157968569e-01 4.097109336991149875e-01
1.305033571446208000e+09 4.625385698314028460e-01 -2.609208767340769342e-01 1.007320277656503782e+00 -8.658552241894478252e-01 -2.248414953159740270e-01 1.760011620412155198e-01 4.108097171295485572e-01
1.305033571479710102e+09 4.625385698314028460e-01 -2.609208767340769342e-01 1.007320277656503782e+00 -8.658552241894478252e-01 -2.248414953159740270e-01 1.760011620412155198e-01 4.108097171295485572e-01
1.305033571513549089e+09 4.625385698314028460e-01 -2.609208767340769342e-01 1.007320277656503782e+00 -8.658552241894478252e-01 -2.248414953159740270e-01 1.760011620412155198e-01 4.108097171295485572e-01
1.305033571546864033e+09 4.625385698314028460e-01 -2.609208767340769342e-01 1.007320277656503782e+00 -8.658552241894478252e-01 -2.248414953159740270e-01 1.760011620412155198e-01 4.108097171295485572e-01
1.305033571577893019e+09 4.625385698314028460e-01 -2.609208767340769342e-01 1.007320277656503782e+00 -8.658552241894478252e-01 -2.248414953159740270e-01 1.760011620412155198e-01 4.108097171295485572e-01
1.305033571612860918e+09 4.691879598632802129e-01 -2.720781111294067189e-01 1.008562922598471134e+00 -8.667086533898871181e-01 -2.210220935044758250e-01 1.737427063870310984e-01 4.120422506240074556e-01
1.305033571646121979e+09 4.691879598632802129e-01 -2.720781111294067189e-01 1.008562922598471134e+00 -8.667086533898871181e-01 -2.210220935044758250e-01 1.737427063870310984e-01 4.120422506240074556e-01
1.305033571678643942e+09 4.691879598632802129e-01 -2.720781111294067189e-01 1.008562922598471134e+00 -8.667086533898871181e-01 -2.210220935044758250e-01 1.737427063870310984e-01 4.120422506240074556e-01
1.305033571712929964e+09 4.762395250933442181e-01 -2.822286553607382675e-01 1.010237076894075159e+00 -8.672623212868020293e-01 -2.187830629011281447e-01 1.742389050762467306e-01 4.118626487333605368e-01
1.305033571747704983e+09 4.762395250933442181e-01 -2.822286553607382675e-01 1.010237076894075159e+00 -8.672623212868020293e-01 -2.187830629011281447e-01 1.742389050762467306e-01 4.118626487333605368e-01
1.305033571780914068e+09 4.762395250933442181e-01 -2.822286553607382675e-01 1.010237076894075159e+00 -8.672623212868020293e-01 -2.187830629011281447e-01 1.742389050762467306e-01 4.118626487333605368e-01
1.305033571812886000e+09 4.762395250933442181e-01 -2.822286553607382675e-01 1.010237076894075159e+00 -8.672623212868020293e-01 -2.187830629011281447e-01 1.742389050762467306e-01 4.118626487333605368e-01
1.305033571848721027e+09 4.811270694833083006e-01 -2.909640856021795674e-01 1.008232123113612877e+00 -8.670920319679163990e-01 -2.168415887325906566e-01 1.746843553061872556e-01 4.130575135558454125e-01
1.305033571878866911e+09 4.811270694833083006e-01 -2.909640856021795674e-01 1.008232123113612877e+00 -8.670920319679163990e-01 -2.168415887325906566e-01 1.746843553061872556e-01 4.130575135558454125e-01
1.305033571914169073e+09 4.881125703641477909e-01 -3.020433084330605977e-01 1.005635839038534485e+00 -8.670340395477409423e-01 -2.154554802772283839e-01 1.730898601577265661e-01 4.145730461506316744e-01
1.305033571947545052e+09 4.881125703641477909e-01 -3.020433084330605977e-01 1.005635839038534485e+00 -8.670340395477409423e-01 -2.154554802772283839e-01 1.730898601577265661e-01 4.145730461506316744e-01
1.305033571978986979e+09 4.945115021647956688e-01 -3.114846458355430281e-01 1.005649105764553131e+00 -8.675692000131313142e-01 -2.134727360580277733e-01 1.719405853055560873e-01 4.149572378851315024e-01
1.305033572013000011e+09 4.945115021647956688e-01 -3.114846458355430281e-01 1.005649105764553131e+00 -8.675692000131313142e-01 -2.134727360580277733e-01 1.719405853055560873e-01 4.149572378851315024e-01
1.305033572050296068e+09 5.021326251759691273e-01 -3.225120719775302902e-01 1.005761883883750096e+00 -8.675681939395282205e-01 -2.125535806272729755e-01 1.711333890529237733e-01 4.157640765846554176e-01
1.305033572078119040e+09 5.021326251759691273e-01 -3.225120719775302902e-01 1.005761883883750096e+00 -8.675681939395282205e-01 -2.125535806272729755e-01 1.711333890529237733e-01 4.157640765846554176e-01
1.305033572112771988e+09 5.124893606934473045e-01 -3.313986874130676608e-01 1.006674464579997208e+00 -8.683324212973654310e-01 -2.129206014858193163e-01 1.685640575758608761e-01 4.150298568540985444e-01
1.305033572148148060e+09 5.124893606934473045e-01 -3.313986874130676608e-01 1.006674464579997208e+00 -8.683324212973654310e-01 -2.129206014858193163e-01 1.685640575758608761e-01 4.150298568540985444e-01
1.305033572182204008e+09 5.124893606934473045e-01 -3.313986874130676608e-01 1.006674464579997208e+00 -8.683324212973654310e-01 -2.129206014858193163e-01 1.685640575758608761e-01 4.150298568540985444e-01
1.305033572217214108e+09 5.187373117241460552e-01 -3.405747786770645380e-01 1.008328931010586960e+00 -8.692185311161267913e-01 -2.090048070650336043e-01 1.677916819526488745e-01 4.154781429335749898e-01
1.305033572250147104e+09 5.187373117241460552e-01 -3.405747786770645380e-01 1.008328931010586960e+00 -8.692185311161267913e-01 -2.090048070650336043e-01 1.677916819526488745e-01 4.154781429335749898e-01
1.305033572278115034e+09 5.258918442309125085e-01 -3.516813178789717220e-01 1.011455084347690159e+00 -8.693085226939396559e-01 -2.069593783894076999e-01 1.660705814737574448e-01 4.170024820517481134e-01
1.305033572317979097e+09 5.258918442309125085e-01 -3.516813178789717220e-01 1.011455084347690159e+00 -8.693085226939396559e-01 -2.069593783894076999e-01 1.660705814737574448e-01 4.170024820517481134e-01
1.305033572350194931e+09 5.333722733905648106e-01 -3.631877075576912528e-01 1.015809575539136089e+00 -8.691736156903324684e-01 -2.086896293958179216e-01 1.633184622535259201e-01 4.175080169979663580e-01
1.305033572378518105e+09 5.333722733905648106e-01 -3.631877075576912528e-01 1.015809575539136089e+00 -8.691736156903324684e-01 -2.086896293958179216e-01 1.633184622535259201e-01 4.175080169979663580e-01
1.305033572418247938e+09 5.389121736167077348e-01 -3.778498740570357395e-01 1.024708228470648352e+00 -8.683647638580458405e-01 -2.115845727879366034e-01 1.612943081767153064e-01 4.185197147061310297e-01
1.305033572450331926e+09 5.413161994127774213e-01 -3.873370293823792387e-01 1.030566528721317932e+00 -8.685447703523453411e-01 -2.133393545308243655e-01 1.617578238558153025e-01 4.170739839925212133e-01
1.305033572482120991e+09 5.471264633866206317e-01 -3.940928004284739439e-01 1.037221597710945353e+00 -8.690616936811053073e-01 -2.156943380349331529e-01 1.639329227107458875e-01 4.139247781509499124e-01
1.305033572517832041e+09 5.509987714436681561e-01 -4.043359657705190013e-01 1.042821237404553347e+00 -8.695555932000825772e-01 -2.183159294659321459e-01 1.641515849508966840e-01 4.114188649466467007e-01
1.305033572550497055e+09 5.558308412842036805e-01 -4.103613931349963106e-01 1.052170314842648668e+00 -8.703565031728428547e-01 -2.231880828796097282e-01 1.632481013914132972e-01 4.074514626766781444e-01
1.305033572582154036e+09 5.595541884712273983e-01 -4.193229999245764450e-01 1.058421935686013393e+00 -8.704462356404184531e-01 -2.284677473390794300e-01 1.599734678454234060e-01 4.056283136946199908e-01
1.305033572616678953e+09 5.636684511091160088e-01 -4.283821782242677179e-01 1.065867333720563082e+00 -8.713295530175382275e-01 -2.314727818260963743e-01 1.588963667746246533e-01 4.024389468450705887e-01
1.305033572650227070e+09 5.666428269932873851e-01 -4.367755580815130267e-01 1.075524760440309535e+00 -8.731464900937971896e-01 -2.339862518909347489e-01 1.591792391560415965e-01 3.968974812021594523e-01
1.305033572680315018e+09 5.682928758402828739e-01 -4.457696487164296562e-01 1.085718498187270065e+00 -8.754086708438192366e-01 -2.355534541670281090e-01 1.583065291000439190e-01 3.912969103963593320e-01
1.305033572718259096e+09 5.643654750284474719e-01 -4.503280349576653796e-01 1.101940544860554372e+00 -8.788254530073934534e-01 -2.380292989397472803e-01 1.588958328614527016e-01 3.817852672535534952e-01
1.305033572750165939e+09 5.683766009041260059e-01 -4.560295380653232034e-01 1.115052719695034611e+00 -8.783777030025601285e-01 -2.457727529476003148e-01 1.612630693757239331e-01 3.768853767818865497e-01
1.305033572780966997e+09 5.696751032143447802e-01 -4.641080954846421580e-01 1.127790181419931814e+00 -8.782594806571886181e-01 -2.510698915332270076e-01 1.620639529013467306e-01 3.733088123407335979e-01
1.305033572816626072e+09 5.717825114141097398e-01 -4.732012143294294093e-01 1.142145090801275131e+00 -8.785407323419612835e-01 -2.552632896032326348e-01 1.664852361966661642e-01 3.678172110240719994e-01
1.305033572847583055e+09 5.714446794033881671e-01 -4.793867661615357489e-01 1.161595194622402794e+00 -8.786416378154667806e-01 -2.642524986047681268e-01 1.721732702543232185e-01 3.584910797886365907e-01
1.305033572879278898e+09 5.712240656708024167e-01 -4.865684514970306518e-01 1.169244497723986198e+00 -8.760186072173140603e-01 -2.748682386524805565e-01 1.798150097765933153e-01 3.531365365523140287e-01
1.305033572915302992e+09 5.700209549057809744e-01 -4.972329557592463090e-01 1.183115470526814983e+00 -8.739829759320633107e-01 -2.867901961710001002e-01 1.851733496829149894e-01 3.458554202674039568e-01
1.305033572951889038e+09 5.650967105241871957e-01 -5.062078360229103069e-01 1.190999420302293998e+00 -8.707300124699690613e-01 -2.989691546891969365e-01 1.898897041095722327e-01 3.411577204192419721e-01
1.305033572978188992e+09 5.539519216241807209e-01 -5.144120695258556086e-01 1.198408785156357848e+00 -8.672001660535697543e-01 -3.120997836137752168e-01 1.938716329494277468e-01 3.361121643178334173e-01
1.305033573015418053e+09 5.537601497904076631e-01 -5.244078060216529336e-01 1.214374172433228205e+00 -8.621501406349919572e-01 -3.275129109152570828e-01 2.009014079544764741e-01 3.302590687154366433e-01
1.305033573047133923e+09 5.506503713725797722e-01 -5.327588684943959096e-01 1.224532183437212485e+00 -8.564243603478143285e-01 -3.423981901385225179e-01 2.082074959021686933e-01 3.255002811716904976e-01
1.305033573080128908e+09 5.295081820318356947e-01 -5.428357918491357736e-01 1.251527326569455756e+00 -8.528415972531048217e-01 -3.580789850674372388e-01 2.103561423726976187e-01 3.165295307138407122e-01
1.305033573115330935e+09 5.295081820318356947e-01 -5.428357918491357736e-01 1.251527326569455756e+00 -8.528415972531048217e-01 -3.580789850674372388e-01 2.103561423726976187e-01 3.165295307138407122e-01
1.305033573146193981e+09 5.295081820318356947e-01 -5.428357918491357736e-01 1.251527326569455756e+00 -8.528415972531048217e-01 -3.580789850674372388e-01 2.103561423726976187e-01 3.165295307138407122e-01
1.305033573177561045e+09 5.295081820318356947e-01 -5.428357918491357736e-01 1.251527326569455756e+00 -8.528415972531048217e-01 -3.580789850674372388e-01 2.103561423726976187e-01 3.165295307138407122e-01
1.305033573215744019e+09 5.295081820318356947e-01 -5.428357918491357736e-01 1.251527326569455756e+00 -8.528415972531048217e-01 -3.580789850674372388e-01 2.103561423726976187e-01 3.165295307138407122e-01
1.305033573245662928e+09 5.266133199343610016e-01 -5.275507355587187863e-01 1.237346032603820145e+00 -8.127991407406022217e-01 -4.057092826108286143e-01 2.688131023745771730e-01 3.201516059720779239e-01
1.305033573277719975e+09 4.825999908658471504e-01 -5.382676976109245226e-01 1.279832559180261287e+00 -8.076527139096773000e-01 -4.256132317100658757e-01 2.593853251074842992e-01 3.150709822032674579e-01
1.305033573314326048e+09 4.825999908658471504e-01 -5.382676976109245226e-01 1.279832559180261287e+00 -8.076527139096773000e-01 -4.256132317100658757e-01 2.593853251074842992e-01 3.150709822032674579e-01
1.305033573346700907e+09 4.825999908658471504e-01 -5.382676976109245226e-01 1.279832559180261287e+00 -8.076527139096773000e-01 -4.256132317100658757e-01 2.593853251074842992e-01 3.150709822032674579e-01
1.305033573379446983e+09 4.825999908658471504e-01 -5.382676976109245226e-01 1.279832559180261287e+00 -8.076527139096773000e-01 -4.256132317100658757e-01 2.593853251074842992e-01 3.150709822032674579e-01
1.305033573413474083e+09 4.825999908658471504e-01 -5.382676976109245226e-01 1.279832559180261287e+00 -8.076527139096773000e-01 -4.256132317100658757e-01 2.593853251074842992e-01 3.150709822032674579e-01
1.305033573445595980e+09 4.825999908658471504e-01 -5.382676976109245226e-01 1.279832559180261287e+00 -8.076527139096773000e-01 -4.256132317100658757e-01 2.593853251074842992e-01 3.150709822032674579e-01
1.305033573476821899e+09 4.825999908658471504e-01 -5.382676976109245226e-01 1.279832559180261287e+00 -8.076527139096773000e-01 -4.256132317100658757e-01 2.593853251074842992e-01 3.150709822032674579e-01
1.305033573515495062e+09 4.825999908658471504e-01 -5.382676976109245226e-01 1.279832559180261287e+00 -8.076527139096773000e-01 -4.256132317100658757e-01 2.593853251074842992e-01 3.150709822032674579e-01
1.305033573546940088e+09 4.825999908658471504e-01 -5.382676976109245226e-01 1.279832559180261287e+00 -8.076527139096773000e-01 -4.256132317100658757e-01 2.593853251074842992e-01 3.150709822032674579e-01
1.305033573576905966e+09 4.825999908658471504e-01 -5.382676976109245226e-01 1.279832559180261287e+00 -8.076527139096773000e-01 -4.256132317100658757e-01 2.593853251074842992e-01 3.150709822032674579e-01
1.305033573612730026e+09 4.825999908658471504e-01 -5.382676976109245226e-01 1.279832559180261287e+00 -8.076527139096773000e-01 -4.256132317100658757e-01 2.593853251074842992e-01 3.150709822032674579e-01
1.305033573644867897e+09 4.825999908658471504e-01 -5.382676976109245226e-01 1.279832559180261287e+00 -8.076527139096773000e-01 -4.256132317100658757e-01 2.593853251074842992e-01 3.150709822032674579e-01
1.305033573676914930e+09 4.825999908658471504e-01 -5.382676976109245226e-01 1.279832559180261287e+00 -8.076527139096773000e-01 -4.256132317100658757e-01 2.593853251074842992e-01 3.150709822032674579e-01
1.305033573712810993e+09 4.825999908658471504e-01 -5.382676976109245226e-01 1.279832559180261287e+00 -8.076527139096773000e-01 -4.256132317100658757e-01 2.593853251074842992e-01 3.150709822032674579e-01
1.305033573746551991e+09 4.825999908658471504e-01 -5.382676976109245226e-01 1.279832559180261287e+00 -8.076527139096773000e-01 -4.256132317100658757e-01 2.593853251074842992e-01 3.150709822032674579e-01
1.305033573777048111e+09 4.825999908658471504e-01 -5.382676976109245226e-01 1.279832559180261287e+00 -8.076527139096773000e-01 -4.256132317100658757e-01 2.593853251074842992e-01 3.150709822032674579e-01
1.305033573812928915e+09 4.825999908658471504e-01 -5.382676976109245226e-01 1.279832559180261287e+00 -8.076527139096773000e-01 -4.256132317100658757e-01 2.593853251074842992e-01 3.150709822032674579e-01
1.305033573847554922e+09 4.658183075899777759e-01 -5.449701689728185805e-01 1.283624683657832666e+00 -8.070988977755368943e-01 -4.205948989188349474e-01 2.537089266028694778e-01 3.276020158286395700e-01
1.305033573876900911e+09 4.479002765074284742e-01 -5.522662857456134278e-01 1.288132279833254623e+00 -8.087817388527638318e-01 -4.130067304789568627e-01 2.469833779179538003e-01 3.380780242926467727e-01
1.305033573915599108e+09 4.317542374841618624e-01 -5.576468656489371734e-01 1.293927753792011526e+00 -8.114616449819295196e-01 -4.035792491642041235e-01 2.425291144255323217e-01 3.461696361948072287e-01
1.305033573945652962e+09 4.174048008521809017e-01 -5.645821665867228889e-01 1.297708005934611553e+00 -8.160750950265283077e-01 -3.899427110847871747e-01 2.404537496307254107e-01 3.523465845411494213e-01
1.305033573977056026e+09 3.984812557964989566e-01 -5.718839930268927452e-01 1.298195065765890499e+00 -8.220424877943200981e-01 -3.750242785217595687e-01 2.392791311629542117e-01 3.554552519939190858e-01
