1.305033527670033932e+09 1.490599999999999925e+00 -1.168099999999999916e+00 6.610000000000000320e-01 -8.958911710360140113e-01 -7.129929734888668102e-02 4.599954667670114183e-02 4.360957022980307962e-01
1.305033527701983929e+09 1.499021535090478974e+00 -1.191252431739504791e+00 6.759211448276354339e-01 -8.984125511262981423e-01 -6.901681392124377201e-02 4.713848755335658947e-02 4.311258869124877657e-01
1.305033527733905077e+09 1.499021535090478974e+00 -1.191252431739504791e+00 6.759211448276354339e-01 -8.984125511262981423e-01 -6.901681392124377201e-02 4.713848755335658947e-02 4.311258869124877657e-01
1.305033527769942999e+09 1.499426709927838219e+00 -1.205772152147894127e+00 6.721014582128695958e-01 -9.025318590872152269e-01 -6.903421214875436751e-02 4.326399495778218696e-02 4.228460093531319353e-01
1.305033527801980972e+09 1.499426709927838219e+00 -1.205772152147894127e+00 6.721014582128695958e-01 -9.025318590872152269e-01 -6.903421214875436751e-02 4.326399495778218696e-02 4.228460093531319353e-01
1.305033527833906889e+09 1.507603364264979984e+00 -1.215539805741899348e+00 6.761983639449141714e-01 -9.072828285643836921e-01 -6.573389109827006138e-02 4.343905752068205617e-02 4.130738103959229468e-01
1.305033527869940996e+09 1.507603364264979984e+00 -1.215539805741899348e+00 6.761983639449141714e-01 -9.072828285643836921e-01 -6.573389109827006138e-02 4.343905752068205617e-02 4.130738103959229468e-01
1.305033527901959896e+09 1.510647810468960683e+00 -1.224971699034742567e+00 6.744945974552454260e-01 -9.099395964658084646e-01 -5.577640039524539572e-02 4.332696047698535863e-02 4.086828824876526656e-01
1.305033527933928967e+09 1.510647810468960683e+00 -1.224971699034742567e+00 6.744945974552454260e-01 -9.099395964658084646e-01 -5.577640039524539572e-02 4.332696047698535863e-02 4.086828824876526656e-01
1.305033527969980001e+09 1.510647810468960683e+00 -1.224971699034742567e+00 6.744945974552454260e-01 -9.099395964658084646e-01 -5.577640039524539572e-02 4.332696047698535863e-02 4.086828824876526656e-01
1.305033528002018929e+09 1.512189965778444112e+00 -1.235288413362636728e+00 6.724594693591368078e-01 -9.123208281766941319e-01 -4.247485747281565249e-02 4.204910106824672616e-02 4.050906886821852848e-01
1.305033528034008980e+09 1.512189965778444112e+00 -1.235288413362636728e+00 6.724594693591368078e-01 -9.123208281766941319e-01 -4.247485747281565249e-02 4.204910106824672616e-02 4.050906886821852848e-01
1.305033528070091009e+09 1.512189965778444112e+00 -1.235288413362636728e+00 6.724594693591368078e-01 -9.123208281766941319e-01 -4.247485747281565249e-02 4.204910106824672616e-02 4.050906886821852848e-01
1.305033528102035999e+09 1.512189965778444112e+00 -1.235288413362636728e+00 6.724594693591368078e-01 -9.123208281766941319e-01 -4.247485747281565249e-02 4.204910106824672616e-02 4.050906886821852848e-01
1.305033528133965015e+09 1.512189965778444112e+00 -1.235288413362636728e+00 6.724594693591368078e-01 -9.123208281766941319e-01 -4.247485747281565249e-02 4.204910106824672616e-02 4.050906886821852848e-01
1.305033528169886112e+09 1.512189965778444112e+00 -1.235288413362636728e+00 6.724594693591368078e-01 -9.123208281766941319e-01 -4.247485747281565249e-02 4.204910106824672616e-02 4.050906886821852848e-01
1.305033528202011108e+09 1.510594844833778261e+00 -1.222583599265226306e+00 6.763238485949452095e-01 -9.133635905001077360e-01 -3.614224140507946159e-02 4.282871616771161821e-02 4.032696256927789102e-01
1.305033528234025955e+09 1.510594844833778261e+00 -1.222583599265226306e+00 6.763238485949452095e-01 -9.133635905001077360e-01 -3.614224140507946159e-02 4.282871616771161821e-02 4.032696256927789102e-01
1.305033528269953012e+09 1.510594844833778261e+00 -1.222583599265226306e+00 6.763238485949452095e-01 -9.133635905001077360e-01 -3.614224140507946159e-02 4.282871616771161821e-02 4.032696256927789102e-01
1.305033528301989079e+09 1.510594844833778261e+00 -1.222583599265226306e+00 6.763238485949452095e-01 -9.133635905001077360e-01 -3.614224140507946159e-02 4.282871616771161821e-02 4.032696256927789102e-01
1.305033528333972931e+09 1.514927923269929311e+00 -1.208338391069084361e+00 6.742533981266130017e-01 -9.130745471212207143e-01 -3.852891822165525892e-02 4.006485928624911597e-02 4.039866345690409921e-01
1.305033528369960070e+09 1.514927923269929311e+00 -1.208338391069084361e+00 6.742533981266130017e-01 -9.130745471212207143e-01 -3.852891822165525892e-02 4.006485928624911597e-02 4.039866345690409921e-01
1.305033528402060986e+09 1.515084918645634993e+00 -1.193716761840551532e+00 6.751151796848892106e-01 -9.128572721195642448e-01 -3.944853825448568774e-02 3.917151633117749165e-02 4.044762117558070580e-01
1.305033528433943987e+09 1.515084918645634993e+00 -1.193716761840551532e+00 6.751151796848892106e-01 -9.128572721195642448e-01 -3.944853825448568774e-02 3.917151633117749165e-02 4.044762117558070580e-01
1.305033528470017910e+09 1.513557634188011480e+00 -1.177559021927194749e+00 6.770696497685770865e-01 -9.119588633281631163e-01 -4.056108988976497159e-02 3.654992757481827226e-02 4.066324290786883511e-01
1.305033528502259970e+09 1.513557634188011480e+00 -1.177559021927194749e+00 6.770696497685770865e-01 -9.119588633281631163e-01 -4.056108988976497159e-02 3.654992757481827226e-02 4.066324290786883511e-01
1.305033528534013987e+09 1.513250465007840218e+00 -1.158288048388817604e+00 6.780125113146603377e-01 -9.116707908239436442e-01 -4.278733279044370785e-02 3.791375354425645383e-02 4.069252518624401072e-01
1.305033528570000887e+09 1.515378648125681460e+00 -1.146910383410236323e+00 6.786580025348329936e-01 -9.110879576635882993e-01 -4.548595754252617029e-02 3.957170452537909361e-02 4.077791574710350475e-01
1.305033528601902008e+09 1.516142719276809547e+00 -1.136190615101219992e+00 6.791757349892920681e-01 -9.101164468037971078e-01 -4.872800049769818176e-02 4.050649507756802492e-02 4.094787651164078501e-01
1.305033528633991003e+09 1.520074070141714362e+00 -1.124591370811419910e+00 6.827821238802050940e-01 -9.096931391247550236e-01 -5.254733294790651932e-02 4.282416851124724866e-02 4.097111922082813940e-01
1.305033528669998884e+09 1.522519269583738399e+00 -1.113640808198546939e+00 6.809768576441355137e-01 -9.094295811070577384e-01 -5.257982929037703645e-02 4.577093653928150652e-02 4.099734380756312468e-01
1.305033528702008009e+09 1.525881228310305593e+00 -1.097524321688888138e+00 6.830883993591102543e-01 -9.099160439071772855e-01 -5.169742586303902043e-02 4.715952388193627581e-02 4.088473413227436959e-01
1.305033528734047890e+09 1.529348517842062716e+00 -1.086383550101515993e+00 6.841694883886140222e-01 -9.095773670655621368e-01 -5.126955503548197290e-02 4.798949446792511592e-02 4.095576326590149030e-01
1.305033528770045042e+09 1.533142917537357208e+00 -1.073641176454114943e+00 6.838919159999807817e-01 -9.094972999613052389e-01 -5.082235697197535346e-02 4.922667735012696555e-02 4.096443379713374244e-01
1.305033528801994085e+09 1.537295159449687310e+00 -1.061140810847102989e+00 6.838263532875311634e-01 -9.093340682986809087e-01 -4.919839846928249910e-02 4.943972477578691127e-02 4.101789651280548510e-01
1.305033528834357977e+09 1.541155524252473485e+00 -1.047861558009583804e+00 6.846848276088780549e-01 -9.096589657418249208e-01 -4.659507854942829957e-02 5.032151693291359029e-02 4.096549885379847655e-01
1.305033528870165110e+09 1.545136028445443399e+00 -1.034241098970533290e+00 6.869427730768130624e-01 -9.103306534625493773e-01 -4.502290913668624550e-02 5.160809342785598747e-02 4.081759960017968258e-01
1.305033528902091980e+09 1.544493802445940256e+00 -1.019667914725443936e+00 6.883739141962863517e-01 -9.105974829482152977e-01 -4.314072184507040941e-02 5.082049449999945234e-02 4.078828011890625604e-01
1.305033528934257984e+09 1.553771465090322934e+00 -1.006007878149515644e+00 6.852574940145416127e-01 -9.095621390142158980e-01 -4.409190135919400372e-02 5.386574821225973558e-02 4.096963517972166402e-01
1.305033528969917059e+09 1.558694212971272863e+00 -9.916095759784184782e-01 6.853296718613317573e-01 -9.096072463582757228e-01 -4.358747246568227263e-02 5.336484821729058081e-02 4.097157338830350604e-01
1.305033529002386093e+09 1.560229513564893367e+00 -9.807769226367528681e-01 6.864234105941007247e-01 -9.093763060715323032e-01 -4.268806133308013923e-02 4.967040520518332253e-02 4.107862147420124899e-01
1.305033529033895969e+09 1.560531206144634808e+00 -9.670470400062655125e-01 6.869208875927990121e-01 -9.095687368870235545e-01 -4.257842214082725729e-02 4.762123156271082236e-02 4.106141852763890432e-01
1.305033529069871902e+09 1.563750011260881978e+00 -9.502581330894656064e-01 6.924633333724991013e-01 -9.099755205866499885e-01 -4.538616103629127679e-02 4.721390380068599818e-02 4.094575626451935624e-01
1.305033529101938009e+09 1.565398947530992180e+00 -9.360709633239522320e-01 6.943462965940180309e-01 -9.091138935586557945e-01 -4.741659476158587017e-02 4.693934132716201524e-02 4.111694216689868453e-01
1.305033529133980036e+09 1.567838466766428906e+00 -9.221780558956645946e-01 6.991227961654253864e-01 -9.085013475338808986e-01 -4.943588327854231412e-02 4.711249179035918722e-02 4.122642454675110590e-01
1.305033529170049906e+09 1.571306360220098508e+00 -9.076030798431318214e-01 6.941528392349077814e-01 -9.066119378420185448e-01 -4.846793551313137438e-02 4.972377029763172529e-02 4.162129263451859185e-01
1.305033529201937914e+09 1.574526681959629082e+00 -8.918883613451955572e-01 6.957052729611278297e-01 -9.061082518717477052e-01 -4.826091717775367329e-02 4.978565443597983420e-02 4.173249433900024230e-01
1.305033529233932972e+09 1.578491158051081200e+00 -8.762211018857100076e-01 6.999591199609377368e-01 -9.057539485970529380e-01 -4.734085521370270250e-02 4.977140962591532214e-02 4.182002329175961708e-01
1.305033529270157099e+09 1.575154108274435139e+00 -8.626315273588271992e-01 7.009343456900773983e-01 -9.043177338214052341e-01 -4.695257870154939672e-02 4.679022462603399379e-02 4.216818309209423021e-01
1.305033529302066088e+09 1.577088706291131848e+00 -8.450563607594746562e-01 7.058656891772745468e-01 -9.041855101596810718e-01 -4.663490025058507349e-02 4.676065642461638139e-02 4.220037799672349266e-01
1.305033529333973885e+09 1.581605228383226924e+00 -8.276216205587798580e-01 7.203738313467532572e-01 -9.046878762800407703e-01 -4.960922562944594660e-02 4.537641610582598267e-02 4.207371532272226045e-01
1.305033529369872093e+09 1.579808223825317492e+00 -8.161819593523249594e-01 7.168720633839489320e-01 -9.025682239427204046e-01 -4.807105262418108482e-02 4.305974640772919360e-02 4.256825498746557024e-01
1.305033529402096033e+09 1.578290214255375190e+00 -8.034273887249500090e-01 7.180367297186607267e-01 -9.016276733597680115e-01 -4.688910865905530218e-02 4.177731619874866520e-02 4.279294404130669638e-01
1.305033529434346914e+09 1.578816608302025193e+00 -7.888345606689433076e-01 7.187894070332124796e-01 -9.010005297211463038e-01 -4.586574525820133474e-02 4.159649851555681510e-02 4.293764201319965057e-01
1.305033529470113039e+09 1.578671758422900862e+00 -7.699473233032301245e-01 7.181412508527187377e-01 -9.003806361015180837e-01 -4.559019121507901229e-02 4.233023800990380614e-02 4.306325528201779274e-01
1.305033529502275944e+09 1.582129731237669867e+00 -7.577195484083202315e-01 7.204122490196315232e-01 -8.987649219352060737e-01 -4.745176694246925481e-02 4.285586536093650284e-02 4.337433800267225803e-01
1.305033529534027100e+09 1.582429417387375414e+00 -7.427622820656316627e-01 7.217424879851668251e-01 -8.982023599781026046e-01 -4.623510728686849175e-02 4.253146732346611142e-02 4.350700054833148145e-01
1.305033529569931984e+09 1.580015571795879037e+00 -7.292968118243383646e-01 7.238617876793108641e-01 -8.977101719932110147e-01 -4.394719413312914158e-02 4.109767086967305860e-02 4.364585577999735566e-01
1.305033529601907969e+09 1.576680282087320473e+00 -7.144019209680987359e-01 7.250123705685453945e-01 -8.979368833438972075e-01 -4.211949050653167326e-02 4.026632199699066439e-02 4.362498428228407943e-01
1.305033529634597063e+09 1.580003828856075820e+00 -6.954814444205943413e-01 7.238235041735304742e-01 -8.977887687813633777e-01 -4.344522690099578838e-02 4.102917086732088547e-02 4.363535791620196669e-01
1.305033529670028925e+09 1.579466408391552612e+00 -6.807627239588115442e-01 7.199585174218244843e-01 -8.972841787942603675e-01 -4.275379474662224788e-02 3.742318327858320387e-02 4.377815903776344775e-01
1.305033529701927900e+09 1.577043393413792405e+00 -6.636039169024967599e-01 7.224593839908284298e-01 -8.984049223587089461e-01 -4.024612172291426593e-02 3.420574671725396670e-02 4.359802886133974376e-01
1.305033529735153913e+09 1.575273754103719170e+00 -6.468550919478679440e-01 7.233517417157282470e-01 -8.984378448179747290e-01 -3.757657706552101906e-02 3.264871213511112702e-02 4.362699868782977664e-01
1.305033529769984961e+09 1.569512621298660759e+00 -6.293877699569913053e-01 7.222909972356864605e-01 -8.980444399517953924e-01 -3.179535329702683905e-02 3.156327535121960376e-02 4.376174117074029257e-01
1.305033529801903963e+09 1.567273423267999011e+00 -6.129119307842311182e-01 7.199781648068586115e-01 -8.969708309584524253e-01 -2.497819923917602228e-02 3.430964606057777810e-02 4.400480271057570780e-01
1.305033529835175991e+09 1.567616995958003301e+00 -5.963141369943997239e-01 7.195128524678110482e-01 -8.966502359678588663e-01 -1.922379575598109208e-02 3.741315916822132714e-02 4.407369459627464847e-01
1.305033529870052099e+09 1.565407595026651277e+00 -5.820983578852843010e-01 7.157349928151807150e-01 -8.959791216713072215e-01 -1.461665453709875412e-02 3.710570306656046230e-02 4.423018581683690331e-01
1.305033529902039051e+09 1.563333124807146479e+00 -5.670969625573228923e-01 7.176120621333610394e-01 -8.963813027742214556e-01 -1.285050824572794674e-02 3.616320364461052261e-02 4.416193464702090621e-01
1.305033529934437990e+09 1.559641471315821981e+00 -5.531987237043520800e-01 7.176266603751625395e-01 -8.963165519546965054e-01 -1.398234778388176419e-02 3.474274513095344796e-02 4.418303682447142222e-01
1.305033529969974995e+09 1.559220749065935330e+00 -5.354079172635758388e-01 7.175797569001086673e-01 -8.966123014683089476e-01 -1.549963034999859990e-02 3.552274437684810326e-02 4.411170785025815277e-01
1.305033530002319098e+09 1.558218150523266621e+00 -5.183245421331436065e-01 7.191052527585021226e-01 -8.960231399136576735e-01 -1.719704956173001564e-02 3.511980174133372962e-02 4.422820296499627712e-01
1.305033530034538984e+09 1.554979869131444481e+00 -5.027931115411213847e-01 7.164401038094958540e-01 -8.953818101462993617e-01 -1.651681037379622990e-02 3.471893130245667924e-02 4.436363430146676445e-01
1.305033530070091963e+09 1.554576436616645019e+00 -4.849102804184672877e-01 7.183560011688373548e-01 -8.955381757245108876e-01 -1.675558538818288506e-02 3.548364106216411046e-02 4.432510997113103257e-01
1.305033530102639914e+09 1.555216372729170571e+00 -4.688629242892686788e-01 7.203524829610399305e-01 -8.952479029038491465e-01 -1.773917926082873089e-02 3.542929156429028281e-02 4.438031986868336554e-01
1.305033530133963108e+09 1.554084527363670087e+00 -4.517356765913488337e-01 7.179932900802419304e-01 -8.946618838585205236e-01 -1.856206857912072808e-02 3.449746682207009696e-02 4.450230195884785078e-01
1.305033530169975042e+09 1.554119553488337191e+00 -4.342523891602010355e-01 7.185820985991170362e-01 -8.945262172087514729e-01 -1.950051217042901922e-02 3.439112467249876015e-02 4.452637727179846738e-01
1.305033530202533007e+09 1.554994563180070788e+00 -4.173564938665782487e-01 7.145268643224255145e-01 -8.939486838840031702e-01 -2.079671822548795346e-02 3.566274572901468459e-02 4.462638408611837026e-01
1.305033530234343052e+09 1.558049834915201437e+00 -3.989210517686595514e-01 7.117817871122555928e-01 -8.938893331181153590e-01 -2.231591550387818784e-02 3.690061663321277108e-02 4.462087006603113193e-01
1.305033530270088911e+09 1.558195349864568202e+00 -3.797943467420782371e-01 7.103140670091190323e-01 -8.938486738995313763e-01 -2.350995951442562404e-02 3.637875879359108583e-02 4.462716839329119445e-01
1.305033530302540064e+09 1.560085529274746419e+00 -3.605273747324607703e-01 7.098104142022748642e-01 -8.936574057789973269e-01 -2.369558910911011979e-02 3.796593307711737530e-02 4.465126516446185079e-01
1.305033530334417105e+09 1.560165123151244115e+00 -3.430131681827958134e-01 7.079574347591046646e-01 -8.933584157610716669e-01 -2.373308331445326755e-02 3.939483892242705287e-02 4.469849308550946643e-01
1.305033530369991064e+09 1.566500515621711775e+00 -3.248488473604754789e-01 7.046431697980120035e-01 -8.930613513903870038e-01 -2.663935198011588984e-02 4.159941434458459125e-02 4.472150000894905553e-01
1.305033530402280092e+09 1.571493143378094981e+00 -3.067232726490541905e-01 7.001516135845681221e-01 -8.931367113989190365e-01 -2.794909757252328486e-02 4.111562394775398338e-02 4.470292699184164054e-01
1.305033530433938980e+09 1.570625372286081012e+00 -2.900377353465238839e-01 6.981736063904682155e-01 -8.937496451923270246e-01 -2.752797004590265204e-02 3.807010623686879480e-02 4.460991477181443510e-01
1.305033530470000982e+09 1.571650063609417280e+00 -2.728690960546668043e-01 6.966153424241936509e-01 -8.942025300265894483e-01 -2.708118816984359661e-02 3.829800079043328004e-02 4.451985036776425764e-01
1.305033530503175974e+09 1.578562071048315474e+00 -2.537899265181433606e-01 6.943774825987765187e-01 -8.946644958728033892e-01 -2.736988806825650308e-02 4.093859788193402599e-02 4.440161711641309461e-01
1.305033530534055948e+09 1.579986797687594091e+00 -2.380252325059826202e-01 6.908337651526593737e-01 -8.949396111145162536e-01 -2.720883143311046692e-02 3.997996680397658542e-02 4.435587607122599696e-01
1.305033530570010900e+09 1.583745003682222041e+00 -2.197558015251908081e-01 6.917180085219135632e-01 -8.958291260654869248e-01 -2.884602888129041837e-02 3.962270529350868375e-02 4.416878136599983184e-01
1.305033530603079081e+09 1.586498295065473796e+00 -2.016466323967869290e-01 6.894621662006711338e-01 -8.961026826755568164e-01 -3.238511607486166399e-02 3.799418213457569221e-02 4.410301899897700051e-01
1.305033530634562016e+09 1.588571124475174123e+00 -1.847567676429411332e-01 6.892019323698226341e-01 -8.964961923150970291e-01 -3.526545668403179706e-02 3.588911875406633478e-02 4.401850700381101378e-01
1.305033530670053005e+09 1.588176605155395382e+00 -1.683447515445531950e-01 6.908870046598852843e-01 -8.967531241755243299e-01 -3.738561565005562443e-02 3.429832068843648163e-02 4.396132109273516164e-01
1.305033530702903986e+09 1.587737707343352955e+00 -1.535082622864267776e-01 6.887655834411076095e-01 -8.963359179234681173e-01 -3.806279546092003474e-02 3.377901839913176329e-02 4.404453697769848963e-01
1.305033530733843088e+09 1.589525654321335857e+00 -1.355976411776893542e-01 6.889430129509929168e-01 -8.964010848668720888e-01 -3.798189398923305232e-02 3.435921972902775123e-02 4.402748173562708867e-01
1.305033530770068884e+09 1.588493047558220184e+00 -1.199507521208138527e-01 6.899220029341686100e-01 -8.959381556740910746e-01 -3.667404307590994839e-02 3.408501560754620408e-02 4.413479891002199396e-01
1.305033530802639961e+09 1.590105121028692503e+00 -1.037211179631452040e-01 6.902212831859442232e-01 -8.948387852939119202e-01 -3.625522522102572059e-02 3.480517999695356690e-02 4.435512444163227097e-01
1.305033530834043026e+09 1.589276460786197331e+00 -8.897608647366817003e-02 6.920633605062962435e-01 -8.935954131077792351e-01 -3.606176673554713219e-02 3.446342187552508401e-02 4.460931059826835909e-01
1.305033530869990110e+09 1.589469390874135080e+00 -7.514779919663006069e-02 6.967361220000176658e-01 -8.921012763097178055e-01 -3.718553380302475064e-02 3.451117069192184000e-02 4.489783157122730350e-01
1.305033530903177023e+09 1.590614099595159425e+00 -6.238004862926205263e-02 6.958064586677318308e-01 -8.898218634606955835e-01 -3.739941090185652101e-02 3.460562993247177921e-02 4.534542818725014190e-01
1.305033530935393095e+09 1.590318527870259846e+00 -4.853679375981378996e-02 6.971672456406311502e-01 -8.884250554286456936e-01 -3.630405188747308498e-02 3.388446078517879517e-02 4.563274920717109162e-01
1.305033530969918013e+09 1.589941884319644227e+00 -3.713571292013040370e-02 6.974693888252311291e-01 -8.868356662396899015e-01 -3.411894766666195844e-02 3.377074772631525473e-02 4.595845244275863495e-01
1.305033531001894951e+09 1.587759973450461937e+00 -2.721650036225353730e-02 6.988199058794024587e-01 -8.858063333778369852e-01 -3.289471015697789658e-02 3.335984894847621174e-02 4.616840892531771656e-01
1.305033531035070896e+09 1.587759973450461937e+00 -2.721650036225353730e-02 6.988199058794024587e-01 -8.858063333778369852e-01 -3.289471015697789658e-02 3.335984894847621174e-02 4.616840892531771656e-01
1.305033531070067883e+09 1.585506080288705100e+00 -1.293698786406638490e-02 7.000109946850285869e-01 -8.839749230960248783e-01 -3.345676025985322433e-02 3.347624217207229719e-02 4.651325851199077932e-01
1.305033531103063107e+09 1.585506080288705100e+00 -1.293698786406638490e-02 7.000109946850285869e-01 -8.839749230960248783e-01 -3.345676025985322433e-02 3.347624217207229719e-02 4.651325851199077932e-01
1.305033531134773016e+09 1.585506080288705100e+00 -1.293698786406638490e-02 7.000109946850285869e-01 -8.839749230960248783e-01 -3.345676025985322433e-02 3.347624217207229719e-02 4.651325851199077932e-01
1.305033531169951916e+09 1.585506080288705100e+00 -1.293698786406638490e-02 7.000109946850285869e-01 -8.839749230960248783e-01 -3.345676025985322433e-02 3.347624217207229719e-02 4.651325851199077932e-01
1.305033531203418016e+09 1.585506080288705100e+00 -1.293698786406638490e-02 7.000109946850285869e-01 -8.839749230960248783e-01 -3.345676025985322433e-02 3.347624217207229719e-02 4.651325851199077932e-01
1.305033531234206915e+09 1.585506080288705100e+00 -1.293698786406638490e-02 7.000109946850285869e-01 -8.839749230960248783e-01 -3.345676025985322433e-02 3.347624217207229719e-02 4.651325851199077932e-01
1.305033531272670984e+09 1.585506080288705100e+00 -1.293698786406638490e-02 7.000109946850285869e-01 -8.839749230960248783e-01 -3.345676025985322433e-02 3.347624217207229719e-02 4.651325851199077932e-01
1.305033531303205013e+09 1.585506080288705100e+00 -1.293698786406638490e-02 7.000109946850285869e-01 -8.839749230960248783e-01 -3.345676025985322433e-02 3.347624217207229719e-02 4.651325851199077932e-01
1.305033531335000992e+09 1.585506080288705100e+00 -1.293698786406638490e-02 7.000109946850285869e-01 -8.839749230960248783e-01 -3.345676025985322433e-02 3.347624217207229719e-02 4.651325851199077932e-01
1.305033531370503902e+09 1.585506080288705100e+00 -1.293698786406638490e-02 7.000109946850285869e-01 -8.839749230960248783e-01 -3.345676025985322433e-02 3.347624217207229719e-02 4.651325851199077932e-01
1.305033531403347015e+09 1.581848729801225373e+00 -2.528504483425964011e-02 6.936998627318432531e-01 -8.873099566403607197e-01 -2.521097940604859200e-02 3.101007607211403103e-02 4.594385949681094039e-01
1.305033531435426950e+09 1.581848729801225373e+00 -2.528504483425964011e-02 6.936998627318432531e-01 -8.873099566403607197e-01 -2.521097940604859200e-02 3.101007607211403103e-02 4.594385949681094039e-01
1.305033531470309973e+09 1.581263191519748812e+00 -3.619318577998176245e-02 6.925859630207894524e-01 -8.894045545942058650e-01 -1.938108874530223777e-02 2.644120135545197786e-02 4.559438282694585620e-01
1.305033531503808022e+09 1.581263191519748812e+00 -3.619318577998176245e-02 6.925859630207894524e-01 -8.894045545942058650e-01 -1.938108874530223777e-02 2.644120135545197786e-02 4.559438282694585620e-01
1.305033531534928083e+09 1.583171182062203863e+00 -4.993919869106533405e-02 6.919841507758599519e-01 -8.912749016666583479e-01 -1.357939539528870213e-02 2.337856180016946797e-02 4.526567049408886101e-01
1.305033531571451902e+09 1.583092176096319248e+00 -6.021311304470056136e-02 6.943632158069052984e-01 -8.920397613772701462e-01 -1.091983447545740761e-02 1.941626331706047814e-02 4.514076096565209362e-01
1.305033531603610992e+09 1.583092176096319248e+00 -6.021311304470056136e-02 6.943632158069052984e-01 -8.920397613772701462e-01 -1.091983447545740761e-02 1.941626331706047814e-02 4.514076096565209362e-01
1.305033531635605097e+09 1.583790230325132775e+00 -7.890477264604145446e-02 6.951715942183911423e-01 -8.936589712313816047e-01 -2.942164452801489596e-03 1.218161584251889473e-02 4.485717278668671093e-01
1.305033531671649933e+09 1.583790230325132775e+00 -7.890477264604145446e-02 6.951715942183911423e-01 -8.936589712313816047e-01 -2.942164452801489596e-03 1.218161584251889473e-02 4.485717278668671093e-01
1.305033531703406096e+09 1.583304309131190246e+00 -9.019002611414395076e-02 6.989616676202869971e-01 -8.941463821381586685e-01 4.414779117991336939e-03 7.051889372089267805e-03 4.476974736257344767e-01
1.305033531735411882e+09 1.581430625923162969e+00 -1.021119563268353403e-01 7.014844143832837942e-01 -8.944710438371956673e-01 1.406577031879982509e-02 4.291036672322705997e-03 4.468839814162206547e-01
1.305033531771384001e+09 1.581430625923162969e+00 -1.021119563268353403e-01 7.014844143832837942e-01 -8.944710438371956673e-01 1.406577031879982509e-02 4.291036672322705997e-03 4.468839814162206547e-01
1.305033531802700996e+09 1.583046082639044005e+00 -1.230790173889699801e-01 7.070336165611037504e-01 -8.942105265545395865e-01 3.244422643625176350e-02 1.085671303008671831e-03 4.464680589782745179e-01
1.305033531833841085e+09 1.580457111933391445e+00 -1.364693326588202194e-01 7.059082223626459429e-01 -8.931325558918596919e-01 4.083090531892706598e-02 -2.426312615280385582e-03 4.479298915946600679e-01
1.305033531872625113e+09 1.575396219398950581e+00 -1.501295577104218015e-01 7.071081926852829103e-01 -8.927096726789762737e-01 4.752945109203796786e-02 -5.509739729086766263e-03 4.480848517327968294e-01
1.305033531902834892e+09 1.573359009817744347e+00 -1.613462589128684677e-01 7.065055371337736201e-01 -8.925965386422430869e-01 5.150910855130051008e-02 -7.788765258701795674e-03 4.478365394604174043e-01
1.305033531933903933e+09 1.570882570418103308e+00 -1.736404514925569131e-01 7.075042171821721571e-01 -8.925078189957934560e-01 5.569898874163586866e-02 -1.264448144161911189e-02 4.474008636263501204e-01
1.305033531971524000e+09 1.567853283123890051e+00 -1.839246630170843222e-01 7.105853394018647462e-01 -8.923206814893658301e-01 6.090741957434554071e-02 -1.668163655377662494e-02 4.469628738822007952e-01
1.305033532003220081e+09 1.564676789584651617e+00 -1.985025001006421874e-01 7.097485636471528858e-01 -8.908789526879651310e-01 6.757048212009041099e-02 -1.913083554133883021e-02 4.487793809157714642e-01
1.305033532033792019e+09 1.562914213979197164e+00 -2.128946691896979049e-01 7.083517551384701516e-01 -8.903417821835023505e-01 7.595067668171436026e-02 -2.097804497783998037e-02 4.484227104404975295e-01
1.305033532071576118e+09 1.561288154579279386e+00 -2.256499375458128620e-01 7.060894096404413123e-01 -8.903603092469495328e-01 8.482321187821489916e-02 -2.321738815415884394e-02 4.466816487518139311e-01
1.305033532101891041e+09 1.556289426097778206e+00 -2.382749755052807616e-01 7.039490572389363043e-01 -8.905105856847717050e-01 9.199868347567299876e-02 -2.728403939182999852e-02 4.447276922079093087e-01
1.305033532135137081e+09 1.551053977380018711e+00 -2.501843298895884971e-01 7.044939958082262477e-01 -8.911788925909837067e-01 9.708148050703371834e-02 -3.169221446491636562e-02 4.420078857726183474e-01
1.305033532171224117e+09 1.549852738192987411e+00 -2.627087927820485058e-01 7.063409011961903072e-01 -8.917595529236690410e-01 1.011853808384617359e-01 -3.433121612429276825e-02 4.397132998595567055e-01
1.305033532203553915e+09 1.545854484717512189e+00 -2.753445158130372050e-01 7.079112985339679476e-01 -8.921149947286750592e-01 1.057472446060873511e-01 -3.640585657414469045e-02 4.377476099827151690e-01
1.305033532233902931e+09 1.542916922653452039e+00 -2.881054837926124712e-01 7.080128366714754096e-01 -8.922812300584752609e-01 1.091207525973657971e-01 -3.813155624226803597e-02 4.364319560440798607e-01
1.305033532271672010e+09 1.543605403521484565e+00 -2.990316214133672545e-01 7.100656469397643722e-01 -8.930199903794927563e-01 1.133508894425426794e-01 -3.961036180245925548e-02 4.337025384789365834e-01
1.305033532303369045e+09 1.540172472034599283e+00 -3.114797029933880079e-01 7.134718246660470831e-01 -8.934553757876578794e-01 1.171904376944251369e-01 -4.188970211939441884e-02 4.315659227110876794e-01
1.305033532335390091e+09 1.539229884896364586e+00 -3.218896023538612150e-01 7.158179046768058384e-01 -8.939643861039456851e-01 1.190052527837811985e-01 -4.294033295680303036e-02 4.299087740361003385e-01
1.305033532371840954e+09 1.539229884896364586e+00 -3.218896023538612150e-01 7.158179046768058384e-01 -8.939643861039456851e-01 1.190052527837811985e-01 -4.294033295680303036e-02 4.299087740361003385e-01
1.305033532403249979e+09 1.538067662741572139e+00 -3.426590581383784917e-01 7.177203729657031239e-01 -8.941084558945047167e-01 1.215660909765151065e-01 -4.560603106188749339e-02 4.286161972597585246e-01
1.305033532435086012e+09 1.541404499748807000e+00 -3.529445938133677352e-01 7.212603878475764008e-01 -8.944551100143560696e-01 1.212559714283281964e-01 -4.648857257407706944e-02 4.278853329832695285e-01
1.305033532471927881e+09 1.543039607130165747e+00 -3.648358930575870129e-01 7.220663435069409886e-01 -8.936336458574589692e-01 1.215748735634981648e-01 -4.919694995765135775e-02 4.292063806892776889e-01
1.305033532502026081e+09 1.543039607130165747e+00 -3.648358930575870129e-01 7.220663435069409886e-01 -8.936336458574589692e-01 1.215748735634981648e-01 -4.919694995765135775e-02 4.292063806892776889e-01
1.305033532539103031e+09 1.542321529799626889e+00 -3.875708822731456227e-01 7.252626521359851752e-01 -8.920615093247062921e-01 1.243357839993415731e-01 -5.444317991705769494e-02 4.310485083596915512e-01
1.305033532571563005e+09 1.542495826123910341e+00 -4.002766101499160012e-01 7.237148455064376096e-01 -8.909197216533538688e-01 1.266887054860108830e-01 -5.604336701133673382e-02 4.325172395239545442e-01
1.305033532603569031e+09 1.541719666322340254e+00 -4.139505757763757288e-01 7.232890091335629767e-01 -8.904931989304110118e-01 1.276330075571320277e-01 -5.813384851069142850e-02 4.328419269178304662e-01
1.305033532635683060e+09 1.542607789868671642e+00 -4.284126161799790555e-01 7.231820025605354418e-01 -8.904323444912596308e-01 1.284208926072031021e-01 -5.987496644371668314e-02 4.324965926098515157e-01
1.305033532672619104e+09 1.544580665518160201e+00 -4.412856565426778177e-01 7.273894249195653749e-01 -8.910169752049240666e-01 1.276660351147146932e-01 -6.141992441236414357e-02 4.312977234578635466e-01
1.305033532702116013e+09 1.545758516832938412e+00 -4.536929378628083986e-01 7.283058997313669458e-01 -8.907270563407226893e-01 1.268557836329912980e-01 -6.243050174762384413e-02 4.319899926074568519e-01
1.305033532739490986e+09 1.545330164790717831e+00 -4.676517388541613363e-01 7.274386790717196627e-01 -8.899472439794473555e-01 1.264150888212104418e-01 -6.475101862509990980e-02 4.333825490703603345e-01
1.305033532772109985e+09 1.546237197011499198e+00 -4.842087583163557918e-01 7.252081072970394393e-01 -8.891917066077325016e-01 1.270288896277101398e-01 -6.645673461621767752e-02 4.344942721419106646e-01
1.305033532802328110e+09 1.550100853544683410e+00 -4.996393403668331068e-01 7.223576140048663108e-01 -8.887784553935865750e-01 1.285872321243149985e-01 -6.813302901854800808e-02 4.346217566109130681e-01
1.305033532839648008e+09 1.550891264715242635e+00 -5.132864267336904041e-01 7.229331902044737745e-01 -8.886944045799289871e-01 1.332648094071268996e-01 -7.217949388467098659e-02 4.327272426189046062e-01
1.305033532871166945e+09 1.546973629697430797e+00 -5.260689981847188612e-01 7.225659474657187831e-01 -8.877366549222551750e-01 1.415817513555231999e-01 -7.725397481641807507e-02 4.311728917332485755e-01
1.305033532903404951e+09 1.548047435255495374e+00 -5.394000298546828276e-01 7.186492690410670736e-01 -8.866368417424062010e-01 1.495786723977653998e-01 -7.896601096731319103e-02 4.304250233672335946e-01
1.305033532936355114e+09 1.551419214530507462e+00 -5.545538192867369709e-01 7.183696714510138248e-01 -8.862480056867422240e-01 1.573122405044235506e-01 -8.131737301275293595e-02 4.280243173583195837e-01
1.305033532970791101e+09 1.553748309576105324e+00 -5.708774159631471168e-01 7.198425111770074825e-01 -8.862118113177968048e-01 1.650567472641568112e-01 -8.496414763351388399e-02 4.244596438771491287e-01
1.305033533003809929e+09 1.555700025420361898e+00 -5.840497506752970747e-01 7.200678357117887840e-01 -8.861629347176595006e-01 1.728122286900956317e-01 -8.986617559241392994e-02 4.204464974668485344e-01
1.305033533037900925e+09 1.554800595262627594e+00 -5.949257388826817428e-01 7.207491389028797268e-01 -8.858412745888533113e-01 1.823712828501715955e-01 -9.614922872467848713e-02 4.156696732286682128e-01
1.305033533069931984e+09 1.554800595262627594e+00 -5.949257388826817428e-01 7.207491389028797268e-01 -8.858412745888533113e-01 1.823712828501715955e-01 -9.614922872467848713e-02 4.156696732286682128e-01
1.305033533101969957e+09 1.556604612882078964e+00 -6.117521257736023843e-01 7.228666132692036506e-01 -8.831617062396194262e-01 2.066999600476858712e-01 -1.058450005003056943e-01 4.075504422980048558e-01
1.305033533137701988e+09 1.559883544517291831e+00 -6.214043093379932881e-01 7.248126953510136694e-01 -8.802788309132832945e-01 2.204712828344413955e-01 -1.086430167476862968e-01 4.058303687542873517e-01
1.305033533169878960e+09 1.559883544517291831e+00 -6.214043093379932881e-01 7.248126953510136694e-01 -8.802788309132832945e-01 2.204712828344413955e-01 -1.086430167476862968e-01 4.058303687542873517e-01
1.305033533202523947e+09 1.555624366352884369e+00 -6.382156852171988470e-01 7.209222653692637373e-01 -8.722839168861268311e-01 2.442012939671789340e-01 -1.240323505016414363e-01 4.050956336417241288e-01
1.305033533238626003e+09 1.555624366352884369e+00 -6.382156852171988470e-01 7.209222653692637373e-01 -8.722839168861268311e-01 2.442012939671789340e-01 -1.240323505016414363e-01 4.050956336417241288e-01
1.305033533270603895e+09 1.555624366352884369e+00 -6.382156852171988470e-01 7.209222653692637373e-01 -8.722839168861268311e-01 2.442012939671789340e-01 -1.240323505016414363e-01 4.050956336417241288e-01
1.305033533302453041e+09 1.558545338040959294e+00 -6.452101355758931289e-01 7.324619795833724467e-01 -8.629378340810622827e-01 2.810710981998371105e-01 -1.333204899350484696e-01 3.981996725660394421e-01
1.305033533338310957e+09 1.558545338040959294e+00 -6.452101355758931289e-01 7.324619795833724467e-01 -8.629378340810622827e-01 2.810710981998371105e-01 -1.333204899350484696e-01 3.981996725660394421e-01
1.305033533369923115e+09 1.558545338040959294e+00 -6.452101355758931289e-01 7.324619795833724467e-01 -8.629378340810622827e-01 2.810710981998371105e-01 -1.333204899350484696e-01 3.981996725660394421e-01
1.305033533402013063e+09 1.549206880455861413e+00 -6.528079639688491032e-01 7.241255992884001458e-01 -8.413269738642736861e-01 3.297538754149971219e-01 -1.614645339953744430e-01 3.966869155377206191e-01
1.305033533437813997e+09 1.540671506317154993e+00 -6.540414443205062600e-01 7.184747062392605743e-01 -8.317769156547109022e-01 3.480715375748264506e-01 -1.682010053212482648e-01 3.983739312795875342e-01
1.305033533469893932e+09 1.540671506317154993e+00 -6.540414443205062600e-01 7.184747062392605743e-01 -8.317769156547109022e-01 3.480715375748264506e-01 -1.682010053212482648e-01 3.983739312795875342e-01
1.305033533502496958e+09 1.536446280307014911e+00 -6.639897042230055169e-01 7.209990629105594850e-01 -8.170566976440309936e-01 3.796041261178449977e-01 -1.756374841737045056e-01 3.968255717849714648e-01
1.305033533537975073e+09 1.536446280307014911e+00 -6.639897042230055169e-01 7.209990629105594850e-01 -8.170566976440309936e-01 3.796041261178449977e-01 -1.756374841737045056e-01 3.968255717849714648e-01
1.305033533570826054e+09 1.528884160917451496e+00 -6.803105185901372476e-01 7.199242028357935030e-01 -8.064692126857684329e-01 3.961504114276821475e-01 -1.870531056663942704e-01 3.970936869004991765e-01
1.305033533602884054e+09 1.528884160917451496e+00 -6.803105185901372476e-01 7.199242028357935030e-01 -8.064692126857684329e-01 3.961504114276821475e-01 -1.870531056663942704e-01 3.970936869004991765e-01
1.305033533638668060e+09 1.528884160917451496e+00 -6.803105185901372476e-01 7.199242028357935030e-01 -8.064692126857684329e-01 3.961504114276821475e-01 -1.870531056663942704e-01 3.970936869004991765e-01
1.305033533669970036e+09 1.519688838253271390e+00 -6.965866272992652375e-01 7.146967657825791242e-01 -7.969004990408317113e-01 4.124191123875251552e-01 -1.973958337420873843e-01 3.948353519977987336e-01
1.305033533702207088e+09 1.519688838253271390e+00 -6.965866272992652375e-01 7.146967657825791242e-01 -7.969004990408317113e-01 4.124191123875251552e-01 -1.973958337420873843e-01 3.948353519977987336e-01
1.305033533738135099e+09 1.512724941977094506e+00 -7.104709481327351472e-01 7.131475784258475281e-01 -7.896222239963635037e-01 4.278059508164008817e-01 -2.062643958918722320e-01 3.885020087521723342e-01
1.305033533770018101e+09 1.512724941977094506e+00 -7.104709481327351472e-01 7.131475784258475281e-01 -7.896222239963635037e-01 4.278059508164008817e-01 -2.062643958918722320e-01 3.885020087521723342e-01
1.305033533805969954e+09 1.506030068092846896e+00 -7.272131002092423468e-01 7.211788620397203697e-01 -7.824785537806983049e-01 4.421314532801750019e-01 -2.136146765991207563e-01 3.829045061566660468e-01
1.305033533839051008e+09 1.506030068092846896e+00 -7.272131002092423468e-01 7.211788620397203697e-01 -7.824785537806983049e-01 4.421314532801750019e-01 -2.136146765991207563e-01 3.829045061566660468e-01
1.305033533871274948e+09 1.494412279627101547e+00 -7.401328990368591931e-01 7.199402157511736178e-01 -7.726049656029978507e-01 4.562266042536010646e-01 -2.240988707247815737e-01 3.804189123015525587e-01
1.305033533907675028e+09 1.485207814765314271e+00 -7.452941096725895775e-01 7.212394480038593070e-01 -7.668397458564290003e-01 4.656316482068463825e-01 -2.298341689158656664e-01 3.772535316756838730e-01
1.305033533939019918e+09 1.485207814765314271e+00 -7.452941096725895775e-01 7.212394480038593070e-01 -7.668397458564290003e-01 4.656316482068463825e-01 -2.298341689158656664e-01 3.772535316756838730e-01
1.305033533970792055e+09 1.474618326422345138e+00 -7.563350280828137207e-01 7.235419102517415268e-01 -7.573041307183144832e-01 4.812950244933313360e-01 -2.377986853755756080e-01 3.718835008824532551e-01
1.305033534006647110e+09 1.468833088602785830e+00 -7.647716295474271675e-01 7.227927221672409974e-01 -7.529019032852473092e-01 4.862992174426286063e-01 -2.413873138898411375e-01 3.719999460177197959e-01
1.305033534038451910e+09 1.468833088602785830e+00 -7.647716295474271675e-01 7.227927221672409974e-01 -7.529019032852473092e-01 4.862992174426286063e-01 -2.413873138898411375e-01 3.719999460177197959e-01
1.305033534070750952e+09 1.460061514050131182e+00 -7.694582043080684386e-01 7.265227053596914342e-01 -7.466400061221525331e-01 4.940600502467819566e-01 -2.467457807020833616e-01 3.708771868338340827e-01
1.305033534106542110e+09 1.450363417919129594e+00 -7.760550162849219058e-01 7.280832129555485643e-01 -7.409379793939917525e-01 5.009529980484251910e-01 -2.510710343155112545e-01 3.701625861234254522e-01
1.305033534138453960e+09 1.441194794802567625e+00 -7.851337853857391913e-01 7.301544997249198587e-01 -7.355958696070762359e-01 5.081189510237175133e-01 -2.544320645606731879e-01 3.687521833846678643e-01
1.305033534170552015e+09 1.429797322783882718e+00 -7.950003452905605172e-01 7.337619501067786931e-01 -7.309116801955769516e-01 5.149556415503196982e-01 -2.578550407388156551e-01 3.661960963128376711e-01
1.305033534206831932e+09 1.418280537148362441e+00 -8.046894526299315231e-01 7.368442092698098689e-01 -7.267488975524964978e-01 5.217058480413721000e-01 -2.606221795990284473e-01 3.629533407019631119e-01
1.305033534238661051e+09 1.406132118880262016e+00 -8.100328926999129653e-01 7.360640545709360438e-01 -7.217951881464130803e-01 5.290784003256928658e-01 -2.636534410017635222e-01 3.599647423365510690e-01
1.305033534269973993e+09 1.396789517477586839e+00 -8.180153668345013784e-01 7.369248380810091703e-01 -7.184645332763427428e-01 5.350985178394409569e-01 -2.647230856973342705e-01 3.569313358741738607e-01
1.305033534306394100e+09 1.387069913268315968e+00 -8.248380075453247695e-01 7.412060786704252058e-01 -7.152521026947475935e-01 5.414788673749950654e-01 -2.656476193262197194e-01 3.530529820343493164e-01
1.305033534338522911e+09 1.375596728464580920e+00 -8.344402779913817625e-01 7.410841403394978766e-01 -7.133353008983341903e-01 5.435823448712394645e-01 -2.671370555482986964e-01 3.525744976448990098e-01
1.305033534370488882e+09 1.364162910907957604e+00 -8.406584842263054025e-01 7.403582501587981923e-01 -7.115134268727947298e-01 5.453487211237686427e-01 -2.692369485280152741e-01 3.519302221971349898e-01
1.305033534406522036e+09 1.349991439781382141e+00 -8.407147487538653152e-01 7.429177538900129107e-01 -7.087095123802169550e-01 5.500021180236392970e-01 -2.732116062159752889e-01 3.472519481013645049e-01
1.305033534438478947e+09 1.333333572978199211e+00 -8.425205023772865953e-01 7.453374597742066232e-01 -7.050086560636308342e-01 5.562069747082482030e-01 -2.769267708511672366e-01 3.419183524574195832e-01
1.305033534470618963e+09 1.319952262253941244e+00 -8.460788108620088677e-01 7.536512048131336350e-01 -7.025525883100076641e-01 5.636598757801699611e-01 -2.774983388609580381e-01 3.342186066391291122e-01
1.305033534506416082e+09 1.308963002895104033e+00 -8.491913890555615740e-01 7.538585286405273811e-01 -6.983244542125290888e-01 5.711965639972477193e-01 -2.793687526338180516e-01 3.286799993585491353e-01
1.305033534538585901e+09 1.295530140401161656e+00 -8.539672307523941130e-01 7.582795778059397973e-01 -6.943780694416884502e-01 5.777822124009801552e-01 -2.810589778983732523e-01 3.240565732309470537e-01
1.305033534571041107e+09 1.283278723914611508e+00 -8.598834086169772073e-01 7.583158345613666418e-01 -6.907352001256622520e-01 5.826674831585034742e-01 -2.836951187460216017e-01 3.207811823919491379e-01
1.305033534607084036e+09 1.283278723914611508e+00 -8.598834086169772073e-01 7.583158345613666418e-01 -6.907352001256622520e-01 5.826674831585034742e-01 -2.836951187460216017e-01 3.207811823919491379e-01
1.305033534639611959e+09 1.259937729992450350e+00 -8.638313750216222164e-01 7.610290856354621214e-01 -6.800727049386604550e-01 5.959149273215817999e-01 -2.915341927251316467e-01 3.120806464118421886e-01
1.305033534671420097e+09 1.249715097535880171e+00 -8.662410747695727942e-01 7.641835698829285706e-01 -6.741510533393652027e-01 6.029053357462441642e-01 -2.933732377979821337e-01 3.097703290408257426e-01
1.305033534706998110e+09 1.233084676570461502e+00 -8.668548341859493300e-01 7.629105917546059601e-01 -6.668595876141291123e-01 6.092372643735426418e-01 -2.980493856659650054e-01 3.086985743567606244e-01
1.305033534737977028e+09 1.219623539137127954e+00 -8.661020294335904923e-01 7.651246525129827836e-01 -6.603913567024231046e-01 6.162094128726867126e-01 -3.018460701499268706e-01 3.050543646874716575e-01
1.305033534769898891e+09 1.207753033292380040e+00 -8.662766060719453431e-01 7.710304844621929110e-01 -6.544131386034677256e-01 6.228102695720812987e-01 -3.048591102903026040e-01 3.015157292940368605e-01
1.305033534806777000e+09 1.193172266165454687e+00 -8.644549248727751989e-01 7.721368760476157167e-01 6.476138299197051751e-01 -6.290509707722360400e-01 3.088134690983158626e-01 -2.992080292550690079e-01
1.305033534839366913e+09 1.177753684403420653e+00 -8.583321002999018123e-01 7.759998774794909515e-01 6.398801904308604183e-01 -6.367551107565128099e-01 3.132669759093057449e-01 -2.948899330670096131e-01
1.305033534871560097e+09 1.165396208699112979e+00 -8.590726101235751644e-01 7.795798345447917388e-01 6.344980809813021150e-01 -6.425079613932580536e-01 3.150970357544405354e-01 -2.920780081349662050e-01
1.305033534906881094e+09 1.150068179409349911e+00 -8.571058646596911856e-01 7.832580817333358869e-01 6.293916649612648628e-01 -6.476677514187074713e-01 3.177784116961004379e-01 -2.888070236497479182e-01
1.305033534939455032e+09 1.138507282251349340e+00 -8.537759955022887759e-01 7.869945991182212275e-01 6.254009230316122103e-01 -6.522854040851885360e-01 3.206163634329172729e-01 -2.839059432059878318e-01
1.305033534975302935e+09 1.124777698124061365e+00 -8.533013581187501861e-01 7.916498537958429615e-01 6.206570279331763418e-01 -6.584059151665025977e-01 3.211392560376569727e-01 -2.795640942297430431e-01
1.305033535007643938e+09 1.109339456365518117e+00 -8.448279247872677589e-01 7.901164220585463749e-01 6.138605192795536514e-01 -6.649690324843260392e-01 3.244687552737526293e-01 -2.751571833657953103e-01
1.305033535039541960e+09 1.087519589017875710e+00 -8.490685141510370126e-01 7.878105965774873098e-01 6.074396161540270844e-01 -6.719232742085126109e-01 3.221605641164028144e-01 -2.752249938355185166e-01
1.305033535075357914e+09 1.067677005375538002e+00 -8.494751697375879651e-01 7.795538719874540723e-01 6.020023348765946025e-01 -6.771128603984707395e-01 3.226074217579648074e-01 -2.739266590034789006e-01
1.305033535107726097e+09 1.040485442548672479e+00 -8.642350702104493188e-01 7.987068833271366852e-01 6.016887014824950919e-01 -6.816626200829893900e-01 3.167163581608158918e-01 -2.701805458637853152e-01
1.305033535137975931e+09 1.040485442548672479e+00 -8.642350702104493188e-01 7.987068833271366852e-01 6.016887014824950919e-01 -6.816626200829893900e-01 3.167163581608158918e-01 -2.701805458637853152e-01
1.305033535174375057e+09 1.009081075307044273e+00 -8.596191545028863956e-01 8.003051178648581399e-01 5.962967630817995746e-01 -6.913133762575227603e-01 3.120814273541954176e-01 -2.629090505215842533e-01
1.305033535206381083e+09 9.974865672685440110e-01 -8.645184271945999255e-01 8.096946479979070244e-01 5.962505219228489972e-01 -6.943152536913209660e-01 3.082556392412717505e-01 -2.595960409448527795e-01
1.305033535238647938e+09 9.796711744913451092e-01 -8.580965483372688940e-01 8.114939441238355755e-01 5.946804517460043682e-01 -6.965400030109354379e-01 3.078117096521180152e-01 -2.577579017561529851e-01
1.305033535274514914e+09 9.602753956588107043e-01 -8.562658549093479232e-01 7.973198731320094712e-01 5.909418843031122304e-01 -6.973280081939534636e-01 3.093253684430639083e-01 -2.623721684975441892e-01
1.305033535306554079e+09 9.461973168599203676e-01 -8.572381339081850404e-01 7.944471663170364906e-01 5.901640697658542267e-01 -6.985618866278183736e-01 3.082099007728094087e-01 -2.621532345289714350e-01
1.305033535338664055e+09 9.310947216773983737e-01 -8.523775572908248721e-01 7.960664344290818706e-01 5.890283079328264559e-01 -7.005828858059178765e-01 3.085923125365079844e-01 -2.588436926274497174e-01
1.305033535374612093e+09 9.199897646551237207e-01 -8.509108023806191134e-01 8.022483536660687253e-01 5.904147858485639944e-01 -7.013756487628353131e-01 3.086576378091441253e-01 -2.534029253895569989e-01
1.305033535406681061e+09 9.114778475461043916e-01 -8.439760096329274042e-01 8.017583127538708831e-01 5.875378601239693577e-01 -7.047320050069687536e-01 3.092256996102335509e-01 -2.500630535292382994e-01
1.305033535438750982e+09 9.114778475461043916e-01 -8.439760096329274042e-01 8.017583127538708831e-01 5.875378601239693577e-01 -7.047320050069687536e-01 3.092256996102335509e-01 -2.500630535292382994e-01
1.305033535474571943e+09 8.910688781630200506e-01 -8.409145254272289982e-01 8.110357995209596105e-01 5.851298342339482650e-01 -7.085201361270845322e-01 3.077972014454690153e-01 -2.467451652497923420e-01
1.305033535506535053e+09 8.910688781630200506e-01 -8.409145254272289982e-01 8.110357995209596105e-01 5.851298342339482650e-01 -7.085201361270845322e-01 3.077972014454690153e-01 -2.467451652497923420e-01
1.305033535538690090e+09 8.776150086114621329e-01 -8.400570496679935495e-01 8.141068172541086057e-01 5.841638785455313121e-01 -7.093766036555175791e-01 3.104640687060948867e-01 -2.432066183952685812e-01
1.305033535574683905e+09 8.776150086114621329e-01 -8.400570496679935495e-01 8.141068172541086057e-01 5.841638785455313121e-01 -7.093766036555175791e-01 3.104640687060948867e-01 -2.432066183952685812e-01
1.305033535606540918e+09 8.640206693232247437e-01 -8.386756475270416011e-01 8.143659210498488399e-01 5.813472261626833060e-01 -7.119892415238107120e-01 3.112956657785891923e-01 -2.412503493360528828e-01
1.305033535638674974e+09 8.640206693232247437e-01 -8.386756475270416011e-01 8.143659210498488399e-01 5.813472261626833060e-01 -7.119892415238107120e-01 3.112956657785891923e-01 -2.412503493360528828e-01
1.305033535674647093e+09 8.640206693232247437e-01 -8.386756475270416011e-01 8.143659210498488399e-01 5.813472261626833060e-01 -7.119892415238107120e-01 3.112956657785891923e-01 -2.412503493360528828e-01
1.305033535706589937e+09 8.516716744804030403e-01 -8.391242577638569067e-01 8.144602437860477551e-01 5.791139054556261323e-01 -7.142463835665131544e-01 3.106392191082911203e-01 -2.407954809000380503e-01
1.305033535739049911e+09 8.516716744804030403e-01 -8.391242577638569067e-01 8.144602437860477551e-01 5.791139054556261323e-01 -7.142463835665131544e-01 3.106392191082911203e-01 -2.407954809000380503e-01
1.305033535774483919e+09 8.401043233438372226e-01 -8.389715785694886740e-01 8.129952939763643860e-01 5.781674865323978008e-01 -7.146365733657238373e-01 3.104174349990360682e-01 -2.421940163867085660e-01
1.305033535806446075e+09 8.401043233438372226e-01 -8.389715785694886740e-01 8.129952939763643860e-01 5.781674865323978008e-01 -7.146365733657238373e-01 3.104174349990360682e-01 -2.421940163867085660e-01
1.305033535837735891e+09 8.283703810805712608e-01 -8.414187546318356858e-01 8.134221492231596962e-01 5.780127864656295911e-01 -7.158956199752800620e-01 3.093423861050649259e-01 -2.402123396940142874e-01
1.305033535874455929e+09 8.283703810805712608e-01 -8.414187546318356858e-01 8.134221492231596962e-01 5.780127864656295911e-01 -7.158956199752800620e-01 3.093423861050649259e-01 -2.402123396940142874e-01
1.305033535906797886e+09 8.167639577862566558e-01 -8.408637330576405056e-01 8.114742017197372759e-01 5.747002390637192537e-01 -7.179468389172737330e-01 3.104414371036124942e-01 -2.406202107842193294e-01
1.305033535939291954e+09 8.167639577862566558e-01 -8.408637330576405056e-01 8.114742017197372759e-01 5.747002390637192537e-01 -7.179468389172737330e-01 3.104414371036124942e-01 -2.406202107842193294e-01
1.305033535975404978e+09 8.069006043951586493e-01 -8.387896226502564723e-01 8.101481247299808786e-01 5.729639992745215737e-01 -7.193372535048698779e-01 3.098203807584002378e-01 -2.414073381696104081e-01
1.305033536008090973e+09 8.069006043951586493e-01 -8.387896226502564723e-01 8.101481247299808786e-01 5.729639992745215737e-01 -7.193372535048698779e-01 3.098203807584002378e-01 -2.414073381696104081e-01
1.305033536039419889e+09 8.016019095547121109e-01 -8.293882300774082506e-01 8.008495121569988440e-01 5.714082773802602322e-01 -7.200468070424002054e-01 3.123250102901927727e-01 -2.397462495151887196e-01
1.305033536075320005e+09 8.016019095547121109e-01 -8.293882300774082506e-01 8.008495121569988440e-01 5.714082773802602322e-01 -7.200468070424002054e-01 3.123250102901927727e-01 -2.397462495151887196e-01
1.305033536107441902e+09 8.016019095547121109e-01 -8.293882300774082506e-01 8.008495121569988440e-01 5.714082773802602322e-01 -7.200468070424002054e-01 3.123250102901927727e-01 -2.397462495151887196e-01
1.305033536137918949e+09 7.875048591475002357e-01 -8.323958347633064747e-01 8.029218314800745659e-01 5.698809514445105640e-01 -7.232553853352778894e-01 3.092604320338777635e-01 -2.376874711515889194e-01
1.305033536175220966e+09 7.875048591475002357e-01 -8.323958347633064747e-01 8.029218314800745659e-01 5.698809514445105640e-01 -7.232553853352778894e-01 3.092604320338777635e-01 -2.376874711515889194e-01
1.305033536203649998e+09 7.875048591475002357e-01 -8.323958347633064747e-01 8.029218314800745659e-01 5.698809514445105640e-01 -7.232553853352778894e-01 3.092604320338777635e-01 -2.376874711515889194e-01
1.305033536241699934e+09 7.767317541914250389e-01 -8.354259644275916497e-01 8.011372490640054078e-01 5.672900907202061971e-01 -7.261981078569309522e-01 3.094319072161330064e-01 -2.346703132316909080e-01
1.305033536275135994e+09 7.767317541914250389e-01 -8.354259644275916497e-01 8.011372490640054078e-01 5.672900907202061971e-01 -7.261981078569309522e-01 3.094319072161330064e-01 -2.346703132316909080e-01
1.305033536305855989e+09 7.767317541914250389e-01 -8.354259644275916497e-01 8.011372490640054078e-01 5.672900907202061971e-01 -7.261981078569309522e-01 3.094319072161330064e-01 -2.346703132316909080e-01
1.305033536343051910e+09 7.767317541914250389e-01 -8.354259644275916497e-01 8.011372490640054078e-01 5.672900907202061971e-01 -7.261981078569309522e-01 3.094319072161330064e-01 -2.346703132316909080e-01
1.305033536375071049e+09 7.767317541914250389e-01 -8.354259644275916497e-01 8.011372490640054078e-01 5.672900907202061971e-01 -7.261981078569309522e-01 3.094319072161330064e-01 -2.346703132316909080e-01
1.305033536404679060e+09 7.767317541914250389e-01 -8.354259644275916497e-01 8.011372490640054078e-01 5.672900907202061971e-01 -7.261981078569309522e-01 3.094319072161330064e-01 -2.346703132316909080e-01
1.305033536443576097e+09 7.767317541914250389e-01 -8.354259644275916497e-01 8.011372490640054078e-01 5.672900907202061971e-01 -7.261981078569309522e-01 3.094319072161330064e-01 -2.346703132316909080e-01
1.305033536474256039e+09 7.767317541914250389e-01 -8.354259644275916497e-01 8.011372490640054078e-01 5.672900907202061971e-01 -7.261981078569309522e-01 3.094319072161330064e-01 -2.346703132316909080e-01
1.305033536507268906e+09 7.846474896697540613e-01 -8.433311188832658400e-01 8.029275428513740209e-01 5.592148324426671202e-01 -7.331221808123902228e-01 3.118500034209148453e-01 -2.292601459987761991e-01
1.305033536542479038e+09 7.846474896697540613e-01 -8.433311188832658400e-01 8.029275428513740209e-01 5.592148324426671202e-01 -7.331221808123902228e-01 3.118500034209148453e-01 -2.292601459987761991e-01
1.305033536573337078e+09 7.846474896697540613e-01 -8.433311188832658400e-01 8.029275428513740209e-01 5.592148324426671202e-01 -7.331221808123902228e-01 3.118500034209148453e-01 -2.292601459987761991e-01
1.305033536604428053e+09 7.943530647209796625e-01 -8.517581505122377994e-01 8.096516317589479428e-01 5.567828211470834399e-01 -7.354606393727328717e-01 3.105947060778731506e-01 -2.293936933861638328e-01
1.305033536643163919e+09 7.943530647209796625e-01 -8.517581505122377994e-01 8.096516317589479428e-01 5.567828211470834399e-01 -7.354606393727328717e-01 3.105947060778731506e-01 -2.293936933861638328e-01
1.305033536675457954e+09 8.062431221753929567e-01 -8.566831683509439355e-01 8.143185486049547839e-01 5.538500938901455006e-01 -7.371644147396546609e-01 3.120210245404798077e-01 -2.290885841418741631e-01
1.305033536707439899e+09 8.062431221753929567e-01 -8.566831683509439355e-01 8.143185486049547839e-01 5.538500938901455006e-01 -7.371644147396546609e-01 3.120210245404798077e-01 -2.290885841418741631e-01
1.305033536743295908e+09 8.183385545339076916e-01 -8.618158977229253281e-01 8.192782860296144998e-01 5.498379077019949213e-01 -7.399508019866887221e-01 3.134245532474043139e-01 -2.278511253314615681e-01
1.305033536775275946e+09 8.183385545339076916e-01 -8.618158977229253281e-01 8.192782860296144998e-01 5.498379077019949213e-01 -7.399508019866887221e-01 3.134245532474043139e-01 -2.278511253314615681e-01
1.305033536808196068e+09 8.319938551231290669e-01 -8.679464637549789696e-01 8.144059889617987213e-01 5.437884478872976324e-01 -7.424817389652469402e-01 3.172666106412203035e-01 -2.288162778730981894e-01
1.305033536843462944e+09 8.319938551231290669e-01 -8.679464637549789696e-01 8.144059889617987213e-01 5.437884478872976324e-01 -7.424817389652469402e-01 3.172666106412203035e-01 -2.288162778730981894e-01
1.305033536871273994e+09 8.441510180384841355e-01 -8.755005009863889853e-01 8.241691269857267521e-01 5.396439026903777636e-01 -7.450802152453980254e-01 3.192972022550746303e-01 -2.273526506796249014e-01
1.305033536907651901e+09 8.496167983737471507e-01 -8.762818667000864536e-01 8.156857359989730938e-01 5.349398450520139736e-01 -7.456903531977786548e-01 3.246885139384837471e-01 -2.288288186394326629e-01
1.305033536943378925e+09 8.496167983737471507e-01 -8.762818667000864536e-01 8.156857359989730938e-01 5.349398450520139736e-01 -7.456903531977786548e-01 3.246885139384837471e-01 -2.288288186394326629e-01
1.305033536975402117e+09 8.496167983737471507e-01 -8.762818667000864536e-01 8.156857359989730938e-01 5.349398450520139736e-01 -7.456903531977786548e-01 3.246885139384837471e-01 -2.288288186394326629e-01
1.305033537007345915e+09 8.596796262512844677e-01 -8.778173987616297858e-01 8.174551531026111872e-01 5.286224874857622380e-01 -7.487423829330530634e-01 3.292021769823145760e-01 -2.270881687675588845e-01
1.305033537043379068e+09 8.596796262512844677e-01 -8.778173987616297858e-01 8.174551531026111872e-01 5.286224874857622380e-01 -7.487423829330530634e-01 3.292021769823145760e-01 -2.270881687675588845e-01
1.305033537075248957e+09 8.721111216535312183e-01 -8.805208001555867581e-01 8.211367273614378348e-01 5.242472506421494982e-01 -7.510625078973008906e-01 3.323657558863458150e-01 -2.249509585204337858e-01
1.305033537107490063e+09 8.721111216535312183e-01 -8.805208001555867581e-01 8.211367273614378348e-01 5.242472506421494982e-01 -7.510625078973008906e-01 3.323657558863458150e-01 -2.249509585204337858e-01
1.305033537143619061e+09 8.721111216535312183e-01 -8.805208001555867581e-01 8.211367273614378348e-01 5.242472506421494982e-01 -7.510625078973008906e-01 3.323657558863458150e-01 -2.249509585204337858e-01
1.305033537175494909e+09 8.892661747076230361e-01 -8.871458200971540364e-01 8.253768505955152435e-01 5.177483258313437808e-01 -7.538353034153925103e-01 3.362707627610485028e-01 -2.249243884854783548e-01
1.305033537207417965e+09 8.892661747076230361e-01 -8.871458200971540364e-01 8.253768505955152435e-01 5.177483258313437808e-01 -7.538353034153925103e-01 3.362707627610485028e-01 -2.249243884854783548e-01
1.305033537243686914e+09 8.990045019218713129e-01 -8.965362454831903305e-01 8.268906603960792800e-01 5.149480984413128404e-01 -7.548838167701855673e-01 3.376458021717322344e-01 -2.257746473055828595e-01
1.305033537275552034e+09 8.990045019218713129e-01 -8.965362454831903305e-01 8.268906603960792800e-01 5.149480984413128404e-01 -7.548838167701855673e-01 3.376458021717322344e-01 -2.257746473055828595e-01
1.305033537307573080e+09 9.056119631866323960e-01 -8.885487883408312859e-01 8.239286684889697288e-01 5.098411248613993196e-01 -7.575562928622969761e-01 3.406344947797325107e-01 -2.239165726581062721e-01
1.305033537343854904e+09 9.056119631866323960e-01 -8.885487883408312859e-01 8.239286684889697288e-01 5.098411248613993196e-01 -7.575562928622969761e-01 3.406344947797325107e-01 -2.239165726581062721e-01
1.305033537375637054e+09 9.215657417467632007e-01 -8.892526829675182487e-01 8.213601085142351321e-01 5.029848648480215179e-01 -7.619649718358978419e-01 3.427085803062523972e-01 -2.212836108106737143e-01
1.305033537407661915e+09 9.215657417467632007e-01 -8.892526829675182487e-01 8.213601085142351321e-01 5.029848648480215179e-01 -7.619649718358978419e-01 3.427085803062523972e-01 -2.212836108106737143e-01
1.305033537443628073e+09 9.379965829047831605e-01 -8.927516842303178102e-01 8.237482624120835428e-01 4.969289306369963910e-01 -7.668201970587901206e-01 3.415189453448980728e-01 -2.200300735108681183e-01
1.305033537475436926e+09 9.379965829047831605e-01 -8.927516842303178102e-01 8.237482624120835428e-01 4.969289306369963910e-01 -7.668201970587901206e-01 3.415189453448980728e-01 -2.200300735108681183e-01
1.305033537502234936e+09 9.592200919754104715e-01 -8.869489024214756157e-01 8.256304946852269788e-01 4.896014433629659601e-01 -7.713286280064802769e-01 3.441092315748805475e-01 -2.166365874442415240e-01
1.305033537543400049e+09 9.691608671502894845e-01 -8.931108581758055998e-01 8.252866453293287163e-01 4.870498361774847074e-01 -7.724865635797077967e-01 3.443034200878966056e-01 -2.179498132233129992e-01
1.305033537575726032e+09 9.789093785510049051e-01 -8.954404981261382401e-01 8.242574534741591297e-01 4.834129726747056210e-01 -7.745149085932638844e-01 3.454873957373292281e-01 -2.169723798164416850e-01
1.305033537602339983e+09 9.789093785510049051e-01 -8.954404981261382401e-01 8.242574534741591297e-01 4.834129726747056210e-01 -7.745149085932638844e-01 3.454873957373292281e-01 -2.169723798164416850e-01
1.305033537639756918e+09 9.978608514904094839e-01 -8.996742868658438308e-01 8.134509680815955601e-01 4.741453146442535238e-01 -7.781083577032159582e-01 3.484511394837102038e-01 -2.198076606167539970e-01
1.305033537674026966e+09 9.978608514904094839e-01 -8.996742868658438308e-01 8.134509680815955601e-01 4.741453146442535238e-01 -7.781083577032159582e-01 3.484511394837102038e-01 -2.198076606167539970e-01
1.305033537702286005e+09 1.012750773984046893e+00 -9.098773969309508214e-01 8.114760050128529967e-01 4.681708764496358421e-01 -7.804107999898963755e-01 3.510910793676110808e-01 -2.202500117865958396e-01
1.305033537743773937e+09 1.023992284247486895e+00 -9.147263621380495868e-01 8.151461605358980567e-01 4.653985320371525902e-01 -7.824475689535318468e-01 3.520845261236747459e-01 -2.172935679688633992e-01
1.305033537775789022e+09 1.023992284247486895e+00 -9.147263621380495868e-01 8.151461605358980567e-01 4.653985320371525902e-01 -7.824475689535318468e-01 3.520845261236747459e-01 -2.172935679688633992e-01
1.305033537802398920e+09 1.023992284247486895e+00 -9.147263621380495868e-01 8.151461605358980567e-01 4.653985320371525902e-01 -7.824475689535318468e-01 3.520845261236747459e-01 -2.172935679688633992e-01
1.305033537844739914e+09 1.038632729497614315e+00 -9.272276153686376254e-01 8.119838694091127129e-01 4.527888298443134563e-01 -7.904968061980051086e-01 3.522366385745582251e-01 -2.145377015926728248e-01
1.305033537875838995e+09 1.038632729497614315e+00 -9.272276153686376254e-01 8.119838694091127129e-01 4.527888298443134563e-01 -7.904968061980051086e-01 3.522366385745582251e-01 -2.145377015926728248e-01
1.305033537902446032e+09 1.038632729497614315e+00 -9.272276153686376254e-01 8.119838694091127129e-01 4.527888298443134563e-01 -7.904968061980051086e-01 3.522366385745582251e-01 -2.145377015926728248e-01
1.305033537944108009e+09 1.065059715513679839e+00 -9.321533375549322376e-01 8.039544463781478356e-01 4.350701623322468237e-01 -8.009117484106599294e-01 3.588303298432651278e-01 -2.012339918864250732e-01
1.305033537975959063e+09 1.074487217786495918e+00 -9.359112543965026898e-01 7.941227988674084415e-01 4.283132675214684215e-01 -8.044090511467684168e-01 3.612304857973057670e-01 -1.974496377025825034e-01
1.305033538002466917e+09 1.082329779933469238e+00 -9.416825630713783202e-01 7.903289878680115343e-01 4.232031732738949503e-01 -8.074187977105521385e-01 3.628662877471331982e-01 -1.931372994819144928e-01
1.305033538041599989e+09 1.082329779933469238e+00 -9.416825630713783202e-01 7.903289878680115343e-01 4.232031732738949503e-01 -8.074187977105521385e-01 3.628662877471331982e-01 -1.931372994819144928e-01
1.305033538074354887e+09 1.096663850536293339e+00 -9.494355210082068286e-01 8.062001159502170111e-01 4.149443433052159014e-01 -8.145328658599558791e-01 3.628421048533189142e-01 -1.808397338490171924e-01
1.305033538102510929e+09 1.103080211001159272e+00 -9.584171744567184792e-01 8.188225093531089627e-01 4.136098065754128528e-01 -8.162966976763037508e-01 3.627805365695138118e-01 -1.760025896222730535e-01
1.305033538144040108e+09 1.112986626372361343e+00 -9.619494068118195074e-01 8.158549439937305969e-01 4.087101739045468918e-01 -8.173152161686569883e-01 3.672580734081689613e-01 -1.734166620674511550e-01
1.305033538175946951e+09 1.112986626372361343e+00 -9.619494068118195074e-01 8.158549439937305969e-01 4.087101739045468918e-01 -8.173152161686569883e-01 3.672580734081689613e-01 -1.734166620674511550e-01
1.305033538202594995e+09 1.128209927972703142e+00 -9.729294483967554363e-01 8.188661467520979009e-01 3.983777266144437057e-01 -8.204437759872392766e-01 3.741694771092837213e-01 -1.678225246534971182e-01
1.305033538243994951e+09 1.128209927972703142e+00 -9.729294483967554363e-01 8.188661467520979009e-01 3.983777266144437057e-01 -8.204437759872392766e-01 3.741694771092837213e-01 -1.678225246534971182e-01
1.305033538275794029e+09 1.136668014915002134e+00 -9.787609888159081173e-01 8.182177735840739929e-01 3.915011882947629362e-01 -8.222964236349655787e-01 3.784655341134908202e-01 -1.652853615088889783e-01
1.305033538302690029e+09 1.143347445090822756e+00 -9.852772184180466075e-01 8.279519087200711835e-01 3.865213302360684944e-01 -8.248160483630639916e-01 3.799926149569217704e-01 -1.608892793615542272e-01
1.305033538344099998e+09 1.147402781887920886e+00 -9.943244416791835461e-01 8.298818731311388142e-01 3.806908058574912657e-01 -8.267046361951866373e-01 3.826067614111853810e-01 -1.588899649172414719e-01
1.305033538376149893e+09 1.147402781887920886e+00 -9.943244416791835461e-01 8.298818731311388142e-01 3.806908058574912657e-01 -8.267046361951866373e-01 3.826067614111853810e-01 -1.588899649172414719e-01
1.305033538402749062e+09 1.164042239592729011e+00 -1.006886266370028205e+00 8.336188148092286143e-01 3.708579476339969871e-01 -8.298120553082198869e-01 3.894046369298377885e-01 -1.491320363952313988e-01
1.305033538443205118e+09 1.164042239592729011e+00 -1.006886266370028205e+00 8.336188148092286143e-01 3.708579476339969871e-01 -8.298120553082198869e-01 3.894046369298377885e-01 -1.491320363952313988e-01
1.305033538471633911e+09 1.178968898616822303e+00 -1.017887887910145395e+00 8.412823161324709531e-01 3.611494919402509218e-01 -8.332080430588260089e-01 3.937538461672953072e-01 -1.424545895429207010e-01
1.305033538502753019e+09 1.178968898616822303e+00 -1.017887887910145395e+00 8.412823161324709531e-01 3.611494919402509218e-01 -8.332080430588260089e-01 3.937538461672953072e-01 -1.424545895429207010e-01
1.305033538543405056e+09 1.191938261044709790e+00 -1.024269139062192080e+00 8.383936510034096790e-01 3.466054752907131165e-01 -8.359097901660409446e-01 4.026848875328888910e-01 -1.377111054188767114e-01
1.305033538575516939e+09 1.198591924854941482e+00 -1.030869829563558993e+00 8.431308918784791162e-01 3.397581100256955589e-01 -8.384100219748771288e-01 4.042142577756783206e-01 -1.350699653317160298e-01
1.305033538602850914e+09 1.198591924854941482e+00 -1.030869829563558993e+00 8.431308918784791162e-01 3.397581100256955589e-01 -8.384100219748771288e-01 4.042142577756783206e-01 -1.350699653317160298e-01
1.305033538643531084e+09 1.212149599733471250e+00 -1.038903292150533231e+00 8.432462979222781208e-01 3.240700011843967165e-01 -8.415944127485833759e-01 4.124821216639089072e-01 -1.286700356351566932e-01
1.305033538670914888e+09 1.212149599733471250e+00 -1.038903292150533231e+00 8.432462979222781208e-01 3.240700011843967165e-01 -8.415944127485833759e-01 4.124821216639089072e-01 -1.286700356351566932e-01
1.305033538703005075e+09 1.229147899721002357e+00 -1.041239653959069811e+00 8.436692687841398364e-01 3.057774317029019473e-01 -8.455395327986364729e-01 4.203651902070721924e-01 -1.218858794036963428e-01
1.305033538743340015e+09 1.229147899721002357e+00 -1.041239653959069811e+00 8.436692687841398364e-01 3.057774317029019473e-01 -8.455395327986364729e-01 4.203651902070721924e-01 -1.218858794036963428e-01
1.305033538770881891e+09 1.229147899721002357e+00 -1.041239653959069811e+00 8.436692687841398364e-01 3.057774317029019473e-01 -8.455395327986364729e-01 4.203651902070721924e-01 -1.218858794036963428e-01
1.305033538802948952e+09 1.247847346017482151e+00 -1.045294212473823814e+00 8.520658186365548392e-01 2.859035317714520019e-01 -8.501449731786575592e-01 4.272386086554709750e-01 -1.139292165065984019e-01
1.305033538844388962e+09 1.247847346017482151e+00 -1.045294212473823814e+00 8.520658186365548392e-01 2.859035317714520019e-01 -8.501449731786575592e-01 4.272386086554709750e-01 -1.139292165065984019e-01
1.305033538870946884e+09 1.260055909773289295e+00 -1.056092459328723532e+00 8.549972179246050352e-01 2.670395875451108125e-01 -8.537744410749369406e-01 4.334623785506419580e-01 -1.089469083183928627e-01
1.305033538902976990e+09 1.260055909773289295e+00 -1.056092459328723532e+00 8.549972179246050352e-01 2.670395875451108125e-01 -8.537744410749369406e-01 4.334623785506419580e-01 -1.089469083183928627e-01
1.305033538944633961e+09 1.267935135525779300e+00 -1.065829403056753000e+00 8.507749554421244476e-01 2.504919258075219979e-01 -8.543609331771541138e-01 4.435510593029776683e-01 -1.028768621076059930e-01
1.305033538970999002e+09 1.267935135525779300e+00 -1.065829403056753000e+00 8.507749554421244476e-01 2.504919258075219979e-01 -8.543609331771541138e-01 4.435510593029776683e-01 -1.028768621076059930e-01
1.305033539003001928e+09 1.282017093128436480e+00 -1.072401335329394856e+00 8.600893214336391424e-01 2.305479494404425733e-01 -8.591166347365648548e-01 4.466952839921262686e-01 -9.607067287638054731e-02
1.305033539044576883e+09 1.282017093128436480e+00 -1.072401335329394856e+00 8.600893214336391424e-01 2.305479494404425733e-01 -8.591166347365648548e-01 4.466952839921262686e-01 -9.607067287638054731e-02
1.305033539071038008e+09 1.286973728451201060e+00 -1.083080066898017613e+00 8.576336268187096934e-01 2.147599166064579623e-01 -8.607106078654507275e-01 4.522757920430079404e-01 -9.220648382268574472e-02
1.305033539103072882e+09 1.286973728451201060e+00 -1.083080066898017613e+00 8.576336268187096934e-01 2.147599166064579623e-01 -8.607106078654507275e-01 4.522757920430079404e-01 -9.220648382268574472e-02
1.305033539144433022e+09 1.286973728451201060e+00 -1.083080066898017613e+00 8.576336268187096934e-01 2.147599166064579623e-01 -8.607106078654507275e-01 4.522757920430079404e-01 -9.220648382268574472e-02
1.305033539171128035e+09 1.297747479729425280e+00 -1.093112552607449439e+00 8.617991136244147476e-01 2.031798589502331054e-01 -8.629862583639008600e-01 4.546834329530139440e-01 -8.506255692195037466e-02
1.305033539202974081e+09 1.297747479729425280e+00 -1.093112552607449439e+00 8.617991136244147476e-01 2.031798589502331054e-01 -8.629862583639008600e-01 4.546834329530139440e-01 -8.506255692195037466e-02
1.305033539244401932e+09 1.299734346781745709e+00 -1.104632830561995904e+00 8.599454658456604506e-01 1.933395062182466373e-01 -8.641425395309075830e-01 4.570773254900464266e-01 -8.341357941741016357e-02
1.305033539271203041e+09 1.299734346781745709e+00 -1.104632830561995904e+00 8.599454658456604506e-01 1.933395062182466373e-01 -8.641425395309075830e-01 4.570773254900464266e-01 -8.341357941741016357e-02
1.305033539303420067e+09 1.299384388746728680e+00 -1.116306603656524343e+00 8.538337433154303824e-01 1.878656261229735280e-01 -8.640659462866936424e-01 4.602014240179811422e-01 -7.944303821560447232e-02
1.305033539344491005e+09 1.299384388746728680e+00 -1.116306603656524343e+00 8.538337433154303824e-01 1.878656261229735280e-01 -8.640659462866936424e-01 4.602014240179811422e-01 -7.944303821560447232e-02
1.305033539371428013e+09 1.302742028620562431e+00 -1.129031428874607501e+00 8.527314044588970576e-01 1.796975711397167386e-01 -8.658193045249114039e-01 4.613802252291024364e-01 -7.206942906689389750e-02
1.305033539403098106e+09 1.302742028620562431e+00 -1.129031428874607501e+00 8.527314044588970576e-01 1.796975711397167386e-01 -8.658193045249114039e-01 4.613802252291024364e-01 -7.206942906689389750e-02
1.305033539443552971e+09 1.303879582061074460e+00 -1.136398971663362456e+00 8.435877941922915735e-01 1.690465946688035348e-01 -8.674922938049787202e-01 4.628340366415060747e-01 -6.830097763565810831e-02
1.305033539471316099e+09 1.303879582061074460e+00 -1.136398971663362456e+00 8.435877941922915735e-01 1.690465946688035348e-01 -8.674922938049787202e-01 4.628340366415060747e-01 -6.830097763565810831e-02
1.305033539503331900e+09 1.303879582061074460e+00 -1.136398971663362456e+00 8.435877941922915735e-01 1.690465946688035348e-01 -8.674922938049787202e-01 4.628340366415060747e-01 -6.830097763565810831e-02
1.305033539542411089e+09 1.300831535848108844e+00 -1.153233225690522668e+00 8.398119494405842378e-01 1.661375431098923716e-01 -8.687166954238173533e-01 4.623198375876026445e-01 -6.316634890749601994e-02
1.305033539571542025e+09 1.300831535848108844e+00 -1.153233225690522668e+00 8.398119494405842378e-01 1.661375431098923716e-01 -8.687166954238173533e-01 4.623198375876026445e-01 -6.316634890749601994e-02
1.305033539603503942e+09 1.302766296024005621e+00 -1.168640250353715437e+00 8.381408475123334201e-01 1.591201876274898619e-01 -8.717288706615436977e-01 4.599487972383788925e-01 -5.671548169160361280e-02
1.305033539642471075e+09 1.302766296024005621e+00 -1.168640250353715437e+00 8.381408475123334201e-01 1.591201876274898619e-01 -8.717288706615436977e-01 4.599487972383788925e-01 -5.671548169160361280e-02
1.305033539671545029e+09 1.299403425323240713e+00 -1.179512567843978621e+00 8.339129801049969259e-01 1.549973464961753589e-01 -8.738829593588975930e-01 4.579722149681370036e-01 -5.065418283279718437e-02
1.305033539703341961e+09 1.299403425323240713e+00 -1.179512567843978621e+00 8.339129801049969259e-01 1.549973464961753589e-01 -8.738829593588975930e-01 4.579722149681370036e-01 -5.065418283279718437e-02
1.305033539743168116e+09 1.299858998230453366e+00 -1.191084873701574232e+00 8.339637243947118916e-01 1.524604802414848970e-01 -8.754648672510968455e-01 4.563831567820685886e-01 -4.507196888520531575e-02
1.305033539771214962e+09 1.294447799613096084e+00 -1.200088561040498547e+00 8.335616538771827289e-01 1.534981739975877224e-01 -8.756731942834485860e-01 4.556418112975393897e-01 -4.500341309640287085e-02
1.305033539803392887e+09 1.294447799613096084e+00 -1.200088561040498547e+00 8.335616538771827289e-01 1.534981739975877224e-01 -8.756731942834485860e-01 4.556418112975393897e-01 -4.500341309640287085e-02
1.305033539844495058e+09 1.289685938555290123e+00 -1.210885734069672370e+00 8.262420686857218088e-01 1.504039163041582805e-01 -8.752740649634853654e-01 4.578673821175105463e-01 -4.039100834995346112e-02
1.305033539871406078e+09 1.289685938555290123e+00 -1.210885734069672370e+00 8.262420686857218088e-01 1.504039163041582805e-01 -8.752740649634853654e-01 4.578673821175105463e-01 -4.039100834995346112e-02
1.305033539903595924e+09 1.289685938555290123e+00 -1.210885734069672370e+00 8.262420686857218088e-01 1.504039163041582805e-01 -8.752740649634853654e-01 4.578673821175105463e-01 -4.039100834995346112e-02
1.305033539939496994e+09 1.275158456695536735e+00 -1.230470937342023952e+00 8.334360382196979167e-01 1.480493061925676757e-01 -8.774983372745113197e-01 4.543187754621299534e-01 -4.089647025059572893e-02
1.305033539971508026e+09 1.275158456695536735e+00 -1.230470937342023952e+00 8.334360382196979167e-01 1.480493061925676757e-01 -8.774983372745113197e-01 4.543187754621299534e-01 -4.089647025059572893e-02
1.305033540003525019e+09 1.275158456695536735e+00 -1.230470937342023952e+00 8.334360382196979167e-01 1.480493061925676757e-01 -8.774983372745113197e-01 4.543187754621299534e-01 -4.089647025059572893e-02
1.305033540039518118e+09 1.275158456695536735e+00 -1.230470937342023952e+00 8.334360382196979167e-01 1.480493061925676757e-01 -8.774983372745113197e-01 4.543187754621299534e-01 -4.089647025059572893e-02
1.305033540071556091e+09 1.275158456695536735e+00 -1.230470937342023952e+00 8.334360382196979167e-01 1.480493061925676757e-01 -8.774983372745113197e-01 4.543187754621299534e-01 -4.089647025059572893e-02
1.305033540103574991e+09 1.264973349798835578e+00 -1.237386041179894480e+00 8.326163032813804765e-01 1.303180248758419868e-01 -8.794638506013569001e-01 4.563660095408368922e-01 -3.592510561802943203e-02
1.305033540139564991e+09 1.264973349798835578e+00 -1.237386041179894480e+00 8.326163032813804765e-01 1.303180248758419868e-01 -8.794638506013569001e-01 4.563660095408368922e-01 -3.592510561802943203e-02
1.305033540171613932e+09 1.264973349798835578e+00 -1.237386041179894480e+00 8.326163032813804765e-01 1.303180248758419868e-01 -8.794638506013569001e-01 4.563660095408368922e-01 -3.592510561802943203e-02
1.305033540203599930e+09 1.264973349798835578e+00 -1.237386041179894480e+00 8.326163032813804765e-01 1.303180248758419868e-01 -8.794638506013569001e-01 4.563660095408368922e-01 -3.592510561802943203e-02
1.305033540239618063e+09 1.254696766850059930e+00 -1.231997124578802838e+00 8.319350691648040863e-01 1.183411095062275736e-01 -8.820115818195704005e-01 4.548427441822951445e-01 -3.419107195882257338e-02
1.305033540271677017e+09 1.254696766850059930e+00 -1.231997124578802838e+00 8.319350691648040863e-01 1.183411095062275736e-01 -8.820115818195704005e-01 4.548427441822951445e-01 -3.419107195882257338e-02
1.305033540303649902e+09 1.246874754596914103e+00 -1.226464343795892420e+00 8.260765833960507232e-01 1.127805826579102999e-01 -8.818205107040175683e-01 4.567426840128203103e-01 -3.254608544529830755e-02
1.305033540339663982e+09 1.246874754596914103e+00 -1.226464343795892420e+00 8.260765833960507232e-01 1.127805826579102999e-01 -8.818205107040175683e-01 4.567426840128203103e-01 -3.254608544529830755e-02
1.305033540371701956e+09 1.242558839620413469e+00 -1.214938014551849133e+00 8.220891029308293740e-01 1.075664494924242209e-01 -8.818819583123197470e-01 4.580687492939400363e-01 -2.977736501282831488e-02
1.305033540403697968e+09 1.242558839620413469e+00 -1.214938014551849133e+00 8.220891029308293740e-01 1.075664494924242209e-01 -8.818819583123197470e-01 4.580687492939400363e-01 -2.977736501282831488e-02
1.305033540439718008e+09 1.237560734231682114e+00 -1.204591701925358027e+00 8.206910664991320381e-01 1.035024665891893930e-01 -8.822207648521671608e-01 4.584829905691509278e-01 -2.769672963327788479e-02
1.305033540471744061e+09 1.237560734231682114e+00 -1.204591701925358027e+00 8.206910664991320381e-01 1.035024665891893930e-01 -8.822207648521671608e-01 4.584829905691509278e-01 -2.769672963327788479e-02
1.305033540503736019e+09 1.237560734231682114e+00 -1.204591701925358027e+00 8.206910664991320381e-01 1.035024665891893930e-01 -8.822207648521671608e-01 4.584829905691509278e-01 -2.769672963327788479e-02
1.305033540539756060e+09 1.233490667025001208e+00 -1.195498286835724011e+00 8.271757473194476518e-01 9.927135356932036137e-02 -8.834811651377342256e-01 4.571410847036040392e-01 -2.506507297812769069e-02
1.305033540571669102e+09 1.233490667025001208e+00 -1.195498286835724011e+00 8.271757473194476518e-01 9.927135356932036137e-02 -8.834811651377342256e-01 4.571410847036040392e-01 -2.506507297812769069e-02
1.305033540603777885e+09 1.227697728347021400e+00 -1.179088425212035274e+00 8.213736211947089139e-01 9.793893769371070368e-02 -8.822913215025055544e-01 4.598931267690380964e-01 -2.164025035407461661e-02
1.305033540639801979e+09 1.227697728347021400e+00 -1.179088425212035274e+00 8.213736211947089139e-01 9.793893769371070368e-02 -8.822913215025055544e-01 4.598931267690380964e-01 -2.164025035407461661e-02
1.305033540671865940e+09 1.205863344143215166e+00 -1.177520830949380981e+00 8.290832171179252086e-01 9.743922609204698493e-02 -8.859743382319955618e-01 4.527011180625952758e-01 -2.483479248628571445e-02
1.305033540703705072e+09 1.205863344143215166e+00 -1.177520830949380981e+00 8.290832171179252086e-01 9.743922609204698493e-02 -8.859743382319955618e-01 4.527011180625952758e-01 -2.483479248628571445e-02
1.305033540739866018e+09 1.207498826466019359e+00 -1.159643299876983225e+00 8.245239712251434261e-01 9.194626349293676115e-02 -8.874408220605584097e-01 4.513306216603301113e-01 -1.718551488515417114e-02
1.305033540771871090e+09 1.207498826466019359e+00 -1.159643299876983225e+00 8.245239712251434261e-01 9.194626349293676115e-02 -8.874408220605584097e-01 4.513306216603301113e-01 -1.718551488515417114e-02
1.305033540803745031e+09 1.207498826466019359e+00 -1.159643299876983225e+00 8.245239712251434261e-01 9.194626349293676115e-02 -8.874408220605584097e-01 4.513306216603301113e-01 -1.718551488515417114e-02
1.305033540839890957e+09 1.207498826466019359e+00 -1.159643299876983225e+00 8.245239712251434261e-01 9.194626349293676115e-02 -8.874408220605584097e-01 4.513306216603301113e-01 -1.718551488515417114e-02
1.305033540871947050e+09 1.207498826466019359e+00 -1.159643299876983225e+00 8.245239712251434261e-01 9.194626349293676115e-02 -8.874408220605584097e-01 4.513306216603301113e-01 -1.718551488515417114e-02
1.305033540903964996e+09 1.202766059538307175e+00 -1.149927703312391358e+00 8.270036344333866474e-01 8.639804792879873796e-02 -8.891438791795743812e-01 4.491624047197941283e-01 -1.454900745491773117e-02
1.305033540940141916e+09 1.202766059538307175e+00 -1.149927703312391358e+00 8.270036344333866474e-01 8.639804792879873796e-02 -8.891438791795743812e-01 4.491624047197941283e-01 -1.454900745491773117e-02
1.305033540972017050e+09 1.197092154460732694e+00 -1.147069321101211736e+00 8.363068427401714189e-01 8.367641599488881421e-02 -8.900923653270348401e-01 4.477870979996387835e-01 -1.485104231482178849e-02
1.305033541003911018e+09 1.197092154460732694e+00 -1.147069321101211736e+00 8.363068427401714189e-01 8.367641599488881421e-02 -8.900923653270348401e-01 4.477870979996387835e-01 -1.485104231482178849e-02
1.305033541040004015e+09 1.190666869808540085e+00 -1.140048200951630841e+00 8.395075509913615397e-01 7.881012697841660586e-02 -8.894159102786007853e-01 4.500116688002013809e-01 -1.475806127483553568e-02
1.305033541071959019e+09 1.190666869808540085e+00 -1.140048200951630841e+00 8.395075509913615397e-01 7.881012697841660586e-02 -8.894159102786007853e-01 4.500116688002013809e-01 -1.475806127483553568e-02
1.305033541103979111e+09 1.183944267248647542e+00 -1.132616052335259305e+00 8.407140647503295039e-01 7.377205138477786750e-02 -8.886016506254195146e-01 4.525205496686505735e-01 -1.303622137906079032e-02
1.305033541140007019e+09 1.183944267248647542e+00 -1.132616052335259305e+00 8.407140647503295039e-01 7.377205138477786750e-02 -8.886016506254195146e-01 4.525205496686505735e-01 -1.303622137906079032e-02
1.305033541171937943e+09 1.183944267248647542e+00 -1.132616052335259305e+00 8.407140647503295039e-01 7.377205138477786750e-02 -8.886016506254195146e-01 4.525205496686505735e-01 -1.303622137906079032e-02
1.305033541203984976e+09 1.176029283898134770e+00 -1.123606423591067216e+00 8.434906823235045481e-01 6.985895672305895976e-02 -8.875618876182669315e-01 4.552078215845786757e-01 -1.180935990167132632e-02
1.305033541239962101e+09 1.176029283898134770e+00 -1.123606423591067216e+00 8.434906823235045481e-01 6.985895672305895976e-02 -8.875618876182669315e-01 4.552078215845786757e-01 -1.180935990167132632e-02
1.305033541271980047e+09 1.169008950724046425e+00 -1.116575021206649421e+00 8.478827219954709893e-01 6.613329245021937197e-02 -8.877495272681892313e-01 4.554570673195283970e-01 -9.274928220466563400e-03
1.305033541303932905e+09 1.169008950724046425e+00 -1.116575021206649421e+00 8.478827219954709893e-01 6.613329245021937197e-02 -8.877495272681892313e-01 4.554570673195283970e-01 -9.274928220466563400e-03
1.305033541339958906e+09 1.156531461302947594e+00 -1.106538099090395244e+00 8.461026165686793554e-01 6.248510780518234248e-02 -8.872129839657969530e-01 4.570428112563118539e-01 -7.784668522722439782e-03
1.305033541371973038e+09 1.156531461302947594e+00 -1.106538099090395244e+00 8.461026165686793554e-01 6.248510780518234248e-02 -8.872129839657969530e-01 4.570428112563118539e-01 -7.784668522722439782e-03
1.305033541404068947e+09 1.150351735568762024e+00 -1.092107145917636135e+00 8.462396365487578898e-01 5.663728607210229832e-02 -8.872408212535929373e-01 4.577999070293461981e-01 -3.897185081436032456e-03
1.305033541439965963e+09 1.150351735568762024e+00 -1.092107145917636135e+00 8.462396365487578898e-01 5.663728607210229832e-02 -8.872408212535929373e-01 4.577999070293461981e-01 -3.897185081436032456e-03
1.305033541472054958e+09 1.143503931023340581e+00 -1.081038026634414839e+00 8.450656164129732861e-01 5.059181675443340243e-02 -8.881712159169217191e-01 4.567190780320894428e-01 2.074985811637529431e-04
1.305033541504009008e+09 1.143503931023340581e+00 -1.081038026634414839e+00 8.450656164129732861e-01 5.059181675443340243e-02 -8.881712159169217191e-01 4.567190780320894428e-01 2.074985811637529431e-04
1.305033541539971113e+09 1.143503931023340581e+00 -1.081038026634414839e+00 8.450656164129732861e-01 5.059181675443340243e-02 -8.881712159169217191e-01 4.567190780320894428e-01 2.074985811637529431e-04
1.305033541572082043e+09 1.133382318588808779e+00 -1.071666668382422527e+00 8.430897758428077537e-01 4.571814622981507786e-02 -8.886438790477608762e-01 4.563085776572484153e-01 2.095063883657571902e-03
1.305033541604042053e+09 1.133382318588808779e+00 -1.071666668382422527e+00 8.430897758428077537e-01 4.571814622981507786e-02 -8.886438790477608762e-01 4.563085776572484153e-01 2.095063883657571902e-03
1.305033541639980078e+09 1.128331438712542489e+00 -1.060497800846249561e+00 8.442620862371466028e-01 3.789103409347700790e-02 -8.890865876368722054e-01 4.561461395858784074e-01 4.473092939980475094e-03
1.305033541672022104e+09 1.128331438712542489e+00 -1.060497800846249561e+00 8.442620862371466028e-01 3.789103409347700790e-02 -8.890865876368722054e-01 4.561461395858784074e-01 4.473092939980475094e-03
1.305033541704000950e+09 1.123875551024473118e+00 -1.049748102363824209e+00 8.476190717575664557e-01 2.901482202294014892e-02 -8.901467612379789784e-01 4.546951131150419045e-01 7.016955879360388393e-03
1.305033541739991903e+09 1.123875551024473118e+00 -1.049748102363824209e+00 8.476190717575664557e-01 2.901482202294014892e-02 -8.901467612379789784e-01 4.546951131150419045e-01 7.016955879360388393e-03
1.305033541772023916e+09 1.112921544647588856e+00 -1.043174072953740428e+00 8.501336782830429817e-01 2.652014551287108779e-02 -8.903558536667245393e-01 4.543883144049476464e-01 9.715732376149501665e-03
1.305033541803997040e+09 1.112921544647588856e+00 -1.043174072953740428e+00 8.501336782830429817e-01 2.652014551287108779e-02 -8.903558536667245393e-01 4.543883144049476464e-01 9.715732376149501665e-03
1.305033541839993000e+09 1.106261737286143410e+00 -1.030903192361517506e+00 8.464241710931926788e-01 2.054464930587849777e-02 -8.899161087546300086e-01 4.554920546869222209e-01 1.241873105441962215e-02
1.305033541872000933e+09 1.106261737286143410e+00 -1.030903192361517506e+00 8.464241710931926788e-01 2.054464930587849777e-02 -8.899161087546300086e-01 4.554920546869222209e-01 1.241873105441962215e-02
1.305033541903964996e+09 1.106326747624986062e+00 -1.021657979221390233e+00 8.561058690351195377e-01 1.633223754204024894e-02 -8.912670527100921003e-01 4.528976771646679444e-01 1.612429189715263583e-02
1.305033541939960957e+09 1.106326747624986062e+00 -1.021657979221390233e+00 8.561058690351195377e-01 1.633223754204024894e-02 -8.912670527100921003e-01 4.528976771646679444e-01 1.612429189715263583e-02
1.305033541971944094e+09 1.090177079846656349e+00 -1.010985431105750232e+00 8.485245356094728297e-01 9.564431293089942915e-03 -8.913201082062691682e-01 4.529162466791025743e-01 1.799610667113193951e-02
1.305033542003968000e+09 1.079180311865439723e+00 -1.009233503922424724e+00 8.464847901820529152e-01 5.218860262199977521e-03 -8.920852546135407124e-01 4.515210131571560925e-01 1.689487129850337013e-02
1.305033542039922953e+09 1.079180311865439723e+00 -1.009233503922424724e+00 8.464847901820529152e-01 5.218860262199977521e-03 -8.920852546135407124e-01 4.515210131571560925e-01 1.689487129850337013e-02
1.305033542071937084e+09 1.072441735062241275e+00 -9.957856455606544088e-01 8.489025298878092318e-01 -2.831739383468508467e-03 -8.939308546051311088e-01 4.475717514756077930e-01 2.364605079206439503e-02
1.305033542103992939e+09 1.072441735062241275e+00 -9.957856455606544088e-01 8.489025298878092318e-01 -2.831739383468508467e-03 -8.939308546051311088e-01 4.475717514756077930e-01 2.364605079206439503e-02
1.305033542139985085e+09 1.063491885218366795e+00 -9.842339938894131279e-01 8.466592046698053764e-01 -9.002840879754780978e-03 -8.944791213204296154e-01 4.461491269823480987e-01 2.787484297380943277e-02
1.305033542172013044e+09 1.063491885218366795e+00 -9.842339938894131279e-01 8.466592046698053764e-01 -9.002840879754780978e-03 -8.944791213204296154e-01 4.461491269823480987e-01 2.787484297380943277e-02
1.305033542204179049e+09 1.050900468821404754e+00 -9.736866314631997810e-01 8.490653059853662254e-01 1.600240218071497661e-02 8.955878358057359767e-01 -4.436127372379282674e-01 -2.956502733835628463e-02
1.305033542240318060e+09 1.050900468821404754e+00 -9.736866314631997810e-01 8.490653059853662254e-01 1.600240218071497661e-02 8.955878358057359767e-01 -4.436127372379282674e-01 -2.956502733835628463e-02
1.305033542271975994e+09 1.041070006918722202e+00 -9.606929668243526788e-01 8.457064029639101976e-01 2.408813182264565519e-02 8.947528700077018726e-01 -4.446036193131190362e-01 -3.412748470002879148e-02
1.305033542304127932e+09 1.041070006918722202e+00 -9.606929668243526788e-01 8.457064029639101976e-01 2.408813182264565519e-02 8.947528700077018726e-01 -4.446036193131190362e-01 -3.412748470002879148e-02
1.305033542340007067e+09 1.041070006918722202e+00 -9.606929668243526788e-01 8.457064029639101976e-01 2.408813182264565519e-02 8.947528700077018726e-01 -4.446036193131190362e-01 -3.412748470002879148e-02
1.305033542372071028e+09 1.032530729824619353e+00 -9.509729080211216656e-01 8.463256244274564022e-01 3.246497123138009089e-02 8.942841475065161916e-01 -4.449244532479552094e-01 -3.527208618011284241e-02
1.305033542407881021e+09 1.032530729824619353e+00 -9.509729080211216656e-01 8.463256244274564022e-01 3.246497123138009089e-02 8.942841475065161916e-01 -4.449244532479552094e-01 -3.527208618011284241e-02
1.305033542439965963e+09 1.022195204251278522e+00 -9.403882179854794465e-01 8.489539611004585096e-01 3.854163801511721610e-02 8.937795176723946078e-01 -4.454760015451785793e-01 -3.498353863938476194e-02
1.305033542471999884e+09 1.014412703494298906e+00 -9.350583166729410367e-01 8.446845812693446476e-01 4.023641768216707632e-02 8.927751093830817997e-01 -4.472897301430972528e-01 -3.557431751485600618e-02
1.305033542507853985e+09 1.014412703494298906e+00 -9.350583166729410367e-01 8.446845812693446476e-01 4.023641768216707632e-02 8.927751093830817997e-01 -4.472897301430972528e-01 -3.557431751485600618e-02
1.305033542540011883e+09 1.005297035948846229e+00 -9.202339351662325306e-01 8.476111505943069169e-01 4.765034668393909600e-02 8.919132645485516875e-01 -4.480317682517134803e-01 -3.857081306491495082e-02
1.305033542571969032e+09 9.980087378989217495e-01 -9.136723107216344619e-01 8.430378289198502406e-01 5.096149597371248813e-02 8.904952449193155317e-01 -4.503990385348719538e-01 -3.952025798337411439e-02
1.305033542608015060e+09 9.980087378989217495e-01 -9.136723107216344619e-01 8.430378289198502406e-01 5.096149597371248813e-02 8.904952449193155317e-01 -4.503990385348719538e-01 -3.952025798337411439e-02
1.305033542639940977e+09 9.902707563255339629e-01 -8.993353575391707100e-01 8.434132038350543592e-01 5.992081386618148403e-02 8.886098319028974402e-01 -4.526571556529799256e-01 -4.340002473816071543e-02
1.305033542672238111e+09 9.850185277105013570e-01 -8.898097068568457946e-01 8.408406018416437755e-01 6.456169219660566616e-02 8.870157700597338657e-01 -4.550622804958358580e-01 -4.419425795256094747e-02
1.305033542707959890e+09 9.793376985904197474e-01 -8.800538760157641249e-01 8.418422737151078916e-01 6.742152520773504742e-02 8.866438309232589354e-01 -4.553106365593856952e-01 -4.482498477721301444e-02
1.305033542740019083e+09 9.793376985904197474e-01 -8.800538760157641249e-01 8.418422737151078916e-01 6.742152520773504742e-02 8.866438309232589354e-01 -4.553106365593856952e-01 -4.482498477721301444e-02
1.305033542771950006e+09 9.741486121846205659e-01 -8.603800055611257047e-01 8.424014850578123159e-01 7.271201016967722419e-02 8.862993653109281222e-01 -4.546115975054669800e-01 -5.014672511797794302e-02
1.305033542808027983e+09 9.741486121846205659e-01 -8.603800055611257047e-01 8.424014850578123159e-01 7.271201016967722419e-02 8.862993653109281222e-01 -4.546115975054669800e-01 -5.014672511797794302e-02
1.305033542839939117e+09 9.689374295945683002e-01 -8.509761131289669267e-01 8.407296180993284462e-01 7.364696252162569734e-02 8.859863688662955594e-01 -4.548869604304050518e-01 -5.178930705118476446e-02
1.305033542871963978e+09 9.689374295945683002e-01 -8.509761131289669267e-01 8.407296180993284462e-01 7.364696252162569734e-02 8.859863688662955594e-01 -4.548869604304050518e-01 -5.178930705118476446e-02
1.305033542908103943e+09 9.653917600568238111e-01 -8.349792314583022179e-01 8.388746198077479121e-01 7.961144466661738972e-02 8.846497889060196407e-01 -4.560953688253593930e-01 -5.507979123678921618e-02
1.305033542939843893e+09 9.653917600568238111e-01 -8.349792314583022179e-01 8.388746198077479121e-01 7.961144466661738972e-02 8.846497889060196407e-01 -4.560953688253593930e-01 -5.507979123678921618e-02
1.305033542971973896e+09 9.562212017575076883e-01 -8.194656403316203930e-01 8.369372847987539554e-01 8.331903606558649367e-02 8.845041044628725313e-01 -4.554622523524846645e-01 -5.713636407258660538e-02
1.305033543007967949e+09 9.562212017575076883e-01 -8.194656403316203930e-01 8.369372847987539554e-01 8.331903606558649367e-02 8.845041044628725313e-01 -4.554622523524846645e-01 -5.713636407258660538e-02
1.305033543039967060e+09 9.541669327660915467e-01 -8.048535136746572949e-01 8.361203274534410035e-01 8.725766851172755967e-02 8.845319660693063968e-01 -4.540995774471701663e-01 -6.150507336607547587e-02
1.305033543072134972e+09 9.541669327660915467e-01 -8.048535136746572949e-01 8.361203274534410035e-01 8.725766851172755967e-02 8.845319660693063968e-01 -4.540995774471701663e-01 -6.150507336607547587e-02
1.305033543107924938e+09 9.493995363351532824e-01 -7.925566163908447370e-01 8.343626404776850469e-01 9.210250904753683465e-02 8.837269023646799893e-01 -4.542859154369010555e-01 -6.456157448306651392e-02
1.305033543139950991e+09 9.493995363351532824e-01 -7.925566163908447370e-01 8.343626404776850469e-01 9.210250904753683465e-02 8.837269023646799893e-01 -4.542859154369010555e-01 -6.456157448306651392e-02
1.305033543172106028e+09 9.428650355497844027e-01 -7.783233995831400076e-01 8.328454387759565147e-01 9.806222921304812157e-02 8.825438021445266568e-01 -4.551372394075534067e-01 -6.595702997044015914e-02
1.305033543207931042e+09 9.428650355497844027e-01 -7.783233995831400076e-01 8.328454387759565147e-01 9.806222921304812157e-02 8.825438021445266568e-01 -4.551372394075534067e-01 -6.595702997044015914e-02
1.305033543240032911e+09 9.428650355497844027e-01 -7.783233995831400076e-01 8.328454387759565147e-01 9.806222921304812157e-02 8.825438021445266568e-01 -4.551372394075534067e-01 -6.595702997044015914e-02
1.305033543272003889e+09 9.392911770376309866e-01 -7.660371384808715156e-01 8.342470244543862545e-01 1.048652156118740769e-01 8.815453046553350935e-01 -4.547582639729559895e-01 -7.124664022331916868e-02
1.305033543308000088e+09 9.392911770376309866e-01 -7.660371384808715156e-01 8.342470244543862545e-01 1.048652156118740769e-01 8.815453046553350935e-01 -4.547582639729559895e-01 -7.124664022331916868e-02
1.305033543339972019e+09 9.353220614295786328e-01 -7.545612305203740489e-01 8.379294086099969840e-01 1.164705153495097650e-01 8.808354082302090049e-01 -4.529037585535264365e-01 -7.376847667011671161e-02
1.305033543371989965e+09 9.353220614295786328e-01 -7.545612305203740489e-01 8.379294086099969840e-01 1.164705153495097650e-01 8.808354082302090049e-01 -4.529037585535264365e-01 -7.376847667011671161e-02
1.305033543407963991e+09 9.249908581555963405e-01 -7.431668426489408397e-01 8.370216649329313974e-01 1.250481928409769850e-01 8.797590941044898250e-01 -4.523148772438262966e-01 -7.614550302910469415e-02
1.305033543440047979e+09 9.249908581555963405e-01 -7.431668426489408397e-01 8.370216649329313974e-01 1.250481928409769850e-01 8.797590941044898250e-01 -4.523148772438262966e-01 -7.614550302910469415e-02
1.305033543471987963e+09 9.234745860810629203e-01 -7.318659161166524152e-01 8.380459195934704120e-01 1.380084187514280525e-01 8.777427316527108836e-01 -4.511847417232218715e-01 -8.338886149071400578e-02
1.305033543507966042e+09 9.234745860810629203e-01 -7.318659161166524152e-01 8.380459195934704120e-01 1.380084187514280525e-01 8.777427316527108836e-01 -4.511847417232218715e-01 -8.338886149071400578e-02
1.305033543539942980e+09 9.245711035002777134e-01 -7.209702456769114809e-01 8.369932446147636540e-01 1.524657941522137850e-01 8.747166765936141841e-01 -4.513085337822663745e-01 -8.913767238299502571e-02
1.305033543572019100e+09 9.245711035002777134e-01 -7.209702456769114809e-01 8.369932446147636540e-01 1.524657941522137850e-01 8.747166765936141841e-01 -4.513085337822663745e-01 -8.913767238299502571e-02
1.305033543608011961e+09 9.245711035002777134e-01 -7.209702456769114809e-01 8.369932446147636540e-01 1.524657941522137850e-01 8.747166765936141841e-01 -4.513085337822663745e-01 -8.913767238299502571e-02
1.305033543640626907e+09 9.258354015565046780e-01 -7.079162115853165904e-01 8.346076312436583322e-01 1.621486718939510463e-01 8.716172481433875907e-01 -4.525115520960586446e-01 -9.604413652895252285e-02
1.305033543672030926e+09 9.258354015565046780e-01 -7.079162115853165904e-01 8.346076312436583322e-01 1.621486718939510463e-01 8.716172481433875907e-01 -4.525115520960586446e-01 -9.604413652895252285e-02
1.305033543707860947e+09 9.247884515206092892e-01 -6.915903852018865372e-01 8.275444077712815760e-01 1.721254361048793757e-01 8.691358899058347909e-01 -4.517317733420208037e-01 -1.044703023666097297e-01
1.305033543739958048e+09 9.247884515206092892e-01 -6.915903852018865372e-01 8.275444077712815760e-01 1.721254361048793757e-01 8.691358899058347909e-01 -4.517317733420208037e-01 -1.044703023666097297e-01
1.305033543771927118e+09 9.279416881991306987e-01 -6.768750983364592022e-01 8.243149143843607751e-01 1.856208366288615852e-01 8.681154034173202971e-01 -4.461617835977638724e-01 -1.134028845120208379e-01
1.305033543807900906e+09 9.279416881991306987e-01 -6.768750983364592022e-01 8.243149143843607751e-01 1.856208366288615852e-01 8.681154034173202971e-01 -4.461617835977638724e-01 -1.134028845120208379e-01
1.305033543840065956e+09 9.350925729946856224e-01 -6.630749379935719778e-01 8.232298793925338920e-01 1.993568701721192549e-01 8.656361102027838594e-01 -4.430142690496164937e-01 -1.211169701016524686e-01
1.305033543872061968e+09 9.350925729946856224e-01 -6.630749379935719778e-01 8.232298793925338920e-01 1.993568701721192549e-01 8.656361102027838594e-01 -4.430142690496164937e-01 -1.211169701016524686e-01
1.305033543907963037e+09 9.396857757889555129e-01 -6.465499478880619710e-01 8.206846498647282218e-01 2.075003753576350474e-01 8.646509033208257256e-01 -4.394266897763297042e-01 -1.273836485783710892e-01
1.305033543939939976e+09 9.396857757889555129e-01 -6.465499478880619710e-01 8.206846498647282218e-01 2.075003753576350474e-01 8.646509033208257256e-01 -4.394266897763297042e-01 -1.273836485783710892e-01
1.305033543971940994e+09 9.396857757889555129e-01 -6.465499478880619710e-01 8.206846498647282218e-01 2.075003753576350474e-01 8.646509033208257256e-01 -4.394266897763297042e-01 -1.273836485783710892e-01
1.305033544007958889e+09 9.417004226265265343e-01 -6.317510458869302070e-01 8.190122674077009446e-01 2.175127018401794010e-01 8.631904145777770099e-01 -4.363939457584771198e-01 -1.309612798676697276e-01
1.305033544039988995e+09 9.417004226265265343e-01 -6.317510458869302070e-01 8.190122674077009446e-01 2.175127018401794010e-01 8.631904145777770099e-01 -4.363939457584771198e-01 -1.309612798676697276e-01
1.305033544072098017e+09 9.457805538087652453e-01 -6.167670047275812806e-01 8.133942717970880087e-01 2.256623245843888959e-01 8.606820684173352998e-01 -4.353328893942095545e-01 -1.370699375491075678e-01
1.305033544107969999e+09 9.457805538087652453e-01 -6.167670047275812806e-01 8.133942717970880087e-01 2.256623245843888959e-01 8.606820684173352998e-01 -4.353328893942095545e-01 -1.370699375491075678e-01
1.305033544139946938e+09 9.485879815547776372e-01 -6.034820689863154008e-01 8.130850529954301020e-01 2.342067861728326927e-01 8.593846319449333082e-01 -4.321342775606775155e-01 -1.409439670385919940e-01
1.305033544172048092e+09 9.485879815547776372e-01 -6.034820689863154008e-01 8.130850529954301020e-01 2.342067861728326927e-01 8.593846319449333082e-01 -4.321342775606775155e-01 -1.409439670385919940e-01
1.305033544208165884e+09 9.524605976203834867e-01 -5.888581112624593494e-01 8.109565713634083739e-01 2.430070065924132550e-01 8.573147158938979606e-01 -4.302299746501828115e-01 -1.444342119141547864e-01
1.305033544239968061e+09 9.524605976203834867e-01 -5.888581112624593494e-01 8.109565713634083739e-01 2.430070065924132550e-01 8.573147158938979606e-01 -4.302299746501828115e-01 -1.444342119141547864e-01
1.305033544272203922e+09 9.547622547294911666e-01 -5.751819337276348199e-01 8.030211477298569989e-01 2.510062565589608607e-01 8.547987442593592000e-01 -4.294988475354102331e-01 -1.478029294250765568e-01
1.305033544307976961e+09 9.547622547294911666e-01 -5.751819337276348199e-01 8.030211477298569989e-01 2.510062565589608607e-01 8.547987442593592000e-01 -4.294988475354102331e-01 -1.478029294250765568e-01
1.305033544339998960e+09 9.547622547294911666e-01 -5.751819337276348199e-01 8.030211477298569989e-01 2.510062565589608607e-01 8.547987442593592000e-01 -4.294988475354102331e-01 -1.478029294250765568e-01
1.305033544372061968e+09 9.563465835855514685e-01 -5.628362962292952076e-01 8.050407616261250343e-01 2.608610038186975344e-01 8.542894857580035639e-01 -4.240966268894532654e-01 -1.492751227466084241e-01
1.305033544407927036e+09 9.563465835855514685e-01 -5.628362962292952076e-01 8.050407616261250343e-01 2.608610038186975344e-01 8.542894857580035639e-01 -4.240966268894532654e-01 -1.492751227466084241e-01
1.305033544439901114e+09 9.604491608341491071e-01 -5.526687093710767051e-01 8.032682915576694338e-01 2.717033186071493578e-01 8.521021440135072567e-01 -4.200669946057853377e-01 -1.537626836014162612e-01
1.305033544472184896e+09 9.604491608341491071e-01 -5.526687093710767051e-01 8.032682915576694338e-01 2.717033186071493578e-01 8.521021440135072567e-01 -4.200669946057853377e-01 -1.537626836014162612e-01
1.305033544507909060e+09 9.614140128382959727e-01 -5.413584612551148867e-01 8.025266024524281283e-01 2.815602472126323419e-01 8.496607132929928641e-01 -4.178415407152254457e-01 -1.555922437936110292e-01
1.305033544539983034e+09 9.614140128382959727e-01 -5.413584612551148867e-01 8.025266024524281283e-01 2.815602472126323419e-01 8.496607132929928641e-01 -4.178415407152254457e-01 -1.555922437936110292e-01
1.305033544572058916e+09 9.645933851888666144e-01 -5.319143994741224457e-01 8.011743406294188352e-01 2.914495426586363180e-01 8.462694236046606200e-01 -4.170550741141110240e-01 -1.579566140165729049e-01
1.305033544607959986e+09 9.645933851888666144e-01 -5.319143994741224457e-01 8.011743406294188352e-01 2.914495426586363180e-01 8.462694236046606200e-01 -4.170550741141110240e-01 -1.579566140165729049e-01
1.305033544640039921e+09 9.656274096038687249e-01 -5.208352548704435758e-01 8.026692506342445466e-01 3.005119880404116262e-01 8.431781878647380823e-01 -4.156832344934218715e-01 -1.610917040515213450e-01
1.305033544672142029e+09 9.656274096038687249e-01 -5.208352548704435758e-01 8.026692506342445466e-01 3.005119880404116262e-01 8.431781878647380823e-01 -4.156832344934218715e-01 -1.610917040515213450e-01
1.305033544708156109e+09 9.656274096038687249e-01 -5.208352548704435758e-01 8.026692506342445466e-01 3.005119880404116262e-01 8.431781878647380823e-01 -4.156832344934218715e-01 -1.610917040515213450e-01
1.305033544739928007e+09 9.617337978725333247e-01 -5.082735552144117541e-01 8.014505977244299473e-01 3.102913565730574530e-01 8.399592714400092586e-01 -4.145951656082435544e-01 -1.621682614209501994e-01
1.305033544772173882e+09 9.617337978725333247e-01 -5.082735552144117541e-01 8.014505977244299473e-01 3.102913565730574530e-01 8.399592714400092586e-01 -4.145951656082435544e-01 -1.621682614209501994e-01
1.305033544807982922e+09 9.597658251570261312e-01 -4.991821615958671465e-01 8.052603529921105174e-01 3.209553814007271577e-01 8.368487392656328572e-01 -4.111756192470003568e-01 -1.661518608872030178e-01
1.305033544840009928e+09 9.597658251570261312e-01 -4.991821615958671465e-01 8.052603529921105174e-01 3.209553814007271577e-01 8.368487392656328572e-01 -4.111756192470003568e-01 -1.661518608872030178e-01
1.305033544872116089e+09 9.559331825384258519e-01 -4.893285801735838270e-01 8.087557073294096011e-01 3.311997806278450529e-01 8.331965589841916486e-01 -4.085958906349581032e-01 -1.707032441554499624e-01
1.305033544907777071e+09 9.559331825384258519e-01 -4.893285801735838270e-01 8.087557073294096011e-01 3.311997806278450529e-01 8.331965589841916486e-01 -4.085958906349581032e-01 -1.707032441554499624e-01
1.305033544939847946e+09 9.559331825384258519e-01 -4.893285801735838270e-01 8.087557073294096011e-01 3.311997806278450529e-01 8.331965589841916486e-01 -4.085958906349581032e-01 -1.707032441554499624e-01
1.305033544971988916e+09 9.519443703226575515e-01 -4.777595073559383065e-01 8.128681250625573451e-01 3.478495971806223608e-01 8.265972279605817707e-01 -4.049750851350126801e-01 -1.781371968148425244e-01
1.305033545007915020e+09 9.519443703226575515e-01 -4.777595073559383065e-01 8.128681250625573451e-01 3.478495971806223608e-01 8.265972279605817707e-01 -4.049750851350126801e-01 -1.781371968148425244e-01
1.305033545040093899e+09 9.519443703226575515e-01 -4.777595073559383065e-01 8.128681250625573451e-01 3.478495971806223608e-01 8.265972279605817707e-01 -4.049750851350126801e-01 -1.781371968148425244e-01
1.305033545071928024e+09 9.519443703226575515e-01 -4.777595073559383065e-01 8.128681250625573451e-01 3.478495971806223608e-01 8.265972279605817707e-01 -4.049750851350126801e-01 -1.781371968148425244e-01
1.305033545108140945e+09 9.471982861772121343e-01 -4.676445175779085917e-01 8.147575911824330719e-01 3.581219515459566627e-01 8.219312669269961402e-01 -4.025608256083935688e-01 -1.847226081295597622e-01
1.305033545139997005e+09 9.471982861772121343e-01 -4.676445175779085917e-01 8.147575911824330719e-01 3.581219515459566627e-01 8.219312669269961402e-01 -4.025608256083935688e-01 -1.847226081295597622e-01
1.305033545171999931e+09 9.471982861772121343e-01 -4.676445175779085917e-01 8.147575911824330719e-01 3.581219515459566627e-01 8.219312669269961402e-01 -4.025608256083935688e-01 -1.847226081295597622e-01
1.305033545207995892e+09 9.471982861772121343e-01 -4.676445175779085917e-01 8.147575911824330719e-01 3.581219515459566627e-01 8.219312669269961402e-01 -4.025608256083935688e-01 -1.847226081295597622e-01
1.305033545240042925e+09 9.399452283380741457e-01 -4.573017223328633696e-01 8.180684801431695741e-01 3.683587357932303075e-01 8.174057476114405807e-01 -3.993923559315429306e-01 -1.914299651570952054e-01
1.305033545272058964e+09 9.399452283380741457e-01 -4.573017223328633696e-01 8.180684801431695741e-01 3.683587357932303075e-01 8.174057476114405807e-01 -3.993923559315429306e-01 -1.914299651570952054e-01
1.305033545308058023e+09 9.399452283380741457e-01 -4.573017223328633696e-01 8.180684801431695741e-01 3.683587357932303075e-01 8.174057476114405807e-01 -3.993923559315429306e-01 -1.914299651570952054e-01
1.305033545339931011e+09 9.399452283380741457e-01 -4.573017223328633696e-01 8.180684801431695741e-01 3.683587357932303075e-01 8.174057476114405807e-01 -3.993923559315429306e-01 -1.914299651570952054e-01
1.305033545372092962e+09 9.399452283380741457e-01 -4.573017223328633696e-01 8.180684801431695741e-01 3.683587357932303075e-01 8.174057476114405807e-01 -3.993923559315429306e-01 -1.914299651570952054e-01
1.305033545408030987e+09 9.399452283380741457e-01 -4.573017223328633696e-01 8.180684801431695741e-01 3.683587357932303075e-01 8.174057476114405807e-01 -3.993923559315429306e-01 -1.914299651570952054e-01
1.305033545440032005e+09 9.278094453638502381e-01 -4.515686529027366225e-01 8.221066936205456699e-01 3.854301448723344570e-01 8.095163035696327780e-01 -3.967026398201576320e-01 -1.968602886271573760e-01
1.305033545472172022e+09 9.278094453638502381e-01 -4.515686529027366225e-01 8.221066936205456699e-01 3.854301448723344570e-01 8.095163035696327780e-01 -3.967026398201576320e-01 -1.968602886271573760e-01
1.305033545508019924e+09 9.278094453638502381e-01 -4.515686529027366225e-01 8.221066936205456699e-01 3.854301448723344570e-01 8.095163035696327780e-01 -3.967026398201576320e-01 -1.968602886271573760e-01
1.305033545540000916e+09 9.278094453638502381e-01 -4.515686529027366225e-01 8.221066936205456699e-01 3.854301448723344570e-01 8.095163035696327780e-01 -3.967026398201576320e-01 -1.968602886271573760e-01
1.305033545572073936e+09 9.278094453638502381e-01 -4.515686529027366225e-01 8.221066936205456699e-01 3.854301448723344570e-01 8.095163035696327780e-01 -3.967026398201576320e-01 -1.968602886271573760e-01
1.305033545608000994e+09 9.172849429853225933e-01 -4.543161178271105660e-01 8.254480649455165908e-01 3.948382182982296817e-01 8.036802175392570025e-01 -3.985003956542568782e-01 -1.984901105106568753e-01
1.305033545640202999e+09 9.172849429853225933e-01 -4.543161178271105660e-01 8.254480649455165908e-01 3.948382182982296817e-01 8.036802175392570025e-01 -3.985003956542568782e-01 -1.984901105106568753e-01
1.305033545672133923e+09 9.059464631734557294e-01 -4.565408796466315922e-01 8.330474467930859550e-01 4.014461276598940143e-01 8.010211429835497610e-01 -3.973167855048072017e-01 -1.983570191254412363e-01
1.305033545708266020e+09 9.059464631734557294e-01 -4.565408796466315922e-01 8.330474467930859550e-01 4.014461276598940143e-01 8.010211429835497610e-01 -3.973167855048072017e-01 -1.983570191254412363e-01
1.305033545740135908e+09 8.953401843378661074e-01 -4.600054302553121532e-01 8.332981793936384829e-01 4.027777704003617787e-01 7.976514463400758981e-01 -4.017415183416264690e-01 -2.003147280243340878e-01
1.305033545771903038e+09 8.953401843378661074e-01 -4.600054302553121532e-01 8.332981793936384829e-01 4.027777704003617787e-01 7.976514463400758981e-01 -4.017415183416264690e-01 -2.003147280243340878e-01
1.305033545808008909e+09 8.810031769580228822e-01 -4.654469172021631351e-01 8.375358695916854668e-01 4.062825911134934076e-01 7.946367439302799429e-01 -4.041097841300362870e-01 -2.004549418806233496e-01
1.305033545840003014e+09 8.810031769580228822e-01 -4.654469172021631351e-01 8.375358695916854668e-01 4.062825911134934076e-01 7.946367439302799429e-01 -4.041097841300362870e-01 -2.004549418806233496e-01
1.305033545872067928e+09 8.810031769580228822e-01 -4.654469172021631351e-01 8.375358695916854668e-01 4.062825911134934076e-01 7.946367439302799429e-01 -4.041097841300362870e-01 -2.004549418806233496e-01
1.305033545907982111e+09 8.670348693499632109e-01 -4.694603616296260107e-01 8.377309441913636245e-01 4.080671123870489025e-01 7.912125012652654332e-01 -4.082016712551286286e-01 -2.020777207268968922e-01
1.305033545939975977e+09 8.670348693499632109e-01 -4.694603616296260107e-01 8.377309441913636245e-01 4.080671123870489025e-01 7.912125012652654332e-01 -4.082016712551286286e-01 -2.020777207268968922e-01
1.305033545972035885e+09 8.549937808465352118e-01 -4.782608679359976467e-01 8.370826321283859617e-01 4.124206113272207430e-01 7.879172334723608673e-01 -4.098475909840117448e-01 -2.027822100539019012e-01
1.305033546008052111e+09 8.549937808465352118e-01 -4.782608679359976467e-01 8.370826321283859617e-01 4.124206113272207430e-01 7.879172334723608673e-01 -4.098475909840117448e-01 -2.027822100539019012e-01
1.305033546039978981e+09 8.406728340812786859e-01 -4.826305845526949190e-01 8.335176981909777627e-01 4.132809675393924187e-01 7.868606482370934518e-01 -4.111048176726461723e-01 -2.025882301910573724e-01
1.305033546071991920e+09 8.406728340812786859e-01 -4.826305845526949190e-01 8.335176981909777627e-01 4.132809675393924187e-01 7.868606482370934518e-01 -4.111048176726461723e-01 -2.025882301910573724e-01
1.305033546107950926e+09 8.246340906067252119e-01 -4.852469769256569920e-01 8.328894533120465571e-01 4.129929540280306566e-01 7.882870769731425975e-01 -4.092430058316363084e-01 -2.013962918681148073e-01
1.305033546139986992e+09 8.246340906067252119e-01 -4.852469769256569920e-01 8.328894533120465571e-01 4.129929540280306566e-01 7.882870769731425975e-01 -4.092430058316363084e-01 -2.013962918681148073e-01
1.305033546172246933e+09 8.083744887792005951e-01 -4.913031770912961171e-01 8.317874265880357276e-01 4.172229695621906265e-01 7.860636670791378844e-01 -4.086645043090255669e-01 -2.025394477272613458e-01
1.305033546208142042e+09 8.083744887792005951e-01 -4.913031770912961171e-01 8.317874265880357276e-01 4.172229695621906265e-01 7.860636670791378844e-01 -4.086645043090255669e-01 -2.025394477272613458e-01
1.305033546240499020e+09 7.964002204937745688e-01 -4.926633484491844683e-01 8.322343758480130749e-01 4.197259671842825668e-01 7.851671458974992523e-01 -4.084419496835791641e-01 -2.012904349766034828e-01
1.305033546271986961e+09 7.964002204937745688e-01 -4.926633484491844683e-01 8.322343758480130749e-01 4.197259671842825668e-01 7.851671458974992523e-01 -4.084419496835791641e-01 -2.012904349766034828e-01
1.305033546308217049e+09 7.759955784032726012e-01 -4.964042662585773646e-01 8.339420448541223774e-01 4.232944227074718624e-01 7.831783753393908309e-01 -4.062527155420649350e-01 -2.059422133031464930e-01
1.305033546339927912e+09 7.658265372082774247e-01 -4.954145001833495376e-01 8.305337189850677815e-01 4.233359583487941724e-01 7.820736598033157794e-01 -4.074654090786862803e-01 -2.076521066955369643e-01
1.305033546372019053e+09 7.658265372082774247e-01 -4.954145001833495376e-01 8.305337189850677815e-01 4.233359583487941724e-01 7.820736598033157794e-01 -4.074654090786862803e-01 -2.076521066955369643e-01
1.305033546407778025e+09 7.466769793543738265e-01 -5.034726479039158820e-01 8.363303200846455843e-01 4.239795451034026885e-01 7.823881607918438119e-01 -4.023578001182226971e-01 -2.149844456482658539e-01
1.305033546439943075e+09 7.466769793543738265e-01 -5.034726479039158820e-01 8.363303200846455843e-01 4.239795451034026885e-01 7.823881607918438119e-01 -4.023578001182226971e-01 -2.149844456482658539e-01
1.305033546472094059e+09 7.347041646561776052e-01 -5.107721399852512834e-01 8.307012770858859252e-01 4.290641049927459427e-01 7.775150835712411057e-01 -4.018407483022766735e-01 -2.233792775300485201e-01
1.305033546507882118e+09 7.347041646561776052e-01 -5.107721399852512834e-01 8.307012770858859252e-01 4.290641049927459427e-01 7.775150835712411057e-01 -4.018407483022766735e-01 -2.233792775300485201e-01
1.305033546539973974e+09 7.153312428575194781e-01 -5.169320175643704607e-01 8.348336427014475536e-01 4.352564239284320013e-01 7.755746023416785206e-01 -3.986840719688909407e-01 -2.238010106989792303e-01
1.305033546572101116e+09 7.041006127216166144e-01 -5.177788926394917279e-01 8.405968018332740099e-01 4.364467367332410808e-01 7.759853519869435168e-01 -3.963680917015174887e-01 -2.241725125377815875e-01
1.305033546607955933e+09 7.041006127216166144e-01 -5.177788926394917279e-01 8.405968018332740099e-01 4.364467367332410808e-01 7.759853519869435168e-01 -3.963680917015174887e-01 -2.241725125377815875e-01
1.305033546640064001e+09 6.885300637676777802e-01 -5.270473124996969405e-01 8.417963582896770269e-01 4.351532345358706810e-01 7.752939153162481389e-01 -3.974719147907586070e-01 -2.271058878566110661e-01
1.305033546672139883e+09 6.782389837608520100e-01 -5.286135983296671448e-01 8.457170766374608739e-01 4.347352308586867609e-01 7.758204658180781754e-01 -3.979338906894120953e-01 -2.252920382722200798e-01
1.305033546707998037e+09 6.782389837608520100e-01 -5.286135983296671448e-01 8.457170766374608739e-01 4.347352308586867609e-01 7.758204658180781754e-01 -3.979338906894120953e-01 -2.252920382722200798e-01
1.305033546739974976e+09 6.676616135744426472e-01 -5.298092074725554435e-01 8.485133115213807642e-01 4.379907206936279884e-01 7.749637192545816289e-01 -3.969817507535416401e-01 -2.236087028584426428e-01
1.305033546771996975e+09 6.676616135744426472e-01 -5.298092074725554435e-01 8.485133115213807642e-01 4.379907206936279884e-01 7.749637192545816289e-01 -3.969817507535416401e-01 -2.236087028584426428e-01
1.305033546807960033e+09 6.523416673198699778e-01 -5.312546662249423290e-01 8.496710251528878377e-01 4.420604340273830979e-01 7.723241503050345402e-01 -3.960157769420207252e-01 -2.264276571802481264e-01
1.305033546839977980e+09 6.523416673198699778e-01 -5.312546662249423290e-01 8.496710251528878377e-01 4.420604340273830979e-01 7.723241503050345402e-01 -3.960157769420207252e-01 -2.264276571802481264e-01
1.305033546871990919e+09 6.404510042603583919e-01 -5.406089807178673379e-01 8.540720582804515182e-01 4.461172401500054230e-01 7.705377655514062951e-01 -3.916621599379657148e-01 -2.320597172555288190e-01
1.305033546907958984e+09 6.404510042603583919e-01 -5.406089807178673379e-01 8.540720582804515182e-01 4.461172401500054230e-01 7.705377655514062951e-01 -3.916621599379657148e-01 -2.320597172555288190e-01
1.305033546940042019e+09 6.271158030176267051e-01 -5.487057222792488531e-01 8.583964389081456536e-01 4.480723607654762963e-01 7.690903936346829006e-01 -3.915322048994313020e-01 -2.333102193721715012e-01
1.305033546972132921e+09 6.178104247454543341e-01 -5.514627787742146792e-01 8.611870631418209188e-01 4.486413948558054532e-01 7.689142997914912847e-01 -3.917063581693505658e-01 -2.325033921638611778e-01
1.305033547007986069e+09 6.178104247454543341e-01 -5.514627787742146792e-01 8.611870631418209188e-01 4.486413948558054532e-01 7.689142997914912847e-01 -3.917063581693505658e-01 -2.325033921638611778e-01
1.305033547039973021e+09 6.065439165522151788e-01 -5.595888944714642044e-01 8.580188255747538406e-01 4.492374049417767190e-01 7.660890338729883231e-01 -3.948800103113994653e-01 -2.352936965521991719e-01
1.305033547072051048e+09 6.065439165522151788e-01 -5.595888944714642044e-01 8.580188255747538406e-01 4.492374049417767190e-01 7.660890338729883231e-01 -3.948800103113994653e-01 -2.352936965521991719e-01
1.305033547107973099e+09 5.944846972228509108e-01 -5.653264628050322926e-01 8.586254778622954831e-01 4.501700337964708032e-01 7.646854652127067498e-01 -3.938370495824150552e-01 -2.397821059635787955e-01
1.305033547139964104e+09 5.944846972228509108e-01 -5.653264628050322926e-01 8.586254778622954831e-01 4.501700337964708032e-01 7.646854652127067498e-01 -3.938370495824150552e-01 -2.397821059635787955e-01
1.305033547171989918e+09 5.944846972228509108e-01 -5.653264628050322926e-01 8.586254778622954831e-01 4.501700337964708032e-01 7.646854652127067498e-01 -3.938370495824150552e-01 -2.397821059635787955e-01
1.305033547208019018e+09 5.815003361151900307e-01 -5.731253280215966583e-01 8.589011038799291287e-01 4.531767354182864027e-01 7.623304222244990935e-01 -3.919760178186884048e-01 -2.446180191270557747e-01
1.305033547240019083e+09 5.815003361151900307e-01 -5.731253280215966583e-01 8.589011038799291287e-01 4.531767354182864027e-01 7.623304222244990935e-01 -3.919760178186884048e-01 -2.446180191270557747e-01
1.305033547272007942e+09 5.650341917529985158e-01 -5.792706152249105234e-01 8.620641879366152116e-01 4.577328130213949020e-01 7.608019520567531613e-01 -3.898766654807911403e-01 -2.442483313018415370e-01
1.305033547307975054e+09 5.650341917529985158e-01 -5.792706152249105234e-01 8.620641879366152116e-01 4.577328130213949020e-01 7.608019520567531613e-01 -3.898766654807911403e-01 -2.442483313018415370e-01
1.305033547340020895e+09 5.525815773288254018e-01 -5.902912529247575923e-01 8.638433133221531390e-01 4.626954249204386915e-01 7.584115395274190208e-01 -3.856173798563094501e-01 -2.490464149954774720e-01
1.305033547372226954e+09 5.525815773288254018e-01 -5.902912529247575923e-01 8.638433133221531390e-01 4.626954249204386915e-01 7.584115395274190208e-01 -3.856173798563094501e-01 -2.490464149954774720e-01
1.305033547407923937e+09 5.340890198224812480e-01 -5.974232541580022371e-01 8.665326958722285866e-01 4.690562726670430838e-01 7.553133338590416468e-01 -3.826835662658308879e-01 -2.510802040713396299e-01
1.305033547440119028e+09 5.340890198224812480e-01 -5.974232541580022371e-01 8.665326958722285866e-01 4.690562726670430838e-01 7.553133338590416468e-01 -3.826835662658308879e-01 -2.510802040713396299e-01
1.305033547472121000e+09 5.243796994485058205e-01 -6.103582464382695250e-01 8.759485353799786322e-01 4.764656674919319768e-01 7.521348424723133252e-01 -3.771442523918128176e-01 -2.550212919119436705e-01
1.305033547508002043e+09 5.134559591303700099e-01 -6.122456106868772174e-01 8.726154164833617166e-01 4.755909545039285757e-01 7.522229738662197240e-01 -3.781889740430234292e-01 -2.548468981451179061e-01
1.305033547540002108e+09 5.134559591303700099e-01 -6.122456106868772174e-01 8.726154164833617166e-01 4.755909545039285757e-01 7.522229738662197240e-01 -3.781889740430234292e-01 -2.548468981451179061e-01
1.305033547571944952e+09 5.063636661553935214e-01 -6.200096635772966991e-01 8.664637300769004735e-01 4.775112903208679205e-01 7.490970167706747507e-01 -3.784892046780189423e-01 -2.599664382638189886e-01
1.305033547607867002e+09 5.063636661553935214e-01 -6.200096635772966991e-01 8.664637300769004735e-01 4.775112903208679205e-01 7.490970167706747507e-01 -3.784892046780189423e-01 -2.599664382638189886e-01
1.305033547639866114e+09 4.920443317361105073e-01 -6.267252115721179129e-01 8.652455771220387559e-01 4.817322741082534776e-01 7.455880238637114799e-01 -3.783819150694052169e-01 -2.624112061286740794e-01
1.305033547672080994e+09 4.833296705447891473e-01 -6.338717555333286402e-01 8.633388210709495025e-01 4.823697262273745623e-01 7.449767231060641093e-01 -3.768615224651402085e-01 -2.651499993112105269e-01
1.305033547707937002e+09 4.833296705447891473e-01 -6.338717555333286402e-01 8.633388210709495025e-01 4.823697262273745623e-01 7.449767231060641093e-01 -3.768615224651402085e-01 -2.651499993112105269e-01
1.305033547739860058e+09 4.683057839065718486e-01 -6.418549762823295701e-01 8.674298734534282573e-01 4.817639220348093887e-01 7.450617698586239346e-01 -3.748275319104004133e-01 -2.688694922127289888e-01
1.305033547771903038e+09 4.683057839065718486e-01 -6.418549762823295701e-01 8.674298734534282573e-01 4.817639220348093887e-01 7.450617698586239346e-01 -3.748275319104004133e-01 -2.688694922127289888e-01
1.305033547807956934e+09 4.524347932441472597e-01 -6.487116381431483614e-01 8.647981190095566095e-01 4.840641428394040213e-01 7.422446322170818123e-01 -3.772487943546890543e-01 -2.691433794839012128e-01
1.305033547839912891e+09 4.429484251799908900e-01 -6.492647847576383802e-01 8.720563903791183069e-01 4.849479139642706160e-01 7.427170920668070275e-01 -3.770280452049140085e-01 -2.665458591358900176e-01
1.305033547872133017e+09 4.429484251799908900e-01 -6.492647847576383802e-01 8.720563903791183069e-01 4.849479139642706160e-01 7.427170920668070275e-01 -3.770280452049140085e-01 -2.665458591358900176e-01
1.305033547907861948e+09 4.315700862963529616e-01 -6.578259067816494277e-01 8.684260047362266643e-01 4.852091198028856134e-01 7.408310594165706808e-01 -3.798165537814093828e-01 -2.673590038458484308e-01
1.305033547940012932e+09 4.315700862963529616e-01 -6.578259067816494277e-01 8.684260047362266643e-01 4.852091198028856134e-01 7.408310594165706808e-01 -3.798165537814093828e-01 -2.673590038458484308e-01
1.305033547972166061e+09 4.155835698961893865e-01 -6.663417038107231072e-01 8.691205625489678566e-01 4.852605934643753338e-01 7.428363343385526729e-01 -3.775791888067704383e-01 -2.648590058825365801e-01
1.305033548007950068e+09 4.068836463737937059e-01 -6.709538900197855593e-01 8.654496846017707412e-01 4.836283063316746400e-01 7.438025537248121877e-01 -3.779362171692570715e-01 -2.646235781992904434e-01
1.305033548040011883e+09 3.960474046877007215e-01 -6.738040802478277858e-01 8.679917788699942349e-01 4.825829877452710859e-01 7.455361278353708210e-01 -3.776694039238384093e-01 -2.620216849249345503e-01
1.305033548072058916e+09 3.960474046877007215e-01 -6.738040802478277858e-01 8.679917788699942349e-01 4.825829877452710859e-01 7.455361278353708210e-01 -3.776694039238384093e-01 -2.620216849249345503e-01
1.305033548107983112e+09 3.836342764081728252e-01 -6.727215745403016811e-01 8.731112355750387799e-01 4.800583288551428240e-01 7.486585351568504354e-01 -3.781222400200823230e-01 -2.570563561474439318e-01
1.305033548140062094e+09 3.737816368102064857e-01 -6.756192584935754031e-01 8.731419967453951658e-01 4.782800455769466441e-01 7.503388769085689303e-01 -3.781144353147916082e-01 -2.554784562523377267e-01
1.305033548172075987e+09 3.655778665287434670e-01 -6.819047133429918528e-01 8.738801557944682052e-01 4.783450229752281846e-01 7.509012699264565605e-01 -3.772746833533391353e-01 -2.549453571224639115e-01
1.305033548207984924e+09 3.655778665287434670e-01 -6.819047133429918528e-01 8.738801557944682052e-01 4.783450229752281846e-01 7.509012699264565605e-01 -3.772746833533391353e-01 -2.549453571224639115e-01
1.305033548239985943e+09 3.480111058660553258e-01 -6.874523487851100789e-01 8.748377281726931187e-01 4.780863913965421874e-01 7.516440142200633279e-01 -3.798394558113349362e-01 -2.493725447147910890e-01
1.305033548272093058e+09 3.379044980400616183e-01 -6.897036367648821109e-01 8.746001985774541909e-01 4.756603650260525784e-01 7.536830093623779758e-01 -3.806609616489292636e-01 -2.465894783202730867e-01
1.305033548308005095e+09 3.281975803664121116e-01 -6.931994710968994999e-01 8.730918401182539146e-01 4.742293371429709969e-01 7.548783165225595448e-01 -3.809895649354928526e-01 -2.451779240618296718e-01
1.305033548340012074e+09 3.157250086445386739e-01 -6.902165628753371696e-01 8.728242559871014494e-01 4.724936658022782510e-01 7.561220800373859019e-01 -3.838749606890926036e-01 -2.401440201475144032e-01
1.305033548371963024e+09 3.070376899778781699e-01 -6.955943024831312549e-01 8.724103738569566335e-01 4.717732531924458406e-01 7.563277561341732458e-01 -3.846647932072185250e-01 -2.396483251352088950e-01
1.305033548408013105e+09 3.005671840627992530e-01 -7.045852588649601511e-01 8.711132807875330286e-01 4.723933539624559641e-01 7.554833665395751519e-01 -3.847780664787884275e-01 -2.409050467943268936e-01
1.305033548439832926e+09 2.877693741249411907e-01 -7.041122431069255505e-01 8.723282629410287203e-01 4.722828632836163498e-01 7.562586942357469866e-01 -3.858920408844793148e-01 -2.368734202553826051e-01
1.305033548472090006e+09 2.877693741249411907e-01 -7.041122431069255505e-01 8.723282629410287203e-01 4.722828632836163498e-01 7.562586942357469866e-01 -3.858920408844793148e-01 -2.368734202553826051e-01
1.305033548507972002e+09 2.744339226559688871e-01 -7.092395703202328816e-01 8.761878846483104333e-01 4.725105094561330432e-01 7.568433355177588417e-01 -3.838197646176570443e-01 -2.379167338055585557e-01
1.305033548540004015e+09 2.744339226559688871e-01 -7.092395703202328816e-01 8.761878846483104333e-01 4.725105094561330432e-01 7.568433355177588417e-01 -3.838197646176570443e-01 -2.379167338055585557e-01
1.305033548572101116e+09 2.579893919980944528e-01 -7.161410003315159534e-01 8.807083504987625044e-01 4.752581385519166202e-01 7.569697880652362931e-01 -3.814670188615633117e-01 -2.358163590964585943e-01
1.305033548607940912e+09 2.579893919980944528e-01 -7.161410003315159534e-01 8.807083504987625044e-01 4.752581385519166202e-01 7.569697880652362931e-01 -3.814670188615633117e-01 -2.358163590964585943e-01
1.305033548639976978e+09 2.442890321456041569e-01 -7.212590472597177893e-01 8.805113933181284436e-01 4.730925807890006274e-01 7.574414274136962444e-01 -3.820272836988050646e-01 -2.377415583141028743e-01
1.305033548671979904e+09 2.442890321456041569e-01 -7.212590472597177893e-01 8.805113933181284436e-01 4.730925807890006274e-01 7.574414274136962444e-01 -3.820272836988050646e-01 -2.377415583141028743e-01
1.305033548708004951e+09 2.277593239333828290e-01 -7.249587227657152688e-01 8.829142289012115175e-01 4.717071502921910131e-01 7.579756222517970432e-01 -3.825453330087468240e-01 -2.379587960728671847e-01
1.305033548740008116e+09 2.277593239333828290e-01 -7.249587227657152688e-01 8.829142289012115175e-01 4.717071502921910131e-01 7.579756222517970432e-01 -3.825453330087468240e-01 -2.379587960728671847e-01
1.305033548772033930e+09 2.181607918622703313e-01 -7.294848618655491723e-01 8.825650143791269331e-01 4.709914390546759977e-01 7.585104947510177276e-01 -3.820891746994542482e-01 -2.384046062207310357e-01
1.305033548808013916e+09 2.181607918622703313e-01 -7.294848618655491723e-01 8.825650143791269331e-01 4.709914390546759977e-01 7.585104947510177276e-01 -3.820891746994542482e-01 -2.384046062207310357e-01
1.305033548839885950e+09 2.036270289815289569e-01 -7.343475002233699200e-01 8.837335465229212428e-01 4.689533634579202692e-01 7.606063658760202628e-01 -3.815643897894599457e-01 -2.365783496750591963e-01
1.305033548871998072e+09 2.036270289815289569e-01 -7.343475002233699200e-01 8.837335465229212428e-01 4.689533634579202692e-01 7.606063658760202628e-01 -3.815643897894599457e-01 -2.365783496750591963e-01
1.305033548907968044e+09 1.878096967686111451e-01 -7.398835470068310105e-01 8.856209573247357802e-01 4.654684368366353020e-01 7.639778489732278466e-01 -3.791863553010489940e-01 -2.364205755441045886e-01
1.305033548939893007e+09 1.878096967686111451e-01 -7.398835470068310105e-01 8.856209573247357802e-01 4.654684368366353020e-01 7.639778489732278466e-01 -3.791863553010489940e-01 -2.364205755441045886e-01
1.305033548972156048e+09 1.719795071670582320e-01 -7.422771529747211883e-01 8.849696790886579789e-01 4.625718475913460637e-01 7.656368215760743778e-01 -3.781318455067643192e-01 -2.384194846829078562e-01
1.305033549008413076e+09 1.719795071670582320e-01 -7.422771529747211883e-01 8.849696790886579789e-01 4.625718475913460637e-01 7.656368215760743778e-01 -3.781318455067643192e-01 -2.384194846829078562e-01
1.305033549040009022e+09 1.561493020904389795e-01 -7.511301687603173516e-01 8.887355438984336775e-01 4.653302639584073752e-01 7.662135175061713932e-01 -3.724540681022148192e-01 -2.401302941932350610e-01
1.305033549071865082e+09 1.561493020904389795e-01 -7.511301687603173516e-01 8.887355438984336775e-01 4.653302639584073752e-01 7.662135175061713932e-01 -3.724540681022148192e-01 -2.401302941932350610e-01
1.305033549108050108e+09 1.388166007227868981e-01 -7.593860471032278792e-01 8.895297783438110839e-01 4.686962405542723364e-01 7.659662118362069450e-01 -3.703794770238324485e-01 -2.375681784564906140e-01
1.305033549140011072e+09 1.315849916246412121e-01 -7.666975097200425804e-01 8.914084757745448506e-01 4.686776364653102434e-01 7.662455754141468400e-01 -3.688533029105036665e-01 -2.390736961013189554e-01
1.305033549171993971e+09 1.315849916246412121e-01 -7.666975097200425804e-01 8.914084757745448506e-01 4.686776364653102434e-01 7.662455754141468400e-01 -3.688533029105036665e-01 -2.390736961013189554e-01
1.305033549207990885e+09 1.315849916246412121e-01 -7.666975097200425804e-01 8.914084757745448506e-01 4.686776364653102434e-01 7.662455754141468400e-01 -3.688533029105036665e-01 -2.390736961013189554e-01
1.305033549240016937e+09 1.127640472970972141e-01 -7.738597581550983318e-01 8.940412527833837553e-01 4.687647375450291198e-01 7.658571711018569150e-01 -3.700808101965586960e-01 -2.382490466517330763e-01
1.305033549271996021e+09 1.127640472970972141e-01 -7.738597581550983318e-01 8.940412527833837553e-01 4.687647375450291198e-01 7.658571711018569150e-01 -3.700808101965586960e-01 -2.382490466517330763e-01
1.305033549307929993e+09 9.593492051512475527e-02 -7.803046854876201088e-01 8.968941279099693631e-01 4.716027691238092734e-01 7.627935166047867810e-01 -3.733838887873944801e-01 -2.373211974823589698e-01
1.305033549339823961e+09 8.624010644928947755e-02 -7.809421918622647674e-01 9.011601912368896183e-01 4.736245783767235040e-01 7.620194257666141890e-01 -3.729383307501720202e-01 -2.364807708230539929e-01
1.305033549371997118e+09 8.624010644928947755e-02 -7.809421918622647674e-01 9.011601912368896183e-01 4.736245783767235040e-01 7.620194257666141890e-01 -3.729383307501720202e-01 -2.364807708230539929e-01
1.305033549407979012e+09 7.338516918299387015e-02 -7.859530329471050569e-01 8.986813814475482776e-01 4.762897129623084869e-01 7.604021556540326854e-01 -3.714135514538233207e-01 -2.387229456911088010e-01
1.305033549440046072e+09 6.256903580211381488e-02 -7.915237036872966314e-01 8.994529791498017124e-01 4.759638780392552171e-01 7.619768187316474650e-01 -3.684555634418005821e-01 -2.389355818755681815e-01
1.305033549471996069e+09 6.256903580211381488e-02 -7.915237036872966314e-01 8.994529791498017124e-01 4.759638780392552171e-01 7.619768187316474650e-01 -3.684555634418005821e-01 -2.389355818755681815e-01
1.305033549507981062e+09 4.568962644662444283e-02 -7.954943514956469564e-01 9.012982563241177525e-01 4.761018222060773852e-01 7.626236600012291644e-01 -3.670309328480830802e-01 -2.387896614827539898e-01
1.305033549540004969e+09 3.686170031649238510e-02 -8.049640249276448500e-01 8.977078225971313330e-01 4.771561610155527489e-01 7.617155210263339971e-01 -3.657294870245776930e-01 -2.415644952248147126e-01
1.305033549572036028e+09 3.686170031649238510e-02 -8.049640249276448500e-01 8.977078225971313330e-01 4.771561610155527489e-01 7.617155210263339971e-01 -3.657294870245776930e-01 -2.415644952248147126e-01
1.305033549607937098e+09 1.999695830457848267e-02 -8.072762169190320636e-01 8.983059886603002031e-01 4.745404384526245023e-01 7.636048394138111872e-01 -3.664637205935700193e-01 -2.396317236630335634e-01
1.305033549640078068e+09 1.999695830457848267e-02 -8.072762169190320636e-01 8.983059886603002031e-01 4.745404384526245023e-01 7.636048394138111872e-01 -3.664637205935700193e-01 -2.396317236630335634e-01
1.305033549672038078e+09 1.178363829853479317e-02 -8.115186263661333665e-01 9.044548015233410121e-01 4.748486467326799021e-01 7.658385752364109678e-01 -3.628931491186009328e-01 -2.373154055235178195e-01
1.305033549707959890e+09 3.225706718072762769e-03 -8.187344774588802832e-01 9.031214883329797827e-01 4.734250976542469513e-01 7.676478058659653714e-01 -3.621235054064059211e-01 -2.354826742934865713e-01
1.305033549739984035e+09 -1.208399471903809363e-02 -8.163177072629878017e-01 9.063903989524699778e-01 4.685421174520986165e-01 7.717476955547842854e-01 -3.637405015931159946e-01 -2.292741286760721919e-01
1.305033549772048950e+09 -1.208399471903809363e-02 -8.163177072629878017e-01 9.063903989524699778e-01 4.685421174520986165e-01 7.717476955547842854e-01 -3.637405015931159946e-01 -2.292741286760721919e-01
1.305033549807960033e+09 -2.695027875679167906e-02 -8.262423834402998768e-01 9.029564078454918041e-01 4.616791357010156527e-01 7.746078339994810769e-01 -3.680710396096315007e-01 -2.266247757101606530e-01
1.305033549839997053e+09 -4.207867743642301761e-02 -8.260430223115615700e-01 9.019368334190832615e-01 4.566341986671149655e-01 7.780118864228074971e-01 -3.703507082985237897e-01 -2.214115309898013750e-01
1.305033549871994019e+09 -5.235012053736021187e-02 -8.311193498700956139e-01 9.011855583897424582e-01 4.524243799787229792e-01 7.800071365794978284e-01 -3.712298572326196977e-01 -2.215613693426028985e-01
1.305033549907983065e+09 -6.504482011219159254e-02 -8.354890025601195980e-01 9.020650786143619149e-01 4.481899404479239846e-01 7.821369919979557217e-01 -3.734809354724503150e-01 -2.188595299919550430e-01
1.305033549939937115e+09 -7.845735146280463645e-02 -8.397030755450825001e-01 8.984442220365405074e-01 4.410385633669299255e-01 7.842044581239130396e-01 -3.786302106284498148e-01 -2.171347901218739773e-01
1.305033549971986055e+09 -7.845735146280463645e-02 -8.397030755450825001e-01 8.984442220365405074e-01 4.410385633669299255e-01 7.842044581239130396e-01 -3.786302106284498148e-01 -2.171347901218739773e-01
1.305033550007989883e+09 -9.932360545448459810e-02 -8.474950113256523032e-01 8.990263771254098923e-01 4.273408384417834438e-01 7.884353107472260591e-01 -3.861442412726796558e-01 -2.159680381416312356e-01
1.305033550040087938e+09 -1.128369460642268951e-01 -8.520236281213805496e-01 9.013060157476203704e-01 4.211789832231371267e-01 7.913855438254939756e-01 -3.876577518537889788e-01 -2.145661961792151573e-01
1.305033550072002888e+09 -1.209298347696046161e-01 -8.579933034272362313e-01 9.031628381768576075e-01 4.153541771585780307e-01 7.930509451799918619e-01 -3.899197279177323283e-01 -2.156703773043569528e-01
1.305033550107985973e+09 -1.209298347696046161e-01 -8.579933034272362313e-01 9.031628381768576075e-01 4.153541771585780307e-01 7.930509451799918619e-01 -3.899197279177323283e-01 -2.156703773043569528e-01
1.305033550139998913e+09 -1.209298347696046161e-01 -8.579933034272362313e-01 9.031628381768576075e-01 4.153541771585780307e-01 7.930509451799918619e-01 -3.899197279177323283e-01 -2.156703773043569528e-01
1.305033550172048092e+09 -1.590259170509717990e-01 -8.789568565888614682e-01 8.978424253593715321e-01 4.004076175015350847e-01 7.925924163670312605e-01 -4.037852805541105594e-01 -2.200646463475059433e-01
1.305033550207964897e+09 -1.714035779781226676e-01 -8.824417575044369855e-01 8.947752233013637202e-01 3.964624609224156604e-01 7.913838845997848148e-01 -4.092966573628824545e-01 -2.213714311890035980e-01
1.305033550240031004e+09 -1.714035779781226676e-01 -8.824417575044369855e-01 8.947752233013637202e-01 3.964624609224156604e-01 7.913838845997848148e-01 -4.092966573628824545e-01 -2.213714311890035980e-01
1.305033550271998882e+09 -1.714035779781226676e-01 -8.824417575044369855e-01 8.947752233013637202e-01 3.964624609224156604e-01 7.913838845997848148e-01 -4.092966573628824545e-01 -2.213714311890035980e-01
1.305033550307969093e+09 -1.714035779781226676e-01 -8.824417575044369855e-01 8.947752233013637202e-01 3.964624609224156604e-01 7.913838845997848148e-01 -4.092966573628824545e-01 -2.213714311890035980e-01
1.305033550339998960e+09 -1.714035779781226676e-01 -8.824417575044369855e-01 8.947752233013637202e-01 3.964624609224156604e-01 7.913838845997848148e-01 -4.092966573628824545e-01 -2.213714311890035980e-01
1.305033550372041941e+09 -1.714035779781226676e-01 -8.824417575044369855e-01 8.947752233013637202e-01 3.964624609224156604e-01 7.913838845997848148e-01 -4.092966573628824545e-01 -2.213714311890035980e-01
1.305033550407993078e+09 -1.714035779781226676e-01 -8.824417575044369855e-01 8.947752233013637202e-01 3.964624609224156604e-01 7.913838845997848148e-01 -4.092966573628824545e-01 -2.213714311890035980e-01
1.305033550439997911e+09 -1.714035779781226676e-01 -8.824417575044369855e-01 8.947752233013637202e-01 3.964624609224156604e-01 7.913838845997848148e-01 -4.092966573628824545e-01 -2.213714311890035980e-01
1.305033550471997976e+09 -1.714035779781226676e-01 -8.824417575044369855e-01 8.947752233013637202e-01 3.964624609224156604e-01 7.913838845997848148e-01 -4.092966573628824545e-01 -2.213714311890035980e-01
1.305033550507973909e+09 -1.803443534382509483e-01 -8.870181912561820869e-01 8.891155854349941379e-01 3.918917330501691665e-01 7.922796340972834139e-01 -4.124474293936035707e-01 -2.204562744587185430e-01
1.305033550540051937e+09 -1.828390007474602896e-01 -8.995636372432206374e-01 8.850564598499657265e-01 3.886825560133142510e-01 7.929914032128790868e-01 -4.127193263402890167e-01 -2.230543941433210386e-01
1.305033550572005987e+09 -1.866868282680220759e-01 -9.110380999234858335e-01 8.884378272058296444e-01 3.873627318108199269e-01 7.946553858256599767e-01 -4.125978997293081596e-01 -2.196267399960531441e-01
1.305033550608021021e+09 -1.926189713213624088e-01 -9.216435041376674908e-01 8.814742422245308573e-01 3.818747453317502538e-01 7.954157099592094049e-01 -4.183314712729547802e-01 -2.156021970447026259e-01
1.305033550640048981e+09 -1.926189713213624088e-01 -9.216435041376674908e-01 8.814742422245308573e-01 3.818747453317502538e-01 7.954157099592094049e-01 -4.183314712729547802e-01 -2.156021970447026259e-01
1.305033550671947002e+09 -2.066068531435600875e-01 -9.401328483414083115e-01 8.607191369386293367e-01 3.666755922813078605e-01 7.976993262114361327e-01 -4.291120177992502338e-01 -2.123385767288378800e-01
1.305033550708008051e+09 -2.075820789608604500e-01 -9.525651648539613658e-01 8.579139577944012718e-01 3.612120795398504614e-01 7.995846955751360063e-01 -4.326209199562323637e-01 -2.074350206998256951e-01
1.305033550739973068e+09 -2.123539144171668891e-01 -9.604127714716952369e-01 8.669683148199317513e-01 3.598665334564817853e-01 8.025284047716594316e-01 -4.327208629897228431e-01 -1.979820506159588045e-01
1.305033550940001965e+09 -2.123539144171668891e-01 -9.604127714716952369e-01 8.669683148199317513e-01 3.598665334564817853e-01 8.025284047716594316e-01 -4.327208629897228431e-01 -1.979820506159588045e-01
1.305033551071927071e+09 -2.123539144171668891e-01 -9.604127714716952369e-01 8.669683148199317513e-01 3.598665334564817853e-01 8.025284047716594316e-01 -4.327208629897228431e-01 -1.979820506159588045e-01
1.305033551107954025e+09 -2.123539144171668891e-01 -9.604127714716952369e-01 8.669683148199317513e-01 3.598665334564817853e-01 8.025284047716594316e-01 -4.327208629897228431e-01 -1.979820506159588045e-01
1.305033551139974117e+09 -2.624080418361587341e-01 -1.097802568705393833e+00 8.144341005791615462e-01 2.730385895232143034e-01 8.029854119318953209e-01 -5.083047099646129663e-01 -1.493006318925966525e-01
1.305033551172173023e+09 -2.624080418361587341e-01 -1.097802568705393833e+00 8.144341005791615462e-01 2.730385895232143034e-01 8.029854119318953209e-01 -5.083047099646129663e-01 -1.493006318925966525e-01
1.305033551208178043e+09 -2.624080418361587341e-01 -1.097802568705393833e+00 8.144341005791615462e-01 2.730385895232143034e-01 8.029854119318953209e-01 -5.083047099646129663e-01 -1.493006318925966525e-01
1.305033551239972115e+09 -2.624080418361587341e-01 -1.097802568705393833e+00 8.144341005791615462e-01 2.730385895232143034e-01 8.029854119318953209e-01 -5.083047099646129663e-01 -1.493006318925966525e-01
1.305033551272480011e+09 -2.624080418361587341e-01 -1.097802568705393833e+00 8.144341005791615462e-01 2.730385895232143034e-01 8.029854119318953209e-01 -5.083047099646129663e-01 -1.493006318925966525e-01
1.305033551307991982e+09 -2.624080418361587341e-01 -1.097802568705393833e+00 8.144341005791615462e-01 2.730385895232143034e-01 8.029854119318953209e-01 -5.083047099646129663e-01 -1.493006318925966525e-01
1.305033551339823008e+09 -2.624080418361587341e-01 -1.097802568705393833e+00 8.144341005791615462e-01 2.730385895232143034e-01 8.029854119318953209e-01 -5.083047099646129663e-01 -1.493006318925966525e-01
1.305033551372200966e+09 -2.624080418361587341e-01 -1.097802568705393833e+00 8.144341005791615462e-01 2.730385895232143034e-01 8.029854119318953209e-01 -5.083047099646129663e-01 -1.493006318925966525e-01
1.305033551407983065e+09 -2.624080418361587341e-01 -1.097802568705393833e+00 8.144341005791615462e-01 2.730385895232143034e-01 8.029854119318953209e-01 -5.083047099646129663e-01 -1.493006318925966525e-01
1.305033551440025091e+09 -2.688358366731227189e-01 -1.092509196897650137e+00 8.273375519326631178e-01 2.696011855778703836e-01 8.055004759424627681e-01 -5.080975994782951366e-01 -1.425517919770451503e-01
1.305033551471981049e+09 -2.688358366731227189e-01 -1.092509196897650137e+00 8.273375519326631178e-01 2.696011855778703836e-01 8.055004759424627681e-01 -5.080975994782951366e-01 -1.425517919770451503e-01
1.305033551508090019e+09 -2.688358366731227189e-01 -1.092509196897650137e+00 8.273375519326631178e-01 2.696011855778703836e-01 8.055004759424627681e-01 -5.080975994782951366e-01 -1.425517919770451503e-01
1.305033551539849043e+09 -2.688358366731227189e-01 -1.092509196897650137e+00 8.273375519326631178e-01 2.696011855778703836e-01 8.055004759424627681e-01 -5.080975994782951366e-01 -1.425517919770451503e-01
1.305033551572012901e+09 -2.688358366731227189e-01 -1.092509196897650137e+00 8.273375519326631178e-01 2.696011855778703836e-01 8.055004759424627681e-01 -5.080975994782951366e-01 -1.425517919770451503e-01
1.305033551607862949e+09 -2.688358366731227189e-01 -1.092509196897650137e+00 8.273375519326631178e-01 2.696011855778703836e-01 8.055004759424627681e-01 -5.080975994782951366e-01 -1.425517919770451503e-01
1.305033551640053988e+09 -2.688358366731227189e-01 -1.092509196897650137e+00 8.273375519326631178e-01 2.696011855778703836e-01 8.055004759424627681e-01 -5.080975994782951366e-01 -1.425517919770451503e-01
1.305033551672322989e+09 -2.688358366731227189e-01 -1.092509196897650137e+00 8.273375519326631178e-01 2.696011855778703836e-01 8.055004759424627681e-01 -5.080975994782951366e-01 -1.425517919770451503e-01
1.305033551708184958e+09 -2.688358366731227189e-01 -1.092509196897650137e+00 8.273375519326631178e-01 2.696011855778703836e-01 8.055004759424627681e-01 -5.080975994782951366e-01 -1.425517919770451503e-01
1.305033551740242958e+09 -2.688358366731227189e-01 -1.092509196897650137e+00 8.273375519326631178e-01 2.696011855778703836e-01 8.055004759424627681e-01 -5.080975994782951366e-01 -1.425517919770451503e-01
1.305033551775846958e+09 -2.688358366731227189e-01 -1.092509196897650137e+00 8.273375519326631178e-01 2.696011855778703836e-01 8.055004759424627681e-01 -5.080975994782951366e-01 -1.425517919770451503e-01
1.305033551808033943e+09 -2.688358366731227189e-01 -1.092509196897650137e+00 8.273375519326631178e-01 2.696011855778703836e-01 8.055004759424627681e-01 -5.080975994782951366e-01 -1.425517919770451503e-01
1.305033551840133905e+09 -2.688358366731227189e-01 -1.092509196897650137e+00 8.273375519326631178e-01 2.696011855778703836e-01 8.055004759424627681e-01 -5.080975994782951366e-01 -1.425517919770451503e-01
1.305033551875926971e+09 -2.688358366731227189e-01 -1.092509196897650137e+00 8.273375519326631178e-01 2.696011855778703836e-01 8.055004759424627681e-01 -5.080975994782951366e-01 -1.425517919770451503e-01
1.305033551908205986e+09 -2.688358366731227189e-01 -1.092509196897650137e+00 8.273375519326631178e-01 2.696011855778703836e-01 8.055004759424627681e-01 -5.080975994782951366e-01 -1.425517919770451503e-01
1.305033551940355062e+09 -2.688358366731227189e-01 -1.092509196897650137e+00 8.273375519326631178e-01 2.696011855778703836e-01 8.055004759424627681e-01 -5.080975994782951366e-01 -1.425517919770451503e-01
1.305033551975963116e+09 -2.688358366731227189e-01 -1.092509196897650137e+00 8.273375519326631178e-01 2.696011855778703836e-01 8.055004759424627681e-01 -5.080975994782951366e-01 -1.425517919770451503e-01
1.305033552007946014e+09 -2.688358366731227189e-01 -1.092509196897650137e+00 8.273375519326631178e-01 2.696011855778703836e-01 8.055004759424627681e-01 -5.080975994782951366e-01 -1.425517919770451503e-01
1.305033552040169954e+09 -2.688358366731227189e-01 -1.092509196897650137e+00 8.273375519326631178e-01 2.696011855778703836e-01 8.055004759424627681e-01 -5.080975994782951366e-01 -1.425517919770451503e-01
1.305033553240046024e+09 -2.688358366731227189e-01 -1.092509196897650137e+00 8.273375519326631178e-01 2.696011855778703836e-01 8.055004759424627681e-01 -5.080975994782951366e-01 -1.425517919770451503e-01
1.305033553275903940e+09 -2.688358366731227189e-01 -1.092509196897650137e+00 8.273375519326631178e-01 2.696011855778703836e-01 8.055004759424627681e-01 -5.080975994782951366e-01 -1.425517919770451503e-01
1.305033553307809114e+09 -2.688358366731227189e-01 -1.092509196897650137e+00 8.273375519326631178e-01 2.696011855778703836e-01 8.055004759424627681e-01 -5.080975994782951366e-01 -1.425517919770451503e-01
1.305033553340014935e+09 -2.688358366731227189e-01 -1.092509196897650137e+00 8.273375519326631178e-01 2.696011855778703836e-01 8.055004759424627681e-01 -5.080975994782951366e-01 -1.425517919770451503e-01
1.305033553375997066e+09 -2.688358366731227189e-01 -1.092509196897650137e+00 8.273375519326631178e-01 2.696011855778703836e-01 8.055004759424627681e-01 -5.080975994782951366e-01 -1.425517919770451503e-01
1.305033553407850027e+09 -2.688358366731227189e-01 -1.092509196897650137e+00 8.273375519326631178e-01 2.696011855778703836e-01 8.055004759424627681e-01 -5.080975994782951366e-01 -1.425517919770451503e-01
1.305033553440080881e+09 -2.688358366731227189e-01 -1.092509196897650137e+00 8.273375519326631178e-01 2.696011855778703836e-01 8.055004759424627681e-01 -5.080975994782951366e-01 -1.425517919770451503e-01
1.305033553475868940e+09 -2.688358366731227189e-01 -1.092509196897650137e+00 8.273375519326631178e-01 2.696011855778703836e-01 8.055004759424627681e-01 -5.080975994782951366e-01 -1.425517919770451503e-01
1.305033553507983923e+09 -2.688358366731227189e-01 -1.092509196897650137e+00 8.273375519326631178e-01 2.696011855778703836e-01 8.055004759424627681e-01 -5.080975994782951366e-01 -1.425517919770451503e-01
1.305033553540018082e+09 -2.495053805150526660e-01 -1.037603537098168660e+00 8.309934875757560846e-01 3.092439154248086131e-01 7.968119548474190683e-01 -4.941394203363258519e-01 -1.590130266822448180e-01
1.305033553576020956e+09 -2.497954853588955082e-01 -1.030776975397522000e+00 8.184644816187622851e-01 3.153996409227676767e-01 7.929224634450692255e-01 -4.940034573864998668e-01 -1.666061750361511606e-01
1.305033553607952118e+09 -2.497954853588955082e-01 -1.030776975397522000e+00 8.184644816187622851e-01 3.153996409227676767e-01 7.929224634450692255e-01 -4.940034573864998668e-01 -1.666061750361511606e-01
1.305033553639905930e+09 -2.497954853588955082e-01 -1.030776975397522000e+00 8.184644816187622851e-01 3.153996409227676767e-01 7.929224634450692255e-01 -4.940034573864998668e-01 -1.666061750361511606e-01
1.305033553676166058e+09 -2.497954853588955082e-01 -1.030776975397522000e+00 8.184644816187622851e-01 3.153996409227676767e-01 7.929224634450692255e-01 -4.940034573864998668e-01 -1.666061750361511606e-01
1.305033553707981110e+09 -2.497954853588955082e-01 -1.030776975397522000e+00 8.184644816187622851e-01 3.153996409227676767e-01 7.929224634450692255e-01 -4.940034573864998668e-01 -1.666061750361511606e-01
1.305033553740025997e+09 -2.497954853588955082e-01 -1.030776975397522000e+00 8.184644816187622851e-01 3.153996409227676767e-01 7.929224634450692255e-01 -4.940034573864998668e-01 -1.666061750361511606e-01
1.305033553775867939e+09 -2.497954853588955082e-01 -1.030776975397522000e+00 8.184644816187622851e-01 3.153996409227676767e-01 7.929224634450692255e-01 -4.940034573864998668e-01 -1.666061750361511606e-01
1.305033553807987928e+09 -2.497954853588955082e-01 -1.030776975397522000e+00 8.184644816187622851e-01 3.153996409227676767e-01 7.929224634450692255e-01 -4.940034573864998668e-01 -1.666061750361511606e-01
1.305033553839976072e+09 -2.497954853588955082e-01 -1.030776975397522000e+00 8.184644816187622851e-01 3.153996409227676767e-01 7.929224634450692255e-01 -4.940034573864998668e-01 -1.666061750361511606e-01
1.305033553875967026e+09 -2.497954853588955082e-01 -1.030776975397522000e+00 8.184644816187622851e-01 3.153996409227676767e-01 7.929224634450692255e-01 -4.940034573864998668e-01 -1.666061750361511606e-01
1.305033553907990932e+09 -2.497954853588955082e-01 -1.030776975397522000e+00 8.184644816187622851e-01 3.153996409227676767e-01 7.929224634450692255e-01 -4.940034573864998668e-01 -1.666061750361511606e-01
1.305033553940005064e+09 -2.497954853588955082e-01 -1.030776975397522000e+00 8.184644816187622851e-01 3.153996409227676767e-01 7.929224634450692255e-01 -4.940034573864998668e-01 -1.666061750361511606e-01
1.305033553975991011e+09 -2.497954853588955082e-01 -1.030776975397522000e+00 8.184644816187622851e-01 3.153996409227676767e-01 7.929224634450692255e-01 -4.940034573864998668e-01 -1.666061750361511606e-01
1.305033554007992983e+09 -2.497954853588955082e-01 -1.030776975397522000e+00 8.184644816187622851e-01 3.153996409227676767e-01 7.929224634450692255e-01 -4.940034573864998668e-01 -1.666061750361511606e-01
1.305033554040034056e+09 -2.497954853588955082e-01 -1.030776975397522000e+00 8.184644816187622851e-01 3.153996409227676767e-01 7.929224634450692255e-01 -4.940034573864998668e-01 -1.666061750361511606e-01
1.305033554076023102e+09 -1.845605759333670548e-01 -9.800759252954069911e-01 8.133843606484101318e-01 3.833649842011032094e-01 7.644219595939908407e-01 -4.753061036942319295e-01 -2.068198838844538534e-01
1.305033554108000040e+09 -1.461135134007869318e-01 -1.030186792910250393e+00 7.954075622391815203e-01 3.865737983504573538e-01 7.563658402660073943e-01 -4.679143211434372285e-01 -2.439827907383484984e-01
1.305033554140043974e+09 -1.461135134007869318e-01 -1.030186792910250393e+00 7.954075622391815203e-01 3.865737983504573538e-01 7.563658402660073943e-01 -4.679143211434372285e-01 -2.439827907383484984e-01
1.305033554176007032e+09 -1.461135134007869318e-01 -1.030186792910250393e+00 7.954075622391815203e-01 3.865737983504573538e-01 7.563658402660073943e-01 -4.679143211434372285e-01 -2.439827907383484984e-01
1.305033554208055019e+09 -1.461135134007869318e-01 -1.030186792910250393e+00 7.954075622391815203e-01 3.865737983504573538e-01 7.563658402660073943e-01 -4.679143211434372285e-01 -2.439827907383484984e-01
1.305033554240171909e+09 -1.461135134007869318e-01 -1.030186792910250393e+00 7.954075622391815203e-01 3.865737983504573538e-01 7.563658402660073943e-01 -4.679143211434372285e-01 -2.439827907383484984e-01
1.305033554276067019e+09 -1.461135134007869318e-01 -1.030186792910250393e+00 7.954075622391815203e-01 3.865737983504573538e-01 7.563658402660073943e-01 -4.679143211434372285e-01 -2.439827907383484984e-01
1.305033554308152914e+09 -1.461135134007869318e-01 -1.030186792910250393e+00 7.954075622391815203e-01 3.865737983504573538e-01 7.563658402660073943e-01 -4.679143211434372285e-01 -2.439827907383484984e-01
1.305033554340248108e+09 -1.461135134007869318e-01 -1.030186792910250393e+00 7.954075622391815203e-01 3.865737983504573538e-01 7.563658402660073943e-01 -4.679143211434372285e-01 -2.439827907383484984e-01
1.305033554375987053e+09 -1.379232942343975310e-01 -1.017667616028328004e+00 7.936873138817919227e-01 3.972211028820985534e-01 7.513568629851007374e-01 -4.668250266712146157e-01 -2.444435606509964831e-01
1.305033554407989979e+09 -1.311279420016344677e-01 -1.009941995414574967e+00 7.912239862188437112e-01 4.049992308685421705e-01 7.490075877946210658e-01 -4.628683177653341585e-01 -2.464065275739707461e-01
1.305033554440087080e+09 -1.311279420016344677e-01 -1.009941995414574967e+00 7.912239862188437112e-01 4.049992308685421705e-01 7.490075877946210658e-01 -4.628683177653341585e-01 -2.464065275739707461e-01
1.305033554476212978e+09 -1.239261053030376036e-01 -9.948850298269594772e-01 7.887281549053068996e-01 4.167162096409957606e-01 7.447588956587369857e-01 -4.561786477775997550e-01 -2.521563587764958925e-01
1.305033554508045912e+09 -1.239261053030376036e-01 -9.948850298269594772e-01 7.887281549053068996e-01 4.167162096409957606e-01 7.447588956587369857e-01 -4.561786477775997550e-01 -2.521563587764958925e-01
1.305033554540139914e+09 -1.126735578959554562e-01 -9.860262976089749776e-01 7.848664090867797372e-01 4.321931883707388344e-01 7.351829004335715956e-01 -4.486640404806010451e-01 -2.672372160003874675e-01
1.305033554576065063e+09 -1.126735578959554562e-01 -9.860262976089749776e-01 7.848664090867797372e-01 4.321931883707388344e-01 7.351829004335715956e-01 -4.486640404806010451e-01 -2.672372160003874675e-01
1.305033554608016014e+09 -1.009348586878870968e-01 -9.628754961223354725e-01 7.856262140392509252e-01 4.500606623163076470e-01 7.248026418697639528e-01 -4.485547600104914934e-01 -2.662802242862725155e-01
1.305033554639904976e+09 -9.188810170123873355e-02 -9.564295444851557138e-01 7.839084188114351370e-01 4.596758738503208264e-01 7.183579917664657533e-01 -4.457766605206253674e-01 -2.719247241430494122e-01
1.305033554676229954e+09 -8.188693646739175769e-02 -9.511512992388325705e-01 7.806650921298327050e-01 4.680048979901906270e-01 7.127175328223275264e-01 -4.435812795291178556e-01 -2.761173343275580838e-01
1.305033554708024979e+09 -7.516515456045524957e-02 -9.447111582988405587e-01 7.766363992923864812e-01 4.748702298256817222e-01 7.074691567313931007e-01 -4.429182530655644268e-01 -2.789427866076200635e-01
1.305033554740334034e+09 -6.496356003453507277e-02 -9.412885265117364453e-01 7.703965997912266550e-01 4.833768594886919678e-01 7.002956858677434893e-01 -4.422313709415202077e-01 -2.834857644063625837e-01
1.305033554776017904e+09 -5.718106023429769813e-02 -9.343321497325971503e-01 7.739033171942261147e-01 4.908766423093119391e-01 6.972283554141488482e-01 -4.395147159714373197e-01 -2.823819344189070213e-01
1.305033554807959080e+09 -4.737255177819688079e-02 -9.319290710705322445e-01 7.684203120699092393e-01 4.960642162195285643e-01 6.929484242080929945e-01 -4.398028161531208902e-01 -2.834012309038365096e-01
1.305033554840166092e+09 -3.226356935196794673e-02 -9.243112379078899377e-01 7.722169588965556164e-01 5.017808422688578851e-01 6.901480837508066069e-01 -4.380389824076409422e-01 -2.829018535081093688e-01
1.305033554875814915e+09 -1.785464433004269047e-02 -9.249950879872285148e-01 7.702536009612737100e-01 5.054341635477056505e-01 6.881504413179668767e-01 -4.330510273344460592e-01 -2.888807438326400079e-01
1.305033554907958984e+09 -7.591700888119667923e-03 -9.277642573585704877e-01 7.578139508291613646e-01 5.077415559717871618e-01 6.847488339198435359e-01 -4.314696073865343373e-01 -2.952143707316309262e-01
1.305033554940186024e+09 4.698508405126755605e-03 -9.227547282996709788e-01 7.495586036683856701e-01 5.099240409940519747e-01 6.814498954330729941e-01 -4.330897801201062380e-01 -2.967098831958050464e-01
1.305033554975950956e+09 1.318180569961246995e-02 -9.160210853695490707e-01 7.468417387765142745e-01 5.125197885394259245e-01 6.798882123541786227e-01 -4.330602096109502641e-01 -2.958620285015660101e-01
1.305033555007831097e+09 2.323092526004555403e-02 -9.161740969849765381e-01 7.433493898380523213e-01 5.133934934738185740e-01 6.792723200436214803e-01 -4.308288037720504615e-01 -2.990029730983423395e-01
1.305033555039870024e+09 3.609313409490511049e-02 -9.228418213392960423e-01 7.414491825956531779e-01 5.144836925725297938e-01 6.785423440229214620e-01 -4.267669694032870664e-01 -3.045599633424390107e-01
1.305033555075829983e+09 4.729894406581447441e-02 -9.209498817787763469e-01 7.415495988729694510e-01 5.151416144132248132e-01 6.778291646123619785e-01 -4.256804876292319406e-01 -3.065499358218545800e-01
1.305033555107911110e+09 5.752689000212396486e-02 -9.176477200031938342e-01 7.436109652533047232e-01 5.147635818676533637e-01 6.779697705715052036e-01 -4.252865553533224929e-01 -3.074195680331847647e-01
1.305033555139873028e+09 5.752689000212396486e-02 -9.176477200031938342e-01 7.436109652533047232e-01 5.147635818676533637e-01 6.779697705715052036e-01 -4.252865553533224929e-01 -3.074195680331847647e-01
1.305033555175848007e+09 7.578186571815348493e-02 -9.093063068416420425e-01 7.439359373098757278e-01 5.148132466947691332e-01 6.745457348642932560e-01 -4.280969204308576748e-01 -3.109475829164737859e-01
1.305033555211405993e+09 8.824692968437330975e-02 -9.095107830779429747e-01 7.420052478016720965e-01 5.151179127452927275e-01 6.719222183228432677e-01 -4.295614784268769748e-01 -3.140875749608026402e-01
1.305033555239871979e+09 8.824692968437330975e-02 -9.095107830779429747e-01 7.420052478016720965e-01 5.151179127452927275e-01 6.719222183228432677e-01 -4.295614784268769748e-01 -3.140875749608026402e-01
1.305033555275906086e+09 1.061225813446495803e-01 -9.122307702410086261e-01 7.321160657083987111e-01 5.145639849542184008e-01 6.686820594466144074e-01 -4.312420720149788833e-01 -3.195598286494987783e-01
1.305033555307888985e+09 1.181326839415357544e-01 -9.101512307708017335e-01 7.322409054253438132e-01 5.157877139256211718e-01 6.681102779641464595e-01 -4.300371308975274864e-01 -3.204056127652502584e-01
1.305033555340023994e+09 1.298074076400552723e-01 -9.095943637805059545e-01 7.254654907964912525e-01 5.149772966891018600e-01 6.679363200493367847e-01 -4.305206082971294590e-01 -3.214210044244219522e-01
1.305033555376127005e+09 1.298074076400552723e-01 -9.095943637805059545e-01 7.254654907964912525e-01 5.149772966891018600e-01 6.679363200493367847e-01 -4.305206082971294590e-01 -3.214210044244219522e-01
1.305033555407926083e+09 1.396080755658686279e-01 -9.105725006148541745e-01 7.182425938839286372e-01 5.142893397920020870e-01 6.678743128581486888e-01 -4.308773836828573289e-01 -3.221724032737412480e-01
1.305033555439798117e+09 1.396080755658686279e-01 -9.105725006148541745e-01 7.182425938839286372e-01 5.142893397920020870e-01 6.678743128581486888e-01 -4.308773836828573289e-01 -3.221724032737412480e-01
1.305033555475830078e+09 1.572577404435526738e-01 -9.187510535614563656e-01 7.100399288602141645e-01 5.146871983530183492e-01 6.683436490668959173e-01 -4.282565934801274565e-01 -3.240526882225532868e-01
1.305033555508054018e+09 1.668794998714682176e-01 -9.188508667388034512e-01 7.069652291435585267e-01 5.148947174797701143e-01 6.681488352083418958e-01 -4.289251992942728631e-01 -3.232394427224684064e-01
1.305033555540167093e+09 1.668794998714682176e-01 -9.188508667388034512e-01 7.069652291435585267e-01 5.148947174797701143e-01 6.681488352083418958e-01 -4.289251992942728631e-01 -3.232394427224684064e-01
1.305033555576014996e+09 1.840716600139140624e-01 -9.200486731483372704e-01 7.014799843595296291e-01 5.154255545432606667e-01 6.688045450049585616e-01 -4.273020508494960179e-01 -3.231871526597204225e-01
1.305033555607899904e+09 1.840716600139140624e-01 -9.200486731483372704e-01 7.014799843595296291e-01 5.154255545432606667e-01 6.688045450049585616e-01 -4.273020508494960179e-01 -3.231871526597204225e-01
1.305033555640029907e+09 1.966155027092237884e-01 -9.184016264283343389e-01 7.007865748477661860e-01 5.173437459480738632e-01 6.695488177712848321e-01 -4.259807568270062017e-01 -3.203126971610407159e-01
1.305033555676146984e+09 1.966155027092237884e-01 -9.184016264283343389e-01 7.007865748477661860e-01 5.173437459480738632e-01 6.695488177712848321e-01 -4.259807568270062017e-01 -3.203126971610407159e-01
1.305033555707998991e+09 2.067657238054976254e-01 -9.162605103527663442e-01 6.968968850965073791e-01 5.177008713101428627e-01 6.698563943419504341e-01 -4.253521914124478442e-01 -3.199276981828060862e-01
1.305033555740084887e+09 2.067657238054976254e-01 -9.162605103527663442e-01 6.968968850965073791e-01 5.177008713101428627e-01 6.698563943419504341e-01 -4.253521914124478442e-01 -3.199276981828060862e-01
1.305033555776006937e+09 2.067657238054976254e-01 -9.162605103527663442e-01 6.968968850965073791e-01 5.177008713101428627e-01 6.698563943419504341e-01 -4.253521914124478442e-01 -3.199276981828060862e-01
1.305033555808005095e+09 2.067657238054976254e-01 -9.162605103527663442e-01 6.968968850965073791e-01 5.177008713101428627e-01 6.698563943419504341e-01 -4.253521914124478442e-01 -3.199276981828060862e-01
1.305033555839876890e+09 2.067657238054976254e-01 -9.162605103527663442e-01 6.968968850965073791e-01 5.177008713101428627e-01 6.698563943419504341e-01 -4.253521914124478442e-01 -3.199276981828060862e-01
1.305033555876036882e+09 2.067657238054976254e-01 -9.162605103527663442e-01 6.968968850965073791e-01 5.177008713101428627e-01 6.698563943419504341e-01 -4.253521914124478442e-01 -3.199276981828060862e-01
1.305033555908152103e+09 2.067657238054976254e-01 -9.162605103527663442e-01 6.968968850965073791e-01 5.177008713101428627e-01 6.698563943419504341e-01 -4.253521914124478442e-01 -3.199276981828060862e-01
1.305033555940116882e+09 2.067657238054976254e-01 -9.162605103527663442e-01 6.968968850965073791e-01 5.177008713101428627e-01 6.698563943419504341e-01 -4.253521914124478442e-01 -3.199276981828060862e-01
1.305033556040213108e+09 2.060199968533567016e-01 -9.028729590671422667e-01 6.996601781933271536e-01 5.361720316027891453e-01 6.592086658498326202e-01 -4.233732265898103586e-01 -3.141951597373114358e-01
1.305033556076013088e+09 2.060199968533567016e-01 -9.028729590671422667e-01 6.996601781933271536e-01 5.361720316027891453e-01 6.592086658498326202e-01 -4.233732265898103586e-01 -3.141951597373114358e-01
1.305033556108100891e+09 2.060199968533567016e-01 -9.028729590671422667e-01 6.996601781933271536e-01 5.361720316027891453e-01 6.592086658498326202e-01 -4.233732265898103586e-01 -3.141951597373114358e-01
1.305033556140059948e+09 2.060199968533567016e-01 -9.028729590671422667e-01 6.996601781933271536e-01 5.361720316027891453e-01 6.592086658498326202e-01 -4.233732265898103586e-01 -3.141951597373114358e-01
1.305033556176121950e+09 1.972085466882478322e-01 -8.982728330404484707e-01 7.030424357575126848e-01 5.427575162188005287e-01 6.557981180483952732e-01 -4.208707382579642831e-01 -3.133862291651907661e-01
1.305033556207982063e+09 1.972085466882478322e-01 -8.982728330404484707e-01 7.030424357575126848e-01 5.427575162188005287e-01 6.557981180483952732e-01 -4.208707382579642831e-01 -3.133862291651907661e-01
1.305033556239929914e+09 1.972085466882478322e-01 -8.982728330404484707e-01 7.030424357575126848e-01 5.427575162188005287e-01 6.557981180483952732e-01 -4.208707382579642831e-01 -3.133862291651907661e-01
1.305033556275993109e+09 1.815386040239705956e-01 -8.944092183945093755e-01 7.032501287654470135e-01 5.489824735936799094e-01 6.519412919528042583e-01 -4.180395812648708409e-01 -3.143782817399513596e-01
1.305033556307938099e+09 1.815386040239705956e-01 -8.944092183945093755e-01 7.032501287654470135e-01 5.489824735936799094e-01 6.519412919528042583e-01 -4.180395812648708409e-01 -3.143782817399513596e-01
1.305033556340038061e+09 1.674258223964057990e-01 -8.914877193149299828e-01 7.037597192898469300e-01 5.531822233919835297e-01 6.492543764108426041e-01 -4.162505652244746779e-01 -3.149502331873639260e-01
1.305033556375885963e+09 1.674258223964057990e-01 -8.914877193149299828e-01 7.037597192898469300e-01 5.531822233919835297e-01 6.492543764108426041e-01 -4.162505652244746779e-01 -3.149502331873639260e-01
1.305033556407970905e+09 1.674258223964057990e-01 -8.914877193149299828e-01 7.037597192898469300e-01 5.531822233919835297e-01 6.492543764108426041e-01 -4.162505652244746779e-01 -3.149502331873639260e-01
1.305033556439968109e+09 1.504552619226025012e-01 -8.905626780854983826e-01 7.055631361148686498e-01 5.603878393517587320e-01 6.439255468852770337e-01 -4.127153132762974019e-01 -3.177914878696592171e-01
1.305033556475858927e+09 1.410855683894955970e-01 -8.952852937743278616e-01 7.045777751717416937e-01 5.639140348191221674e-01 6.407391138887569282e-01 -4.102734589146323496e-01 -3.211386588022250854e-01
1.305033556507904053e+09 1.298171534362608792e-01 -8.955499830019418850e-01 7.024772818811237940e-01 5.667897619711703694e-01 6.378450144962912738e-01 -4.100416411498014058e-01 -3.221318918239353679e-01
1.305033556540024996e+09 1.298171534362608792e-01 -8.955499830019418850e-01 7.024772818811237940e-01 5.667897619711703694e-01 6.378450144962912738e-01 -4.100416411498014058e-01 -3.221318918239353679e-01
1.305033556575851917e+09 1.112893599418580681e-01 -8.925105462455446004e-01 7.105597334613766858e-01 5.718201347099219900e-01 6.350032076358126387e-01 -4.060232914835746887e-01 -3.239409616047340679e-01
1.305033556607872009e+09 9.882546122825086599e-02 -8.894657468957745117e-01 7.104421823396552815e-01 5.739613977077009377e-01 6.328712126120256132e-01 -4.064347758029852042e-01 -3.238103074430828121e-01
1.305033556640041113e+09 9.882546122825086599e-02 -8.894657468957745117e-01 7.104421823396552815e-01 5.739613977077009377e-01 6.328712126120256132e-01 -4.064347758029852042e-01 -3.238103074430828121e-01
1.305033556675955057e+09 7.673644207832164277e-02 -8.851381652960796931e-01 7.117125039291167798e-01 5.791973032097255114e-01 6.270512507295841198e-01 -4.036610545360838076e-01 -3.292339076763849959e-01
1.305033556707983017e+09 6.678890734274567365e-02 -8.835315653724447049e-01 7.177907737389787046e-01 5.832821129154609485e-01 6.251611317914532728e-01 -4.009375079510804074e-01 -3.289447533676169710e-01
1.305033556739979982e+09 5.462411947973544457e-02 -8.812282540043296919e-01 7.146021516126488393e-01 5.866823507984971764e-01 6.216268106084886780e-01 -4.004939147863348925e-01 -3.301341421504041529e-01
1.305033556775974035e+09 4.404574071432287852e-02 -8.631145766599757074e-01 7.225115518343344645e-01 5.898426118103038407e-01 6.213479137749973180e-01 -4.005026836373750676e-01 -3.249770203253121159e-01
1.305033556808044910e+09 3.086104192127558932e-02 -8.622894621724996878e-01 7.248655826709832217e-01 5.946920113328355573e-01 6.184736326183354338e-01 -3.959919705474567730e-01 -3.271423798206662958e-01
1.305033556839919090e+09 1.804060912532090555e-02 -8.598774235170635327e-01 7.289232276163624125e-01 5.997128048422712965e-01 6.162667047511862783e-01 -3.907614348835967699e-01 -3.284286853048048460e-01
1.305033556876019001e+09 4.817321766953819306e-03 -8.606375226480456053e-01 7.260015103365623501e-01 6.047923000400525773e-01 6.114734827702983377e-01 -3.874852901066508926e-01 -3.319361439072119335e-01
1.305033556907886982e+09 -8.731130252660035396e-03 -8.559003951954552436e-01 7.292532801289235422e-01 6.106403993722339107e-01 6.077467672946964550e-01 -3.844417812399766321e-01 -3.316122529919525164e-01
1.305033556939975023e+09 -2.269422651863539642e-02 -8.586250848908347777e-01 7.360893537986886725e-01 6.173140505321287330e-01 6.039842615290273997e-01 -3.767273995160065336e-01 -3.349669256729072564e-01
1.305033556975893021e+09 -3.240562471905494846e-02 -8.539017427939348259e-01 7.385943045725495981e-01 6.209661314015462175e-01 6.004909038083762196e-01 -3.735150628060900369e-01 -3.380802211791749667e-01
1.305033557007877111e+09 -4.565898998781903195e-02 -8.506878953805616650e-01 7.395459279357323723e-01 6.262812328550518837e-01 5.949350833089590562e-01 -3.702892333557485371e-01 -3.416283765768448610e-01
1.305033557040035009e+09 -5.492453693338350540e-02 -8.406584576686990662e-01 7.408332451496580928e-01 6.295714306845057173e-01 5.904693527898227101e-01 -3.711993595105963495e-01 -3.423401708545982247e-01
1.305033557075946093e+09 -6.555579299216440781e-02 -8.370550603671280676e-01 7.390967987649391668e-01 -6.352689252030061517e-01 -5.836166398505682196e-01 3.717354688060922063e-01 3.429836025125171384e-01
1.305033557207974911e+09 -6.555579299216440781e-02 -8.370550603671280676e-01 7.390967987649391668e-01 -6.352689252030061517e-01 -5.836166398505682196e-01 3.717354688060922063e-01 3.429836025125171384e-01
1.305033557240011930e+09 -6.555579299216440781e-02 -8.370550603671280676e-01 7.390967987649391668e-01 -6.352689252030061517e-01 -5.836166398505682196e-01 3.717354688060922063e-01 3.429836025125171384e-01
1.305033557276050091e+09 -6.555579299216440781e-02 -8.370550603671280676e-01 7.390967987649391668e-01 -6.352689252030061517e-01 -5.836166398505682196e-01 3.717354688060922063e-01 3.429836025125171384e-01
1.305033557307888985e+09 -6.555579299216440781e-02 -8.370550603671280676e-01 7.390967987649391668e-01 -6.352689252030061517e-01 -5.836166398505682196e-01 3.717354688060922063e-01 3.429836025125171384e-01
1.305033557340044975e+09 -6.555579299216440781e-02 -8.370550603671280676e-01 7.390967987649391668e-01 -6.352689252030061517e-01 -5.836166398505682196e-01 3.717354688060922063e-01 3.429836025125171384e-01
1.305033557376085997e+09 -6.555579299216440781e-02 -8.370550603671280676e-01 7.390967987649391668e-01 -6.352689252030061517e-01 -5.836166398505682196e-01 3.717354688060922063e-01 3.429836025125171384e-01
1.305033557408417940e+09 -6.555579299216440781e-02 -8.370550603671280676e-01 7.390967987649391668e-01 -6.352689252030061517e-01 -5.836166398505682196e-01 3.717354688060922063e-01 3.429836025125171384e-01
1.305033557440157890e+09 -6.555579299216440781e-02 -8.370550603671280676e-01 7.390967987649391668e-01 -6.352689252030061517e-01 -5.836166398505682196e-01 3.717354688060922063e-01 3.429836025125171384e-01
1.305033557476006985e+09 -1.071154673245717781e-01 -8.328862612566836354e-01 7.798903527642433442e-01 -6.530720721017965191e-01 -5.731685921900769864e-01 3.618300931128989317e-01 3.377182513359647809e-01
1.305033557508956909e+09 -1.071154673245717781e-01 -8.328862612566836354e-01 7.798903527642433442e-01 -6.530720721017965191e-01 -5.731685921900769864e-01 3.618300931128989317e-01 3.377182513359647809e-01
1.305033557540147066e+09 -1.125886989678617223e-01 -8.291097814163728152e-01 7.951100322556752253e-01 -6.547352323468947910e-01 -5.771800690891365493e-01 3.544741407369635944e-01 3.354594266356342724e-01
1.305033557576010942e+09 -1.327592221109399340e-01 -8.349038070617174068e-01 7.730083469049700007e-01 -6.573194155324690868e-01 -5.694927295496695629e-01 3.561227503988597110e-01 3.417393796483975676e-01
1.305033557608076096e+09 -1.442371323258564431e-01 -8.305118746494141169e-01 7.664306275799381840e-01 -6.598498513934750731e-01 -5.663144636646290087e-01 3.570715419607228824e-01 3.411539473346953955e-01
1.305033557640067101e+09 -1.562285907892622117e-01 -8.218142181393699452e-01 7.547257141239784861e-01 -6.617398089411621331e-01 -5.618347392910493232e-01 3.597152417077305597e-01 3.421214636228220307e-01
1.305033557675920963e+09 -1.672573375222801140e-01 -8.246589713584646653e-01 7.595934006355888890e-01 -6.655995590248028337e-01 -5.605088367752112388e-01 3.517373087298351630e-01 3.450912003664831640e-01
1.305033557708017111e+09 -1.768892392637222422e-01 -8.254504547931738045e-01 7.654500763034556288e-01 -6.693333179401086408e-01 -5.594836707617902860e-01 3.469409323025408609e-01 3.443877482420675817e-01
1.305033557739933968e+09 -1.875859743829910720e-01 -8.255155278369419314e-01 7.657103960241228302e-01 -6.708463486611799809e-01 -5.590389276734865076e-01 3.436734570808749889e-01 3.454406008733207356e-01
1.305033557775893927e+09 -1.875859743829910720e-01 -8.255155278369419314e-01 7.657103960241228302e-01 -6.708463486611799809e-01 -5.590389276734865076e-01 3.436734570808749889e-01 3.454406008733207356e-01
1.305033557807892084e+09 -2.076659208681135294e-01 -8.156498299849838096e-01 7.597998402407977192e-01 -6.755857024001388211e-01 -5.546822337660761715e-01 3.402846450559008362e-01 3.465803494082819181e-01
1.305033557839884043e+09 -2.076659208681135294e-01 -8.156498299849838096e-01 7.597998402407977192e-01 -6.755857024001388211e-01 -5.546822337660761715e-01 3.402846450559008362e-01 3.465803494082819181e-01
1.305033557875991106e+09 -2.277921009859280588e-01 -8.052122217192615450e-01 7.591643557116126706e-01 -6.805647513557544492e-01 -5.516826905122338420e-01 3.346879343708430987e-01 3.470760936564794563e-01
1.305033557908090115e+09 -2.389143502043293843e-01 -7.978892121012389760e-01 7.583134259020262169e-01 -6.846224324920759940e-01 -5.481522092115164169e-01 3.327496418510580423e-01 3.465529632150901596e-01
1.305033557940083981e+09 -2.491136853279378727e-01 -7.885264441408368352e-01 7.583629378506560048e-01 -6.881606748610140656e-01 -5.455667669111908813e-01 3.315524273911928943e-01 3.447677135520545999e-01
1.305033557976015091e+09 -2.578708798029214488e-01 -7.803869925025919141e-01 7.585457247441488304e-01 -6.932815632645783488e-01 -5.410317743001895607e-01 3.297214874839216048e-01 3.434079700973777793e-01
1.305033558008090973e+09 -2.677467349712421285e-01 -7.749209953298793474e-01 7.584061275715000550e-01 -6.974526850855562454e-01 -5.374987968101123670e-01 3.269014257780294419e-01 3.432058468600454604e-01
1.305033558039891958e+09 -2.767171655623776871e-01 -7.675618436046955928e-01 7.601563095536105763e-01 -7.021735991489325146e-01 -5.339527545154950650e-01 3.236067739992875558e-01 3.422358082160949500e-01
1.305033558075871944e+09 -2.860414307793905930e-01 -7.603938167238610824e-01 7.646826463378476602e-01 -7.059793203571392839e-01 -5.314128905107369238e-01 3.197856551454232310e-01 3.419512740001235396e-01
1.305033558108006954e+09 -2.954626340767565473e-01 -7.544693114471063833e-01 7.661053758395088842e-01 -7.103744763312997978e-01 -5.271029386272392259e-01 3.170818177969257357e-01 3.420375948491009566e-01
1.305033558139982939e+09 -3.041859347679722880e-01 -7.474238332908909044e-01 7.681010631359123098e-01 -7.146392554278262477e-01 -5.225926394713270584e-01 3.145175485699194806e-01 3.424417898176590480e-01
1.305033558175960064e+09 -3.038056210527322332e-01 -7.490700981058444619e-01 7.859726846223432650e-01 -7.212099755299758996e-01 -5.188556930750762852e-01 3.052709050737001939e-01 3.427165234929848148e-01
1.305033558207948923e+09 -3.038056210527322332e-01 -7.490700981058444619e-01 7.859726846223432650e-01 -7.212099755299758996e-01 -5.188556930750762852e-01 3.052709050737001939e-01 3.427165234929848148e-01
1.305033558576013088e+09 -3.038056210527322332e-01 -7.490700981058444619e-01 7.859726846223432650e-01 -7.212099755299758996e-01 -5.188556930750762852e-01 3.052709050737001939e-01 3.427165234929848148e-01
1.305033558608046055e+09 -3.038056210527322332e-01 -7.490700981058444619e-01 7.859726846223432650e-01 -7.212099755299758996e-01 -5.188556930750762852e-01 3.052709050737001939e-01 3.427165234929848148e-01
1.305033558640091896e+09 -3.038056210527322332e-01 -7.490700981058444619e-01 7.859726846223432650e-01 -7.212099755299758996e-01 -5.188556930750762852e-01 3.052709050737001939e-01 3.427165234929848148e-01
1.305033558676023006e+09 -3.038056210527322332e-01 -7.490700981058444619e-01 7.859726846223432650e-01 -7.212099755299758996e-01 -5.188556930750762852e-01 3.052709050737001939e-01 3.427165234929848148e-01
1.305033558708029985e+09 -3.038056210527322332e-01 -7.490700981058444619e-01 7.859726846223432650e-01 -7.212099755299758996e-01 -5.188556930750762852e-01 3.052709050737001939e-01 3.427165234929848148e-01
1.305033558740101099e+09 -3.038056210527322332e-01 -7.490700981058444619e-01 7.859726846223432650e-01 -7.212099755299758996e-01 -5.188556930750762852e-01 3.052709050737001939e-01 3.427165234929848148e-01
1.305033558776016951e+09 -3.038056210527322332e-01 -7.490700981058444619e-01 7.859726846223432650e-01 -7.212099755299758996e-01 -5.188556930750762852e-01 3.052709050737001939e-01 3.427165234929848148e-01
1.305033558807982922e+09 -3.038056210527322332e-01 -7.490700981058444619e-01 7.859726846223432650e-01 -7.212099755299758996e-01 -5.188556930750762852e-01 3.052709050737001939e-01 3.427165234929848148e-01
1.305033558839870930e+09 -3.038056210527322332e-01 -7.490700981058444619e-01 7.859726846223432650e-01 -7.212099755299758996e-01 -5.188556930750762852e-01 3.052709050737001939e-01 3.427165234929848148e-01
1.305033558876550913e+09 -3.038056210527322332e-01 -7.490700981058444619e-01 7.859726846223432650e-01 -7.212099755299758996e-01 -5.188556930750762852e-01 3.052709050737001939e-01 3.427165234929848148e-01
1.305033558908104897e+09 -3.107496141508045984e-01 -7.297362165938270362e-01 7.953046584011037590e-01 -7.362585080421628625e-01 -4.997560659095217073e-01 2.989675400550607653e-01 3.446530050871334794e-01
1.305033558939966917e+09 -3.107496141508045984e-01 -7.297362165938270362e-01 7.953046584011037590e-01 -7.362585080421628625e-01 -4.997560659095217073e-01 2.989675400550607653e-01 3.446530050871334794e-01
1.305033558976272106e+09 -3.152594468283944629e-01 -7.162695267518024433e-01 8.007481313016978630e-01 -7.432786015110365296e-01 -4.875695638194046944e-01 2.925653351890507570e-01 3.524462591920525245e-01
1.305033559007999897e+09 -3.152594468283944629e-01 -7.162695267518024433e-01 8.007481313016978630e-01 -7.432786015110365296e-01 -4.875695638194046944e-01 2.925653351890507570e-01 3.524462591920525245e-01
1.305033559040381908e+09 -3.245889553100471669e-01 -7.097510047171240455e-01 7.970884622361695815e-01 -7.467166574511084898e-01 -4.801110042456430138e-01 2.830587671501323954e-01 3.630225770206739755e-01
1.305033559076769114e+09 -3.317957720337882943e-01 -7.062194694937885542e-01 7.901858050703755021e-01 -7.468536607509013159e-01 -4.765186818641909405e-01 2.805396438933338565e-01 3.693738803185643294e-01
1.305033559109646082e+09 -3.317957720337882943e-01 -7.062194694937885542e-01 7.901858050703755021e-01 -7.468536607509013159e-01 -4.765186818641909405e-01 2.805396438933338565e-01 3.693738803185643294e-01
1.305033559139919996e+09 -3.347101469107234273e-01 -6.964302302784153298e-01 7.936058515491664078e-01 -7.493202745035898449e-01 -4.691405396146013373e-01 2.746079228503484071e-01 3.781755796132300063e-01
1.305033559175997019e+09 -3.347101469107234273e-01 -6.964302302784153298e-01 7.936058515491664078e-01 -7.493202745035898449e-01 -4.691405396146013373e-01 2.746079228503484071e-01 3.781755796132300063e-01
1.305033559208039999e+09 -3.392247312569649509e-01 -6.852150626848444448e-01 7.918885887231505993e-01 -7.533583906927494578e-01 -4.593755505609568579e-01 2.716009149327938133e-01 3.842631672790378650e-01
1.305033559239862919e+09 -3.392247312569649509e-01 -6.852150626848444448e-01 7.918885887231505993e-01 -7.533583906927494578e-01 -4.593755505609568579e-01 2.716009149327938133e-01 3.842631672790378650e-01
1.305033559276036978e+09 -3.392247312569649509e-01 -6.852150626848444448e-01 7.918885887231505993e-01 -7.533583906927494578e-01 -4.593755505609568579e-01 2.716009149327938133e-01 3.842631672790378650e-01
1.305033559307898045e+09 -3.392247312569649509e-01 -6.852150626848444448e-01 7.918885887231505993e-01 -7.533583906927494578e-01 -4.593755505609568579e-01 2.716009149327938133e-01 3.842631672790378650e-01
1.305033559340097904e+09 -3.392247312569649509e-01 -6.852150626848444448e-01 7.918885887231505993e-01 -7.533583906927494578e-01 -4.593755505609568579e-01 2.716009149327938133e-01 3.842631672790378650e-01
1.305033559375961065e+09 -3.392247312569649509e-01 -6.852150626848444448e-01 7.918885887231505993e-01 -7.533583906927494578e-01 -4.593755505609568579e-01 2.716009149327938133e-01 3.842631672790378650e-01
1.305033559407979012e+09 -3.392247312569649509e-01 -6.852150626848444448e-01 7.918885887231505993e-01 -7.533583906927494578e-01 -4.593755505609568579e-01 2.716009149327938133e-01 3.842631672790378650e-01
1.305033559440041065e+09 -3.392247312569649509e-01 -6.852150626848444448e-01 7.918885887231505993e-01 -7.533583906927494578e-01 -4.593755505609568579e-01 2.716009149327938133e-01 3.842631672790378650e-01
1.305033559476020098e+09 -3.392247312569649509e-01 -6.852150626848444448e-01 7.918885887231505993e-01 -7.533583906927494578e-01 -4.593755505609568579e-01 2.716009149327938133e-01 3.842631672790378650e-01
1.305033559507931948e+09 -3.392247312569649509e-01 -6.852150626848444448e-01 7.918885887231505993e-01 -7.533583906927494578e-01 -4.593755505609568579e-01 2.716009149327938133e-01 3.842631672790378650e-01
1.305033559776010990e+09 -2.969645344162290534e-01 -7.181815513829574726e-01 7.822676358106931405e-01 -7.530901254974220471e-01 -4.761251444094182772e-01 2.758914643944848644e-01 3.606161527353626273e-01
1.305033559808037996e+09 -2.901616113661176222e-01 -7.255140949206755341e-01 7.792814828695939777e-01 -7.522807889892708655e-01 -4.778520820236185074e-01 2.761243473195987841e-01 3.598421140454499678e-01
1.305033559840056896e+09 -2.901616113661176222e-01 -7.255140949206755341e-01 7.792814828695939777e-01 -7.522807889892708655e-01 -4.778520820236185074e-01 2.761243473195987841e-01 3.598421140454499678e-01
1.305033559875881910e+09 -2.901616113661176222e-01 -7.255140949206755341e-01 7.792814828695939777e-01 -7.522807889892708655e-01 -4.778520820236185074e-01 2.761243473195987841e-01 3.598421140454499678e-01
1.305033559908072948e+09 -2.665037580552538365e-01 -7.361451732880233134e-01 7.856520171507126449e-01 -7.455338961049132740e-01 -4.945920156962548275e-01 2.798735589445613403e-01 3.481791762467267293e-01
1.305033559940078974e+09 -2.665037580552538365e-01 -7.361451732880233134e-01 7.856520171507126449e-01 -7.455338961049132740e-01 -4.945920156962548275e-01 2.798735589445613403e-01 3.481791762467267293e-01
1.305033559976032972e+09 -2.665037580552538365e-01 -7.361451732880233134e-01 7.856520171507126449e-01 -7.455338961049132740e-01 -4.945920156962548275e-01 2.798735589445613403e-01 3.481791762467267293e-01
1.305033560008053064e+09 -2.665037580552538365e-01 -7.361451732880233134e-01 7.856520171507126449e-01 -7.455338961049132740e-01 -4.945920156962548275e-01 2.798735589445613403e-01 3.481791762467267293e-01
1.305033560040021896e+09 -2.665037580552538365e-01 -7.361451732880233134e-01 7.856520171507126449e-01 -7.455338961049132740e-01 -4.945920156962548275e-01 2.798735589445613403e-01 3.481791762467267293e-01
1.305033560076066017e+09 -2.665037580552538365e-01 -7.361451732880233134e-01 7.856520171507126449e-01 -7.455338961049132740e-01 -4.945920156962548275e-01 2.798735589445613403e-01 3.481791762467267293e-01
1.305033560107877970e+09 -2.665037580552538365e-01 -7.361451732880233134e-01 7.856520171507126449e-01 -7.455338961049132740e-01 -4.945920156962548275e-01 2.798735589445613403e-01 3.481791762467267293e-01
1.305033560139985085e+09 -2.665037580552538365e-01 -7.361451732880233134e-01 7.856520171507126449e-01 -7.455338961049132740e-01 -4.945920156962548275e-01 2.798735589445613403e-01 3.481791762467267293e-01
1.305033560175952911e+09 -2.665037580552538365e-01 -7.361451732880233134e-01 7.856520171507126449e-01 -7.455338961049132740e-01 -4.945920156962548275e-01 2.798735589445613403e-01 3.481791762467267293e-01
1.305033560207885027e+09 -2.665037580552538365e-01 -7.361451732880233134e-01 7.856520171507126449e-01 -7.455338961049132740e-01 -4.945920156962548275e-01 2.798735589445613403e-01 3.481791762467267293e-01
1.305033560240149021e+09 -2.665037580552538365e-01 -7.361451732880233134e-01 7.856520171507126449e-01 -7.455338961049132740e-01 -4.945920156962548275e-01 2.798735589445613403e-01 3.481791762467267293e-01
1.305033560275875092e+09 -2.665037580552538365e-01 -7.361451732880233134e-01 7.856520171507126449e-01 -7.455338961049132740e-01 -4.945920156962548275e-01 2.798735589445613403e-01 3.481791762467267293e-01
1.305033560308068037e+09 -2.665037580552538365e-01 -7.361451732880233134e-01 7.856520171507126449e-01 -7.455338961049132740e-01 -4.945920156962548275e-01 2.798735589445613403e-01 3.481791762467267293e-01
1.305033560340794086e+09 -2.665037580552538365e-01 -7.361451732880233134e-01 7.856520171507126449e-01 -7.455338961049132740e-01 -4.945920156962548275e-01 2.798735589445613403e-01 3.481791762467267293e-01
1.305033560376140118e+09 -2.665037580552538365e-01 -7.361451732880233134e-01 7.856520171507126449e-01 -7.455338961049132740e-01 -4.945920156962548275e-01 2.798735589445613403e-01 3.481791762467267293e-01
1.305033560408222914e+09 -2.665037580552538365e-01 -7.361451732880233134e-01 7.856520171507126449e-01 -7.455338961049132740e-01 -4.945920156962548275e-01 2.798735589445613403e-01 3.481791762467267293e-01
1.305033560440133095e+09 -2.665037580552538365e-01 -7.361451732880233134e-01 7.856520171507126449e-01 -7.455338961049132740e-01 -4.945920156962548275e-01 2.798735589445613403e-01 3.481791762467267293e-01
1.305033560476175070e+09 -2.665037580552538365e-01 -7.361451732880233134e-01 7.856520171507126449e-01 -7.455338961049132740e-01 -4.945920156962548275e-01 2.798735589445613403e-01 3.481791762467267293e-01
1.305033560508009911e+09 -2.665037580552538365e-01 -7.361451732880233134e-01 7.856520171507126449e-01 -7.455338961049132740e-01 -4.945920156962548275e-01 2.798735589445613403e-01 3.481791762467267293e-01
1.305033560540071011e+09 -2.665037580552538365e-01 -7.361451732880233134e-01 7.856520171507126449e-01 -7.455338961049132740e-01 -4.945920156962548275e-01 2.798735589445613403e-01 3.481791762467267293e-01
1.305033560576121092e+09 -2.665037580552538365e-01 -7.361451732880233134e-01 7.856520171507126449e-01 -7.455338961049132740e-01 -4.945920156962548275e-01 2.798735589445613403e-01 3.481791762467267293e-01
1.305033560608124018e+09 -2.549440432383107691e-01 -7.419403948810805449e-01 7.900250600850848848e-01 -7.394568400619379034e-01 -5.037544007389302969e-01 2.834206783108186856e-01 3.451199856971631785e-01
1.305033560640090942e+09 -2.509684614466896058e-01 -7.481553569845406093e-01 7.635517668187379314e-01 -7.330015419197918325e-01 -5.039950942335091888e-01 2.952193530666862298e-01 3.486304893531989024e-01
1.305033560676023960e+09 -2.509684614466896058e-01 -7.481553569845406093e-01 7.635517668187379314e-01 -7.330015419197918325e-01 -5.039950942335091888e-01 2.952193530666862298e-01 3.486304893531989024e-01
1.305033560708281994e+09 -2.509684614466896058e-01 -7.481553569845406093e-01 7.635517668187379314e-01 -7.330015419197918325e-01 -5.039950942335091888e-01 2.952193530666862298e-01 3.486304893531989024e-01
1.305033560740039110e+09 -2.509684614466896058e-01 -7.481553569845406093e-01 7.635517668187379314e-01 -7.330015419197918325e-01 -5.039950942335091888e-01 2.952193530666862298e-01 3.486304893531989024e-01
1.305033560776129961e+09 -1.954625890432177826e-01 -7.831033404485444605e-01 7.881166529210341665e-01 -7.140542598736947522e-01 -5.309245214136553148e-01 3.071010044463618471e-01 3.375420560255373292e-01
1.305033560808007002e+09 -1.843545409485043418e-01 -7.893083280479389341e-01 7.853126988529549601e-01 -7.096063470285663977e-01 -5.342765349011301401e-01 3.134755214315319005e-01 3.357685422639296036e-01
1.305033560840109110e+09 -1.843545409485043418e-01 -7.893083280479389341e-01 7.853126988529549601e-01 -7.096063470285663977e-01 -5.342765349011301401e-01 3.134755214315319005e-01 3.357685422639296036e-01
1.305033561075980902e+09 -1.843545409485043418e-01 -7.893083280479389341e-01 7.853126988529549601e-01 -7.096063470285663977e-01 -5.342765349011301401e-01 3.134755214315319005e-01 3.357685422639296036e-01
1.305033561108011007e+09 -1.843545409485043418e-01 -7.893083280479389341e-01 7.853126988529549601e-01 -7.096063470285663977e-01 -5.342765349011301401e-01 3.134755214315319005e-01 3.357685422639296036e-01
1.305033561175991058e+09 -1.634310275885020314e-01 -8.043102583609391676e-01 7.838658812959414801e-01 -7.002093708787493487e-01 -5.491156265190717534e-01 3.185279078514961504e-01 3.266784926589166860e-01
1.305033561207947016e+09 -1.634310275885020314e-01 -8.043102583609391676e-01 7.838658812959414801e-01 -7.002093708787493487e-01 -5.491156265190717534e-01 3.185279078514961504e-01 3.266784926589166860e-01
1.305033561244096041e+09 -1.488685761971912935e-01 -7.999299610826191564e-01 7.738242895681044509e-01 -6.841137318697820824e-01 -5.663198283297319335e-01 3.322923899779602341e-01 3.175720728756201150e-01
1.305033561276017904e+09 -1.496026525520604000e-01 -8.059324286880658050e-01 7.598712032755234880e-01 -6.794473775967172502e-01 -5.698000631951742889e-01 3.381227003474745474e-01 3.152018219640413954e-01
1.305033561308037996e+09 -1.496026525520604000e-01 -8.059324286880658050e-01 7.598712032755234880e-01 -6.794473775967172502e-01 -5.698000631951742889e-01 3.381227003474745474e-01 3.152018219640413954e-01
1.305033561344315052e+09 -1.364407545605768046e-01 -7.994768347728915536e-01 7.637750318625878831e-01 6.632954169575145942e-01 5.879858870350428424e-01 -3.519147847100681514e-01 -3.007786076057222813e-01
1.305033561376023054e+09 -1.311088287416670717e-01 -8.082343908190936510e-01 7.535814540831183850e-01 6.548319953904605528e-01 5.917089610412304967e-01 -3.605479577671904523e-01 -3.017958471986709190e-01
1.305033561408071041e+09 -1.311088287416670717e-01 -8.082343908190936510e-01 7.535814540831183850e-01 6.548319953904605528e-01 5.917089610412304967e-01 -3.605479577671904523e-01 -3.017958471986709190e-01
1.305033561444166899e+09 -1.201543227074997056e-01 -8.187530049154949641e-01 7.535753888516452115e-01 6.427818293711672348e-01 5.991497283173911059e-01 -3.701125323042332438e-01 -3.014429238161017155e-01
1.305033561475883007e+09 -1.172583616126314787e-01 -8.129186212319979843e-01 7.697855005000853179e-01 6.397850996285409098e-01 6.051509263427687912e-01 -3.725892915258657290e-01 -2.926509909090353467e-01
1.305033561508996964e+09 -1.172583616126314787e-01 -8.129186212319979843e-01 7.697855005000853179e-01 6.397850996285409098e-01 6.051509263427687912e-01 -3.725892915258657290e-01 -2.926509909090353467e-01
1.305033561544442892e+09 -1.074549423137654003e-01 -8.143573487003681333e-01 7.751582001870322980e-01 6.338536203448967843e-01 6.096630331143656489e-01 -3.799173502718230511e-01 -2.867113199577169258e-01
1.305033561576172113e+09 -1.074549423137654003e-01 -8.143573487003681333e-01 7.751582001870322980e-01 6.338536203448967843e-01 6.096630331143656489e-01 -3.799173502718230511e-01 -2.867113199577169258e-01
1.305033561608227968e+09 -9.667147671585296642e-02 -8.160721393280380154e-01 7.740378494570449019e-01 6.261548202857250001e-01 6.117690713560387517e-01 -3.908468644463491959e-01 -2.844423894527297048e-01
1.305033561643843889e+09 -9.667147671585296642e-02 -8.160721393280380154e-01 7.740378494570449019e-01 6.261548202857250001e-01 6.117690713560387517e-01 -3.908468644463491959e-01 -2.844423894527297048e-01
1.305033561676177025e+09 -9.667147671585296642e-02 -8.160721393280380154e-01 7.740378494570449019e-01 6.261548202857250001e-01 6.117690713560387517e-01 -3.908468644463491959e-01 -2.844423894527297048e-01
1.305033561708200932e+09 -8.687238521653983803e-02 -8.171929770570346419e-01 7.686155789962925144e-01 6.176489789913506279e-01 6.128506621192117976e-01 -4.035661206979122007e-01 -2.829455617531819733e-01
1.305033561744330883e+09 -8.687238521653983803e-02 -8.171929770570346419e-01 7.686155789962925144e-01 6.176489789913506279e-01 6.128506621192117976e-01 -4.035661206979122007e-01 -2.829455617531819733e-01
1.305033561776129961e+09 -7.670976524548089870e-02 -8.238706381555281899e-01 7.623840534040267070e-01 6.078383699311410426e-01 6.174857287856282406e-01 -4.125498282331984123e-01 -2.811521474403022580e-01
1.305033561808115005e+09 -6.957180127004791714e-02 -8.299611424914978830e-01 7.666167876202649722e-01 6.033359840412649833e-01 6.201890957940495719e-01 -4.146015325434639909e-01 -2.818807283794492191e-01
1.305033561843975067e+09 -6.957180127004791714e-02 -8.299611424914978830e-01 7.666167876202649722e-01 6.033359840412649833e-01 6.201890957940495719e-01 -4.146015325434639909e-01 -2.818807283794492191e-01
1.305033561876179934e+09 -5.608966635565137970e-02 -8.288982627034251482e-01 7.649613474838010685e-01 5.938661893893798505e-01 6.242456359774529728e-01 -4.237496482588395397e-01 -2.794218507270903595e-01
1.305033561908054113e+09 -5.608966635565137970e-02 -8.288982627034251482e-01 7.649613474838010685e-01 5.938661893893798505e-01 6.242456359774529728e-01 -4.237496482588395397e-01 -2.794218507270903595e-01
1.305033561944175005e+09 -4.430773447640157237e-02 -8.365995255262880237e-01 7.600144594989015623e-01 5.889764521183755708e-01 6.254631895176767653e-01 -4.281028434644807978e-01 -2.804112922584461320e-01
1.305033561976031065e+09 -4.430773447640157237e-02 -8.365995255262880237e-01 7.600144594989015623e-01 5.889764521183755708e-01 6.254631895176767653e-01 -4.281028434644807978e-01 -2.804112922584461320e-01
1.305033562008339882e+09 -3.427099279689005407e-02 -8.467830208642186385e-01 7.655684716623620822e-01 5.858387776772256972e-01 6.255007173654465458e-01 -4.320353144663360290e-01 -2.808687704230214965e-01
1.305033562043859005e+09 -3.427099279689005407e-02 -8.467830208642186385e-01 7.655684716623620822e-01 5.858387776772256972e-01 6.255007173654465458e-01 -4.320353144663360290e-01 -2.808687704230214965e-01
1.305033562408174038e+09 1.013596443867736951e-02 -8.698998184137957113e-01 8.545154854660563792e-01 5.506003862907233870e-01 6.241197491098088301e-01 -4.709076883790093149e-01 -2.925059015014118691e-01
1.305033562444036961e+09 1.013596443867736951e-02 -8.698998184137957113e-01 8.545154854660563792e-01 5.506003862907233870e-01 6.241197491098088301e-01 -4.709076883790093149e-01 -2.925059015014118691e-01
1.305033562476159096e+09 1.013596443867736951e-02 -8.698998184137957113e-01 8.545154854660563792e-01 5.506003862907233870e-01 6.241197491098088301e-01 -4.709076883790093149e-01 -2.925059015014118691e-01
1.305033562508225918e+09 1.013596443867736951e-02 -8.698998184137957113e-01 8.545154854660563792e-01 5.506003862907233870e-01 6.241197491098088301e-01 -4.709076883790093149e-01 -2.925059015014118691e-01
1.305033562544074059e+09 1.013596443867736951e-02 -8.698998184137957113e-01 8.545154854660563792e-01 5.506003862907233870e-01 6.241197491098088301e-01 -4.709076883790093149e-01 -2.925059015014118691e-01
1.305033562575998068e+09 1.013596443867736951e-02 -8.698998184137957113e-01 8.545154854660563792e-01 5.506003862907233870e-01 6.241197491098088301e-01 -4.709076883790093149e-01 -2.925059015014118691e-01
1.305033562608171940e+09 1.013596443867736951e-02 -8.698998184137957113e-01 8.545154854660563792e-01 5.506003862907233870e-01 6.241197491098088301e-01 -4.709076883790093149e-01 -2.925059015014118691e-01
1.305033562643989086e+09 1.013596443867736951e-02 -8.698998184137957113e-01 8.545154854660563792e-01 5.506003862907233870e-01 6.241197491098088301e-01 -4.709076883790093149e-01 -2.925059015014118691e-01
1.305033562676122904e+09 1.605156645437344487e-02 -8.783350033369838883e-01 8.529604769803915687e-01 5.464145032636125165e-01 6.244965932399304531e-01 -4.717430540158983332e-01 -2.981504429690716718e-01
1.305033562709352970e+09 1.935599822971245665e-02 -8.764474079345472290e-01 8.423011125620714079e-01 5.424268518729274957e-01 6.236683130283291465e-01 -4.748210637071733631e-01 -3.022513906528997429e-01
1.305033562744034052e+09 1.935599822971245665e-02 -8.764474079345472290e-01 8.423011125620714079e-01 5.424268518729274957e-01 6.236683130283291465e-01 -4.748210637071733631e-01 -3.022513906528997429e-01
1.305033562775949001e+09 1.896789796022479990e-02 -9.209047125985087012e-01 7.932046671818698824e-01 5.385255222732896474e-01 6.141452055463695325e-01 -4.803837492907739870e-01 -3.194485588980281454e-01
1.305033562808427095e+09 1.081418105840792343e-02 -9.252556918980494594e-01 7.620846994378205341e-01 5.353469067065399489e-01 6.090978240993042414e-01 -4.862208251891531607e-01 -3.255654147934192721e-01
1.305033562844181061e+09 1.250485873019990812e-02 -9.192267522287286274e-01 7.721994058509592529e-01 5.366929352973013323e-01 6.109965595289587048e-01 -4.848452663424422382e-01 -3.218213248855155140e-01
1.305033562876075983e+09 5.141080639544592934e-02 -8.849191601684800457e-01 8.589279228740147598e-01 5.448994489344656245e-01 6.220706457984045423e-01 -4.694574838187070553e-01 -3.093903247897061837e-01
1.305033562907917976e+09 5.141080639544592934e-02 -8.849191601684800457e-01 8.589279228740147598e-01 5.448994489344656245e-01 6.220706457984045423e-01 -4.694574838187070553e-01 -3.093903247897061837e-01
1.305033562943994999e+09 5.141080639544592934e-02 -8.849191601684800457e-01 8.589279228740147598e-01 5.448994489344656245e-01 6.220706457984045423e-01 -4.694574838187070553e-01 -3.093903247897061837e-01
1.305033562975903988e+09 5.141080639544592934e-02 -8.849191601684800457e-01 8.589279228740147598e-01 5.448994489344656245e-01 6.220706457984045423e-01 -4.694574838187070553e-01 -3.093903247897061837e-01
1.305033563008047104e+09 5.141080639544592934e-02 -8.849191601684800457e-01 8.589279228740147598e-01 5.448994489344656245e-01 6.220706457984045423e-01 -4.694574838187070553e-01 -3.093903247897061837e-01
1.305033563044009924e+09 5.186558793891316022e-02 -8.644010485338249339e-01 8.597188626692516822e-01 5.438966371959680357e-01 6.246132008704429195e-01 -4.702944009407338255e-01 -3.047260635211456181e-01
1.305033563075835943e+09 5.531625963520414579e-02 -8.713982167979232862e-01 8.442958201271315577e-01 5.432409028810472051e-01 6.238495305663901425e-01 -4.709255656887796349e-01 -3.064803357962501140e-01
1.305033563108021021e+09 5.531625963520414579e-02 -8.713982167979232862e-01 8.442958201271315577e-01 5.432409028810472051e-01 6.238495305663901425e-01 -4.709255656887796349e-01 -3.064803357962501140e-01
1.305033563143879890e+09 5.531625963520414579e-02 -8.713982167979232862e-01 8.442958201271315577e-01 5.432409028810472051e-01 6.238495305663901425e-01 -4.709255656887796349e-01 -3.064803357962501140e-01
1.305033563175944090e+09 5.531625963520414579e-02 -8.713982167979232862e-01 8.442958201271315577e-01 5.432409028810472051e-01 6.238495305663901425e-01 -4.709255656887796349e-01 -3.064803357962501140e-01
1.305033563208079100e+09 5.531625963520414579e-02 -8.713982167979232862e-01 8.442958201271315577e-01 5.432409028810472051e-01 6.238495305663901425e-01 -4.709255656887796349e-01 -3.064803357962501140e-01
1.305033563243967056e+09 5.531625963520414579e-02 -8.713982167979232862e-01 8.442958201271315577e-01 5.432409028810472051e-01 6.238495305663901425e-01 -4.709255656887796349e-01 -3.064803357962501140e-01
1.305033563276047945e+09 5.531625963520414579e-02 -8.713982167979232862e-01 8.442958201271315577e-01 5.432409028810472051e-01 6.238495305663901425e-01 -4.709255656887796349e-01 -3.064803357962501140e-01
1.305033563308044910e+09 5.531625963520414579e-02 -8.713982167979232862e-01 8.442958201271315577e-01 5.432409028810472051e-01 6.238495305663901425e-01 -4.709255656887796349e-01 -3.064803357962501140e-01
1.305033563343985081e+09 5.531625963520414579e-02 -8.713982167979232862e-01 8.442958201271315577e-01 5.432409028810472051e-01 6.238495305663901425e-01 -4.709255656887796349e-01 -3.064803357962501140e-01
1.305033563376120090e+09 5.531625963520414579e-02 -8.713982167979232862e-01 8.442958201271315577e-01 5.432409028810472051e-01 6.238495305663901425e-01 -4.709255656887796349e-01 -3.064803357962501140e-01
1.305033563407991886e+09 5.531625963520414579e-02 -8.713982167979232862e-01 8.442958201271315577e-01 5.432409028810472051e-01 6.238495305663901425e-01 -4.709255656887796349e-01 -3.064803357962501140e-01
1.305033563443962097e+09 8.975561561288869505e-02 -8.633743970355500785e-01 8.030577967469709755e-01 5.724486491538038901e-01 6.079463690114023100e-01 -4.461578584944952408e-01 -3.219424199937669928e-01
1.305033563475960016e+09 1.004305141623333952e-01 -8.582058459283101737e-01 8.022948370244199490e-01 5.782417789002289865e-01 6.045823174961952873e-01 -4.425620211728457098e-01 -3.228862399059984067e-01
1.305033564807990074e+09 1.004305141623333952e-01 -8.582058459283101737e-01 8.022948370244199490e-01 5.782417789002289865e-01 6.045823174961952873e-01 -4.425620211728457098e-01 -3.228862399059984067e-01
1.305033564843977928e+09 1.004305141623333952e-01 -8.582058459283101737e-01 8.022948370244199490e-01 5.782417789002289865e-01 6.045823174961952873e-01 -4.425620211728457098e-01 -3.228862399059984067e-01
1.305033564876058102e+09 1.105426855356415050e-01 -8.561805297064675191e-01 8.018253024740249479e-01 5.834878557143086120e-01 6.019051880434836965e-01 -4.397918028147020930e-01 -3.222347545148578907e-01
1.305033564908056974e+09 1.235341738361606101e-01 -8.461993569809048710e-01 8.031764300993611272e-01 5.869898130706446837e-01 6.002040337177935170e-01 -4.384969061413138691e-01 -3.208091965088833986e-01
1.305033564943989992e+09 1.379983321859112877e-01 -8.427315771636980646e-01 8.052284744563129593e-01 5.921522075908162153e-01 5.972402823110440906e-01 -4.341742671541789500e-01 -3.227266861780703766e-01
1.305033564976037025e+09 1.504613084512975707e-01 -8.399546199286009873e-01 8.034615855622708747e-01 5.971099521381465491e-01 5.941151074597610382e-01 -4.303785593921312658e-01 -3.244398862057659150e-01
1.305033565007937908e+09 1.626090939874205166e-01 -8.333632457969525342e-01 8.072411918025718114e-01 6.024880224491735436e-01 5.924994418698069643e-01 -4.257153186558594871e-01 -3.236032472812835903e-01
1.305033565043916941e+09 1.748163828877455916e-01 -8.250978355689705390e-01 8.070486707190224207e-01 6.085563338320084670e-01 5.892665974509679883e-01 -4.224011216034966321e-01 -3.224924156466506542e-01
1.305033565075900078e+09 1.854200794838727351e-01 -8.193358556063473630e-01 8.038502383769443593e-01 6.147804972490905628e-01 5.845707124960781709e-01 -4.196969052523293331e-01 -3.227638920567258984e-01
1.305033565107858896e+09 1.971770243208625928e-01 -8.128778722997628270e-01 8.032939178557667592e-01 6.198923742450860308e-01 5.815363901763678234e-01 -4.168068547210784236e-01 -3.222125340686661232e-01
1.305033565143986940e+09 2.088504086265907667e-01 -8.013335963009597940e-01 8.034389875677647730e-01 6.255072057753323644e-01 5.779889592267222209e-01 -4.145276950251233217e-01 -3.206809763492448617e-01
1.305033565175899982e+09 2.201185160023206855e-01 -7.966556828991766537e-01 8.047002950191248782e-01 6.332388038465557312e-01 5.727400272516257607e-01 -4.086576360727215418e-01 -3.224537408160205731e-01
1.305033565207978010e+09 2.373233160140215681e-01 -7.870217898358267128e-01 8.142567011678449873e-01 6.385772099834718940e-01 5.699927096236377944e-01 -4.033745047822141494e-01 -3.234446888686405841e-01
1.305033565244952917e+09 2.464513920727631202e-01 -7.798225661653529484e-01 8.126441709057569129e-01 6.445668288179301486e-01 5.644991310275245811e-01 -4.017087724146614636e-01 -3.232713974694828019e-01
1.305033565276355982e+09 2.464513920727631202e-01 -7.798225661653529484e-01 8.126441709057569129e-01 6.445668288179301486e-01 5.644991310275245811e-01 -4.017087724146614636e-01 -3.232713974694828019e-01
1.305033565307938099e+09 2.464513920727631202e-01 -7.798225661653529484e-01 8.126441709057569129e-01 6.445668288179301486e-01 5.644991310275245811e-01 -4.017087724146614636e-01 -3.232713974694828019e-01
1.305033565344986916e+09 2.797543393147898794e-01 -7.714665594256864267e-01 8.289593254057250338e-01 -6.685898037362544288e-01 -5.486445861727455853e-01 3.813608700236903459e-01 3.264056972818142888e-01
1.305033565376574039e+09 2.909107998941518058e-01 -7.708536800145530110e-01 8.312430107947421654e-01 -6.764549425028512086e-01 -5.417399766725436994e-01 3.765045389963933564e-01 3.273695779289966246e-01
1.305033565407876015e+09 3.036234275259319659e-01 -7.714960563715944630e-01 8.327327899513301546e-01 -6.820004366792651318e-01 -5.365325881006639541e-01 3.720181373691977544e-01 3.295613626377455474e-01
1.305033565444288969e+09 3.134585181594264913e-01 -7.679975503749820742e-01 8.332086381407460829e-01 -6.867151712783424733e-01 -5.316687839825575690e-01 3.684516175358364398e-01 3.316534082591206523e-01
1.305033565476052999e+09 3.266827040604765031e-01 -7.676096666668879021e-01 8.347502236529222852e-01 -6.919513817969128455e-01 -5.259936267440727953e-01 3.643496549187023592e-01 3.343401244460237343e-01
1.305033565507905006e+09 3.388220683890166285e-01 -7.726639758614599618e-01 8.344434402343833268e-01 -6.985793460309681624e-01 -5.186673664093365277e-01 3.599975304317152291e-01 3.367088332729245570e-01
1.305033565544076920e+09 3.547931057797435450e-01 -7.691184995572823979e-01 8.404223578449716570e-01 -7.053665728438641702e-01 -5.136269502673217469e-01 3.560763502650757806e-01 3.344472853163782955e-01
1.305033565575974941e+09 3.632294446549235722e-01 -7.658668797204217782e-01 8.329585933118551777e-01 -7.093261262350212260e-01 -5.093186412368224669e-01 3.523299726750681593e-01 3.366222789476086552e-01
1.305033565608072042e+09 3.746754772841502934e-01 -7.707455500050952590e-01 8.313914769062129562e-01 -7.161786076520288979e-01 -5.028148324822798720e-01 3.456912143210889576e-01 3.387669265418767339e-01
1.305033565644232988e+09 3.746754772841502934e-01 -7.707455500050952590e-01 8.313914769062129562e-01 -7.161786076520288979e-01 -5.028148324822798720e-01 3.456912143210889576e-01 3.387669265418767339e-01
1.305033565676064014e+09 3.951237957132331946e-01 -7.719758369734790460e-01 8.316312569283076384e-01 -7.263960824390102156e-01 -4.915839531089722936e-01 3.379408615325150689e-01 3.413062006024442652e-01
1.305033565709167957e+09 4.080185406465046682e-01 -7.669056567266745450e-01 8.311267338340879718e-01 -7.311351610968889192e-01 -4.860370228147119498e-01 3.358136455490270955e-01 3.412309835350679221e-01
1.305033565744012117e+09 4.174081619273672938e-01 -7.715385547497850549e-01 8.200372007334461033e-01 -7.353383286504251437e-01 -4.769560085403468097e-01 3.342279025120377112e-01 3.465288119583475046e-01
1.305033565776027918e+09 4.174081619273672938e-01 -7.715385547497850549e-01 8.200372007334461033e-01 -7.353383286504251437e-01 -4.769560085403468097e-01 3.342279025120377112e-01 3.465288119583475046e-01
1.305033565808428049e+09 4.362139108020293143e-01 -7.690254447445166175e-01 8.168605776770113680e-01 -7.427733992055257639e-01 -4.670803780710418018e-01 3.278165745110389606e-01 3.502283416994255161e-01
1.305033565844024897e+09 4.470587086495565465e-01 -7.663994138838805537e-01 8.095702704872788091e-01 -7.464398294143091972e-01 -4.608796912414661606e-01 3.255283044948177329e-01 3.527730350208712617e-01
1.305033565875916958e+09 4.564988101506826101e-01 -7.709718788043580240e-01 8.018721847712818596e-01 -7.499215495671071041e-01 -4.541202650804848084e-01 3.206788913948822595e-01 3.585491639257417651e-01
1.305033565907963991e+09 4.564988101506826101e-01 -7.709718788043580240e-01 8.018721847712818596e-01 -7.499215495671071041e-01 -4.541202650804848084e-01 3.206788913948822595e-01 3.585491639257417651e-01
1.305033565944075108e+09 4.698780413941696654e-01 -7.672816615721956834e-01 7.932242293041009695e-01 -7.578306092845680242e-01 -4.432208285383212321e-01 3.138703136012301331e-01 3.615708658355233363e-01
1.305033565975827932e+09 4.805185297531291422e-01 -7.689944249840721113e-01 7.899979576495603784e-01 -7.608687984751134614e-01 -4.381165186745764606e-01 3.086943166097109170e-01 3.658420512521355361e-01
1.305033566007889986e+09 4.805185297531291422e-01 -7.689944249840721113e-01 7.899979576495603784e-01 -7.608687984751134614e-01 -4.381165186745764606e-01 3.086943166097109170e-01 3.658420512521355361e-01
1.305033566043972969e+09 4.922498888358251001e-01 -7.626236053151397298e-01 7.904513713991048185e-01 -7.631036949139957670e-01 -4.350132923175336064e-01 3.055550671943761398e-01 3.675218187094576594e-01
1.305033566075880051e+09 4.922498888358251001e-01 -7.626236053151397298e-01 7.904513713991048185e-01 -7.631036949139957670e-01 -4.350132923175336064e-01 3.055550671943761398e-01 3.675218187094576594e-01
1.305033566107857943e+09 5.125929894118537167e-01 -7.594518349586533157e-01 7.847897538894916813e-01 -7.703143632155539100e-01 -4.238177527844294579e-01 2.995550571690435149e-01 3.704876002959113235e-01
1.305033566143990993e+09 5.246621351618439011e-01 -7.537050615207656623e-01 7.811904620329549465e-01 -7.741069394635776701e-01 -4.180787326259777226e-01 2.979462271489218828e-01 3.704006821374821179e-01
1.305033566177030087e+09 5.353484188408409450e-01 -7.474099067937611807e-01 7.808125263958438644e-01 -7.770414598070773948e-01 -4.147689979073790889e-01 2.951484150953757046e-01 3.702170460452656187e-01
1.305033566208029985e+09 5.467316836526079360e-01 -7.506742371196502006e-01 7.747331842166328419e-01 -7.793515801682342481e-01 -4.090205313684874278e-01 2.900767099705939822e-01 3.757243959885389062e-01
1.305033566244045973e+09 5.600026973175135092e-01 -7.456247801414795928e-01 7.719015923191286932e-01 -7.821753111417169002e-01 -4.040120409509169730e-01 2.883026634740356031e-01 3.766399177474554216e-01
1.305033566276005030e+09 5.600026973175135092e-01 -7.456247801414795928e-01 7.719015923191286932e-01 -7.821753111417169002e-01 -4.040120409509169730e-01 2.883026634740356031e-01 3.766399177474554216e-01
1.305033566307955980e+09 5.847416141988035498e-01 -7.381080515684159682e-01 7.698132958911581003e-01 -7.899776237447748706e-01 -3.912158829687850670e-01 2.853851781829563339e-01 3.760861430164570418e-01
1.305033566344211102e+09 5.963012619168974737e-01 -7.355276014621443537e-01 7.671388116473396579e-01 -7.941219147447043936e-01 -3.837562887984500293e-01 2.838971055563444534e-01 3.761700796004047720e-01
1.305033566375967026e+09 6.077420168611407103e-01 -7.328403509633389934e-01 7.655464972670985579e-01 -7.972873459545191110e-01 -3.776923584247391941e-01 2.820818319627925175e-01 3.769764056872424440e-01
1.305033566408257008e+09 6.218867662610080282e-01 -7.315189317419324988e-01 7.616352405059692021e-01 -8.007158778129530585e-01 -3.706691689649028176e-01 2.804209229184511099e-01 3.779187163751808187e-01
1.305033566443909883e+09 6.352079408654198733e-01 -7.294620517509813329e-01 7.567664102699627193e-01 -8.038587198919938670e-01 -3.647243559099553334e-01 2.776573604936306561e-01 3.790695092240777830e-01
1.305033566476031065e+09 6.472793365110031116e-01 -7.281110901223630805e-01 7.539499503052008444e-01 -8.083507628885265861e-01 -3.579929307863015664e-01 2.743122625972220230e-01 3.783687199457220207e-01
1.305033566508093119e+09 6.596272530462057304e-01 -7.259309292846594097e-01 7.496816784171905779e-01 -8.117033912806590479e-01 -3.517278127714285052e-01 2.727174606571804438e-01 3.782199584358335587e-01
1.305033566544035912e+09 6.704327746717931857e-01 -7.265989938475874155e-01 7.496325099492293642e-01 -8.171585651426610530e-01 -3.435864756716133228e-01 2.699326126405954818e-01 3.759475997829609950e-01
1.305033566576145887e+09 6.816048554016892469e-01 -7.245585457643690663e-01 7.431090371470217004e-01 -8.208789896545197751e-01 -3.361516262591471293e-01 2.688819405353533587e-01 3.753162274150267930e-01
1.305033566608192921e+09 6.909981287869048083e-01 -7.250688703975298743e-01 7.348510006131050432e-01 -8.238303635041366313e-01 -3.295632154618393650e-01 2.656029670332017978e-01 3.770234516396233082e-01
1.305033566644799948e+09 6.909981287869048083e-01 -7.250688703975298743e-01 7.348510006131050432e-01 -8.238303635041366313e-01 -3.295632154618393650e-01 2.656029670332017978e-01 3.770234516396233082e-01
1.305033566675986052e+09 7.154755090137236984e-01 -7.262870966655703420e-01 7.258974490661612711e-01 -8.303545303199384442e-01 -3.175681513698137559e-01 2.575949313633786319e-01 3.785586804560289176e-01
1.305033566707979918e+09 7.154755090137236984e-01 -7.262870966655703420e-01 7.258974490661612711e-01 -8.303545303199384442e-01 -3.175681513698137559e-01 2.575949313633786319e-01 3.785586804560289176e-01
1.305033566743879080e+09 7.384635303185088651e-01 -7.297351536869360888e-01 7.215307481246331367e-01 -8.396848720865132121e-01 -2.999483581406230392e-01 2.498342449955597289e-01 3.775488684465883593e-01
1.305033566775928020e+09 7.478924255430223766e-01 -7.327082119887782241e-01 7.184518051638196789e-01 -8.442665780820324262e-01 -2.897229106996883630e-01 2.458971476637618614e-01 3.779010094193743230e-01
1.305033566816359997e+09 7.478924255430223766e-01 -7.327082119887782241e-01 7.184518051638196789e-01 -8.442665780820324262e-01 -2.897229106996883630e-01 2.458971476637618614e-01 3.779010094193743230e-01
1.305033566844888926e+09 7.663790958354449456e-01 -7.341960883276215100e-01 7.172553192065571626e-01 -8.524045238413888725e-01 -2.727009433847491504e-01 2.377771919467767947e-01 3.774953379867209691e-01
1.305033566876228094e+09 7.663790958354449456e-01 -7.341960883276215100e-01 7.172553192065571626e-01 -8.524045238413888725e-01 -2.727009433847491504e-01 2.377771919467767947e-01 3.774953379867209691e-01
1.305033566907957077e+09 7.663790958354449456e-01 -7.341960883276215100e-01 7.172553192065571626e-01 -8.524045238413888725e-01 -2.727009433847491504e-01 2.377771919467767947e-01 3.774953379867209691e-01
1.305033566944006920e+09 7.839772070529927861e-01 -7.399295245839079271e-01 7.126065978104612064e-01 -8.582711970138627855e-01 -2.543819021191663365e-01 2.313369101975855102e-01 3.809772095950891835e-01
1.305033566975857019e+09 7.839772070529927861e-01 -7.399295245839079271e-01 7.126065978104612064e-01 -8.582711970138627855e-01 -2.543819021191663365e-01 2.313369101975855102e-01 3.809772095950891835e-01
1.305033567007985115e+09 8.005686608606500387e-01 -7.471498306744523976e-01 7.082969870795188250e-01 -8.638736055562068472e-01 -2.389087780681979911e-01 2.224859065419410031e-01 3.835948523839838864e-01
1.305033567043992996e+09 8.095839085208405006e-01 -7.503506095410572563e-01 7.049117441474881396e-01 -8.665957826773343919e-01 -2.320162372028866660e-01 2.169426323392646128e-01 3.848585576465497482e-01
1.305033567076391935e+09 8.095839085208405006e-01 -7.503506095410572563e-01 7.049117441474881396e-01 -8.665957826773343919e-01 -2.320162372028866660e-01 2.169426323392646128e-01 3.848585576465497482e-01
1.305033567108916044e+09 8.214156113009244420e-01 -7.635811511158114850e-01 7.019868931886542596e-01 -8.727276236480289162e-01 -2.165234722076361806e-01 2.039707804604801167e-01 3.871175553022053739e-01
1.305033567143956900e+09 8.214156113009244420e-01 -7.635811511158114850e-01 7.019868931886542596e-01 -8.727276236480289162e-01 -2.165234722076361806e-01 2.039707804604801167e-01 3.871175553022053739e-01
1.305033567177098989e+09 8.345318929029089672e-01 -7.733414891134733349e-01 6.926092781769451756e-01 -8.784112568689816936e-01 -2.000717845223853320e-01 1.951173126793101509e-01 3.876779322281425633e-01
1.305033567208105087e+09 8.446367172534203771e-01 -7.759304160494673308e-01 6.901748079467134867e-01 -8.812548055222902965e-01 -1.938817332315980191e-01 1.920323682326233738e-01 3.859059611018622049e-01
1.305033567244018078e+09 8.446367172534203771e-01 -7.759304160494673308e-01 6.901748079467134867e-01 -8.812548055222902965e-01 -1.938817332315980191e-01 1.920323682326233738e-01 3.859059611018622049e-01
1.305033567275923967e+09 8.619927076691394907e-01 -7.886793896986024066e-01 6.850725816258665946e-01 -8.883128226716185960e-01 -1.759675720699462320e-01 1.848619983120241284e-01 3.817876166628180745e-01
1.305033567308111906e+09 8.619927076691394907e-01 -7.886793896986024066e-01 6.850725816258665946e-01 -8.883128226716185960e-01 -1.759675720699462320e-01 1.848619983120241284e-01 3.817876166628180745e-01
1.305033567343977928e+09 8.642529123581846884e-01 -7.973763520169142582e-01 6.787502388627566496e-01 -8.910473998558720021e-01 -1.673439455254695507e-01 1.818206005630519373e-01 3.807516307475904416e-01
1.305033567375906944e+09 8.642529123581846884e-01 -7.973763520169142582e-01 6.787502388627566496e-01 -8.910473998558720021e-01 -1.673439455254695507e-01 1.818206005630519373e-01 3.807516307475904416e-01
1.305033567408015013e+09 8.732729843673037173e-01 -8.059879126906068780e-01 6.787555661271563734e-01 -8.957224869832104419e-01 -1.606800423194416350e-01 1.759636864420001945e-01 3.753663961605733235e-01
1.305033567443932056e+09 8.732729843673037173e-01 -8.059879126906068780e-01 6.787555661271563734e-01 -8.957224869832104419e-01 -1.606800423194416350e-01 1.759636864420001945e-01 3.753663961605733235e-01
1.305033567476033926e+09 8.814213339641288059e-01 -8.151592119849828677e-01 6.840142162018524319e-01 -9.012716791080382928e-01 -1.527465047864738912e-01 1.690341189151926549e-01 3.685177503945469280e-01
1.305033567507956028e+09 8.814213339641288059e-01 -8.151592119849828677e-01 6.840142162018524319e-01 -9.012716791080382928e-01 -1.527465047864738912e-01 1.690341189151926549e-01 3.685177503945469280e-01
1.305033567544076920e+09 8.890780676377640912e-01 -8.219932342152086457e-01 6.794341486952170106e-01 -9.040524576148103453e-01 -1.453662614841997047e-01 1.670410486481640755e-01 3.655886923432537516e-01
1.305033567576039076e+09 8.890780676377640912e-01 -8.219932342152086457e-01 6.794341486952170106e-01 -9.040524576148103453e-01 -1.453662614841997047e-01 1.670410486481640755e-01 3.655886923432537516e-01
1.305033567608081102e+09 8.890780676377640912e-01 -8.219932342152086457e-01 6.794341486952170106e-01 -9.040524576148103453e-01 -1.453662614841997047e-01 1.670410486481640755e-01 3.655886923432537516e-01
1.305033567643847942e+09 8.951720059358533321e-01 -8.304624019535272739e-01 6.758902339202719212e-01 -9.084115711193385678e-01 -1.365050959930535490e-01 1.629776964019072905e-01 3.599903425092815801e-01
1.305033567676067114e+09 8.951720059358533321e-01 -8.304624019535272739e-01 6.758902339202719212e-01 -9.084115711193385678e-01 -1.365050959930535490e-01 1.629776964019072905e-01 3.599903425092815801e-01
1.305033567708106041e+09 8.951720059358533321e-01 -8.304624019535272739e-01 6.758902339202719212e-01 -9.084115711193385678e-01 -1.365050959930535490e-01 1.629776964019072905e-01 3.599903425092815801e-01
1.305033567743851900e+09 8.951720059358533321e-01 -8.304624019535272739e-01 6.758902339202719212e-01 -9.084115711193385678e-01 -1.365050959930535490e-01 1.629776964019072905e-01 3.599903425092815801e-01
1.305033567776099920e+09 8.951720059358533321e-01 -8.304624019535272739e-01 6.758902339202719212e-01 -9.084115711193385678e-01 -1.365050959930535490e-01 1.629776964019072905e-01 3.599903425092815801e-01
1.305033567807986021e+09 9.015930158761227275e-01 -8.193339689922395364e-01 6.756555095538223643e-01 -9.110828338219949529e-01 -1.252212475848026862e-01 1.582076059375578103e-01 3.594691398321909759e-01
1.305033567843854904e+09 9.015930158761227275e-01 -8.193339689922395364e-01 6.756555095538223643e-01 -9.110828338219949529e-01 -1.252212475848026862e-01 1.582076059375578103e-01 3.594691398321909759e-01
1.305033567876013041e+09 9.025356226571016327e-01 -8.092793931656023787e-01 6.774891614890941050e-01 -9.111225871661443598e-01 -1.193269632994458374e-01 1.578515544382282643e-01 3.615239877889701581e-01
1.305033567907932997e+09 9.025356226571016327e-01 -8.092793931656023787e-01 6.774891614890941050e-01 -9.111225871661443598e-01 -1.193269632994458374e-01 1.578515544382282643e-01 3.615239877889701581e-01
1.305033567944056034e+09 9.040643942181493253e-01 -7.942432860495673985e-01 6.807750287024596503e-01 -9.114053372982673373e-01 -1.127010606155554595e-01 1.562656765959918870e-01 3.636204345170347962e-01
1.305033567975899935e+09 9.040643942181493253e-01 -7.942432860495673985e-01 6.807750287024596503e-01 -9.114053372982673373e-01 -1.127010606155554595e-01 1.562656765959918870e-01 3.636204345170347962e-01
1.305033568007972956e+09 9.040643942181493253e-01 -7.942432860495673985e-01 6.807750287024596503e-01 -9.114053372982673373e-01 -1.127010606155554595e-01 1.562656765959918870e-01 3.636204345170347962e-01
1.305033568044689894e+09 9.038607507844353961e-01 -7.805644805263569630e-01 6.833184487725939560e-01 -9.107637210422799834e-01 -1.074402593114125448e-01 1.548717261011641200e-01 3.673973102334348595e-01
1.305033568076513052e+09 9.038607507844353961e-01 -7.805644805263569630e-01 6.833184487725939560e-01 -9.107637210422799834e-01 -1.074402593114125448e-01 1.548717261011641200e-01 3.673973102334348595e-01
1.305033568107876062e+09 9.036444127312233121e-01 -7.618099938629261381e-01 6.821940090557409020e-01 -9.097270685319150951e-01 -1.069123514001784625e-01 1.541214345409953890e-01 3.704227224583270250e-01
1.305033568144794941e+09 9.008092326019785379e-01 -7.519356645864853084e-01 6.845131888854244506e-01 -9.098084666794576947e-01 -1.060059189666263529e-01 1.525109598902242292e-01 3.711491697630176501e-01
1.305033568175928116e+09 9.008092326019785379e-01 -7.519356645864853084e-01 6.845131888854244506e-01 -9.098084666794576947e-01 -1.060059189666263529e-01 1.525109598902242292e-01 3.711491697630176501e-01
1.305033568208754063e+09 9.013069377810567495e-01 -7.317522487387841945e-01 6.828870281143810672e-01 -9.079254069078362965e-01 -1.059897389614423702e-01 1.559406860264447026e-01 3.743262389517021949e-01
1.305033568244908094e+09 8.998987576544692502e-01 -7.201295166013537141e-01 6.823232946960053891e-01 -9.076019818095473202e-01 -1.054988147645427587e-01 1.556183013178750740e-01 3.753819215060812953e-01
1.305033568276767015e+09 8.998987576544692502e-01 -7.201295166013537141e-01 6.823232946960053891e-01 -9.076019818095473202e-01 -1.054988147645427587e-01 1.556183013178750740e-01 3.753819215060812953e-01
1.305033568308996916e+09 8.953351667608111519e-01 -7.007973092390540337e-01 6.806006501585506463e-01 -9.075810101990045009e-01 -1.048485376997815993e-01 1.544975007569235892e-01 3.760771414593502282e-01
1.305033568344489098e+09 8.926948461113276556e-01 -6.892718626620610856e-01 6.796658973448570507e-01 -9.078134834904513228e-01 -1.039103231794328008e-01 1.537865863243532694e-01 3.760678260585184618e-01
1.305033568376266956e+09 8.891732893622373846e-01 -6.790867160956879367e-01 6.788786699878184283e-01 -9.077758222866961768e-01 -1.023328262157050250e-01 1.538045923127371595e-01 3.765835850564013265e-01
1.305033568408097029e+09 8.892258998397957193e-01 -6.664676863962833986e-01 6.790584187528677651e-01 -9.076444080309031825e-01 -1.018216662115289384e-01 1.566825411210719110e-01 3.758517768588875430e-01
1.305033568443928957e+09 8.863430819291012730e-01 -6.561424610248128841e-01 6.775490086091400244e-01 -9.069406851187644669e-01 -1.017235377883428660e-01 1.579371287158767290e-01 3.770501013248960809e-01
1.305033568477600098e+09 8.886873054207629075e-01 -6.429531270366489748e-01 6.729224275345235817e-01 -9.063295039394643204e-01 -1.019503695061887150e-01 1.612788767276706614e-01 3.770438653099358328e-01
1.305033568510550022e+09 8.853657562397870828e-01 -6.308000364739494437e-01 6.719296824548927072e-01 -9.061872585052902496e-01 -1.024859276348392967e-01 1.607168138103460264e-01 3.774803212329664315e-01
1.305033568544549942e+09 8.830569627039257519e-01 -6.196592595964508510e-01 6.701466672083727927e-01 -9.062993790599522814e-01 -1.032085329983238320e-01 1.607930058901562986e-01 3.769814895836223756e-01
1.305033568577212095e+09 8.825311422034449738e-01 -6.074608977001674237e-01 6.669242985889172193e-01 -9.068020297093380977e-01 -1.029152583523374742e-01 1.606386041594753677e-01 3.759172347299226669e-01
1.305033568612361908e+09 8.811721135480014011e-01 -5.938672728450088423e-01 6.665716125477667564e-01 -9.079417127565232448e-01 -1.013441370900103056e-01 1.605546729718338728e-01 3.736220136730968866e-01
1.305033568645039082e+09 8.783637130038665086e-01 -5.827101797969388430e-01 6.689411185632397894e-01 -9.086567994588494734e-01 -1.010702275284837137e-01 1.594754182483339167e-01 3.724180727073539976e-01
1.305033568676707983e+09 8.762239178070289070e-01 -5.692038806670249862e-01 6.700145697226852493e-01 -9.088216409629880088e-01 -1.027364231358957186e-01 1.596265375101349193e-01 3.714940387154407331e-01
1.305033568712397099e+09 8.733590327991469504e-01 -5.557000298835074181e-01 6.733833822930831436e-01 -9.088265332924060358e-01 -1.039688450227945204e-01 1.597582221896283738e-01 3.710823656429155792e-01
1.305033568844115973e+09 8.674147355855663655e-01 -5.046683061086273403e-01 6.781970489263268176e-01 -9.055505561824923610e-01 -1.037953182523396606e-01 1.653596548951088152e-01 3.766442706844811417e-01
1.305033568875957012e+09 8.636521296683700166e-01 -4.950373584746777800e-01 6.773685192951676148e-01 -9.045142643851414865e-01 -1.046878785534135353e-01 1.637892587758711938e-01 3.795622113928661112e-01
1.305033568912607908e+09 8.626399021559632008e-01 -4.806213965503001173e-01 6.763893063187891297e-01 -9.041777064388579754e-01 -1.036683246259833546e-01 1.646470184050379537e-01 3.802721564597377202e-01
1.305033568945159912e+09 8.626399021559632008e-01 -4.806213965503001173e-01 6.763893063187891297e-01 -9.041777064388579754e-01 -1.036683246259833546e-01 1.646470184050379537e-01 3.802721564597377202e-01
1.305033568976138115e+09 8.576756923379355024e-01 -4.534944531878717378e-01 6.775145662974689786e-01 -9.041882333275330641e-01 -9.905110857875121244e-02 1.630494382601772319e-01 3.821614806392655828e-01
1.305033569010126114e+09 8.551267214327075150e-01 -4.388387624279140864e-01 6.833542085191171012e-01 -9.048119939021602720e-01 -9.871125243306767827e-02 1.621112008789615533e-01 3.811709628020911733e-01
1.305033569044015884e+09 8.540025162633534395e-01 -4.239245013394279393e-01 6.829514759802493007e-01 -9.038936170253689673e-01 -9.836576782111647321e-02 1.627309194039165130e-01 3.831698744574186244e-01
1.305033569910414934e+09 8.540025162633534395e-01 -4.239245013394279393e-01 6.829514759802493007e-01 -9.038936170253689673e-01 -9.836576782111647321e-02 1.627309194039165130e-01 3.831698744574186244e-01
1.305033569944824934e+09 8.540025162633534395e-01 -4.239245013394279393e-01 6.829514759802493007e-01 -9.038936170253689673e-01 -9.836576782111647321e-02 1.627309194039165130e-01 3.831698744574186244e-01
1.305033569981683016e+09 8.480616265015262778e-01 -4.037406247959000050e-01 6.771552761813226518e-01 -9.028873902757927894e-01 -9.952357523639862591e-02 1.696515544795524355e-01 3.822404590252121426e-01
1.305033570011029959e+09 8.469466179568269082e-01 -3.911970330677119190e-01 6.756290299520534282e-01 -9.031342817730312333e-01 -1.021783969249179247e-01 1.699681218603485144e-01 3.808134475559266652e-01
1.305033570045351982e+09 8.385496209371618992e-01 -3.826560035257008385e-01 6.749032430506073377e-01 -9.030528198364891068e-01 -1.033447475971491503e-01 1.682420744314484518e-01 3.814578248253008841e-01
1.305033570081549883e+09 8.338876447682204152e-01 -3.721995560882438436e-01 6.732771202196661253e-01 -9.025837206157014680e-01 -1.039732824718200971e-01 1.712650441852778538e-01 3.810517923481890890e-01
1.305033570109750986e+09 8.340212839952632073e-01 -3.607026507571297058e-01 6.729634929991713532e-01 -9.021557881093855702e-01 -1.057302486341925030e-01 1.745560520304665630e-01 3.800871389616102269e-01
1.305033570145930052e+09 8.340212839952632073e-01 -3.607026507571297058e-01 6.729634929991713532e-01 -9.021557881093855702e-01 -1.057302486341925030e-01 1.745560520304665630e-01 3.800871389616102269e-01
1.305033570181416988e+09 8.259224178340496270e-01 -3.455205530210819775e-01 6.674562412362562425e-01 -9.024030432008017799e-01 -1.064633716881188269e-01 1.751270730933608966e-01 3.790314055332119625e-01
1.305033570210844040e+09 8.242151606547345466e-01 -3.350926884835996322e-01 6.666616641388479758e-01 -9.028704475777302729e-01 -1.094414950591172525e-01 1.764208936114299020e-01 3.764613955604995121e-01
1.305033570244499922e+09 8.185228700018825077e-01 -3.267223740569445978e-01 6.653136395346074261e-01 -9.026751137949785564e-01 -1.124429783514873937e-01 1.754527014518270089e-01 3.764977624208747375e-01
1.305033570281941891e+09 8.185228700018825077e-01 -3.267223740569445978e-01 6.653136395346074261e-01 -9.026751137949785564e-01 -1.124429783514873937e-01 1.754527014518270089e-01 3.764977624208747375e-01
1.305033570312552929e+09 8.091989444790844699e-01 -3.088827776710781903e-01 6.644489199131569102e-01 -9.006569533155179830e-01 -1.200182644575981394e-01 1.780329770707424764e-01 3.777789402763518378e-01
1.305033570344475985e+09 8.091989444790844699e-01 -3.088827776710781903e-01 6.644489199131569102e-01 -9.006569533155179830e-01 -1.200182644575981394e-01 1.780329770707424764e-01 3.777789402763518378e-01
1.305033570380954981e+09 8.019236700465504075e-01 -2.964918092978479081e-01 6.587242181043344580e-01 -8.972220974946959471e-01 -1.264109910767357570e-01 1.798155602982346724e-01 3.829871190743203702e-01
1.305033570413393974e+09 8.019236700465504075e-01 -2.964918092978479081e-01 6.587242181043344580e-01 -8.972220974946959471e-01 -1.264109910767357570e-01 1.798155602982346724e-01 3.829871190743203702e-01
1.305033570444547892e+09 7.952835733781735694e-01 -2.872231952771873154e-01 6.516090087459310842e-01 -8.962678996832404987e-01 -1.284975805977261465e-01 1.806597566279246336e-01 3.841279423747542277e-01
1.305033570481286049e+09 7.952835733781735694e-01 -2.872231952771873154e-01 6.516090087459310842e-01 -8.962678996832404987e-01 -1.284975805977261465e-01 1.806597566279246336e-01 3.841279423747542277e-01
1.305033570513264894e+09 7.952835733781735694e-01 -2.872231952771873154e-01 6.516090087459310842e-01 -8.962678996832404987e-01 -1.284975805977261465e-01 1.806597566279246336e-01 3.841279423747542277e-01
1.305033570545142889e+09 7.952835733781735694e-01 -2.872231952771873154e-01 6.516090087459310842e-01 -8.962678996832404987e-01 -1.284975805977261465e-01 1.806597566279246336e-01 3.841279423747542277e-01
1.305033570580146074e+09 7.887336599302321449e-01 -2.782838016163089456e-01 6.455848987526892069e-01 -8.960944940888153631e-01 -1.304120046019728307e-01 1.835616892713530790e-01 3.825081344903037972e-01
1.305033570615300894e+09 7.887336599302321449e-01 -2.782838016163089456e-01 6.455848987526892069e-01 -8.960944940888153631e-01 -1.304120046019728307e-01 1.835616892713530790e-01 3.825081344903037972e-01
1.305033570644853115e+09 7.887336599302321449e-01 -2.782838016163089456e-01 6.455848987526892069e-01 -8.960944940888153631e-01 -1.304120046019728307e-01 1.835616892713530790e-01 3.825081344903037972e-01
1.305033570678623915e+09 7.887336599302321449e-01 -2.782838016163089456e-01 6.455848987526892069e-01 -8.960944940888153631e-01 -1.304120046019728307e-01 1.835616892713530790e-01 3.825081344903037972e-01
1.305033570712814093e+09 7.887336599302321449e-01 -2.782838016163089456e-01 6.455848987526892069e-01 -8.960944940888153631e-01 -1.304120046019728307e-01 1.835616892713530790e-01 3.825081344903037972e-01
1.305033570744520903e+09 7.887336599302321449e-01 -2.782838016163089456e-01 6.455848987526892069e-01 -8.960944940888153631e-01 -1.304120046019728307e-01 1.835616892713530790e-01 3.825081344903037972e-01
1.305033570777858019e+09 7.887336599302321449e-01 -2.782838016163089456e-01 6.455848987526892069e-01 -8.960944940888153631e-01 -1.304120046019728307e-01 1.835616892713530790e-01 3.825081344903037972e-01
1.305033570812773943e+09 7.887336599302321449e-01 -2.782838016163089456e-01 6.455848987526892069e-01 -8.960944940888153631e-01 -1.304120046019728307e-01 1.835616892713530790e-01 3.825081344903037972e-01
1.305033570844871998e+09 7.887336599302321449e-01 -2.782838016163089456e-01 6.455848987526892069e-01 -8.960944940888153631e-01 -1.304120046019728307e-01 1.835616892713530790e-01 3.825081344903037972e-01
1.305033570881244898e+09 7.887336599302321449e-01 -2.782838016163089456e-01 6.455848987526892069e-01 -8.960944940888153631e-01 -1.304120046019728307e-01 1.835616892713530790e-01 3.825081344903037972e-01
1.305033570912861109e+09 7.887336599302321449e-01 -2.782838016163089456e-01 6.455848987526892069e-01 -8.960944940888153631e-01 -1.304120046019728307e-01 1.835616892713530790e-01 3.825081344903037972e-01
1.305033570949081898e+09 7.887336599302321449e-01 -2.782838016163089456e-01 6.455848987526892069e-01 -8.960944940888153631e-01 -1.304120046019728307e-01 1.835616892713530790e-01 3.825081344903037972e-01
1.305033570980633020e+09 7.887336599302321449e-01 -2.782838016163089456e-01 6.455848987526892069e-01 -8.960944940888153631e-01 -1.304120046019728307e-01 1.835616892713530790e-01 3.825081344903037972e-01
1.305033571012823105e+09 7.887336599302321449e-01 -2.782838016163089456e-01 6.455848987526892069e-01 -8.960944940888153631e-01 -1.304120046019728307e-01 1.835616892713530790e-01 3.825081344903037972e-01
1.305033571046469927e+09 7.887336599302321449e-01 -2.782838016163089456e-01 6.455848987526892069e-01 -8.960944940888153631e-01 -1.304120046019728307e-01 1.835616892713530790e-01 3.825081344903037972e-01
1.305033571077804089e+09 7.956349116393747201e-01 -2.899444909312429708e-01 6.467070857642116533e-01 -8.962323682019426307e-01 -1.273077589758532524e-01 1.841569955842697615e-01 3.829444837950518599e-01
1.305033571112750053e+09 7.956349116393747201e-01 -2.899444909312429708e-01 6.467070857642116533e-01 -8.962323682019426307e-01 -1.273077589758532524e-01 1.841569955842697615e-01 3.829444837950518599e-01
1.305033571147699118e+09 7.956349116393747201e-01 -2.899444909312429708e-01 6.467070857642116533e-01 -8.962323682019426307e-01 -1.273077589758532524e-01 1.841569955842697615e-01 3.829444837950518599e-01
1.305033571177870989e+09 7.956349116393747201e-01 -2.899444909312429708e-01 6.467070857642116533e-01 -8.962323682019426307e-01 -1.273077589758532524e-01 1.841569955842697615e-01 3.829444837950518599e-01
1.305033571212793112e+09 7.956349116393747201e-01 -2.899444909312429708e-01 6.467070857642116533e-01 -8.962323682019426307e-01 -1.273077589758532524e-01 1.841569955842697615e-01 3.829444837950518599e-01
1.305033571246885061e+09 8.029176339656379779e-01 -2.970486018668757611e-01 6.480480163610442546e-01 -8.967072656919241602e-01 -1.278343031988849465e-01 1.821088309509361625e-01 3.826367001094531095e-01
1.305033571277797937e+09 8.029176339656379779e-01 -2.970486018668757611e-01 6.480480163610442546e-01 -8.967072656919241602e-01 -1.278343031988849465e-01 1.821088309509361625e-01 3.826367001094531095e-01
1.305033571312823057e+09 8.029176339656379779e-01 -2.970486018668757611e-01 6.480480163610442546e-01 -8.967072656919241602e-01 -1.278343031988849465e-01 1.821088309509361625e-01 3.826367001094531095e-01
1.305033571345834017e+09 8.089862063080817123e-01 -3.062049366163818176e-01 6.508913301430975240e-01 -8.973310633531519365e-01 -1.255814171918132882e-01 1.787299997712165078e-01 3.835125259745479354e-01
1.305033571377887964e+09 8.089862063080817123e-01 -3.062049366163818176e-01 6.508913301430975240e-01 -8.973310633531519365e-01 -1.255814171918132882e-01 1.787299997712165078e-01 3.835125259745479354e-01
1.305033571412843943e+09 8.089862063080817123e-01 -3.062049366163818176e-01 6.508913301430975240e-01 -8.973310633531519365e-01 -1.255814171918132882e-01 1.787299997712165078e-01 3.835125259745479354e-01
1.305033571446208000e+09 8.089862063080817123e-01 -3.062049366163818176e-01 6.508913301430975240e-01 -8.973310633531519365e-01 -1.255814171918132882e-01 1.787299997712165078e-01 3.835125259745479354e-01
1.305033571479710102e+09 8.089862063080817123e-01 -3.062049366163818176e-01 6.508913301430975240e-01 -8.973310633531519365e-01 -1.255814171918132882e-01 1.787299997712165078e-01 3.835125259745479354e-01
1.305033571513549089e+09 8.089862063080817123e-01 -3.062049366163818176e-01 6.508913301430975240e-01 -8.973310633531519365e-01 -1.255814171918132882e-01 1.787299997712165078e-01 3.835125259745479354e-01
1.305033571546864033e+09 8.178889759877128185e-01 -3.178318202820343830e-01 6.524223466007014194e-01 -8.974218777762991150e-01 -1.216273442126103999e-01 1.770050640198815306e-01 3.853699128623900294e-01
1.305033571577893019e+09 8.178889759877128185e-01 -3.178318202820343830e-01 6.524223466007014194e-01 -8.974218777762991150e-01 -1.216273442126103999e-01 1.770050640198815306e-01 3.853699128623900294e-01
1.305033571612860918e+09 8.178889759877128185e-01 -3.178318202820343830e-01 6.524223466007014194e-01 -8.974218777762991150e-01 -1.216273442126103999e-01 1.770050640198815306e-01 3.853699128623900294e-01
1.305033571646121979e+09 8.206799615726403374e-01 -3.289098692643734889e-01 6.549003144715067615e-01 -8.982737368637938591e-01 -1.176867984237695564e-01 1.755371170773926681e-01 3.852801989016255702e-01
1.305033571678643942e+09 8.206799615726403374e-01 -3.289098692643734889e-01 6.549003144715067615e-01 -8.982737368637938591e-01 -1.176867984237695564e-01 1.755371170773926681e-01 3.852801989016255702e-01
1.305033571712929964e+09 8.206799615726403374e-01 -3.289098692643734889e-01 6.549003144715067615e-01 -8.982737368637938591e-01 -1.176867984237695564e-01 1.755371170773926681e-01 3.852801989016255702e-01
1.305033571747704983e+09 8.206799615726403374e-01 -3.289098692643734889e-01 6.549003144715067615e-01 -8.982737368637938591e-01 -1.176867984237695564e-01 1.755371170773926681e-01 3.852801989016255702e-01
1.305033571780914068e+09 8.248687495643634016e-01 -3.413076948318489734e-01 6.574097328256715000e-01 -8.982339978530675673e-01 -1.157708423656027830e-01 1.747981487052187588e-01 3.862879811333541080e-01
1.305033571812886000e+09 8.248687495643634016e-01 -3.413076948318489734e-01 6.574097328256715000e-01 -8.982339978530675673e-01 -1.157708423656027830e-01 1.747981487052187588e-01 3.862879811333541080e-01
1.305033571848721027e+09 8.300896005737633532e-01 -3.504665564464294336e-01 6.564921798299748756e-01 -8.976636072348332940e-01 -1.148116162822542946e-01 1.757355402402648314e-01 3.874730453970512412e-01
1.305033571878866911e+09 8.300896005737633532e-01 -3.504665564464294336e-01 6.564921798299748756e-01 -8.976636072348332940e-01 -1.148116162822542946e-01 1.757355402402648314e-01 3.874730453970512412e-01
1.305033571914169073e+09 8.326546319220895498e-01 -3.609255189159378263e-01 6.564939390275636999e-01 -8.982522805703815338e-01 -1.135174645710598784e-01 1.728731685196696621e-01 3.877776338230926045e-01
1.305033571947545052e+09 8.326546319220895498e-01 -3.609255189159378263e-01 6.564939390275636999e-01 -8.982522805703815338e-01 -1.135174645710598784e-01 1.728731685196696621e-01 3.877776338230926045e-01
1.305033571978986979e+09 8.370740540539102215e-01 -3.719417429125803087e-01 6.570112544687165546e-01 -8.986233457887374820e-01 -1.109999939659685464e-01 1.715882947292973193e-01 3.882171310683006360e-01
1.305033572013000011e+09 8.370740540539102215e-01 -3.719417429125803087e-01 6.570112544687165546e-01 -8.986233457887374820e-01 -1.109999939659685464e-01 1.715882947292973193e-01 3.882171310683006360e-01
1.305033572050296068e+09 8.370740540539102215e-01 -3.719417429125803087e-01 6.570112544687165546e-01 -8.986233457887374820e-01 -1.109999939659685464e-01 1.715882947292973193e-01 3.882171310683006360e-01
1.305033572078119040e+09 8.449742906338251203e-01 -3.833209098796014347e-01 6.551732802086526197e-01 -8.983398534398517876e-01 -1.115584602361918837e-01 1.705065135502125684e-01 3.891885744833046834e-01
1.305033572112771988e+09 8.449742906338251203e-01 -3.833209098796014347e-01 6.551732802086526197e-01 -8.983398534398517876e-01 -1.115584602361918837e-01 1.705065135502125684e-01 3.891885744833046834e-01
1.305033572148148060e+09 8.510025018296627497e-01 -3.932745884060402375e-01 6.583860181930912825e-01 -8.998145148754913558e-01 -1.101178297254302441e-01 1.667968775639867007e-01 3.877972460330910698e-01
1.305033572182204008e+09 8.510025018296627497e-01 -3.932745884060402375e-01 6.583860181930912825e-01 -8.998145148754913558e-01 -1.101178297254302441e-01 1.667968775639867007e-01 3.877972460330910698e-01
1.305033572217214108e+09 8.550472656382305248e-01 -4.032272087396251425e-01 6.605769554062397297e-01 -9.002781475548585766e-01 -1.064094310113645053e-01 1.654336184002615506e-01 3.883400673765544653e-01
1.305033572250147104e+09 8.550472656382305248e-01 -4.032272087396251425e-01 6.605769554062397297e-01 -9.002781475548585766e-01 -1.064094310113645053e-01 1.654336184002615506e-01 3.883400673765544653e-01
1.305033572278115034e+09 8.601900223901601805e-01 -4.147405424108138172e-01 6.629510985842141935e-01 -9.000220694693651380e-01 -1.052499819702920614e-01 1.634791149575311187e-01 3.900734478736496702e-01
1.305033572317979097e+09 8.601900223901601805e-01 -4.147405424108138172e-01 6.629510985842141935e-01 -9.000220694693651380e-01 -1.052499819702920614e-01 1.634791149575311187e-01 3.900734478736496702e-01
1.305033572350194931e+09 8.648696612658390848e-01 -4.262795572513526920e-01 6.674246866378041876e-01 -9.001805805806052385e-01 -1.064548563857860841e-01 1.611943940008555287e-01 3.903314658596498954e-01
1.305033572378518105e+09 8.648696612658390848e-01 -4.262795572513526920e-01 6.674246866378041876e-01 -9.001805805806052385e-01 -1.064548563857860841e-01 1.611943940008555287e-01 3.903314658596498954e-01
1.305033572418247938e+09 8.656760725041904303e-01 -4.350949446801136711e-01 6.732981390793284504e-01 -8.999943029465350408e-01 -1.072317990754092371e-01 1.599685847598058819e-01 3.910519758558654857e-01
1.305033572450331926e+09 8.677872914867190701e-01 -4.457638983642838726e-01 6.781779353827366297e-01 -8.998002006963951027e-01 -1.082983383960889334e-01 1.613485848417469948e-01 3.906375595061730710e-01
1.305033572482120991e+09 8.710343487726256440e-01 -4.538288243482491158e-01 6.842544341275322850e-01 -9.001898427404069203e-01 -1.104079156533080697e-01 1.630668697001707856e-01 3.884295755916136184e-01
1.305033572517832041e+09 8.749207498415810802e-01 -4.636042468076865264e-01 6.900978620391556850e-01 -9.007119490878554569e-01 -1.126723199659286356e-01 1.642457826533134380e-01 3.860650929110948648e-01
1.305033572550497055e+09 8.791322234272931357e-01 -4.703673677273783049e-01 6.972712101854872113e-01 -9.011658671149326283e-01 -1.183710017581742491e-01 1.639312752978611676e-01 3.834252506929802795e-01
1.305033572582154036e+09 8.829553352890749940e-01 -4.784252783147965316e-01 7.052882238817094196e-01 -9.019709535372081310e-01 -1.232449125784232935e-01 1.620006415542061262e-01 3.808081966485780123e-01
1.305033572616678953e+09 8.839881798533452129e-01 -4.879397447015877409e-01 7.152925068497414385e-01 -9.032806450376740237e-01 -1.265152866964169009e-01 1.604488880606264045e-01 3.772719348859063238e-01
1.305033572650227070e+09 8.876331763820951570e-01 -4.967446892150177984e-01 7.244056950342891987e-01 -9.046515587069495767e-01 -1.292819239412195953e-01 1.620300639594839387e-01 3.723412411275828227e-01
1.305033572680315018e+09 8.897572292073590017e-01 -5.054554264893045268e-01 7.339290309940923462e-01 -9.067961722109060263e-01 -1.298973792186156329e-01 1.624244796158764714e-01 3.666955976791866911e-01
1.305033572718259096e+09 8.844532324565131942e-01 -5.111279712856591217e-01 7.471500324895403722e-01 -9.090351839589980720e-01 -1.344649127353511608e-01 1.623655340017446935e-01 3.594602271963246998e-01
1.305033572750165939e+09 8.878262712304371140e-01 -5.134321099504538521e-01 7.602338677317517224e-01 -9.090251272005230865e-01 -1.416602835562878193e-01 1.665935346287958363e-01 3.547566439134148264e-01
1.305033572780966997e+09 8.907484553945741457e-01 -5.195924320589559997e-01 7.706726417981706323e-01 -9.087659925857839438e-01 -1.468523005002791981e-01 1.696744461056508835e-01 3.518371141538240710e-01
1.305033572816626072e+09 8.817976294779247270e-01 -5.302881165362020033e-01 7.828237641005203473e-01 -9.091941684293423087e-01 -1.509828981445247020e-01 1.699456670261003943e-01 3.488389296237026094e-01
1.305033572847583055e+09 8.782336055923033458e-01 -5.388767030838386152e-01 7.976333841330076613e-01 -9.090688434926684769e-01 -1.588181759128831638e-01 1.760362721128019281e-01 3.426103554932840578e-01
1.305033572879278898e+09 8.786209115485198451e-01 -5.448887082217973576e-01 8.115324471184373056e-01 -9.076270750739410254e-01 -1.690677155741305837e-01 1.848473233229703250e-01 3.368392304996564723e-01
1.305033572915302992e+09 8.802080405202967750e-01 -5.484112380973238388e-01 8.267989950397702792e-01 -9.062255674221205703e-01 -1.818595271519188039e-01 1.931995371574867504e-01 3.291751390622765228e-01
1.305033572951889038e+09 8.729920782772683241e-01 -5.564801452481078492e-01 8.344705076438074798e-01 -9.033186587189462324e-01 -1.951086918248729207e-01 1.986828335209378793e-01 3.263022078513750368e-01
1.305033572978188992e+09 8.670628414332482992e-01 -5.645444896861063766e-01 8.438444607727683122e-01 -8.997183769573019463e-01 -2.098006971237611762e-01 2.057202091866936755e-01 3.227533194002584205e-01
1.305033573015418053e+09 8.653208883409627683e-01 -5.653387434790105859e-01 8.579262492758172876e-01 -8.953753398563244481e-01 -2.274374187132021108e-01 2.141037940371934845e-01 3.173874394570872504e-01
1.305033573047133923e+09 8.592006240657180660e-01 -5.716405264346410275e-01 8.706579953244922843e-01 -8.912028052469884720e-01 -2.418005207740943907e-01 2.216768518857529235e-01 3.132881124640657378e-01
1.305033573080128908e+09 8.683745694955525840e-01 -5.566731053303903831e-01 9.007212913373883190e-01 -8.870132880521458540e-01 -2.599499682992562621e-01 2.370453041643658942e-01 2.990701666394693370e-01
1.305033573115330935e+09 8.683745694955525840e-01 -5.566731053303903831e-01 9.007212913373883190e-01 -8.870132880521458540e-01 -2.599499682992562621e-01 2.370453041643658942e-01 2.990701666394693370e-01
1.305033573146193981e+09 8.683745694955525840e-01 -5.566731053303903831e-01 9.007212913373883190e-01 -8.870132880521458540e-01 -2.599499682992562621e-01 2.370453041643658942e-01 2.990701666394693370e-01
1.305033573177561045e+09 8.146611334428882634e-01 -5.794719887693291493e-01 9.101696549295272831e-01 -8.585140736087594204e-01 -3.073945473538081119e-01 2.666730021014657726e-01 3.120059095963288454e-01
1.305033573215744019e+09 8.052255358836957200e-01 -5.853149531422928709e-01 9.188662760450710953e-01 -8.469699496847480358e-01 -3.238658759886893779e-01 2.790802985843512385e-01 3.160173818687252445e-01
1.305033573245662928e+09 7.944989278664899013e-01 -6.077176895872421492e-01 8.820365250280539637e-01 -8.299213151933158006e-01 -3.337202177014142457e-01 2.944759479443392891e-01 3.363708414345696895e-01
1.305033573277719975e+09 7.944989278664899013e-01 -6.077176895872421492e-01 8.820365250280539637e-01 -8.299213151933158006e-01 -3.337202177014142457e-01 2.944759479443392891e-01 3.363708414345696895e-01
1.305033573314326048e+09 7.944989278664899013e-01 -6.077176895872421492e-01 8.820365250280539637e-01 -8.299213151933158006e-01 -3.337202177014142457e-01 2.944759479443392891e-01 3.363708414345696895e-01
1.305033573346700907e+09 7.524546025554009754e-01 -5.983033389376395395e-01 9.135331785581785047e-01 -7.862076064711037704e-01 -3.919795267914044645e-01 3.293539000602699329e-01 3.460573053967426205e-01
1.305033573379446983e+09 7.524546025554009754e-01 -5.983033389376395395e-01 9.135331785581785047e-01 -7.862076064711037704e-01 -3.919795267914044645e-01 3.293539000602699329e-01 3.460573053967426205e-01
1.305033573413474083e+09 7.524546025554009754e-01 -5.983033389376395395e-01 9.135331785581785047e-01 -7.862076064711037704e-01 -3.919795267914044645e-01 3.293539000602699329e-01 3.460573053967426205e-01
1.305033573445595980e+09 7.524546025554009754e-01 -5.983033389376395395e-01 9.135331785581785047e-01 -7.862076064711037704e-01 -3.919795267914044645e-01 3.293539000602699329e-01 3.460573053967426205e-01
1.305033573476821899e+09 7.524546025554009754e-01 -5.983033389376395395e-01 9.135331785581785047e-01 -7.862076064711037704e-01 -3.919795267914044645e-01 3.293539000602699329e-01 3.460573053967426205e-01
1.305033573515495062e+09 7.524546025554009754e-01 -5.983033389376395395e-01 9.135331785581785047e-01 -7.862076064711037704e-01 -3.919795267914044645e-01 3.293539000602699329e-01 3.460573053967426205e-01
1.305033573546940088e+09 7.524546025554009754e-01 -5.983033389376395395e-01 9.135331785581785047e-01 -7.862076064711037704e-01 -3.919795267914044645e-01 3.293539000602699329e-01 3.460573053967426205e-01
1.305033573576905966e+09 7.524546025554009754e-01 -5.983033389376395395e-01 9.135331785581785047e-01 -7.862076064711037704e-01 -3.919795267914044645e-01 3.293539000602699329e-01 3.460573053967426205e-01
1.305033573612730026e+09 7.524546025554009754e-01 -5.983033389376395395e-01 9.135331785581785047e-01 -7.862076064711037704e-01 -3.919795267914044645e-01 3.293539000602699329e-01 3.460573053967426205e-01
1.305033573644867897e+09 7.524546025554009754e-01 -5.983033389376395395e-01 9.135331785581785047e-01 -7.862076064711037704e-01 -3.919795267914044645e-01 3.293539000602699329e-01 3.460573053967426205e-01
1.305033573676914930e+09 7.524546025554009754e-01 -5.983033389376395395e-01 9.135331785581785047e-01 -7.862076064711037704e-01 -3.919795267914044645e-01 3.293539000602699329e-01 3.460573053967426205e-01
1.305033573712810993e+09 7.524546025554009754e-01 -5.983033389376395395e-01 9.135331785581785047e-01 -7.862076064711037704e-01 -3.919795267914044645e-01 3.293539000602699329e-01 3.460573053967426205e-01
1.305033573746551991e+09 7.524546025554009754e-01 -5.983033389376395395e-01 9.135331785581785047e-01 -7.862076064711037704e-01 -3.919795267914044645e-01 3.293539000602699329e-01 3.460573053967426205e-01
1.305033573777048111e+09 7.524546025554009754e-01 -5.983033389376395395e-01 9.135331785581785047e-01 -7.862076064711037704e-01 -3.919795267914044645e-01 3.293539000602699329e-01 3.460573053967426205e-01
1.305033573812928915e+09 7.524546025554009754e-01 -5.983033389376395395e-01 9.135331785581785047e-01 -7.862076064711037704e-01 -3.919795267914044645e-01 3.293539000602699329e-01 3.460573053967426205e-01
1.305033573847554922e+09 7.360829109600542930e-01 -6.028855219372081242e-01 9.221819853881094708e-01 -7.870438135251222045e-01 -3.857705891103693219e-01 3.240761971011117404e-01 3.559743061539029085e-01
1.305033573876900911e+09 7.197341722536205744e-01 -6.082511367203224939e-01 9.298460569332374082e-01 -7.895421201348175044e-01 -3.770455504004711633e-01 3.190810658280227030e-01 3.642075876286437475e-01
1.305033573915599108e+09 7.033045478840300735e-01 -6.145598011605412081e-01 9.391920156619799620e-01 -7.930381464656713897e-01 -3.667496080153436200e-01 3.139190202263067442e-01 3.715374436191323237e-01
1.305033573945652962e+09 6.864229005465004585e-01 -6.204786777325586034e-01 9.444768639862930470e-01 -7.978519475105283476e-01 -3.519853495056953774e-01 3.124754685906138141e-01 3.766930648632738632e-01
1.305033573977056026e+09 6.668747644711571221e-01 -6.270758868917035711e-01 9.509692891755943123e-01 -8.047332840125679398e-01 -3.370972747537085423e-01 3.108262167477915949e-01 3.770369105780300156e-01
